{
  "type": "FeatureCollection",
  "features": [
    {
      "type": "Feature",
      "id": 106333,
      "geometry": {
        "type": "LineString",
        "coordinates": [
          [
            -74.8234844748533,
            40.24122127205818
          ],
          [
            -74.82200367448208,
            40.24098753878519
          ]
        ]
      },
      "properties": {
        "OBJECTID": 106333,
        "permanent_identifier": "26064980",
        "fdate": 1644451200000,
        "resolution": 2,
        "gnis_id": "00217887",
        "gnis_name": "Delaware River",
        "lengthkm": 0.12760398,
        "reachcode": "02040105001083",
        "flowdir": 1,
        "wbarea_permanent_identifier": "{FFB60894-7799-451F-8EF1-35C2538E42B6}",
        "ftype": 558,
        "fcode": 55800,
        "innetwork": 1,
        "mainpath": 0,
        "visibilityfilter": 5000000,
        "Shape_Length": 168.32923484289105,
        "globalid": "{63C9F41A-4C89-11E1-BCF4-0021280458E6}"
      }
    },
    {
      "type": "Feature",
      "id": 691056,
      "geometry": {
        "type": "LineString",
        "coordinates": [
          [
            -74.83610800365099,
            40.10305211137984
          ],
          [
            -74.83611260385113,
            40.10304471118575
          ],
          [
            -74.83613087042289,
            40.10301604477792
          ],
          [
            -74.83616147044236,
            40.1029583776514
          ],
          [
            -74.83625693734207,
            40.10279144467018
          ],
          [
            -74.8363609376599,
            40.10262757786621
          ],
          [
            -74.83647340376113,
            40.10246697782792
          ],
          [
            -74.83659400371548,
            40.10230997806034
          ],
          [
            -74.83672273752293,
            40.102156711503966
          ],
          [
            -74.83685927117213,
            40.1020075777274
          ],
          [
            -74.83700340384004,
            40.101862711265674
          ],
          [
            -74.83715493782523,
            40.10172231112275
          ],
          [
            -74.83731360466997,
            40.10158664395539
          ],
          [
            -74.83732580388882,
            40.10157664416591
          ],
          [
            -74.8376743379858,
            40.101315777600895
          ]
        ]
      },
      "properties": {
        "OBJECTID": 691056,
        "permanent_identifier": "167401075",
        "fdate": 1593561600000,
        "resolution": 2,
        "gnis_id": "00217887",
        "gnis_name": "Delaware River",
        "lengthkm": 0.23733387,
        "reachcode": "02040201000679",
        "flowdir": 1,
        "wbarea_permanent_identifier": "167393148",
        "ftype": 558,
        "fcode": 55800,
        "innetwork": 1,
        "mainpath": 0,
        "visibilityfilter": 5000000,
        "Shape_Length": 309.700271980985,
        "globalid": "{3FDCED27-4C96-11E1-BCF4-0021280458E6}"
      }
    },
    {
      "type": "Feature",
      "id": 1585777,
      "geometry": {
        "type": "LineString",
        "coordinates": [
          [
            -74.82287866772124,
            40.12720338332878
          ],
          [
            -74.82306353520833,
            40.127126449553636
          ],
          [
            -74.82328660069308,
            40.12702531641019
          ],
          [
            -74.82350473404736,
            40.12691804974646
          ],
          [
            -74.82371760125983,
            40.12680471636482
          ],
          [
            -74.82392500150746,
            40.126685449898176
          ],
          [
            -74.82412653522523,
            40.12656051605096
          ],
          [
            -74.82432193499594,
            40.126429982419424
          ],
          [
            -74.82451106867182,
            40.12629404946728
          ],
          [
            -74.82469360120096,
            40.12615291606735
          ],
          [
            -74.82486926828774,
            40.126006715851666
          ],
          [
            -74.8250378680686,
            40.12585578294976
          ],
          [
            -74.8251992018016,
            40.12570011573875
          ],
          [
            -74.8253530020695,
            40.125540115978275
          ],
          [
            -74.82549906908984,
            40.1253758496749
          ],
          [
            -74.82552253520925,
            40.125348249275326
          ],
          [
            -74.82578800244839,
            40.125014116468705
          ],
          [
            -74.82585600237606,
            40.124928516547634
          ],
          [
            -74.8261855352844,
            40.12449998304251
          ],
          [
            -74.82650693538014,
            40.124067782095274
          ],
          [
            -74.82682013606914,
            40.123632048896525
          ],
          [
            -74.82712506867618,
            40.123192849417826
          ],
          [
            -74.82742166972866,
            40.122750315671695
          ],
          [
            -74.82770980187615,
            40.122304515224634
          ],
          [
            -74.82798953587493,
            40.12185558168514
          ],
          [
            -74.82826073645559,
            40.12140358182807
          ],
          [
            -74.82852340257763,
            40.120948581633876
          ],
          [
            -74.8287774020932,
            40.12049064788013
          ],
          [
            -74.8290226694487,
            40.120030047860126
          ],
          [
            -74.82925926915725,
            40.11956664784259
          ],
          [
            -74.8294858027413,
            40.119103447571135
          ],
          [
            -74.83248586993915,
            40.113053246451074
          ],
          [
            -74.83251580297643,
            40.112987713643385
          ],
          [
            -74.83263920300735,
            40.11270411328609
          ],
          [
            -74.8327536700552,
            40.11241837984811
          ],
          [
            -74.8328591364852,
            40.1121305125067
          ],
          [
            -74.83295547014964,
            40.11184077941545
          ],
          [
            -74.8330426700079,
            40.1115493794983
          ],
          [
            -74.8331206705064,
            40.111256446427475
          ],
          [
            -74.83318940296991,
            40.110962179928556
          ],
          [
            -74.83324893607363,
            40.11066664603578
          ],
          [
            -74.83329907003508,
            40.110370112919
          ],
          [
            -74.83331680281294,
            40.110249179056325
          ],
          [
            -74.83335880292131,
            40.11003217972936
          ],
          [
            -74.83343673682565,
            40.10966871278109
          ],
          [
            -74.83352393668392,
            40.109306445575335
          ],
          [
            -74.83362040353667,
            40.10894564552744
          ],
          [
            -74.83372600419554,
            40.10858631186503
          ],
          [
            -74.83384087080839,
            40.10822864516063
          ],
          [
            -74.83396480359265,
            40.10787277914069
          ],
          [
            -74.83406087088039,
            40.10761457889831
          ],
          [
            -74.83486660410541,
            40.105469845711596
          ],
          [
            -74.83493600355112,
            40.10529944494391
          ],
          [
            -74.8350777377885,
            40.104969645010556
          ],
          [
            -74.83522833737429,
            40.104642111714455
          ],
          [
            -74.83538780334901,
            40.10431711091099
          ],
          [
            -74.83555600356488,
            40.10399477793609
          ],
          [
            -74.83573293698136,
            40.10367511123585
          ],
          [
            -74.83591853700428,
            40.10335837826612
          ],
          [
            -74.83610800365099,
            40.10305211137984
          ]
        ]
      },
      "properties": {
        "OBJECTID": 1585777,
        "permanent_identifier": "167396126",
        "fdate": 1593561600000,
        "resolution": 2,
        "gnis_id": "00217887",
        "gnis_name": "Delaware River",
        "lengthkm": 2.97427396,
        "reachcode": "02040201000679",
        "flowdir": 1,
        "wbarea_permanent_identifier": "167393148",
        "ftype": 558,
        "fcode": 55800,
        "innetwork": 1,
        "mainpath": 0,
        "visibilityfilter": 5000000,
        "Shape_Length": 3873.215962764579,
        "globalid": "{E9BE1A5D-4C73-11E1-BCF4-0021280458E6}"
      }
    },
    {
      "type": "Feature",
      "id": 1894302,
      "geometry": {
        "type": "LineString",
        "coordinates": [
          [
            -74.83537001230124,
            40.24592993925274
          ],
          [
            -74.83533167903417,
            40.24591487216079
          ],
          [
            -74.83493321179878,
            40.24576640580852
          ],
          [
            -74.83479721194347,
            40.24571753909066
          ],
          [
            -74.82579187531539,
            40.242438805764245
          ],
          [
            -74.8257882084741,
            40.24243727205214
          ],
          [
            -74.82549694223867,
            40.24231647245765
          ],
          [
            -74.82544387501227,
            40.24229293934262
          ]
        ]
      },
      "properties": {
        "OBJECTID": 1894302,
        "permanent_identifier": "26064978",
        "fdate": 1644451200000,
        "resolution": 2,
        "gnis_id": "00217887",
        "gnis_name": "Delaware River",
        "lengthkm": 0.93107507,
        "reachcode": "02040105001083",
        "flowdir": 1,
        "wbarea_permanent_identifier": "{FFB60894-7799-451F-8EF1-35C2538E42B6}",
        "ftype": 558,
        "fcode": 55800,
        "innetwork": 1,
        "mainpath": 0,
        "visibilityfilter": 5000000,
        "Shape_Length": 1225.7625376000396,
        "globalid": "{D67428A9-4C7C-11E1-BCF4-0021280458E6}"
      }
    },
    {
      "type": "Feature",
      "id": 3118960,
      "geometry": {
        "type": "LineString",
        "coordinates": [
          [
            -74.76792225536906,
            40.208842668208284
          ],
          [
            -74.76772285474568,
            40.20784660121212
          ],
          [
            -74.76760185522636,
            40.2076186674577
          ],
          [
            -74.76747212146584,
            40.20739353414498
          ],
          [
            -74.76733378873364,
            40.2071714675167
          ],
          [
            -74.76718698813694,
            40.206952601108355
          ],
          [
            -74.76703185494516,
            40.20673713441477
          ],
          [
            -74.76699045522486,
            40.2066821340272
          ],
          [
            -74.76312765331711,
            40.20225820000669
          ],
          [
            -74.76293118699921,
            40.20205493341634
          ],
          [
            -74.76268718701392,
            40.20179166695821
          ],
          [
            -74.76245098687039,
            40.20152433359953
          ],
          [
            -74.76222265316275,
            40.201253066808654
          ],
          [
            -74.76200225352575,
            40.200977866538466
          ],
          [
            -74.76178991906662,
            40.200698999776115
          ],
          [
            -74.76158578609528,
            40.20041653323547
          ],
          [
            -74.76138991912487,
            40.20013066635487
          ],
          [
            -74.76120245238421,
            40.19984153261056
          ],
          [
            -74.7610235201022,
            40.199549199515424
          ],
          [
            -74.76085305256308,
            40.19925393327416
          ],
          [
            -74.76069131926509,
            40.19895579981418
          ],
          [
            -74.76053831916771,
            40.19865493261933
          ],
          [
            -74.76049785280625,
            40.19857193300284
          ],
          [
            -74.75785085018977,
            40.190783330933186
          ],
          [
            -74.75782005142834,
            40.19067733101344
          ],
          [
            -74.75773011808762,
            40.190390664768756
          ],
          [
            -74.75763105094079,
            40.19010579769662
          ],
          [
            -74.75753651739993,
            40.189858465001514
          ]
        ]
      },
      "properties": {
        "OBJECTID": 3118960,
        "permanent_identifier": "167393154",
        "fdate": 1644451200000,
        "resolution": 2,
        "gnis_id": "00217887",
        "gnis_name": "Delaware River",
        "lengthkm": 2.32874961,
        "reachcode": "02040201007997",
        "flowdir": 1,
        "wbarea_permanent_identifier": "167393148",
        "ftype": 558,
        "fcode": 55800,
        "innetwork": 1,
        "mainpath": 0,
        "visibilityfilter": 5000000,
        "Shape_Length": 3036.3560589804083,
        "globalid": "{CC879056-4C97-11E1-BCF4-0021280458E6}"
      }
    },
    {
      "type": "Feature",
      "id": 3905440,
      "geometry": {
        "type": "LineString",
        "coordinates": [
          [
            -74.85658568797815,
            40.27646141171021
          ],
          [
            -74.85657862067224,
            40.27643327735433
          ],
          [
            -74.85650228710897,
            40.276167010975975
          ],
          [
            -74.8564168207801,
            40.27590234398135
          ],
          [
            -74.8563221540509,
            40.275639543922914
          ],
          [
            -74.85621848670391,
            40.27537874419282
          ],
          [
            -74.85619128714906,
            40.275314277839385
          ],
          [
            -74.85616348720616,
            40.27525441112374
          ],
          [
            -74.85611702112654,
            40.275172944641184
          ],
          [
            -74.85606202058827,
            40.275094677375535
          ],
          [
            -74.85599888723742,
            40.27502014441
          ],
          [
            -74.855928020639,
            40.27494974428293
          ],
          [
            -74.85584988695216,
            40.27488401128647
          ],
          [
            -74.85580122014342,
            40.274847943849956
          ],
          [
            -74.85574428733382,
            40.2747930781544
          ],
          [
            -74.85566828674136,
            40.27470994396978
          ],
          [
            -74.85560015362537,
            40.27462287759431
          ],
          [
            -74.85554035310446,
            40.27453227754126
          ],
          [
            -74.85548915363633,
            40.27443861059921
          ],
          [
            -74.85544681951662,
            40.27434241103911
          ],
          [
            -74.85541868764344,
            40.27426161111463
          ],
          [
            -74.85509362070638,
            40.27359927720978
          ],
          [
            -74.85485502005126,
            40.27309807689302
          ],
          [
            -74.85456055417424,
            40.27246047684037
          ],
          [
            -74.85427502023977,
            40.27182054381697
          ],
          [
            -74.85399835269426,
            40.27117834365209
          ],
          [
            -74.85373075340125,
            40.270533876281426
          ],
          [
            -74.85347208605083,
            40.26988727660944
          ],
          [
            -74.85334828645489,
            40.26956880994426
          ],
          [
            -74.85332675260685,
            40.26951801049684
          ],
          [
            -74.85325175196743,
            40.269356276755865
          ],
          [
            -74.8531678859796,
            40.269197010205794
          ],
          [
            -74.85307528575066,
            40.269040676910365
          ],
          [
            -74.85297421973829,
            40.268887410272974
          ],
          [
            -74.85286481904977,
            40.268737609671106
          ],
          [
            -74.85274721895453,
            40.26859141009933
          ],
          [
            -74.85262175242336,
            40.26844921014538
          ],
          [
            -74.85248855264462,
            40.26831114321877
          ],
          [
            -74.85243915225952,
            40.26826327649007
          ]
        ]
      },
      "properties": {
        "OBJECTID": 3905440,
        "permanent_identifier": "26049806",
        "fdate": 1644451200000,
        "resolution": 2,
        "gnis_id": "00217887",
        "gnis_name": "Delaware River",
        "lengthkm": 0.9891259700000001,
        "reachcode": "02040105000026",
        "flowdir": 1,
        "wbarea_permanent_identifier": "{FFB60894-7799-451F-8EF1-35C2538E42B6}",
        "ftype": 558,
        "fcode": 55800,
        "innetwork": 1,
        "mainpath": 0,
        "visibilityfilter": 5000000,
        "Shape_Length": 1290.6143831702648,
        "globalid": "{81BE4A7E-4C77-11E1-BCF4-0021280458E6}"
      }
    },
    {
      "type": "Feature",
      "id": 6280084,
      "geometry": {
        "type": "LineString",
        "coordinates": [
          [
            -74.75753651739993,
            40.189858465001514
          ],
          [
            -74.7575229176225,
            40.18982293092304
          ],
          [
            -74.75740578368642,
            40.18954213124285
          ],
          [
            -74.75727965017306,
            40.189263597402096
          ],
          [
            -74.75714471790545,
            40.18898759730488
          ],
          [
            -74.75700091820839,
            40.18871413098211
          ],
          [
            -74.75684844982379,
            40.188443530728925
          ],
          [
            -74.75668738454854,
            40.188175864145656
          ],
          [
            -74.75651771717995,
            40.18791126401492
          ],
          [
            -74.75633971721626,
            40.18764999745909
          ],
          [
            -74.75615338361698,
            40.18739213049377
          ],
          [
            -74.75599665112468,
            40.1871861309667
          ],
          [
            -74.75581191682592,
            40.18696006335305
          ],
          [
            -74.7556147835258,
            40.186732330442055
          ],
          [
            -74.75540978274924,
            40.18650866434031
          ],
          [
            -74.75519718295398,
            40.18628926381701
          ],
          [
            -74.75497705073415,
            40.186074264049864
          ],
          [
            -74.75474958379122,
            40.185863863810994
          ],
          [
            -74.75451491635405,
            40.1856580639381
          ],
          [
            -74.75427325028622,
            40.18545719754714
          ],
          [
            -74.75402471669493,
            40.185261263887014
          ],
          [
            -74.75376944980913,
            40.18507046332297
          ],
          [
            -74.75359605004562,
            40.18494639680101
          ],
          [
            -74.75039498084278,
            40.18316419693666
          ],
          [
            -74.75026118171655,
            40.18310279633393
          ],
          [
            -74.74989558182389,
            40.182940530199375
          ],
          [
            -74.74989258092427,
            40.18293919705889
          ],
          [
            -74.7495193143782,
            40.18278193002046
          ],
          [
            -74.74914151422615,
            40.18263106362907
          ],
          [
            -74.74875951447949,
            40.18248666311433
          ],
          [
            -74.748373447286,
            40.18234879688419
          ],
          [
            -74.74837131419159,
            40.182348063928735
          ],
          [
            -74.74231811256954,
            40.18062872983965
          ],
          [
            -74.74208731175615,
            40.18056239645514
          ],
          [
            -74.74183797799435,
            40.180483262963975
          ],
          [
            -74.74159244530271,
            40.18039752941238
          ],
          [
            -74.74135097797682,
            40.180305196570316
          ],
          [
            -74.74111384551496,
            40.18020646315782
          ],
          [
            -74.74088144540104,
            40.180101396720936
          ],
          [
            -74.74065397845813,
            40.1799901299936
          ],
          [
            -74.74043171106285,
            40.179872796503936
          ],
          [
            -74.7402149782671,
            40.179749596558636
          ],
          [
            -74.74000404540706,
            40.17962059611027
          ],
          [
            -74.73979911122467,
            40.17948599625979
          ],
          [
            -74.7396004452182,
            40.17934592973849
          ],
          [
            -74.73940831168323,
            40.17920066363232
          ],
          [
            -74.73922297803699,
            40.17905032987801
          ],
          [
            -74.73911797776611,
            40.17896019576873
          ],
          [
            -74.7383543112436,
            40.1783282630693
          ],
          [
            -74.73513724383284,
            40.175665795229904
          ],
          [
            -74.73254444262463,
            40.17351979513101
          ]
        ]
      },
      "properties": {
        "OBJECTID": 6280084,
        "permanent_identifier": "167396191",
        "fdate": 1593561600000,
        "resolution": 2,
        "gnis_id": "00217887",
        "gnis_name": "Delaware River",
        "lengthkm": 2.8830039,
        "reachcode": "02040201000682",
        "flowdir": 1,
        "wbarea_permanent_identifier": "167393148",
        "ftype": 558,
        "fcode": 55800,
        "innetwork": 1,
        "mainpath": 0,
        "visibilityfilter": 5000000,
        "Shape_Length": 3779.165700912417,
        "globalid": "{FAEE21DC-4C7E-11E1-BCF4-0021280458E6}"
      }
    },
    {
      "type": "Feature",
      "id": 6951016,
      "geometry": {
        "type": "LineString",
        "coordinates": [
          [
            -74.72259257085248,
            40.14900712446299
          ],
          [
            -74.72267717145719,
            40.148835390820835
          ],
          [
            -74.72280930468874,
            40.148587657152746
          ],
          [
            -74.72295010452672,
            40.14834272384203
          ],
          [
            -74.72309943778282,
            40.14810079055523
          ],
          [
            -74.72325723786285,
            40.14786205775676
          ],
          [
            -74.72342337157849,
            40.14762665751168
          ],
          [
            -74.72354850409829,
            40.14745885746672
          ],
          [
            -74.7235818376002,
            40.14740639078689
          ],
          [
            -74.7236677045346,
            40.14728305714375
          ],
          [
            -74.72376183746992,
            40.147163257126266
          ],
          [
            -74.72386397107003,
            40.14704739082727
          ],
          [
            -74.723973770283,
            40.146935790734624
          ],
          [
            -74.72409097081326,
            40.146828657304724
          ],
          [
            -74.72421530420307,
            40.146726323822854
          ],
          [
            -74.72434637088742,
            40.14662912357526
          ],
          [
            -74.72448377130131,
            40.146537257020285
          ],
          [
            -74.7246273046217,
            40.14645099063278
          ],
          [
            -74.72474783798188,
            40.14638532378254
          ],
          [
            -74.72978657320743,
            40.14335545659058
          ],
          [
            -74.72987990597224,
            40.14329245617738
          ],
          [
            -74.73022117298079,
            40.14305605615899
          ],
          [
            -74.7305561062598,
            40.142814389600986
          ],
          [
            -74.73088444047313,
            40.14256745644721
          ],
          [
            -74.73111970621727,
            40.14238418948585
          ],
          [
            -74.73265457272737,
            40.141180922223135
          ]
        ]
      },
      "properties": {
        "OBJECTID": 6951016,
        "permanent_identifier": "25486168",
        "fdate": 1593561600000,
        "resolution": 2,
        "gnis_id": "00217887",
        "gnis_name": "Delaware River",
        "lengthkm": 1.23863368,
        "reachcode": "02040201000017",
        "flowdir": 1,
        "wbarea_permanent_identifier": "167393148",
        "ftype": 558,
        "fcode": 55800,
        "innetwork": 1,
        "mainpath": 0,
        "visibilityfilter": 5000000,
        "Shape_Length": 1621.097113066773,
        "globalid": "{12E32BAB-4C93-11E1-BCF4-0021280458E6}"
      }
    },
    {
      "type": "Feature",
      "id": 7142948,
      "geometry": {
        "type": "LineString",
        "coordinates": [
          [
            -74.77138479095836,
            40.21512513618778
          ],
          [
            -74.7713787236055,
            40.21511606845965
          ],
          [
            -74.77135099025676,
            40.21506673624683
          ],
          [
            -74.77129545696518,
            40.21498266894372
          ],
          [
            -74.77124392348568,
            40.21491660197081
          ],
          [
            -74.77117205693422,
            40.21482326886329
          ],
          [
            -74.77098632268245,
            40.21457240222648
          ],
          [
            -74.77087332278735,
            40.21441226857207
          ],
          [
            -74.7705728561516,
            40.21400806908003
          ],
          [
            -74.77042332311301,
            40.2137912684437
          ],
          [
            -74.77019018942273,
            40.213440801551116
          ],
          [
            -74.7699655225564,
            40.21308706862036
          ],
          [
            -74.76974939014872,
            40.21273020229955
          ],
          [
            -74.76954178907805,
            40.21237040198647
          ],
          [
            -74.7693428566949,
            40.212007735176684
          ],
          [
            -74.76915265543128,
            40.21164226857222
          ],
          [
            -74.76897132263771,
            40.211274268326704
          ],
          [
            -74.76879872200418,
            40.210903735193476
          ],
          [
            -74.76863512198847,
            40.21053080183465
          ],
          [
            -74.76859412183315,
            40.21043373506204
          ],
          [
            -74.76858185602012,
            40.21040026748282
          ],
          [
            -74.76849232224441,
            40.21014133480317
          ],
          [
            -74.76841185568068,
            40.2098806680249
          ],
          [
            -74.76834065507089,
            40.209618401422674
          ],
          [
            -74.76827865486142,
            40.20935473443411
          ],
          [
            -74.76792225536906,
            40.208842668208284
          ]
        ]
      },
      "properties": {
        "OBJECTID": 7142948,
        "permanent_identifier": "{EE215FAF-9F07-4A48-A4B7-0761D35AD202}",
        "fdate": 1644451200000,
        "resolution": 2,
        "gnis_id": "00217887",
        "gnis_name": "Delaware River",
        "lengthkm": 0.76576664,
        "reachcode": "02040105015398",
        "flowdir": 1,
        "wbarea_permanent_identifier": "{FFB60894-7799-451F-8EF1-35C2538E42B6}",
        "ftype": 558,
        "fcode": 55800,
        "innetwork": 1,
        "mainpath": 0,
        "visibilityfilter": 5000000,
        "Shape_Length": 998.5243084322415,
        "globalid": "{DF5C15B6-8E5B-413E-8E01-229C2BCB67D6}"
      }
    },
    {
      "type": "Feature",
      "id": 7706685,
      "geometry": {
        "type": "LineString",
        "coordinates": [
          [
            -74.87323742818765,
            40.29970021471901
          ],
          [
            -74.87155795972889,
            40.29840021513496
          ],
          [
            -74.87152489364418,
            40.298375348436494
          ],
          [
            -74.8712556940101,
            40.298167148402676
          ],
          [
            -74.8709932932242,
            40.297953882138806
          ],
          [
            -74.8707378265559,
            40.29773581466226
          ],
          [
            -74.87048942615296,
            40.297512948307414
          ],
          [
            -74.87024829387897,
            40.29728541476665
          ],
          [
            -74.87001455980067,
            40.29705348144183
          ],
          [
            -74.8697884257816,
            40.29681721495158
          ],
          [
            -74.86956989286232,
            40.29657668112117
          ],
          [
            -74.86935915978478,
            40.29633214815034
          ],
          [
            -74.86915635869677,
            40.29608368107331
          ],
          [
            -74.86915509236708,
            40.29608208111879
          ],
          [
            -74.86903982618925,
            40.2959542147915
          ],
          [
            -74.86870162563393,
            40.29558741400531
          ],
          [
            -74.86835569183106,
            40.295224814336585
          ],
          [
            -74.86817242572559,
            40.29503901462481
          ]
        ]
      },
      "properties": {
        "OBJECTID": 7706685,
        "permanent_identifier": "167279802",
        "fdate": 1644451200000,
        "resolution": 2,
        "gnis_id": "00217887",
        "gnis_name": "Delaware River",
        "lengthkm": 0.67646833,
        "reachcode": "02040105001091",
        "flowdir": 1,
        "wbarea_permanent_identifier": "{FFB60894-7799-451F-8EF1-35C2538E42B6}",
        "ftype": 558,
        "fcode": 55800,
        "innetwork": 1,
        "mainpath": 0,
        "visibilityfilter": 5000000,
        "Shape_Length": 886.2707463516188,
        "globalid": "{6169BB78-4C7E-11E1-BCF4-0021280458E6}"
      }
    },
    {
      "type": "Feature",
      "id": 8291621,
      "geometry": {
        "type": "LineString",
        "coordinates": [
          [
            -74.72852037461863,
            40.16923059449874
          ],
          [
            -74.72706297377262,
            40.16745499493252
          ]
        ]
      },
      "properties": {
        "OBJECTID": 8291621,
        "permanent_identifier": "167396076",
        "fdate": 1593561600000,
        "resolution": 2,
        "gnis_id": "00217887",
        "gnis_name": "Delaware River",
        "lengthkm": 0.23390823000000002,
        "reachcode": "02040201000682",
        "flowdir": 1,
        "wbarea_permanent_identifier": "167393148",
        "ftype": 558,
        "fcode": 55800,
        "innetwork": 1,
        "mainpath": 0,
        "visibilityfilter": 5000000,
        "Shape_Length": 305.3326162915455,
        "globalid": "{61DC7FE5-4C99-11E1-BCF4-0021280458E6}"
      }
    },
    {
      "type": "Feature",
      "id": 8377774,
      "geometry": {
        "type": "LineString",
        "coordinates": [
          [
            -74.82544387501227,
            40.24229293934262
          ],
          [
            -74.82521027620336,
            40.242189338417546
          ],
          [
            -74.824928541258,
            40.242056005714986
          ],
          [
            -74.82465180815885,
            40.2419165386487
          ],
          [
            -74.82438040883622,
            40.241771072206
          ],
          [
            -74.82411460862625,
            40.241619672272414
          ],
          [
            -74.82385447516361,
            40.24146260488839
          ],
          [
            -74.82360034245968,
            40.24129987239734
          ],
          [
            -74.8234844748533,
            40.24122127205818
          ]
        ]
      },
      "properties": {
        "OBJECTID": 8377774,
        "permanent_identifier": "26064982",
        "fdate": 1644451200000,
        "resolution": 2,
        "gnis_id": "00217887",
        "gnis_name": "Delaware River",
        "lengthkm": 0.20464371,
        "reachcode": "02040105001083",
        "flowdir": 1,
        "wbarea_permanent_identifier": "{FFB60894-7799-451F-8EF1-35C2538E42B6}",
        "ftype": 558,
        "fcode": 55800,
        "innetwork": 1,
        "mainpath": 0,
        "visibilityfilter": 5000000,
        "Shape_Length": 268.82910487908407,
        "globalid": "{BC218F60-4C7B-11E1-BCF4-0021280458E6}"
      }
    },
    {
      "type": "Feature",
      "id": 10084706,
      "geometry": {
        "type": "LineString",
        "coordinates": [
          [
            -74.8376743379858,
            40.101315777600895
          ],
          [
            -74.84004627131675,
            40.099540177584025
          ],
          [
            -74.84017693739557,
            40.099443776620966
          ],
          [
            -74.84036413880008,
            40.09931431001692
          ],
          [
            -74.84055753866474,
            40.099190310451746
          ],
          [
            -74.84075680505926,
            40.099071976939655
          ],
          [
            -74.84096173820112,
            40.09895944402386
          ],
          [
            -74.84117193852532,
            40.09885284385921
          ],
          [
            -74.84138720520886,
            40.09875231019166
          ],
          [
            -74.84160727187505,
            40.09865810968882
          ],
          [
            -74.84183173895887,
            40.0985702439689
          ],
          [
            -74.842060272449,
            40.09848891045058
          ],
          [
            -74.84229267256292,
            40.09841417681258
          ],
          [
            -74.84252853869509,
            40.09834617679567
          ],
          [
            -74.84276747232104,
            40.09828497648359
          ],
          [
            -74.84286073953221,
            40.0982631762967
          ],
          [
            -74.84304273826747,
            40.098222576623726
          ],
          [
            -74.84345620583885,
            40.09812490982766
          ],
          [
            -74.84386680569894,
            40.09802037623308
          ],
          [
            -74.84427427251161,
            40.09790897660437
          ],
          [
            -74.84453413959756,
            40.097832976765844
          ]
        ]
      },
      "properties": {
        "OBJECTID": 10084706,
        "permanent_identifier": "167395235",
        "fdate": 1593561600000,
        "resolution": 2,
        "gnis_id": "00217887",
        "gnis_name": "Delaware River",
        "lengthkm": 0.71224792,
        "reachcode": "02040201000679",
        "flowdir": 1,
        "wbarea_permanent_identifier": "167393148",
        "ftype": 558,
        "fcode": 55800,
        "innetwork": 1,
        "mainpath": 0,
        "visibilityfilter": 5000000,
        "Shape_Length": 933.9762116690115,
        "globalid": "{7C4D3FB9-4C8D-11E1-BCF4-0021280458E6}"
      }
    },
    {
      "type": "Feature",
      "id": 10084759,
      "geometry": {
        "type": "LineString",
        "coordinates": [
          [
            -74.73719117441107,
            40.137624121533456
          ],
          [
            -74.73858437431849,
            40.13653172150364
          ]
        ]
      },
      "properties": {
        "OBJECTID": 10084759,
        "permanent_identifier": "167395738",
        "fdate": 1593561600000,
        "resolution": 2,
        "gnis_id": "00217887",
        "gnis_name": "Delaware River",
        "lengthkm": 0.16978250000000003,
        "reachcode": "02040201000017",
        "flowdir": 1,
        "wbarea_permanent_identifier": "167393148",
        "ftype": 558,
        "fcode": 55800,
        "innetwork": 1,
        "mainpath": 0,
        "visibilityfilter": 5000000,
        "Shape_Length": 222.15867652746022,
        "globalid": "{FAB8AE8F-4C90-11E1-BCF4-0021280458E6}"
      }
    },
    {
      "type": "Feature",
      "id": 11430915,
      "geometry": {
        "type": "LineString",
        "coordinates": [
          [
            -74.74447617665393,
            40.134220920378986
          ],
          [
            -74.74501831039807,
            40.1341049206329
          ],
          [
            -74.74510377672694,
            40.13408998698865
          ],
          [
            -74.74530331053865,
            40.13406052063651
          ],
          [
            -74.74550444365089,
            40.134038186978714
          ],
          [
            -74.74570664435086,
            40.13402318729094
          ],
          [
            -74.74590957758667,
            40.134015453958234
          ],
          [
            -74.74611277719912,
            40.134014986982955
          ],
          [
            -74.7463157770291,
            40.13402185398524
          ],
          [
            -74.74651811091739,
            40.13403605416732
          ],
          [
            -74.74671937825852,
            40.13405745387588
          ],
          [
            -74.74691904421802,
            40.13408612072397
          ],
          [
            -74.74711684450034,
            40.134121920258295
          ],
          [
            -74.74731217767689,
            40.134164854058625
          ],
          [
            -74.74750471077685,
            40.13421465401913
          ],
          [
            -74.74769397764106,
            40.13427145377297
          ],
          [
            -74.74782517751373,
            40.13431545348239
          ],
          [
            -74.74784544503208,
            40.134321787452585
          ],
          [
            -74.74818777858783,
            40.13442385402638
          ],
          [
            -74.74853351156769,
            40.13451918714333
          ],
          [
            -74.74888224544716,
            40.13460758715583
          ],
          [
            -74.74923384495685,
            40.13468912091476
          ],
          [
            -74.7495881113548,
            40.134763654001866
          ],
          [
            -74.74989371198457,
            40.13482152088349
          ],
          [
            -74.74994471271073,
            40.13483118723578
          ],
          [
            -74.75030344507996,
            40.13489158699026
          ],
          [
            -74.75066411180163,
            40.134944920903365
          ],
          [
            -74.75102644545852,
            40.13499112057725
          ],
          [
            -74.75134664581874,
            40.135025853642425
          ],
          [
            -74.75159157916288,
            40.13504045375952
          ],
          [
            -74.75200731197646,
            40.13505945387455
          ],
          [
            -74.7524234464361,
            40.13507125376749
          ],
          [
            -74.75283991282603,
            40.13507578741419
          ],
          [
            -74.7532563126218,
            40.13507305402062
          ],
          [
            -74.75367257922923,
            40.13506305358592
          ],
          [
            -74.75408844627167,
            40.13504585372575
          ],
          [
            -74.75450371396663,
            40.135021386815765
          ],
          [
            -74.75458558004837,
            40.13501518655765
          ]
        ]
      },
      "properties": {
        "OBJECTID": 11430915,
        "permanent_identifier": "167395726",
        "fdate": 1593561600000,
        "resolution": 2,
        "gnis_id": "00217887",
        "gnis_name": "Delaware River",
        "lengthkm": 0.8731063,
        "reachcode": "02040201000015",
        "flowdir": 1,
        "wbarea_permanent_identifier": "167393148",
        "ftype": 558,
        "fcode": 55800,
        "innetwork": 1,
        "mainpath": 0,
        "visibilityfilter": 5000000,
        "Shape_Length": 1150.0281477437493,
        "globalid": "{DF39587B-4C8F-11E1-BCF4-0021280458E6}"
      }
    },
    {
      "type": "Feature",
      "id": 11516857,
      "geometry": {
        "type": "LineString",
        "coordinates": [
          [
            -74.8444227483678,
            40.255789740911084
          ],
          [
            -74.84441008194925,
            40.255762407939514
          ],
          [
            -74.84438474911212,
            40.2557044742325
          ],
          [
            -74.84437688267622,
            40.255684207151084
          ],
          [
            -74.84434314856877,
            40.25558234039753
          ],
          [
            -74.84431881568467,
            40.25547887416334
          ],
          [
            -74.84430394957754,
            40.255374407991255
          ],
          [
            -74.84429861580104,
            40.255269407223686
          ],
          [
            -74.84430288198982,
            40.25516434117627
          ],
          [
            -74.84431668259029,
            40.25505974031409
          ],
          [
            -74.84433994892719,
            40.25495620736956
          ],
          [
            -74.84436394988097,
            40.25487840747006
          ],
          [
            -74.84437434897629,
            40.25479954098751
          ],
          [
            -74.84438314877106,
            40.25467420762076
          ],
          [
            -74.84438254942356,
            40.25454860719891
          ],
          [
            -74.84437248225855,
            40.25442334086733
          ],
          [
            -74.84435301595127,
            40.25429867386354
          ],
          [
            -74.84432694849727,
            40.25418694046522
          ]
        ]
      },
      "properties": {
        "OBJECTID": 11516857,
        "permanent_identifier": "26049792",
        "fdate": 1644451200000,
        "resolution": 2,
        "gnis_id": "00217887",
        "gnis_name": "Delaware River",
        "lengthkm": 0.18162358,
        "reachcode": "02040105001080",
        "flowdir": 1,
        "wbarea_permanent_identifier": "{FFB60894-7799-451F-8EF1-35C2538E42B6}",
        "ftype": 558,
        "fcode": 55800,
        "innetwork": 1,
        "mainpath": 0,
        "visibilityfilter": 5000000,
        "Shape_Length": 236.54551636533776,
        "globalid": "{614E3978-4C7E-11E1-BCF4-0021280458E6}"
      }
    },
    {
      "type": "Feature",
      "id": 12190566,
      "geometry": {
        "type": "LineString",
        "coordinates": [
          [
            -74.82200367448208,
            40.24098753878519
          ],
          [
            -74.8193181408971,
            40.24051640580263
          ],
          [
            -74.81834567252788,
            40.24032407289137
          ],
          [
            -74.81753507272603,
            40.24011353839042
          ],
          [
            -74.81250160468282,
            40.23861167215247
          ],
          [
            -74.80770753642476,
            40.23652273864318
          ],
          [
            -74.8032114011025,
            40.234463072124015
          ],
          [
            -74.79605853313171,
            40.23090927108313
          ],
          [
            -74.79553299798357,
            40.2306627378578
          ],
          [
            -74.7949465988889,
            40.23032107041932
          ],
          [
            -74.79469319872081,
            40.23016673816635
          ],
          [
            -74.794548331436,
            40.230067471221176
          ],
          [
            -74.7943597991887,
            40.22987980435927
          ],
          [
            -74.79425806515361,
            40.22973060455913
          ],
          [
            -74.79419253129116,
            40.229609003773945
          ],
          [
            -74.79415606578237,
            40.22951500453561
          ],
          [
            -74.79412666549842,
            40.22940993743685
          ],
          [
            -74.7941046644507,
            40.22932147100076
          ],
          [
            -74.79410433147984,
            40.2292495377673
          ],
          [
            -74.79410813150949,
            40.229150603926094
          ],
          [
            -74.79409813093862,
            40.22906907080377
          ],
          [
            -74.79404913115907,
            40.22896447092421
          ]
        ]
      },
      "properties": {
        "OBJECTID": 12190566,
        "permanent_identifier": "167286152",
        "fdate": 1644451200000,
        "resolution": 2,
        "gnis_id": "00217887",
        "gnis_name": "Delaware River",
        "lengthkm": 2.7727706199999997,
        "reachcode": "02040105001083",
        "flowdir": 1,
        "wbarea_permanent_identifier": "{FFB60894-7799-451F-8EF1-35C2538E42B6}",
        "ftype": 558,
        "fcode": 55800,
        "innetwork": 1,
        "mainpath": 0,
        "visibilityfilter": 5000000,
        "Shape_Length": 3646.5882948331105,
        "globalid": "{34F1BD0D-4C77-11E1-BCF4-0021280458E6}"
      }
    },
    {
      "type": "Feature",
      "id": 14435562,
      "geometry": {
        "type": "LineString",
        "coordinates": [
          [
            -74.85670882059189,
            40.27765481124669
          ],
          [
            -74.85670615474416,
            40.277614410894046
          ],
          [
            -74.85670928779159,
            40.27754694434698
          ],
          [
            -74.85673048762827,
            40.277346144700076
          ],
          [
            -74.85673402128123,
            40.27724354449926
          ],
          [
            -74.8567286875047,
            40.27713261188574
          ],
          [
            -74.85671648828584,
            40.27703741085458
          ],
          [
            -74.85670348785591,
            40.276969944525696
          ],
          [
            -74.85664568724104,
            40.27670094463354
          ],
          [
            -74.85658568797815,
            40.27646141171021
          ]
        ]
      },
      "properties": {
        "OBJECTID": 14435562,
        "permanent_identifier": "26049804",
        "fdate": 1644451200000,
        "resolution": 2,
        "gnis_id": "00217887",
        "gnis_name": "Delaware River",
        "lengthkm": 0.13478220000000002,
        "reachcode": "02040105000026",
        "flowdir": 1,
        "wbarea_permanent_identifier": "{FFB60894-7799-451F-8EF1-35C2538E42B6}",
        "ftype": 558,
        "fcode": 55800,
        "innetwork": 1,
        "mainpath": 0,
        "visibilityfilter": 5000000,
        "Shape_Length": 175.58313284817322,
        "globalid": "{7DC1520A-4C86-11E1-BCF4-0021280458E6}"
      }
    },
    {
      "type": "Feature",
      "id": 15334775,
      "geometry": {
        "type": "LineString",
        "coordinates": [
          [
            -74.79404913115907,
            40.22896447092421
          ],
          [
            -74.79401119849756,
            40.228951403574165
          ],
          [
            -74.7939623985005,
            40.22893220412188
          ],
          [
            -74.79232286469038,
            40.228106470788624
          ],
          [
            -74.79191039707203,
            40.22790293773096
          ],
          [
            -74.79138759748737,
            40.22763733674081
          ],
          [
            -74.79086999745036,
            40.227365803459584
          ],
          [
            -74.79035786333768,
            40.227088337815935
          ],
          [
            -74.78985119618984,
            40.226805004086714
          ],
          [
            -74.78935013023573,
            40.2265158705206
          ],
          [
            -74.78885472998843,
            40.22622100377698
          ],
          [
            -74.78836519627097,
            40.22592047051492
          ],
          [
            -74.78788159671807,
            40.22561433739328
          ],
          [
            -74.78740406243696,
            40.22530267027623
          ],
          [
            -74.78693266314347,
            40.22498560335159
          ],
          [
            -74.78687599566997,
            40.22494680337279
          ],
          [
            -74.78128839444625,
            40.22145260327836
          ]
        ]
      },
      "properties": {
        "OBJECTID": 15334775,
        "permanent_identifier": "167285260",
        "fdate": 1644451200000,
        "resolution": 2,
        "gnis_id": "00217887",
        "gnis_name": "Delaware River",
        "lengthkm": 1.3679455500000002,
        "reachcode": "02040105001083",
        "flowdir": 1,
        "wbarea_permanent_identifier": "{FFB60894-7799-451F-8EF1-35C2538E42B6}",
        "ftype": 558,
        "fcode": 55800,
        "innetwork": 1,
        "mainpath": 0,
        "visibilityfilter": 5000000,
        "Shape_Length": 1795.7380837720116,
        "globalid": "{C631F436-4C96-11E1-BCF4-0021280458E6}"
      }
    },
    {
      "type": "Feature",
      "id": 17045605,
      "geometry": {
        "type": "LineString",
        "coordinates": [
          [
            -74.72485310566995,
            40.1647625273895
          ],
          [
            -74.72391343908981,
            40.16361752753761
          ],
          [
            -74.7238660386108,
            40.163561993598755
          ],
          [
            -74.72367350551082,
            40.16332792722459
          ],
          [
            -74.72348890544095,
            40.163090060634694
          ],
          [
            -74.72331250581833,
            40.162848593382016
          ],
          [
            -74.72314430456193,
            40.1626037266123
          ],
          [
            -74.72298457221052,
            40.1623555270852
          ],
          [
            -74.72283330460202,
            40.162104193564076
          ],
          [
            -74.72269057145212,
            40.16184992640525
          ],
          [
            -74.72255657150285,
            40.16159292676283
          ],
          [
            -74.72243137134836,
            40.16133332661037
          ],
          [
            -74.72231497098863,
            40.161071327106654
          ],
          [
            -74.72220757124671,
            40.160807060229594
          ],
          [
            -74.72218097103936,
            40.160737726206115
          ],
          [
            -74.72180090460458,
            40.15962506007367
          ]
        ]
      },
      "properties": {
        "OBJECTID": 17045605,
        "permanent_identifier": "167395812",
        "fdate": 1593561600000,
        "resolution": 2,
        "gnis_id": "00217887",
        "gnis_name": "Delaware River",
        "lengthkm": 0.63510196,
        "reachcode": "02040201000682",
        "flowdir": 1,
        "wbarea_permanent_identifier": "167393148",
        "ftype": 558,
        "fcode": 55800,
        "innetwork": 1,
        "mainpath": 0,
        "visibilityfilter": 5000000,
        "Shape_Length": 827.7846962376065,
        "globalid": "{34823696-4C8A-11E1-BCF4-0021280458E6}"
      }
    },
    {
      "type": "Feature",
      "id": 17045642,
      "geometry": {
        "type": "LineString",
        "coordinates": [
          [
            -74.72180090460458,
            40.15962506007367
          ],
          [
            -74.72125130398953,
            40.15801585994504
          ],
          [
            -74.72122683791711,
            40.15791552666895
          ],
          [
            -74.72117437003823,
            40.157672192847926
          ],
          [
            -74.72113123782907,
            40.15742772571267
          ],
          [
            -74.721097438168,
            40.157182459258884
          ],
          [
            -74.72107310424337,
            40.15693652549117
          ],
          [
            -74.72105810390738,
            40.15669012639908
          ],
          [
            -74.72105263694252,
            40.15644352521066
          ],
          [
            -74.72105283776557,
            40.15636385939621
          ],
          [
            -74.721046903601,
            40.15597632632323
          ],
          [
            -74.72105030406563,
            40.15558865902278
          ],
          [
            -74.72106317026669,
            40.15520112550219
          ],
          [
            -74.72108550428527,
            40.15481385857634
          ],
          [
            -74.72111716981141,
            40.154426925849535
          ],
          [
            -74.72115823760143,
            40.15404052535573
          ],
          [
            -74.72120870453371,
            40.153654791509496
          ],
          [
            -74.72126857060826,
            40.153269858728414
          ],
          [
            -74.72133770367728,
            40.15288585825202
          ],
          [
            -74.72141623692912,
            40.15250292529918
          ],
          [
            -74.72150397058125,
            40.15212112510394
          ],
          [
            -74.72160103678151,
            40.15174072491334
          ],
          [
            -74.7217073044226,
            40.15136172475089
          ],
          [
            -74.7218227048293,
            40.150984325063256
          ],
          [
            -74.72194730459576,
            40.15060859188987
          ],
          [
            -74.72208103712782,
            40.15023479090157
          ],
          [
            -74.72211643712996,
            40.15014245838194
          ]
        ]
      },
      "properties": {
        "OBJECTID": 17045642,
        "permanent_identifier": "167395780",
        "fdate": 1593561600000,
        "resolution": 2,
        "gnis_id": "00217887",
        "gnis_name": "Delaware River",
        "lengthkm": 1.0776963599999998,
        "reachcode": "02040201000680",
        "flowdir": 1,
        "wbarea_permanent_identifier": "167393148",
        "ftype": 558,
        "fcode": 55800,
        "innetwork": 1,
        "mainpath": 0,
        "visibilityfilter": 5000000,
        "Shape_Length": 1401.553769783031,
        "globalid": "{37D70B1F-4C72-11E1-BCF4-0021280458E6}"
      }
    },
    {
      "type": "Feature",
      "id": 17355181,
      "geometry": {
        "type": "LineString",
        "coordinates": [
          [
            -74.84432694849727,
            40.25418694046522
          ],
          [
            -74.84432414842065,
            40.254175073927684
          ],
          [
            -74.8442860825708,
            40.25405300721497
          ],
          [
            -74.84423894846844,
            40.25393274055916
          ],
          [
            -74.84418274819464,
            40.25381480682731
          ],
          [
            -74.84411788235494,
            40.25369954115261
          ],
          [
            -74.8440589485987,
            40.25360834050688
          ],
          [
            -74.8436915485825,
            40.25312647371922
          ],
          [
            -74.84366801586893,
            40.25309240701323
          ],
          [
            -74.84350754890063,
            40.25285140709228
          ],
          [
            -74.84335548216211,
            40.25260714081514
          ],
          [
            -74.84321201543587,
            40.25235987338972
          ],
          [
            -74.84307728191024,
            40.25210974058179
          ],
          [
            -74.8429512815852,
            40.2518570068107
          ],
          [
            -74.84283414868968,
            40.25160167363564
          ],
          [
            -74.84272594773668,
            40.25134413969226
          ],
          [
            -74.8426267474015,
            40.25108440654374
          ],
          [
            -74.84258588147506,
            40.250969140189284
          ],
          [
            -74.842567481715,
            40.25091580690962
          ],
          [
            -74.84251041467647,
            40.25077020653249
          ],
          [
            -74.84244428146656,
            40.25062687317426
          ],
          [
            -74.84236934846183,
            40.25048607289415
          ],
          [
            -74.84228561462182,
            40.25034827347121
          ],
          [
            -74.84226128173772,
            40.25031120659758
          ],
          [
            -74.84219868218074,
            40.25021860682889
          ],
          [
            -74.84212534743601,
            40.250125806803275
          ],
          [
            -74.84204408174229,
            40.25003707358886
          ],
          [
            -74.8419551473141,
            40.249952739958786
          ],
          [
            -74.8418590144727,
            40.24987314027542
          ],
          [
            -74.84181788112906,
            40.2498422732354
          ],
          [
            -74.84172588128814,
            40.24978587277079
          ],
          [
            -74.84159528180348,
            40.24969814056252
          ],
          [
            -74.84147121479036,
            40.24960500706441
          ],
          [
            -74.84135388107177,
            40.249506873312484
          ],
          [
            -74.84132488139335,
            40.24948087281192
          ],
          [
            -74.84095401431834,
            40.24914033990568
          ],
          [
            -74.84068028107828,
            40.24889293989227
          ],
          [
            -74.83968561395989,
            40.248143539850155
          ],
          [
            -74.83939981364877,
            40.24795693965138
          ],
          [
            -74.83905694733969,
            40.247741806668856
          ],
          [
            -74.83870814686605,
            40.247532339606735
          ],
          [
            -74.83835368068559,
            40.24732860602473
          ],
          [
            -74.83799367990558,
            40.24713067268761
          ],
          [
            -74.83762827979542,
            40.24693860635955
          ],
          [
            -74.83725761250294,
            40.246752538928874
          ],
          [
            -74.83688187989164,
            40.246572539541326
          ],
          [
            -74.8365012120283,
            40.24639873929021
          ],
          [
            -74.8361158794517,
            40.246231139811684
          ],
          [
            -74.83572594563442,
            40.2460698054832
          ],
          [
            -74.83537001230124,
            40.24592993925274
          ]
        ]
      },
      "properties": {
        "OBJECTID": 17355181,
        "permanent_identifier": "167285567",
        "fdate": 1644451200000,
        "resolution": 2,
        "gnis_id": "00217887",
        "gnis_name": "Delaware River",
        "lengthkm": 1.23808427,
        "reachcode": "02040105001080",
        "flowdir": 1,
        "wbarea_permanent_identifier": "{FFB60894-7799-451F-8EF1-35C2538E42B6}",
        "ftype": 558,
        "fcode": 55800,
        "innetwork": 1,
        "mainpath": 0,
        "visibilityfilter": 5000000,
        "Shape_Length": 1621.212575730308,
        "globalid": "{C698761B-4C80-11E1-BCF4-0021280458E6}"
      }
    },
    {
      "type": "Feature",
      "id": 19376070,
      "geometry": {
        "type": "LineString",
        "coordinates": [
          [
            -74.85243915225952,
            40.26826327649007
          ],
          [
            -74.85241221908133,
            40.26823720935855
          ],
          [
            -74.8522668190432,
            40.26814474289283
          ],
          [
            -74.85208468503855,
            40.268020410020796
          ],
          [
            -74.8519090189923,
            40.2678907431022
          ],
          [
            -74.85174008520006,
            40.26775594297846
          ],
          [
            -74.85157815211957,
            40.267616209697394
          ],
          [
            -74.85142348508697,
            40.26747167661437
          ],
          [
            -74.85127621833111,
            40.26732267637045
          ],
          [
            -74.8511366848228,
            40.26716940980986
          ],
          [
            -74.85100508434459,
            40.26701207618997
          ],
          [
            -74.85088161876004,
            40.266850943050876
          ],
          [
            -74.85076641813583,
            40.26668620965262
          ],
          [
            -74.85074488532833,
            40.26665360909739
          ],
          [
            -74.8501072846845,
            40.26527020919123
          ],
          [
            -74.85006968499378,
            40.26519907558881
          ],
          [
            -74.84997661756515,
            40.26503714255004
          ],
          [
            -74.84987495116474,
            40.264878208835356
          ],
          [
            -74.84976488453457,
            40.26472267543405
          ],
          [
            -74.84964655086294,
            40.26457067576135
          ],
          [
            -74.84952015201345,
            40.26442254252699
          ],
          [
            -74.84938595124115,
            40.26427854254095
          ],
          [
            -74.84938495128813,
            40.26427747619674
          ],
          [
            -74.84932775106128,
            40.26422060897975
          ],
          [
            -74.84920688473028,
            40.26409174227882
          ],
          [
            -74.84909381720047,
            40.26395880923083
          ],
          [
            -74.84898888456432,
            40.2638220091076
          ],
          [
            -74.84889221792906,
            40.263681609466545
          ],
          [
            -74.84880408367138,
            40.26353807557541
          ],
          [
            -74.84876341752746,
            40.263465409297964
          ],
          [
            -74.84857535143931,
            40.26305860914357
          ],
          [
            -74.84856988447444,
            40.26304634238972
          ],
          [
            -74.84855501836735,
            40.26299854260282
          ],
          [
            -74.84854988437331,
            40.26294954222813
          ],
          [
            -74.84855448457347,
            40.26290060851538
          ],
          [
            -74.84856888452143,
            40.26285267523043
          ],
          [
            -74.84859261805802,
            40.26280707553313
          ],
          [
            -74.84860008492893,
            40.262795941798906
          ],
          [
            -74.84860148444696,
            40.26279380906372
          ],
          [
            -74.84862955076652,
            40.262742542408546
          ],
          [
            -74.84864848432045,
            40.2626888753912
          ],
          [
            -74.8486578179091,
            40.262633742568596
          ],
          [
            -74.8486575504919,
            40.2625781420223
          ],
          [
            -74.84864761755577,
            40.2625231417112
          ],
          [
            -74.8486366170319,
            40.26248954185712
          ],
          [
            -74.848577416899,
            40.26235500808401
          ],
          [
            -74.84837655016342,
            40.261913009083784
          ],
          [
            -74.84823221771302,
            40.261608274994494
          ],
          [
            -74.84806255034442,
            40.261293608516475
          ],
          [
            -74.84785375057878,
            40.26088947519231
          ],
          [
            -74.84775668437852,
            40.26069467511037
          ],
          [
            -74.84768935039253,
            40.26055674163612
          ],
          [
            -74.84754921753674,
            40.26028507515483
          ],
          [
            -74.84740028384563,
            40.260016141502675
          ],
          [
            -74.84724268354812,
            40.259750208308674
          ],
          [
            -74.8470764832383,
            40.259487274814255
          ],
          [
            -74.8469018171451,
            40.25922760865284
          ],
          [
            -74.84671881637573,
            40.25897134167679
          ],
          [
            -74.84652761619961,
            40.25871860812191
          ],
          [
            -74.84632821661677,
            40.25846960813355
          ],
          [
            -74.84612081636917,
            40.25822447436301
          ],
          [
            -74.84590554968564,
            40.25798340775337
          ],
          [
            -74.84583914905849,
            40.25791154149711
          ],
          [
            -74.84568761611382,
            40.25774307480743
          ],
          [
            -74.84551248282092,
            40.25753667526423
          ],
          [
            -74.84534535019277,
            40.257326407906135
          ],
          [
            -74.84518634933669,
            40.25711247439485
          ],
          [
            -74.84503554996839,
            40.2568950748059
          ],
          [
            -74.84489321638353,
            40.25667434092498
          ],
          [
            -74.84475934962258,
            40.25645054112302
          ],
          [
            -74.84463414946808,
            40.25622380718962
          ],
          [
            -74.8445176825142,
            40.25599434079638
          ],
          [
            -74.8444227483678,
            40.255789740911084
          ]
        ]
      },
      "properties": {
        "OBJECTID": 19376070,
        "permanent_identifier": "26066850",
        "fdate": 1644451200000,
        "resolution": 2,
        "gnis_id": "00217887",
        "gnis_name": "Delaware River",
        "lengthkm": 1.5756448500000002,
        "reachcode": "02040105001090",
        "flowdir": 1,
        "wbarea_permanent_identifier": "{FFB60894-7799-451F-8EF1-35C2538E42B6}",
        "ftype": 558,
        "fcode": 55800,
        "innetwork": 1,
        "mainpath": 0,
        "visibilityfilter": 5000000,
        "Shape_Length": 2057.7037781505064,
        "globalid": "{2FFB05C3-4C88-11E1-BCF4-0021280458E6}"
      }
    },
    {
      "type": "Feature",
      "id": 19963769,
      "geometry": {
        "type": "LineString",
        "coordinates": [
          [
            -74.73265457272737,
            40.141180922223135
          ],
          [
            -74.73719117441107,
            40.137624121533456
          ]
        ]
      },
      "properties": {
        "OBJECTID": 19963769,
        "permanent_identifier": "25486170",
        "fdate": 1593561600000,
        "resolution": 2,
        "gnis_id": "00217887",
        "gnis_name": "Delaware River",
        "lengthkm": 0.5528184100000001,
        "reachcode": "02040201000017",
        "flowdir": 1,
        "wbarea_permanent_identifier": "167393148",
        "ftype": 558,
        "fcode": 55800,
        "innetwork": 1,
        "mainpath": 0,
        "visibilityfilter": 5000000,
        "Shape_Length": 723.382366514182,
        "globalid": "{41013491-4C72-11E1-BCF4-0021280458E6}"
      }
    },
    {
      "type": "Feature",
      "id": 20861232,
      "geometry": {
        "type": "LineString",
        "coordinates": [
          [
            -74.72706297377262,
            40.16745499493252
          ],
          [
            -74.72485310566995,
            40.1647625273895
          ]
        ]
      },
      "properties": {
        "OBJECTID": 20861232,
        "permanent_identifier": "167396183",
        "fdate": 1593561600000,
        "resolution": 2,
        "gnis_id": "00217887",
        "gnis_name": "Delaware River",
        "lengthkm": 0.35469076000000005,
        "reachcode": "02040201000682",
        "flowdir": 1,
        "wbarea_permanent_identifier": "167393148",
        "ftype": 558,
        "fcode": 55800,
        "innetwork": 1,
        "mainpath": 0,
        "visibilityfilter": 5000000,
        "Shape_Length": 462.9811127965814,
        "globalid": "{63A5E61E-4C89-11E1-BCF4-0021280458E6}"
      }
    },
    {
      "type": "Feature",
      "id": 22209566,
      "geometry": {
        "type": "LineString",
        "coordinates": [
          [
            -74.79553085864598,
            40.121969516091646
          ],
          [
            -74.79599672542099,
            40.12206278361755
          ],
          [
            -74.79658465930311,
            40.1221880495672
          ],
          [
            -74.79717005948527,
            40.12232024951076
          ],
          [
            -74.79775265959084,
            40.122459383407886
          ],
          [
            -74.79833245961983,
            40.122605382789025
          ],
          [
            -74.79859632651792,
            40.12267438336842
          ],
          [
            -74.79895839275761,
            40.122760983090075
          ],
          [
            -74.79963792691564,
            40.12292931595642
          ],
          [
            -74.80031459440292,
            40.123104449676106
          ],
          [
            -74.8009881943964,
            40.12328644944029
          ],
          [
            -74.80165859370774,
            40.12347518311559
          ],
          [
            -74.80232572782387,
            40.12367071668476
          ],
          [
            -74.80298946043484,
            40.123872916420495
          ],
          [
            -74.80330792830621,
            40.12397264993849
          ],
          [
            -74.80703132885345,
            40.125214383597864
          ],
          [
            -74.81330533175858,
            40.12730631666617
          ],
          [
            -74.81331086427707,
            40.127308117125
          ],
          [
            -74.8136038640419,
            40.12740085063575
          ],
          [
            -74.81390033190605,
            40.127486850815295
          ],
          [
            -74.81419999837127,
            40.12756598323221
          ],
          [
            -74.81450266469558,
            40.12763831633231
          ],
          [
            -74.81480793235451,
            40.127703650441035
          ],
          [
            -74.81511566503815,
            40.12776198319179
          ],
          [
            -74.81542546526252,
            40.12781325015892
          ],
          [
            -74.81573713220463,
            40.12785745056285
          ],
          [
            -74.8160503994878,
            40.12789444996086
          ],
          [
            -74.81636493310069,
            40.127924316786284
          ],
          [
            -74.81668046562606,
            40.12794691659227
          ],
          [
            -74.81670166650326,
            40.12794818398242
          ],
          [
            -74.81675779914237,
            40.12795065034109
          ],
          [
            -74.81715759930161,
            40.12796405062309
          ],
          [
            -74.81755766583753,
            40.12797024993331
          ],
          [
            -74.81779946613425,
            40.127969584016704
          ]
        ]
      },
      "properties": {
        "OBJECTID": 22209566,
        "permanent_identifier": "167396127",
        "fdate": 1593561600000,
        "resolution": 2,
        "gnis_id": "00217887",
        "gnis_name": "Delaware River",
        "lengthkm": 2.0081017300000004,
        "reachcode": "02040201000697",
        "flowdir": 1,
        "wbarea_permanent_identifier": "167393148",
        "ftype": 558,
        "fcode": 55800,
        "innetwork": 1,
        "mainpath": 0,
        "visibilityfilter": 5000000,
        "Shape_Length": 2641.7671153883366,
        "globalid": "{3213BF93-4C7F-11E1-BCF4-0021280458E6}"
      }
    },
    {
      "type": "Feature",
      "id": 23192956,
      "geometry": {
        "type": "LineString",
        "coordinates": [
          [
            -74.78128839444625,
            40.22145260327836
          ],
          [
            -74.77951539239967,
            40.220343735817515
          ],
          [
            -74.77936412687221,
            40.22025420321503
          ],
          [
            -74.77857512647203,
            40.2197927359657
          ],
          [
            -74.77778045932452,
            40.219337069607235
          ],
          [
            -74.77698025861798,
            40.218887135926806
          ],
          [
            -74.7761744587988,
            40.21844306931576
          ],
          [
            -74.77580545844152,
            40.21824266949943
          ],
          [
            -74.77563065811944,
            40.21814706937504
          ],
          [
            -74.77534999180234,
            40.217986469824886
          ],
          [
            -74.77507512438038,
            40.21782013565078
          ],
          [
            -74.77480612452881,
            40.21764820267837
          ],
          [
            -74.77454325862429,
            40.21747080276049
          ],
          [
            -74.77428672436824,
            40.21728806933903
          ],
          [
            -74.77411532451077,
            40.21716026935153
          ],
          [
            -74.77405859148365,
            40.21711313636606
          ],
          [
            -74.77400085850348,
            40.21705506946818
          ],
          [
            -74.77395092432454,
            40.21699280249549
          ],
          [
            -74.77390932378118,
            40.216927136350144
          ],
          [
            -74.77389719115648,
            40.21690426899101
          ],
          [
            -74.77387505796096,
            40.21683213585027
          ],
          [
            -74.77384219165874,
            40.21675533618685
          ],
          [
            -74.77380045792708,
            40.216681135442414
          ],
          [
            -74.77375019181783,
            40.21661006915945
          ],
          [
            -74.77369185740909,
            40.21654280239597
          ],
          [
            -74.77362592502219,
            40.21647980236606
          ],
          [
            -74.77359712512629,
            40.21645560237429
          ],
          [
            -74.77350205779155,
            40.21638966873498
          ],
          [
            -74.7734024578914,
            40.216311202368594
          ],
          [
            -74.77334839071199,
            40.216263869356744
          ],
          [
            -74.77282172450353,
            40.215835468777236
          ],
          [
            -74.7727555236589,
            40.21578106931703
          ],
          [
            -74.77266285683575,
            40.21571426893862
          ],
          [
            -74.77256399051197,
            40.21565286920123
          ],
          [
            -74.77245945640027,
            40.215597268994976
          ],
          [
            -74.7723498569698,
            40.21554773610547
          ],
          [
            -74.77225292291735,
            40.21551053576047
          ],
          [
            -74.77191185777235,
            40.21536446910521
          ],
          [
            -74.77182105766695,
            40.215328668702384
          ],
          [
            -74.77170965707238,
            40.21529206893687
          ],
          [
            -74.77162152385525,
            40.21526853596529
          ],
          [
            -74.77161212367244,
            40.21526660276035
          ],
          [
            -74.77155585680447,
            40.21525033539083
          ],
          [
            -74.77150372397749,
            40.21522746905495
          ],
          [
            -74.7714570560343,
            40.21519840262387
          ],
          [
            -74.77141705687255,
            40.21516400217953
          ],
          [
            -74.77138479095836,
            40.21512513618778
          ]
        ]
      },
      "properties": {
        "OBJECTID": 23192956,
        "permanent_identifier": "26064986",
        "fdate": 1644451200000,
        "resolution": 2,
        "gnis_id": "00217887",
        "gnis_name": "Delaware River",
        "lengthkm": 1.10720212,
        "reachcode": "02040105001083",
        "flowdir": 1,
        "wbarea_permanent_identifier": "{FFB60894-7799-451F-8EF1-35C2538E42B6}",
        "ftype": 558,
        "fcode": 55800,
        "innetwork": 1,
        "mainpath": 0,
        "visibilityfilter": 5000000,
        "Shape_Length": 1452.5066751498364,
        "globalid": "{6C01339F-4C92-11E1-BCF4-0021280458E6}"
      }
    },
    {
      "type": "Feature",
      "id": 23331247,
      "geometry": {
        "type": "LineString",
        "coordinates": [
          [
            -74.73858437431849,
            40.13653172150364
          ],
          [
            -74.73936790879435,
            40.13591732135286
          ],
          [
            -74.73948090868944,
            40.135832054160865
          ],
          [
            -74.73965324190577,
            40.13571072089261
          ],
          [
            -74.73983177566332,
            40.13559485415322
          ],
          [
            -74.74001630913904,
            40.13548458761645
          ],
          [
            -74.74020650832158,
            40.135380187806426
          ],
          [
            -74.74040204232116,
            40.135281787600896
          ],
          [
            -74.74060257608592,
            40.13518952146792
          ],
          [
            -74.74080790879277,
            40.13510358751601
          ],
          [
            -74.74101750872896,
            40.13502412100693
          ],
          [
            -74.74123124270612,
            40.134951254814894
          ],
          [
            -74.74144857588988,
            40.13488505419361
          ],
          [
            -74.74166924190355,
            40.13482572042889
          ],
          [
            -74.74189284326323,
            40.13477325433421
          ],
          [
            -74.74200664228832,
            40.13474945397182
          ],
          [
            -74.74447617665393,
            40.134220920378986
          ]
        ]
      },
      "properties": {
        "OBJECTID": 23331247,
        "permanent_identifier": "167395727",
        "fdate": 1593561600000,
        "resolution": 2,
        "gnis_id": "00217887",
        "gnis_name": "Delaware River",
        "lengthkm": 0.5739040200000001,
        "reachcode": "02040201000017",
        "flowdir": 1,
        "wbarea_permanent_identifier": "167393148",
        "ftype": 558,
        "fcode": 55800,
        "innetwork": 1,
        "mainpath": 0,
        "visibilityfilter": 5000000,
        "Shape_Length": 753.9002436462681,
        "globalid": "{2960F9E7-4C7B-11E1-BCF4-0021280458E6}"
      }
    },
    {
      "type": "Feature",
      "id": 23555319,
      "geometry": {
        "type": "LineString",
        "coordinates": [
          [
            -74.73106697508334,
            40.17222206178727
          ],
          [
            -74.73094610875232,
            40.172102794740695
          ],
          [
            -74.7307032419084,
            40.171851462324
          ],
          [
            -74.73046804171788,
            40.171595861736826
          ],
          [
            -74.73024057477497,
            40.171336194884226
          ],
          [
            -74.73002104190265,
            40.17107259450031
          ],
          [
            -74.72980944101988,
            40.17080512891766
          ],
          [
            -74.72976170757002,
            40.170742794816285
          ],
          [
            -74.72852037461863,
            40.16923059449874
          ]
        ]
      },
      "properties": {
        "OBJECTID": 23555319,
        "permanent_identifier": "167396088",
        "fdate": 1593561600000,
        "resolution": 2,
        "gnis_id": "00217887",
        "gnis_name": "Delaware River",
        "lengthkm": 0.39837932000000004,
        "reachcode": "02040201000682",
        "flowdir": 1,
        "wbarea_permanent_identifier": "167393148",
        "ftype": 558,
        "fcode": 55800,
        "innetwork": 1,
        "mainpath": 0,
        "visibilityfilter": 5000000,
        "Shape_Length": 520.1553119581836,
        "globalid": "{6A36BC49-4C93-11E1-BCF4-0021280458E6}"
      }
    },
    {
      "type": "Feature",
      "id": 24316657,
      "geometry": {
        "type": "LineString",
        "coordinates": [
          [
            -74.88583969887878,
            40.30930381611761
          ],
          [
            -74.88506143158527,
            40.308734683366445
          ],
          [
            -74.88424083121261,
            40.30812454954416
          ],
          [
            -74.88342676435197,
            40.30750928265214
          ],
          [
            -74.8826194307859,
            40.306888882550325
          ],
          [
            -74.88181876392018,
            40.30626341654563
          ],
          [
            -74.88102489694319,
            40.30563288291047
          ],
          [
            -74.88023789644907,
            40.30499741640216
          ],
          [
            -74.87945776347838,
            40.30435694863794
          ],
          [
            -74.87868456254421,
            40.303711548513675
          ],
          [
            -74.87791836232176,
            40.30306134920387
          ],
          [
            -74.87715916281108,
            40.30240628232458
          ],
          [
            -74.8764070951194,
            40.30174641598071
          ],
          [
            -74.87635676241598,
            40.301701815417736
          ],
          [
            -74.87631829492005,
            40.30167608177706
          ],
          [
            -74.87609662895335,
            40.30153334908971
          ],
          [
            -74.87586896118738,
            40.30139621550136
          ],
          [
            -74.87563556216097,
            40.3012648151591
          ],
          [
            -74.87539669512918,
            40.30113941552898
          ],
          [
            -74.87515256091503,
            40.30102001505734
          ],
          [
            -74.87512762868344,
            40.30100828212041
          ],
          [
            -74.87512456223017,
            40.30100681480877
          ],
          [
            -74.87499049464621,
            40.30094754856557
          ],
          [
            -74.87483469551277,
            40.30087108159978
          ],
          [
            -74.87468429466895,
            40.300788548476156
          ],
          [
            -74.87453956161302,
            40.30070028247342
          ],
          [
            -74.87440089382889,
            40.30060648196288
          ],
          [
            -74.87426862844953,
            40.30050734848994
          ],
          [
            -74.874143227472,
            40.300403215333574
          ],
          [
            -74.87412516068277,
            40.30038728188308
          ],
          [
            -74.87323742818765,
            40.29970021471901
          ]
        ]
      },
      "properties": {
        "OBJECTID": 24316657,
        "permanent_identifier": "167283018",
        "fdate": 1644451200000,
        "resolution": 2,
        "gnis_id": "00217887",
        "gnis_name": "Delaware River",
        "lengthkm": 1.51526629,
        "reachcode": "02040105001078",
        "flowdir": 1,
        "wbarea_permanent_identifier": "{FFB60894-7799-451F-8EF1-35C2538E42B6}",
        "ftype": 558,
        "fcode": 55800,
        "innetwork": 1,
        "mainpath": 0,
        "visibilityfilter": 5000000,
        "Shape_Length": 1987.9352924747698,
        "globalid": "{90C29954-4C73-11E1-BCF4-0021280458E6}"
      }
    },
    {
      "type": "Feature",
      "id": 24455223,
      "geometry": {
        "type": "LineString",
        "coordinates": [
          [
            -74.73254444262463,
            40.17351979513101
          ],
          [
            -74.73190684094024,
            40.17299206170193
          ],
          [
            -74.73171910886346,
            40.17283006238361
          ],
          [
            -74.7314541754182,
            40.17259219569705
          ],
          [
            -74.73119644142662,
            40.17234972864127
          ],
          [
            -74.73106697508334,
            40.17222206178727
          ]
        ]
      },
      "properties": {
        "OBJECTID": 24455223,
        "permanent_identifier": "167396143",
        "fdate": 1593561600000,
        "resolution": 2,
        "gnis_id": "00217887",
        "gnis_name": "Delaware River",
        "lengthkm": 0.19164802000000003,
        "reachcode": "02040201000682",
        "flowdir": 1,
        "wbarea_permanent_identifier": "167393148",
        "ftype": 558,
        "fcode": 55800,
        "innetwork": 1,
        "mainpath": 0,
        "visibilityfilter": 5000000,
        "Shape_Length": 250.70331861829848,
        "globalid": "{EA8552F7-4C8D-11E1-BCF4-0021280458E6}"
      }
    },
    {
      "type": "Feature",
      "id": 24541296,
      "geometry": {
        "type": "LineString",
        "coordinates": [
          [
            -74.86817242572559,
            40.29503901462481
          ],
          [
            -74.8680022921978,
            40.294866547597614
          ],
          [
            -74.86788642563195,
            40.294751681238736
          ],
          [
            -74.86765155841229,
            40.294530747887634
          ],
          [
            -74.86731249213281,
            40.294202148092204
          ],
          [
            -74.86698082508956,
            40.293869080806715
          ],
          [
            -74.86665675810556,
            40.29353174755428
          ],
          [
            -74.86634035777494,
            40.29319008080975
          ],
          [
            -74.86603169173247,
            40.292844347179376
          ],
          [
            -74.86573089108535,
            40.2924946140626
          ],
          [
            -74.86543795791468,
            40.29214088060378
          ],
          [
            -74.86515309096244,
            40.29178341420987
          ],
          [
            -74.86487629126911,
            40.291422146564884
          ],
          [
            -74.86471375780059,
            40.29120308098181
          ],
          [
            -74.86153755631628,
            40.28693001283734
          ],
          [
            -74.86137375547752,
            40.2866944134104
          ],
          [
            -74.86107662271222,
            40.28625501264577
          ],
          [
            -74.86078788913618,
            40.28581234592331
          ],
          [
            -74.86050762238408,
            40.28536654652961
          ],
          [
            -74.8602358224559,
            40.28491761281531
          ],
          [
            -74.85997268913418,
            40.28446567965795
          ],
          [
            -74.85991668968342,
            40.28436727975731
          ],
          [
            -74.85981882227212,
            40.2841806794458
          ],
          [
            -74.85955335607349,
            40.28366167859675
          ],
          [
            -74.85929675626382,
            40.283140012217935
          ],
          [
            -74.85911802272379,
            40.28276414591977
          ],
          [
            -74.85898322260397,
            40.28250167893364
          ],
          [
            -74.85856028825563,
            40.281691145376556
          ],
          [
            -74.85812855515303,
            40.28088327881795
          ],
          [
            -74.85772075536954,
            40.28013714560171
          ],
          [
            -74.85769062150922,
            40.28007907797447
          ],
          [
            -74.85764782227089,
            40.27998081140054
          ],
          [
            -74.85761422135178,
            40.27988054505504
          ],
          [
            -74.85758995506187,
            40.27977867822035
          ],
          [
            -74.85757515450837,
            40.27967574513073
          ],
          [
            -74.85757255421427,
            40.27964507823494
          ],
          [
            -74.85757182167843,
            40.27963767823275
          ],
          [
            -74.8575522211423,
            40.279494878354335
          ],
          [
            -74.85752335465222,
            40.27935294503089
          ],
          [
            -74.8574851545735,
            40.27921234503773
          ],
          [
            -74.85743775409446,
            40.279073411790954
          ],
          [
            -74.85738135403818,
            40.27893641123374
          ],
          [
            -74.85737335545447,
            40.27891874534802
          ],
          [
            -74.85681295409806,
            40.27797654538737
          ],
          [
            -74.85678348826048,
            40.27792421140933
          ],
          [
            -74.8567502203122,
            40.277849144925256
          ],
          [
            -74.8567260872106,
            40.27777207866674
          ],
          [
            -74.85671135429182,
            40.277693611185434
          ],
          [
            -74.85670882059189,
            40.27765481124669
          ]
        ]
      },
      "properties": {
        "OBJECTID": 24541296,
        "permanent_identifier": "167279800",
        "fdate": 1644451200000,
        "resolution": 2,
        "gnis_id": "00217887",
        "gnis_name": "Delaware River",
        "lengthkm": 2.18832574,
        "reachcode": "02040105001091",
        "flowdir": 1,
        "wbarea_permanent_identifier": "{FFB60894-7799-451F-8EF1-35C2538E42B6}",
        "ftype": 558,
        "fcode": 55800,
        "innetwork": 1,
        "mainpath": 0,
        "visibilityfilter": 5000000,
        "Shape_Length": 2858.755663124481,
        "globalid": "{D6783818-4C7C-11E1-BCF4-0021280458E6}"
      }
    },
    {
      "type": "Feature",
      "id": 24680387,
      "geometry": {
        "type": "LineString",
        "coordinates": [
          [
            -74.81779946613425,
            40.127969584016704
          ],
          [
            -74.8179578666023,
            40.12796911620427
          ],
          [
            -74.81835793313823,
            40.1279607838919
          ],
          [
            -74.81875760010915,
            40.12794518377635
          ],
          [
            -74.81915666669204,
            40.12792231664824
          ],
          [
            -74.81955493414493,
            40.12789225012621
          ],
          [
            -74.8199521340101,
            40.127854983405186
          ],
          [
            -74.82034813309919,
            40.127810450438396
          ],
          [
            -74.82074260052246,
            40.12775885011198
          ],
          [
            -74.82093173419833,
            40.127731450376054
          ],
          [
            -74.82113713349935,
            40.12769818385638
          ],
          [
            -74.82138873354387,
            40.12765064977213
          ],
          [
            -74.82163786752318,
            40.12759618355997
          ],
          [
            -74.82188426802006,
            40.12753471678112
          ],
          [
            -74.82212760102314,
            40.12746638307839
          ],
          [
            -74.82236746696742,
            40.127391316888456
          ],
          [
            -74.82260360155735,
            40.12730958342882
          ],
          [
            -74.82283573425406,
            40.12722124950647
          ],
          [
            -74.82287866772124,
            40.12720338332878
          ]
        ]
      },
      "properties": {
        "OBJECTID": 24680387,
        "permanent_identifier": "25486828",
        "fdate": 1593561600000,
        "resolution": 2,
        "gnis_id": "00217887",
        "gnis_name": "Delaware River",
        "lengthkm": 0.44175149,
        "reachcode": "02040201000698",
        "flowdir": 1,
        "wbarea_permanent_identifier": "167393148",
        "ftype": 558,
        "fcode": 55800,
        "innetwork": 1,
        "mainpath": 0,
        "visibilityfilter": 5000000,
        "Shape_Length": 581.7036796734633,
        "globalid": "{248A6D58-4C90-11E1-BCF4-0021280458E6}"
      }
    },
    {
      "type": "Feature",
      "id": 25804418,
      "geometry": {
        "type": "LineString",
        "coordinates": [
          [
            -74.72211643712996,
            40.15014245838194
          ],
          [
            -74.72222377027771,
            40.149862924516356
          ],
          [
            -74.72233957024939,
            40.149578657984996
          ],
          [
            -74.72243923674374,
            40.14933865782212
          ],
          [
            -74.72255377038573,
            40.14908579119649
          ],
          [
            -74.72259257085248,
            40.14900712446299
          ]
        ]
      },
      "properties": {
        "OBJECTID": 25804418,
        "permanent_identifier": "167395779",
        "fdate": 1593561600000,
        "resolution": 2,
        "gnis_id": "00217887",
        "gnis_name": "Delaware River",
        "lengthkm": 0.1334345,
        "reachcode": "02040201000680",
        "flowdir": 1,
        "wbarea_permanent_identifier": "167393148",
        "ftype": 558,
        "fcode": 55800,
        "innetwork": 1,
        "mainpath": 0,
        "visibilityfilter": 5000000,
        "Shape_Length": 173.67445544800006,
        "globalid": "{D644DD0B-4C7C-11E1-BCF4-0021280458E6}"
      }
    },
    {
      "type": "Feature",
      "id": 27376236,
      "geometry": {
        "type": "LineString",
        "coordinates": [
          [
            -74.7755957867085,
            40.125761784674076
          ],
          [
            -74.78296958811018,
            40.12159985019273
          ],
          [
            -74.7831040542186,
            40.121533917440004
          ],
          [
            -74.78332732156692,
            40.12143151642171
          ],
          [
            -74.78355518807483,
            40.12133531675587
          ],
          [
            -74.78378752159459,
            40.12124558342953
          ],
          [
            -74.78402392152063,
            40.1211623164684
          ],
          [
            -74.78426412147628,
            40.121085717203144
          ],
          [
            -74.78450778953126,
            40.12101591694368
          ],
          [
            -74.7847545885526,
            40.12095291650658
          ],
          [
            -74.78500418869106,
            40.12089685038111
          ],
          [
            -74.7852563214889,
            40.120847783034634
          ],
          [
            -74.78551058946222,
            40.120805716073725
          ],
          [
            -74.78576665547806,
            40.120770850023625
          ],
          [
            -74.78602418968711,
            40.12074311646658
          ],
          [
            -74.78628285599702,
            40.120722517002704
          ],
          [
            -74.78654239011215,
            40.12070924976386
          ],
          [
            -74.78680232275174,
            40.12070311662897
          ],
          [
            -74.7870623896202,
            40.12070431652098
          ],
          [
            -74.78732225566564,
            40.120712716560305
          ],
          [
            -74.78758152340411,
            40.12072838278601
          ],
          [
            -74.78783992333734,
            40.12075124994702
          ],
          [
            -74.78809705590035,
            40.12078131644472
          ],
          [
            -74.78826379000404,
            40.120804782737345
          ],
          [
            -74.79259399139316,
            40.12148171638848
          ],
          [
            -74.79302305760747,
            40.121541782683515
          ],
          [
            -74.79362185778457,
            40.12163184980179
          ],
          [
            -74.79421872569031,
            40.12172905000393
          ],
          [
            -74.79481359160893,
            40.12183325038223
          ],
          [
            -74.79540632547368,
            40.12194451694519
          ],
          [
            -74.79553085864598,
            40.121969516091646
          ]
        ]
      },
      "properties": {
        "OBJECTID": 27376236,
        "permanent_identifier": "25486988",
        "fdate": 1593561600000,
        "resolution": 2,
        "gnis_id": "00217887",
        "gnis_name": "Delaware River",
        "lengthkm": 1.8737519299999998,
        "reachcode": "02040201000697",
        "flowdir": 1,
        "wbarea_permanent_identifier": "167393148",
        "ftype": 558,
        "fcode": 55800,
        "innetwork": 1,
        "mainpath": 0,
        "visibilityfilter": 5000000,
        "Shape_Length": 2462.761230510996,
        "globalid": "{99E62A55-4C7D-11E1-BCF4-0021280458E6}"
      }
    },
    {
      "type": "Feature",
      "id": 27600121,
      "geometry": {
        "type": "LineString",
        "coordinates": [
          [
            -74.75458558004837,
            40.13501518655765
          ],
          [
            -74.75491811385632,
            40.13498972046705
          ],
          [
            -74.75533151379301,
            40.13495085387403
          ],
          [
            -74.7557435797653,
            40.13490478702428
          ],
          [
            -74.75615424726007,
            40.13485152069878
          ],
          [
            -74.7565632467791,
            40.1347911869368
          ],
          [
            -74.75697031402677,
            40.13472365366313
          ],
          [
            -74.7573752471395,
            40.134649120532146
          ],
          [
            -74.75777791501004,
            40.13456752069692
          ],
          [
            -74.75817811369376,
            40.134478986984426
          ],
          [
            -74.75857551438197,
            40.13438345333897
          ],
          [
            -74.7589700483994,
            40.13428105337931
          ],
          [
            -74.7593613817347,
            40.13417178707451
          ],
          [
            -74.75974944779374,
            40.13405572042016
          ],
          [
            -74.76013398228085,
            40.13393298703047
          ],
          [
            -74.760514782292,
            40.133803520044665
          ],
          [
            -74.76089164908518,
            40.13366751989854
          ],
          [
            -74.76126438183739,
            40.13352491972794
          ],
          [
            -74.76163278180663,
            40.13337591996638
          ],
          [
            -74.76174811561916,
            40.13332758636082
          ],
          [
            -74.76193611511314,
            40.133247786831376
          ],
          [
            -74.76239704871718,
            40.1330463198299
          ],
          [
            -74.76285331656743,
            40.132838519714404
          ],
          [
            -74.76330471575979,
            40.13262458610859
          ],
          [
            -74.76375104963338,
            40.13240458657609
          ],
          [
            -74.76419224951294,
            40.132178452640645
          ],
          [
            -74.76462811665654,
            40.131946386311526
          ],
          [
            -74.76487651601893,
            40.131810185947
          ],
          [
            -74.77335978559817,
            40.12702358436635
          ],
          [
            -74.7755957867085,
            40.125761784674076
          ]
        ]
      },
      "properties": {
        "OBJECTID": 27600121,
        "permanent_identifier": "167395689",
        "fdate": 1593561600000,
        "resolution": 2,
        "gnis_id": "00217887",
        "gnis_name": "Delaware River",
        "lengthkm": 2.08383111,
        "reachcode": "02040201000016",
        "flowdir": 1,
        "wbarea_permanent_identifier": "167393148",
        "ftype": 558,
        "fcode": 55800,
        "innetwork": 1,
        "mainpath": 0,
        "visibilityfilter": 5000000,
        "Shape_Length": 2735.9702991480954,
        "globalid": "{FAF6DA9E-4C80-11E1-BCF4-0021280458E6}"
      }
    }
  ]
}