time_index,date,cell_id,reach_id,reach_order,river,hecras_reach,station_m,length_m,area_m2,discharge_m3s,water_surface_m,depth_m,velocity_ms,flow_area_m2,top_width_m,hydraulic_radius_m,csi,temperature_c,turbidity_ntu,hiding_cover,feeding_cover,spawning_cover,hydraulic_source,manning_n,slope
0,2019-09-24,clinch_upper_reach_4893_771,clinch_upper_reach,1,Clinch River,Upper Reach,4893.771,45.30899999999929,2381.349991781461,3.49,348.0205960661645,0.6154365240804665,0.10789551896292497,32.34610698892169,52.5579905047893,0.6144385567343331,0.5389940683755883,12.0,1.0,0.25,0.38864792393145586,0.15,usgs-hecras-geometry-openlimno-builtin-1d,0.060000000000000005,8.02300850165915e-05
0,2019-09-24,clinch_upper_reach_4848_462,clinch_upper_reach,1,Clinch River,Upper Reach,4848.462,47.2199999999998,2325.3715452183133,3.49,347.90854760221026,0.6399584113987844,0.11074071014901592,31.515058873143893,49.245479568367706,0.638898538566473,0.55776942427036,12.0,1.0,0.25,0.395219298494626,0.15,usgs-hecras-geometry-openlimno-builtin-1d,0.060000000000000005,8.02300850165915e-05
0,2019-09-24,clinch_upper_reach_4799_331,clinch_upper_reach,1,Clinch River,Upper Reach,4799.331,49.625,3047.347401459098,3.49,348.15258610886445,0.560482427679043,0.10140093941563708,34.4178270942311,61.407504311518345,0.5598051196035219,0.49647997956005463,12.0,1.0,0.25,0.37376799284601914,0.15,usgs-hecras-geometry-openlimno-builtin-1d,0.060000000000000005,8.02300850165915e-05
0,2019-09-24,clinch_upper_reach_4749_212,clinch_upper_reach,1,Clinch River,Upper Reach,4749.212,36.8090000000002,2261.651654162985,3.49,348.49712702762906,0.5602418085316327,0.10138605301002158,34.422880626934244,61.44289858901281,0.5596819072980153,0.49632652005805616,12.0,1.0,0.25,0.37371428202031964,0.15,usgs-hecras-geometry-openlimno-builtin-1d,0.060000000000000005,8.02300850165915e-05
0,2019-09-24,clinch_upper_reach_4725_713,clinch_upper_reach,1,Clinch River,Upper Reach,4725.713,25.39850000000024,1745.0721721580987,3.49,348.5928611932666,0.5238458315546336,0.09696535906862983,35.99223509841138,68.70768636565475,0.5234784858476305,0.4677536551478095,12.0,1.0,0.25,0.3637137793017333,0.15,usgs-hecras-geometry-openlimno-builtin-1d,0.060000000000000005,8.02300850165915e-05
0,2019-09-24,clinch_upper_reach_4698_415,clinch_upper_reach,1,Clinch River,Upper Reach,4698.415,27.297999999999774,2136.8524340350177,3.49,348.7138405352554,0.4844386670192603,0.09203286122315876,37.92123762769413,78.27871763627502,0.48404789160546813,0.4363410284440462,12.0,1.0,0.25,0.35271935995541615,0.15,usgs-hecras-geometry-openlimno-builtin-1d,0.060000000000000005,8.02300850165915e-05
0,2019-09-24,clinch_main_stem_4648_18,clinch_main_stem,2,Clinch River,Main Stem,4648.18,48.152000000000044,2649.053904583948,2.62,348.6527078979025,0.5043328932380832,0.09442946553897702,27.745576923958765,55.01441071157887,0.5030778992201381,0.4519924793161165,12.0,1.0,0.25,0.3581973677606408,0.15,usgs-hecras-geometry-openlimno-builtin-1d,0.060000000000000005,8.02300850165915e-05
0,2019-09-24,clinch_main_stem_4600_028,clinch_main_stem,2,Clinch River,Main Stem,4600.028,49.878000000000156,2970.849444708678,2.62,348.6085796927399,0.4806255315846802,0.0915214392888808,28.627172172524077,59.56232095730921,0.48001853626137964,0.4332131799272861,12.0,1.0,0.25,0.35162461297455017,0.15,usgs-hecras-geometry-openlimno-builtin-1d,0.060000000000000005,8.02300850165915e-05
0,2019-09-24,clinch_main_stem_4548_424,clinch_main_stem,2,Clinch River,Main Stem,4548.424,50.79800000000023,2658.4088375923648,2.62,348.67263213049085,0.5200946528521467,0.09625953164124604,27.218083812879907,52.332942981856625,0.5177731825985317,0.4641997266704936,12.0,1.0,0.25,0.36246990433467274,0.15,usgs-hecras-geometry-openlimno-builtin-1d,0.060000000000000005,8.02300850165915e-05
0,2019-09-24,clinch_main_stem_4498_432,clinch_main_stem,2,Clinch River,Main Stem,4498.432,50.32699999999977,2573.2571265451425,2.62,348.28914489756835,0.5267084907855216,0.09728566020452514,26.93099881824242,51.13074744262829,0.5260742313026235,0.46993870041574504,12.0,1.0,0.25,0.36447854514551076,0.15,usgs-hecras-geometry-openlimno-builtin-1d,0.060000000000000005,8.02300850165915e-05
0,2019-09-24,clinch_main_stem_4447_77,clinch_main_stem,2,Clinch River,Main Stem,4447.77,46.873999999999796,2149.70449009797,2.62,348.10689830835554,0.5622511811861041,0.10160712591063661,25.78559305283655,45.861340830694616,0.5615158646535803,0.49784473705424803,12.0,1.0,0.25,0.3742456579689868,0.15,usgs-hecras-geometry-openlimno-builtin-1d,0.060000000000000005,8.02300850165915e-05
0,2019-09-24,clinch_main_stem_4404_684,clinch_main_stem,2,Clinch River,Main Stem,4404.684,45.24200000000019,2061.293737759475,2.62,348.0123170576766,0.5644295263183358,0.1018810655410341,25.716260289256166,45.56150784137453,0.5637837169146945,0.4995742391423659,12.0,1.0,0.25,0.37485098369982806,0.15,usgs-hecras-geometry-openlimno-builtin-1d,0.060000000000000005,8.02300850165915e-05
0,2019-09-24,clinch_main_stem_4357_286,clinch_main_stem,2,Clinch River,Main Stem,4357.286,50.25600000000031,2969.4309482966873,2.62,347.9024599074627,0.48311063957468886,0.09178450661554474,28.545122664049636,59.08609814343897,0.4820884332370921,0.43508535759859185,12.0,1.0,0.25,0.35227987515950715,0.15,usgs-hecras-geometry-openlimno-builtin-1d,0.060000000000000005,8.02300850165915e-05
0,2019-09-24,clinch_main_stem_4304_172,clinch_main_stem,2,Clinch River,Main Stem,4304.172,53.11400000000049,2224.100307786829,2.62,347.7281558013382,0.5941353317049117,0.10531022746821893,24.878875138605864,41.87408795772882,0.5924882627170395,0.5223710392474601,12.0,1.0,0.25,0.38282986373661104,0.15,usgs-hecras-geometry-openlimno-builtin-1d,0.060000000000000005,8.02300850165915e-05
0,2019-09-24,clinch_middle_reach_4279_376,clinch_middle_reach,3,Clinch River,Middle Reach,4279.376,23.74200000000019,1379.5464384499003,3.49,347.4695392675888,0.5796037821470467,0.10362754093144144,33.67830567656658,58.105738288682055,0.5783446125022539,0.5112148817226576,12.0,1.0,0.25,0.37892520860293016,0.15,usgs-hecras-geometry-openlimno-builtin-1d,0.060000000000000005,8.02300850165915e-05
0,2019-09-24,clinch_middle_reach_4255_634,clinch_middle_reach,3,Clinch River,Middle Reach,4255.634,37.95600000000013,2015.1839682753691,3.49,347.34484368311536,0.6119278337959647,0.10742143699724281,32.48885974304717,53.092632739892565,0.610394168383764,0.5361373997449603,12.0,1.0,0.25,0.3876480899107361,0.15,usgs-hecras-geometry-openlimno-builtin-1d,0.060000000000000005,8.02300850165915e-05
0,2019-09-24,clinch_middle_reach_4203_464,clinch_middle_reach,3,Clinch River,Middle Reach,4203.464,50.35699999999997,2311.921414615341,3.49,347.2141562332096,0.6678547232598688,0.11382304684127958,30.661628702196197,45.9106264196704,0.6657629109966764,0.5675121588402652,12.0,1.0,0.25,0.3986292555940928,0.15,usgs-hecras-geometry-openlimno-builtin-1d,0.060000000000000005,8.02300850165915e-05
0,2019-09-24,clinch_middle_reach_4154_92,clinch_middle_reach,3,Clinch River,Middle Reach,4154.92,50.82049999999981,1411.6748315496213,3.49,346.6384997687668,0.904999555378916,0.1388293604053037,25.138774606546928,27.777665145947534,0.8968005358638457,0.5847916720734979,12.0,1.0,0.25,0.40467708522572426,0.15,usgs-hecras-geometry-openlimno-builtin-1d,0.060000000000000005,8.02300850165915e-05
0,2019-09-24,clinch_middle_reach_4101_823,clinch_middle_reach,3,Clinch River,Middle Reach,4101.823,50.264000000000124,2225.437605151007,3.49,347.2841785270082,0.6824846736624922,0.11549791604631643,30.21699541834553,44.27498020752431,0.6805113223576831,0.5693852711365274,12.0,1.0,0.25,0.3992848448977846,0.15,usgs-hecras-geometry-openlimno-builtin-1d,0.060000000000000005,8.02300850165915e-05
0,2019-09-24,clinch_middle_reach_4054_392,clinch_middle_reach,3,Clinch River,Middle Reach,4054.392,49.40950000000021,1106.526017136253,3.49,345.449582915839,1.0339396007804305,0.15072284627478086,23.155082897236607,22.395005355979077,1.0144769206535973,0.5841785258691594,12.0,1.0,0.25,0.4044624840542058,0.15,usgs-hecras-geometry-openlimno-builtin-1d,0.060000000000000005,8.02300850165915e-05
0,2019-09-24,clinch_middle_reach_4003_004,clinch_middle_reach,3,Clinch River,Middle Reach,4003.004,49.666999999999916,1095.5821700850704,3.49,344.98357393940825,1.0412515625151375,0.15194721117158452,22.968503160344024,22.058553367126507,1.0268643251931402,0.5850819259225873,12.0,1.0,0.25,0.4047786740729056,0.15,usgs-hecras-geometry-openlimno-builtin-1d,0.060000000000000005,8.02300850165915e-05
0,2019-09-24,clinch_middle_reach_3955_058,clinch_middle_reach,3,Clinch River,Middle Reach,3955.058,48.64449999999988,2148.5979489561255,3.49,346.5218909311592,0.6838496892238469,0.11554292564134726,30.205224427440818,44.16939117384557,0.6809088877115477,0.5692823095542822,12.0,1.0,0.25,0.3992488083439988,0.15,usgs-hecras-geometry-openlimno-builtin-1d,0.060000000000000005,8.02300850165915e-05
0,2019-09-24,clinch_middle_reach_3905_715,clinch_middle_reach,3,Clinch River,Middle Reach,3905.715,42.64249999999993,2083.997938302462,3.49,346.96646010725885,0.6434699533350519,0.11097943964754571,31.447266368290595,48.87138273559162,0.6409700363001637,0.5600296032514674,12.0,1.0,0.25,0.3960103611380136,0.15,usgs-hecras-geometry-openlimno-builtin-1d,0.060000000000000005,8.02300850165915e-05
0,2019-09-24,clinch_middle_reach_3869_773,clinch_middle_reach,3,Clinch River,Middle Reach,3869.773,35.94200000000001,616.0849451371931,3.49,343.4561892359217,1.2333514077055934,0.16508219568992338,21.140983650080138,17.141086893806495,1.1628504799630215,0.5682746777027498,12.0,1.0,0.25,0.3988961371959624,0.15,usgs-hecras-geometry-openlimno-builtin-1d,0.060000000000000005,8.02300850165915e-05
0,2019-09-24,clinch_lower_reach_3803_314,clinch_lower_reach,4,Clinch River,Lower Reach,3803.314,50.7529999999997,1173.9345238997976,3.69,344.5207198765446,1.0503068232403872,0.15188959456657883,24.293961745895217,23.13034744546735,1.0262769894056674,0.58315254117287,12.0,1.0,0.25,0.4041033894105045,0.15,usgs-hecras-geometry-openlimno-builtin-1d,0.060000000000000005,8.02300850165915e-05
0,2019-09-24,clinch_lower_reach_3752_561,clinch_lower_reach,4,Clinch River,Lower Reach,3752.561,49.906499999999824,2548.155708073272,3.69,346.1302111499375,0.6475746330253868,0.1116008979182411,33.06425009862642,51.058593731743976,0.6463613934040918,0.5635341947574576,12.0,1.0,0.25,0.3972369681651101,0.15,usgs-hecras-geometry-openlimno-builtin-1d,0.060000000000000005,8.02300850165915e-05
0,2019-09-24,clinch_lower_reach_3703_501,clinch_lower_reach,4,Clinch River,Lower Reach,3703.501,54.43600000000015,3440.214987100624,3.69,346.9403115951166,0.5697049661278255,0.10248893561256739,36.003886448280426,63.197424261529406,0.5688390327306234,0.5036249965949543,12.0,1.0,0.25,0.376268748808234,0.15,usgs-hecras-geometry-openlimno-builtin-1d,0.060000000000000005,8.02300850165915e-05
0,2019-09-24,clinch_lower_reach_3643_689,clinch_lower_reach,4,Clinch River,Lower Reach,3643.689,49.82600000000002,1031.6649375360964,3.69,345.02924773717535,1.1206285959255597,0.15903108377518596,23.203011086916582,20.705353380486013,1.0995043812604344,0.5820519279444692,12.0,1.0,0.25,0.40371817478056427,0.15,usgs-hecras-geometry-openlimno-builtin-1d,0.060000000000000005,8.02300850165915e-05
0,2019-09-24,clinch_lower_reach_3603_849,clinch_lower_reach,4,Clinch River,Lower Reach,3603.849,44.821500000000015,1778.8148237956314,3.69,345.9355032123162,0.7540056650441314,0.12331258554843176,29.92395288436094,39.68664198644915,0.7507330092571165,0.5766406183874352,12.0,1.0,0.25,0.4018242164356023,0.15,usgs-hecras-geometry-openlimno-builtin-1d,0.060000000000000005,8.02300850165915e-05
0,2019-09-24,clinch_lower_reach_3554_046,clinch_lower_reach,4,Clinch River,Lower Reach,3554.046,49.03600000000006,2445.3932750961276,3.69,346.8210446807037,0.6568293208866115,0.11265232450188806,32.755648996289956,49.86934650249051,0.6555173225521254,0.5662822760320385,12.0,1.0,0.25,0.3981987966112135,0.15,usgs-hecras-geometry-openlimno-builtin-1d,0.060000000000000005,8.02300850165915e-05
0,2019-09-24,clinch_lower_reach_3505_777,clinch_lower_reach,4,Clinch River,Lower Reach,3505.777,49.60149999999999,1776.5763955678199,3.69,346.4402023211314,0.8018250314456238,0.12848655319830396,28.71895858475491,35.81698931620657,0.7984733630245359,0.5804972551386091,12.0,1.0,0.25,0.40317403929851314,0.15,usgs-hecras-geometry-openlimno-builtin-1d,0.060000000000000005,8.02300850165915e-05
0,2019-09-24,clinch_lower_reach_3454_843,clinch_lower_reach,4,Clinch River,Lower Reach,3454.843,51.30250000000001,1385.960892321077,3.69,346.1737348535013,0.9515306147520938,0.1435460192383951,25.706042003657416,27.015464983598786,0.9428892117107722,0.5859047271437242,12.0,1.0,0.25,0.40506665450030344,0.15,usgs-hecras-geometry-openlimno-builtin-1d,0.060000000000000005,8.02300850165915e-05
0,2019-09-24,clinch_lower_reach_3403_172,clinch_lower_reach,4,Clinch River,Lower Reach,3403.172,49.798,1152.568630359903,3.69,345.2069143140495,1.0470055822341444,0.15227284945905803,24.232816376054874,23.1448779139705,1.0301669707081569,0.5845522330074491,12.0,1.0,0.25,0.4045932815526072,0.15,usgs-hecras-geometry-openlimno-builtin-1d,0.060000000000000005,8.02300850165915e-05
0,2019-09-24,clinch_lower_reach_3355_247,clinch_lower_reach,4,Clinch River,Lower Reach,3355.247,50.37799999999993,1299.4752536526698,3.69,344.7022288761967,0.9798637421160173,0.14599352239919247,25.27509398609051,25.794498663159946,0.9671052782604102,0.5854477833680106,12.0,1.0,0.25,0.4049067241788037,0.15,usgs-hecras-geometry-openlimno-builtin-1d,0.060000000000000005,8.02300850165915e-05
0,2019-09-24,clinch_lower_reach_3302_416,clinch_lower_reach,4,Clinch River,Lower Reach,3302.416,51.749000000000024,1309.7343899063837,3.69,343.6094855900105,0.991514262277053,0.1470436015615416,25.094597526269368,25.309366169517926,0.9775594494966028,0.585293611140341,12.0,1.0,0.25,0.40485276389911934,0.15,usgs-hecras-geometry-openlimno-builtin-1d,0.060000000000000005,8.02300850165915e-05
0,2019-09-24,clinch_lower_reach_3251_749,clinch_lower_reach,4,Clinch River,Lower Reach,3251.749,50.45950000000016,1200.6529053891536,3.69,343.51928951480824,1.0289730844633926,0.15071199477521005,24.483784489109233,23.794387684958227,1.0143633964143568,0.5851461234637935,12.0,1.0,0.25,0.40480114321232774,0.15,usgs-hecras-geometry-openlimno-builtin-1d,0.060000000000000005,8.02300850165915e-05
0,2019-09-24,clinch_lower_reach_3201_497,clinch_lower_reach,4,Clinch River,Lower Reach,3201.497,49.927999999999884,1534.983764437207,3.69,344.9225558678046,0.8810438972686121,0.1362288850281538,27.086766505043364,30.743946571807612,0.8717214641398847,0.5836228019508367,12.0,1.0,0.25,0.40426798068279285,0.15,usgs-hecras-geometry-openlimno-builtin-1d,0.060000000000000005,8.02300850165915e-05
0,2019-09-24,clinch_lower_reach_3151_893,clinch_lower_reach,4,Clinch River,Lower Reach,3151.893,48.56549999999993,1537.8401811795773,3.69,344.7507224010089,0.8648367676686305,0.13474382805551682,27.385298853760155,31.665280521760913,0.8575057493229901,0.5833310727339394,12.0,1.0,0.25,0.40416587545687876,0.15,usgs-hecras-geometry-openlimno-builtin-1d,0.060000000000000005,8.02300850165915e-05
0,2019-09-24,clinch_lower_reach_3104_366,clinch_lower_reach,4,Clinch River,Lower Reach,3104.366,50.80799999999999,1694.8381873022784,3.69,345.116287748535,0.8378052115620435,0.13203442168760227,27.947257638092736,33.35770326134228,0.8317692726340591,0.5821898848029531,12.0,1.0,0.25,0.4037664596810336,0.15,usgs-hecras-geometry-openlimno-builtin-1d,0.060000000000000005,8.02300850165915e-05
0,2019-09-24,clinch_lower_reach_3050_277,clinch_lower_reach,4,Clinch River,Lower Reach,3050.277,51.47399999999993,2161.256522962671,3.69,346.12560890179026,0.7292553356772745,0.12051146110520088,30.6194943299111,41.987343570786685,0.7252978583421903,0.574079793119039,12.0,1.0,0.25,0.4009279275916636,0.15,usgs-hecras-geometry-openlimno-builtin-1d,0.060000000000000005,8.02300850165915e-05
0,2019-09-24,clinch_lower_reach_3001_418,clinch_lower_reach,4,Clinch River,Lower Reach,3001.418,49.3900000000001,2712.780120474138,3.69,346.563917091495,0.6198349880106052,0.10838637980829381,34.044868059313465,54.92569589945602,0.618636689190846,0.5423158078295076,12.0,1.0,0.25,0.3898105327403277,0.15,usgs-hecras-geometry-openlimno-builtin-1d,0.060000000000000005,8.02300850165915e-05
0,2019-09-24,clinch_lower_reach_2951_497,clinch_lower_reach,4,Clinch River,Lower Reach,2951.497,50.794000000000096,2811.0891298881006,3.69,346.4746727968193,0.6173654214962568,0.10799952960388219,34.166815480901484,55.34293676198164,0.6153281084855357,0.540172805838245,12.0,1.0,0.25,0.3890604820433857,0.15,usgs-hecras-geometry-openlimno-builtin-1d,0.060000000000000005,8.02300850165915e-05
0,2019-09-24,clinch_lower_reach_2899_83,clinch_lower_reach,4,Clinch River,Lower Reach,2899.83,49.859500000000025,2715.599287911906,3.69,346.4122068702258,0.6235073631420288,0.10865932742206086,33.95934879724672,54.46503249956186,0.6209747233176526,0.5447451319768175,12.0,1.0,0.25,0.3906607961918861,0.15,usgs-hecras-geometry-openlimno-builtin-1d,0.060000000000000005,8.02300850165915e-05
0,2019-09-24,clinch_lower_reach_2851_778,clinch_lower_reach,4,Clinch River,Lower Reach,2851.778,49.67899999999986,2762.317481024732,3.69,346.5120001409393,0.6154798074722759,0.10782309909164883,34.222722506459654,55.603322953858566,0.6138211446091526,0.5388337729163646,12.0,1.0,0.25,0.3885918205207276,0.15,usgs-hecras-geometry-openlimno-builtin-1d,0.060000000000000005,8.02300850165915e-05
0,2019-09-24,clinch_lower_reach_2800_472,clinch_lower_reach,4,Clinch River,Lower Reach,2800.472,47.763499999999794,2533.974642528309,3.69,346.5929401165722,0.6332108019205395,0.10984288476420281,33.593436733942646,53.05253263534539,0.631148956321711,0.5523178730568808,12.0,1.0,0.25,0.3933112555699083,0.15,usgs-hecras-geometry-openlimno-builtin-1d,0.060000000000000005,8.02300850165915e-05
0,2019-09-24,clinch_lower_reach_2756_251,clinch_lower_reach,4,Clinch River,Lower Reach,2756.251,48.878000000000156,2614.570936611733,3.69,346.50770278478296,0.629812973426569,0.10952865675235648,33.68981332751176,53.49177414402645,0.6284425449627185,0.549918332235415,12.0,1.0,0.25,0.39247141628239524,0.15,usgs-hecras-geometry-openlimno-builtin-1d,0.060000000000000005,8.02300850165915e-05
0,2019-09-24,clinch_lower_reach_2702_716,clinch_lower_reach,4,Clinch River,Lower Reach,2702.716,52.79500000000007,2924.616687426603,3.69,346.49448045711966,0.6168221117851898,0.10799167387754967,34.16930090540167,55.395713371088156,0.6152652890965354,0.539894472239451,12.0,1.0,0.25,0.38896306528380786,0.15,usgs-hecras-geometry-openlimno-builtin-1d,0.060000000000000005,8.02300850165915e-05
0,2019-09-24,clinch_lower_reach_2650_661,clinch_lower_reach,4,Clinch River,Lower Reach,2650.661,50.19249999999988,2395.111629062595,3.69,346.45888043219543,0.6746566398086733,0.11461900537583117,32.193613859242944,47.71851629352195,0.6727579708123151,0.5684348767751451,12.0,1.0,0.25,0.39895220687130084,0.15,usgs-hecras-geometry-openlimno-builtin-1d,0.060000000000000005,8.02300850165915e-05
0,2019-09-24,clinch_lower_reach_2602_331,clinch_lower_reach,4,Clinch River,Lower Reach,2602.331,48.43250000000012,2178.3180956693022,3.69,346.3579365022955,0.6994786083746223,0.11729176368765973,31.460009500975943,44.976371148904086,0.6964267662133254,0.5711011237614092,12.0,1.0,0.25,0.3998853933164932,0.15,usgs-hecras-geometry-openlimno-builtin-1d,0.060000000000000005,8.02300850165915e-05
0,2019-09-24,clinch_lower_reach_2553_796,clinch_lower_reach,4,Clinch River,Lower Reach,2553.796,50.061500000000024,1953.8774444559833,3.69,345.97056902860845,0.7611969791323978,0.12420407618231837,29.70916988733504,39.029542551780956,0.7588880359558839,0.5775282478105529,12.0,1.0,0.25,0.4021348867336935,0.15,usgs-hecras-geometry-openlimno-builtin-1d,0.060000000000000005,8.02300850165915e-05
0,2019-09-24,clinch_lower_reach_2502_208,clinch_lower_reach,4,Clinch River,Lower Reach,2502.208,51.94899999999984,1416.7627957823897,3.69,345.0052884989019,0.9509877303619313,0.14227595213311722,25.935514362592606,27.272186101414736,0.9304030209955756,0.5834092261361251,12.0,1.0,0.25,0.4041932291476438,0.15,usgs-hecras-geometry-openlimno-builtin-1d,0.060000000000000005,8.02300850165915e-05
0,2019-09-24,clinch_lower_reach_2449_898,clinch_lower_reach,4,Clinch River,Lower Reach,2449.898,51.12049999999999,1255.786091858338,3.69,344.0204595675212,1.0086804325527159,0.14891971426054917,24.778452056011837,24.56521536092836,0.9963240814111372,0.5856546135886149,12.0,1.0,0.25,0.4049791147560152,0.15,usgs-hecras-geometry-openlimno-builtin-1d,0.060000000000000005,8.02300850165915e-05
0,2019-09-24,clinch_lower_reach_2399_967,clinch_lower_reach,4,Clinch River,Lower Reach,2399.967,50.17000000000007,2494.799938593482,3.69,345.7409518079389,0.6585938319050766,0.11267228022329283,32.74984754623936,49.72692721932386,0.6556916121743958,0.5660612840152469,12.0,1.0,0.25,0.39812144940533645,0.15,usgs-hecras-geometry-openlimno-builtin-1d,0.060000000000000005,8.02300850165915e-05
0,2019-09-24,clinch_lower_reach_2349_558,clinch_lower_reach,4,Clinch River,Lower Reach,2349.558,49.50649999999996,2503.1263235324664,3.69,346.15044449457463,0.6519630970231373,0.11193935712627764,32.96427721875648,50.56156915824121,0.6493041060149258,0.5652321255695367,12.0,1.0,0.25,0.3978312439493379,0.15,usgs-hecras-geometry-openlimno-builtin-1d,0.060000000000000005,8.02300850165915e-05
0,2019-09-24,clinch_lower_reach_2300_954,clinch_lower_reach,4,Clinch River,Lower Reach,2300.954,49.94699999999989,2562.674800669378,3.69,345.82781790160107,0.6474651449156893,0.11107744506882584,33.22006549316651,51.30788236869849,0.6418164152166198,0.5621595342745371,12.0,1.0,0.25,0.39675583699608796,0.15,usgs-hecras-geometry-openlimno-builtin-1d,0.060000000000000005,8.02300850165915e-05
0,2019-09-24,clinch_lower_reach_2249_664,clinch_lower_reach,4,Clinch River,Lower Reach,2249.664,51.33600000000001,2638.0991012326667,3.69,345.3370232843388,0.6460672653908605,0.11114234339851108,33.20066760486745,51.38887138134381,0.6423811758645112,0.5616655194223797,12.0,1.0,0.25,0.3965829317978329,0.15,usgs-hecras-geometry-openlimno-builtin-1d,0.060000000000000005,8.02300850165915e-05
0,2019-09-24,clinch_lower_reach_2198_282,clinch_lower_reach,4,Clinch River,Lower Reach,2198.282,49.81050000000005,2028.9240984109128,3.69,344.89892573270436,0.7419360563556879,0.12209981041439769,30.221177145782733,40.73285950574499,0.739682680609528,0.5757778344277547,12.0,1.0,0.25,0.4015222420497141,0.15,usgs-hecras-geometry-openlimno-builtin-1d,0.060000000000000005,8.02300850165915e-05
0,2019-09-24,clinch_lower_reach_2150_043,clinch_lower_reach,4,Clinch River,Lower Reach,2150.043,48.95600000000013,2318.913872588217,3.69,345.734439387263,0.6787427050562155,0.11477373072790177,32.150213960963036,47.3673068181267,0.6741207670563059,0.5681814033507919,12.0,1.0,0.25,0.3988634911727772,0.15,usgs-hecras-geometry-openlimno-builtin-1d,0.060000000000000005,8.02300850165915e-05
0,2019-09-24,clinch_lower_reach_2100_37,clinch_lower_reach,4,Clinch River,Lower Reach,2100.37,50.11350000000016,2586.947139413473,3.69,345.1828251374141,0.6433194334479704,0.1111135124111379,33.20928229094591,51.62176138991419,0.6421316790455834,0.5602967165970884,12.0,1.0,0.25,0.3961038508089809,0.15,usgs-hecras-geometry-openlimno-builtin-1d,0.060000000000000005,8.02300850165915e-05
0,2019-09-24,clinch_lower_reach_2049_816,clinch_lower_reach,4,Clinch River,Lower Reach,2049.816,50.17199999999991,2775.024126979497,3.69,345.9774800793229,0.6171652182600313,0.10809847668348416,34.13554115849791,55.31021539861879,0.6161738603184452,0.5403248411031716,12.0,1.0,0.25,0.38911369438611004,0.15,usgs-hecras-geometry-openlimno-builtin-1d,0.060000000000000005,8.02300850165915e-05
0,2019-09-24,clinch_lower_reach_2000_026,clinch_lower_reach,4,Clinch River,Lower Reach,2000.026,49.6579999999999,2531.3433411368014,3.69,345.70962811842645,0.648692495704362,0.11159009860036163,33.067449946567585,50.97553951300508,0.646267594414033,0.5640337486818723,12.0,1.0,0.25,0.3974118120386553,0.15,usgs-hecras-geometry-openlimno-builtin-1d,0.060000000000000005,8.02300850165915e-05
0,2019-09-24,clinch_lower_reach_1950_5,clinch_lower_reach,4,Clinch River,Lower Reach,1950.5,50.339500000000044,2375.3803528048497,3.69,345.7669453674304,0.6791533583479484,0.11514212787450158,32.04734937695343,47.187205927846875,0.6773690017338363,0.5690283757748814,12.0,1.0,0.25,0.3991599315212085,0.15,usgs-hecras-geometry-openlimno-builtin-1d,0.060000000000000005,8.02300850165915e-05
0,2019-09-24,clinch_lower_reach_1899_347,clinch_lower_reach,4,Clinch River,Lower Reach,1899.347,50.96849999999995,2552.47648673865,3.69,345.6362329462762,0.6553696887991812,0.11242945810682425,32.82057978518375,50.07949001321703,0.6535730151293799,0.5659458018660242,12.0,1.0,0.25,0.39808103065310846,0.15,usgs-hecras-geometry-openlimno-builtin-1d,0.060000000000000005,8.02300850165915e-05
0,2019-09-24,clinch_lower_reach_1848_563,clinch_lower_reach,4,Clinch River,Lower Reach,1848.563,50.57349999999997,2957.495466938335,3.69,346.01874845473327,0.596938628944618,0.10570501819431062,34.9084656815149,58.479153448710036,0.5958231148472266,0.5246956384136388,12.0,1.0,0.25,0.38364347344477356,0.15,usgs-hecras-geometry-openlimno-builtin-1d,0.060000000000000005,8.02300850165915e-05
0,2019-09-24,clinch_lower_reach_1798_2,clinch_lower_reach,4,Clinch River,Lower Reach,1798.2,50.66450000000009,2945.946402393259,3.69,345.78553635887494,0.5990348579249937,0.10593834677101947,34.83157999412388,58.1461655082603,0.5977945018917219,0.5262800502368594,12.0,1.0,0.25,0.3841980175829008,0.15,usgs-hecras-geometry-openlimno-builtin-1d,0.060000000000000005,8.02300850165915e-05
0,2019-09-24,clinch_lower_reach_1747_234,clinch_lower_reach,4,Clinch River,Lower Reach,1747.234,50.704000000000065,3056.1882340378224,3.69,345.8442315012666,0.586929255123774,0.1043044245495537,35.37721449435664,60.27509139392984,0.584020375797355,0.5164166690695455,12.0,1.0,0.25,0.38074583417434094,0.15,usgs-hecras-geometry-openlimno-builtin-1d,0.060000000000000005,8.02300850165915e-05
0,2019-09-24,clinch_lower_reach_1696_792,clinch_lower_reach,4,Clinch River,Lower Reach,1696.792,48.03399999999999,2123.541169868338,3.69,345.9097330560287,0.7063588861220416,0.11816504416447635,31.227509168141243,44.20912624116955,0.7042183441764747,0.5721269419804818,12.0,1.0,0.25,0.40024442969316865,0.15,usgs-hecras-geometry-openlimno-builtin-1d,0.060000000000000005,8.02300850165915e-05
0,2019-09-24,clinch_lower_reach_1651_166,clinch_lower_reach,4,Clinch River,Lower Reach,1651.166,47.878999999999905,1876.8159109380715,3.69,345.4879753187992,0.7602070214783231,0.12382772220360168,29.79946601886756,39.199145991730724,0.7554414072802663,0.5768167226116241,12.0,1.0,0.25,0.4018858529140684,0.15,usgs-hecras-geometry-openlimno-builtin-1d,0.060000000000000005,8.02300850165915e-05
0,2019-09-24,clinch_lower_reach_1601_034,clinch_lower_reach,4,Clinch River,Lower Reach,1601.034,47.654499999999985,2067.3722381812972,3.69,345.6389464565238,0.7148005213879033,0.11899446005864724,31.009846997762402,43.382518716622734,0.7116418352103614,0.5727787016035905,12.0,1.0,0.25,0.40047254556125667,0.15,usgs-hecras-geometry-openlimno-builtin-1d,0.060000000000000005,8.02300850165915e-05
0,2019-09-24,clinch_lower_reach_1555_857,clinch_lower_reach,4,Clinch River,Lower Reach,1555.857,47.703500000000076,1926.5991575294759,3.69,345.7130375875954,0.7461012305339679,0.12245809191995183,30.132757600143503,40.38695604157919,0.7429424392109084,0.5759385112095768,12.0,1.0,0.25,0.40157847892335186,0.15,usgs-hecras-geometry-openlimno-builtin-1d,0.060000000000000005,8.02300850165915e-05
0,2019-09-24,clinch_lower_reach_1505_627,clinch_lower_reach,4,Clinch River,Lower Reach,1505.627,50.02350000000001,1930.957505898863,3.69,345.96605931602477,0.766273359427076,0.12475098906014441,29.578923804932664,38.60100764438439,0.7639063595018603,0.5779528686765202,12.0,1.0,0.25,0.40228350403678204,0.15,usgs-hecras-geometry-openlimno-builtin-1d,0.060000000000000005,8.02300850165915e-05
0,2019-09-24,clinch_lower_reach_1455_81,clinch_lower_reach,4,Clinch River,Lower Reach,1455.81,49.34699999999998,2254.85590241287,3.69,346.24260127308173,0.6923948754244481,0.11663112996929177,31.638208435188385,45.69388012265935,0.6905509793685015,0.5706096830361033,12.0,1.0,0.25,0.39971338906263615,0.15,usgs-hecras-geometry-openlimno-builtin-1d,0.060000000000000005,8.02300850165915e-05
0,2019-09-24,clinch_lower_reach_1406_933,clinch_lower_reach,4,Clinch River,Lower Reach,1406.933,48.507999999999925,2257.868376897979,3.69,346.16073605395013,0.6850414980607,0.11572421229060595,31.886153527955706,46.54630941077725,0.6825124346281272,0.5695417693124922,12.0,1.0,0.25,0.3993396192593723,0.15,usgs-hecras-geometry-openlimno-builtin-1d,0.060000000000000005,8.02300850165915e-05
0,2019-09-24,clinch_lower_reach_1358_794,clinch_lower_reach,4,Clinch River,Lower Reach,1358.794,50.120000000000005,2428.6735845565368,3.69,346.18496037646656,0.6682511912949519,0.11395372796934969,32.38156456796661,48.45717447239698,0.6669094154078761,0.5677764058459086,12.0,1.0,0.25,0.39872174204606803,0.15,usgs-hecras-geometry-openlimno-builtin-1d,0.060000000000000005,8.02300850165915e-05
0,2019-09-24,clinch_lower_reach_1306_693,clinch_lower_reach,4,Clinch River,Lower Reach,1306.693,50.790500000000065,2220.1870234884527,3.69,346.0204974462315,0.7112088332739862,0.11869219254221755,31.088818236191113,43.71264357485061,0.7089360583133757,0.5726259306846407,12.0,1.0,0.25,0.40041907573962426,0.15,usgs-hecras-geometry-openlimno-builtin-1d,0.060000000000000005,8.02300850165915e-05
0,2019-09-24,clinch_lower_reach_1257_213,clinch_lower_reach,4,Clinch River,Lower Reach,1257.213,50.10649999999998,2582.3574529670636,3.69,345.71815648408835,0.6439079779552574,0.11119372268205847,33.18532657235511,51.53737445175904,0.6428243246993979,0.5607768378793789,12.0,1.0,0.25,0.3962718932577826,0.15,usgs-hecras-geometry-openlimno-builtin-1d,0.060000000000000005,8.02300850165915e-05
0,2019-09-24,clinch_lower_reach_1206_48,clinch_lower_reach,4,Clinch River,Lower Reach,1206.48,50.096000000000004,2849.253724029971,3.69,345.74728782332255,0.607144860928892,0.10685773599225966,34.53189388428825,56.87587280481418,0.6056001587287025,0.5324482467968746,12.0,1.0,0.25,0.3863568863789061,0.15,usgs-hecras-geometry-openlimno-builtin-1d,0.060000000000000005,8.02300850165915e-05
0,2019-09-24,clinch_lower_reach_1157_021,clinch_lower_reach,4,Clinch River,Lower Reach,1157.021,49.730500000000006,3084.775830349493,3.69,345.7073492330225,0.5766500817703324,0.10316044917938681,35.76952242213893,62.02985753912574,0.5744433477851294,0.5086371098374103,12.0,1.0,0.25,0.37802298844309357,0.15,usgs-hecras-geometry-openlimno-builtin-1d,0.060000000000000005,8.02300850165915e-05
0,2019-09-24,clinch_lower_reach_1107_019,clinch_lower_reach,4,Clinch River,Lower Reach,1107.019,50.140499999999975,2663.187371054567,3.69,345.7851167964162,0.6327149796198623,0.10980071983906349,33.606337056883476,53.114495688207505,0.6307854970041118,0.5519770708801749,12.0,1.0,0.25,0.39319197480806123,0.15,usgs-hecras-geometry-openlimno-builtin-1d,0.060000000000000005,8.02300850165915e-05
0,2019-09-24,clinch_lower_reach_1056_74,clinch_lower_reach,4,Clinch River,Lower Reach,1056.74,50.045500000000004,2780.952152294784,3.69,345.8718577490572,0.6154662502527652,0.10789309197204769,34.200521391638155,55.56847573297866,0.6144186692717784,0.5390021739756959,12.0,1.0,0.25,0.3886507608914936,0.15,usgs-hecras-geometry-openlimno-builtin-1d,0.060000000000000005,8.02300850165915e-05
0,2019-09-24,clinch_lower_reach_1006_928,clinch_lower_reach,4,Clinch River,Lower Reach,1006.928,49.81200000000001,3046.143650726985,3.69,345.8212877309996,0.5813734644192584,0.1037898203248333,35.5526195965204,61.15280757100667,0.5797036662271943,0.5124690764071667,12.0,1.0,0.25,0.37936417674250833,0.15,usgs-hecras-geometry-openlimno-builtin-1d,0.060000000000000005,8.02300850165915e-05
0,2019-09-24,clinch_lower_reach_957_116,clinch_lower_reach,4,Clinch River,Lower Reach,957.116,49.932799999999986,3040.5714704748243,3.69,345.82665209791105,0.5828954904517424,0.103960024808057,35.49441246106765,60.89326996432856,0.5811296372055548,0.5136231173751952,12.0,1.0,0.25,0.3797680910813183,0.15,usgs-hecras-geometry-openlimno-builtin-1d,0.060000000000000005,8.02300850165915e-05
0,2019-09-24,clinch_lower_reach_907_062,clinch_lower_reach,4,Clinch River,Lower Reach,907.0624,49.853549999999984,3035.961937709477,3.69,345.7555665504825,0.5824603342520774,0.10403028250215657,35.47044102205053,60.8976078475751,0.5817194791409009,0.5135868220449861,12.0,1.0,0.25,0.37975538771574513,0.15,usgs-hecras-geometry-openlimno-builtin-1d,0.060000000000000005,8.02300850165915e-05
0,2019-09-24,clinch_lower_reach_857_409,clinch_lower_reach,4,Clinch River,Lower Reach,857.4089,50.186350000000004,3239.433560220794,3.69,345.77787031630356,0.5625749229705662,0.10161610185154407,36.31314262960905,64.54810043409799,0.5615878968046725,0.49802402685931113,12.0,1.0,0.25,0.37430840940075893,0.15,usgs-hecras-geometry-openlimno-builtin-1d,0.060000000000000005,8.02300850165915e-05
0,2019-09-24,clinch_lower_reach_806_69,clinch_lower_reach,4,Clinch River,Lower Reach,806.6897,50.20685000000003,3211.8687176060407,3.69,345.69904090466,0.5656193109807993,0.10197819637089917,36.18420536267683,63.97271921273768,0.5645904704309939,0.5003899781447974,12.0,1.0,0.25,0.3751364923506791,0.15,usgs-hecras-geometry-openlimno-builtin-1d,0.060000000000000005,8.02300850165915e-05
0,2019-09-24,clinch_lower_reach_756_995,clinch_lower_reach,4,Clinch River,Lower Reach,756.9952,49.95240000000001,3274.0638509689684,3.69,345.93245266281747,0.5573901042378663,0.1010034774422983,36.53339561608697,65.54367459759627,0.5565169848278638,0.49400291568367777,12.0,1.0,0.25,0.3729010204892872,0.15,usgs-hecras-geometry-openlimno-builtin-1d,0.060000000000000005,8.02300850165915e-05
0,2019-09-24,clinch_lower_reach_706_785,clinch_lower_reach,4,Clinch River,Lower Reach,706.7849,50.15224999999998,3267.776186554879,3.69,346.14773545517494,0.5592183044482016,0.1012705353702526,36.43705433677314,65.15712029978476,0.5587256190133479,0.4955459246018796,12.0,1.0,0.25,0.3734410736106578,0.15,usgs-hecras-geometry-openlimno-builtin-1d,0.060000000000000005,8.02300850165915e-05
0,2019-09-24,clinch_lower_reach_656_691,clinch_lower_reach,4,Clinch River,Lower Reach,656.6907,50.47534999999999,3548.6049218241205,3.69,346.32097240845127,0.5342305996562393,0.09824699927412936,37.55839900722199,70.30372096130331,0.5338914266618172,0.47596620214613766,12.0,1.0,0.25,0.3665881707511482,0.15,usgs-hecras-geometry-openlimno-builtin-1d,0.060000000000000005,8.02300850165915e-05
0,2019-09-24,clinch_lower_reach_605_834,clinch_lower_reach,4,Clinch River,Lower Reach,605.8342,50.57945000000001,3112.0552589909616,3.69,346.08639980909254,0.5788927752267442,0.10359887499224944,35.61814740050083,61.5280565326622,0.5780998945381018,0.5108009420555664,12.0,1.0,0.25,0.3787803297194482,0.15,usgs-hecras-geometry-openlimno-builtin-1d,0.060000000000000005,8.02300850165915e-05
0,2019-09-24,clinch_lower_reach_555_532,clinch_lower_reach,4,Clinch River,Lower Reach,555.5318,49.75550000000001,3058.853126287261,3.69,345.94114552305933,0.5792797099172607,0.1036144961843622,35.61277751555487,61.47768842212942,0.5782325196928014,0.5110262805826198,12.0,1.0,0.25,0.3788591982039169,0.15,usgs-hecras-geometry-openlimno-builtin-1d,0.060000000000000005,8.02300850165915e-05
0,2019-09-24,clinch_lower_reach_506_323,clinch_lower_reach,4,Clinch River,Lower Reach,506.3232,50.0881,3218.3910812049826,3.69,345.95593172476964,0.5641696963443213,0.101791696624531,36.25050099725658,64.25460501007191,0.5630464698002414,0.4992289566531496,12.0,1.0,0.25,0.37473013482860235,0.15,usgs-hecras-geometry-openlimno-builtin-1d,0.060000000000000005,8.02300850165915e-05
0,2019-09-24,clinch_lower_reach_455_356,clinch_lower_reach,4,Clinch River,Lower Reach,455.3556,49.9751,3121.257543132153,3.69,345.9377302192722,0.5737458369525641,0.1029747830621575,35.8340157684299,62.4562540771735,0.5728887133407126,0.5067760562046844,12.0,1.0,0.25,0.3773716196716395,0.15,usgs-hecras-geometry-openlimno-builtin-1d,0.060000000000000005,8.02300850165915e-05
0,2019-09-24,clinch_lower_reach_406_373,clinch_lower_reach,4,Clinch River,Lower Reach,406.373,49.43424999999999,2724.812205938502,3.69,345.79454859697705,0.6183905349497143,0.10825673032961201,34.08564057647929,55.11992608239231,0.6175239545673952,0.5413039849419844,12.0,1.0,0.25,0.3894563947296945,0.15,usgs-hecras-geometry-openlimno-builtin-1d,0.060000000000000005,8.02300850165915e-05
0,2019-09-24,clinch_lower_reach_356_487,clinch_lower_reach,4,Clinch River,Lower Reach,356.4871,42.227149999999995,2251.811514530919,3.69,345.6127121436802,0.6307269859158566,0.10970961441975652,33.634244541976116,53.326154252203125,0.6300034072231879,0.5508060487788005,12.0,1.0,0.25,0.39278211707258015,0.15,usgs-hecras-geometry-openlimno-builtin-1d,0.060000000000000005,8.02300850165915e-05
0,2019-09-24,clinch_lower_reach_321_919,clinch_lower_reach,4,Clinch River,Lower Reach,321.9187,50.02435,2832.6157953051347,3.69,345.7902925079896,0.6084380625833459,0.10710352709897236,34.45264689173252,56.62473965788931,0.6076864479410387,0.5336785467684823,12.0,1.0,0.25,0.3867874913689688,0.15,usgs-hecras-geometry-openlimno-builtin-1d,0.060000000000000005,8.02300850165915e-05
0,2019-09-24,clinch_lower_reach_256_438,clinch_lower_reach,4,Clinch River,Lower Reach,256.4384,58.00505,3629.5245363267386,3.69,345.89213911829745,0.5731473218036918,0.10289071082990459,35.86329582366461,62.57256111884636,0.5721876378949208,0.5062796131686553,12.0,1.0,0.25,0.3771978646090294,0.15,usgs-hecras-geometry-openlimno-builtin-1d,0.060000000000000005,8.02300850165915e-05
0,2019-09-24,clinch_lower_reach_205_909,clinch_lower_reach,4,Clinch River,Lower Reach,205.9086,50.3267,2772.970892662281,3.69,345.7315460035378,0.6186332296257887,0.10825457640612948,34.08631877285761,55.09939838420323,0.6175033509165875,0.5414141509733873,12.0,1.0,0.25,0.3894949528406856,0.15,usgs-hecras-geometry-openlimno-builtin-1d,0.060000000000000005,8.02300850165915e-05
0,2019-09-24,clinch_lower_reach_155_785,clinch_lower_reach,4,Clinch River,Lower Reach,155.785,49.922850000000004,2357.712931510051,3.69,345.8627906268371,0.6785349704011583,0.11514963768151178,32.04525931906132,47.22713009193287,0.6774353268330401,0.569143552482665,12.0,1.0,0.25,0.3992002433689328,0.15,usgs-hecras-geometry-openlimno-builtin-1d,0.060000000000000005,8.02300850165915e-05
0,2019-09-24,clinch_lower_reach_106_063,clinch_lower_reach,4,Clinch River,Lower Reach,106.0629,49.394099999999995,2023.4945303257236,3.69,345.6254803626207,0.739181746671026,0.12185635243829221,30.281556325663104,40.9663204780677,0.7374730800573699,0.5756539201329007,12.0,1.0,0.25,0.4014788720465152,0.15,usgs-hecras-geometry-openlimno-builtin-1d,0.060000000000000005,8.02300850165915e-05
0,2019-09-24,clinch_lower_reach_56_997,clinch_lower_reach,4,Clinch River,Lower Reach,56.9968,46.54562,2272.35214571695,3.69,345.6212022720261,0.6660441000886604,0.11348189135930618,32.516201094293784,48.81989209117743,0.6627714523200692,0.5669409674096668,12.0,1.0,0.25,0.39842933859338336,0.15,usgs-hecras-geometry-openlimno-builtin-1d,0.060000000000000005,8.02300850165915e-05
0,2019-09-24,clinch_lower_reach_12_972,clinch_lower_reach,4,Clinch River,Lower Reach,12.97166,44.02514,2556.8910668628077,3.69,346.03361266222504,0.5992517502301795,0.10602433931579297,34.80332934694696,58.07797696640618,0.5985250053822023,0.5265975871040416,12.0,1.0,0.25,0.38430915548641453,0.15,usgs-hecras-geometry-openlimno-builtin-1d,0.060000000000000005,8.02300850165915e-05
1,2019-09-25,clinch_upper_reach_4893_771,clinch_upper_reach,1,Clinch River,Upper Reach,4893.771,45.30899999999929,2378.6113007060817,3.45,348.0160660681255,0.6116125209145477,0.10744933366832293,32.10815630229536,52.49754575704869,0.6106311680344482,0.5360565497534717,12.0,1.0,0.25,0.38761979241371514,0.15,usgs-hecras-geometry-openlimno-builtin-1d,0.060000000000000005,8.02300850165915e-05
1,2019-09-25,clinch_upper_reach_4848_462,clinch_upper_reach,1,Clinch River,Upper Reach,4848.462,47.2199999999998,2321.9272042852,3.45,347.9037537387583,0.6361103050307737,0.11029708802922832,31.279157606461588,49.17253715131744,0.6350644768240625,0.5548327071281298,12.0,1.0,0.25,0.39419144749484547,0.15,usgs-hecras-geometry-openlimno-builtin-1d,0.060000000000000005,8.02300850165915e-05
1,2019-09-25,clinch_upper_reach_4799_331,clinch_upper_reach,1,Clinch River,Upper Reach,4799.331,49.625,3044.8935881563684,3.45,348.148539674847,0.5568860437537889,0.10096739724893085,34.169445722109394,61.358057192067875,0.5562186319007751,0.4936692768955835,12.0,1.0,0.25,0.37278424691345424,0.15,usgs-hecras-geometry-openlimno-builtin-1d,0.060000000000000005,8.02300850165915e-05
1,2019-09-25,clinch_upper_reach_4749_212,clinch_upper_reach,1,Clinch River,Upper Reach,4749.212,36.8090000000002,2259.6830893737333,3.45,348.4930677844468,0.5566688622382105,0.10095518970754033,34.17357750497417,61.38941806008643,0.5561179576785503,0.49353366800849063,12.0,1.0,0.25,0.3727367838029717,0.15,usgs-hecras-geometry-openlimno-builtin-1d,0.060000000000000005,8.02300850165915e-05
1,2019-09-25,clinch_upper_reach_4725_713,clinch_upper_reach,1,Clinch River,Upper Reach,4725.713,25.39850000000024,1744.0425967349136,3.45,348.5891239495419,0.5204167310528071,0.09654256322332883,35.735533476765326,68.667149506266,0.520056838561829,0.4650408942538961,12.0,1.0,0.25,0.36276431298886364,0.15,usgs-hecras-geometry-openlimno-builtin-1d,0.060000000000000005,8.02300850165915e-05
1,2019-09-25,clinch_upper_reach_4698_415,clinch_upper_reach,1,Clinch River,Upper Reach,4698.415,27.297999999999774,2135.9317967604966,3.45,348.7104161564109,0.4812223547381913,0.09162558271558431,37.65323938740092,78.24499218845754,0.4808383243032572,0.4337598607792169,12.0,1.0,0.25,0.3518159512727259,0.15,usgs-hecras-geometry-openlimno-builtin-1d,0.060000000000000005,8.02300850165915e-05
1,2019-09-25,clinch_main_stem_4648_18,clinch_main_stem,2,Clinch River,Main Stem,4648.18,48.152000000000044,2647.5506389466673,2.58,348.64795410744847,0.4998641108183499,0.09387237468762273,27.484124148189665,54.9831915381846,0.49863257875102424,0.44843544085575693,12.0,1.0,0.25,0.3569524042995149,0.15,usgs-hecras-geometry-openlimno-builtin-1d,0.060000000000000005,8.02300850165915e-05
1,2019-09-25,clinch_main_stem_4600_028,clinch_main_stem,2,Clinch River,Main Stem,4600.028,49.878000000000156,2968.106753414158,2.58,348.6039827141432,0.4764705530654239,0.0909940833355052,28.35349184723644,59.507332960707096,0.4758756783282211,0.4298742731243203,12.0,1.0,0.25,0.35045599559351215,0.15,usgs-hecras-geometry-openlimno-builtin-1d,0.060000000000000005,8.02300850165915e-05
1,2019-09-25,clinch_main_stem_4548_424,clinch_main_stem,2,Clinch River,Main Stem,4548.424,50.79800000000023,2652.7992269167567,2.58,348.6674038295943,0.5159606165050183,0.09575145551470099,26.9447601201622,52.222513227228326,0.5136792386621056,0.4609328390437876,12.0,1.0,0.25,0.36132649366532565,0.15,usgs-hecras-geometry-openlimno-builtin-1d,0.060000000000000005,8.02300850165915e-05
1,2019-09-25,clinch_main_stem_4498_432,clinch_main_stem,2,Clinch River,Main Stem,4498.432,50.32699999999977,2569.012133432416,2.58,348.2839542375767,0.5223838667027522,0.09675308858367847,26.665815404628095,51.04639921776437,0.5217604069704446,0.46652003529982733,12.0,1.0,0.25,0.36328201235493957,0.15,usgs-hecras-geometry-openlimno-builtin-1d,0.060000000000000005,8.02300850165915e-05
1,2019-09-25,clinch_main_stem_4447_77,clinch_main_stem,2,Clinch River,Main Stem,4447.77,46.873999999999796,2144.502024676791,2.58,348.1011834638082,0.5578934007282559,0.10108204901505052,25.523819759687036,45.75035253395912,0.5571691925616741,0.49444006631279513,12.0,1.0,0.25,0.37305402320947834,0.15,usgs-hecras-geometry-openlimno-builtin-1d,0.060000000000000005,8.02300850165915e-05
1,2019-09-25,clinch_main_stem_4404_684,clinch_main_stem,2,Clinch River,Main Stem,4404.684,45.24200000000019,2056.3001766246193,2.58,348.00658041899754,0.5600565055373639,0.10135452490514586,25.455202936568757,45.45113338545181,0.5594215881934504,0.49615922364421544,12.0,1.0,0.25,0.37365572827547544,0.15,usgs-hecras-geometry-openlimno-builtin-1d,0.060000000000000005,8.02300850165915e-05
1,2019-09-25,clinch_main_stem_4357_286,clinch_main_stem,2,Clinch River,Main Stem,4357.286,50.25600000000031,2959.644383579114,2.58,347.8973822132643,0.47961924897348973,0.09134220448983124,28.245431719213883,58.89136388847294,0.47860884616681343,0.4322828069706232,12.0,1.0,0.25,0.35129898243971813,0.15,usgs-hecras-geometry-openlimno-builtin-1d,0.060000000000000005,8.02300850165915e-05
1,2019-09-25,clinch_main_stem_4304_172,clinch_main_stem,2,Clinch River,Main Stem,4304.172,53.11400000000049,2221.5815812579035,2.58,347.722419372887,0.5890692545867617,0.10471287722884855,24.638803443070767,41.82666681586556,0.5874542667519342,0.5184569260401507,12.0,1.0,0.25,0.3814599241140527,0.15,usgs-hecras-geometry-openlimno-builtin-1d,0.060000000000000005,8.02300850165915e-05
1,2019-09-25,clinch_middle_reach_4279_376,clinch_middle_reach,3,Clinch River,Middle Reach,4279.376,23.74200000000019,1378.5567178803199,3.45,347.46537312755237,0.5758522671461603,0.10318122407485102,33.436315869806485,58.06405180188311,0.574612289451226,0.5083028746847146,12.0,1.0,0.25,0.3779060061396501,0.15,usgs-hecras-geometry-openlimno-builtin-1d,0.060000000000000005,8.02300850165915e-05
1,2019-09-25,clinch_middle_reach_4255_634,clinch_middle_reach,3,Clinch River,Middle Reach,4255.634,37.95600000000013,2013.750314206221,3.45,347.34044491991745,0.60796315603079,0.1069588318221356,32.25540089795565,53.05486126583976,0.6064554685265074,0.5330911088433521,12.0,1.0,0.25,0.38658188809517324,0.15,usgs-hecras-geometry-openlimno-builtin-1d,0.060000000000000005,8.02300850165915e-05
1,2019-09-25,clinch_middle_reach_4203_464,clinch_middle_reach,3,Clinch River,Middle Reach,4203.464,50.35699999999997,2309.453896194265,3.45,347.2092605994915,0.6636700384815363,0.11334893286084154,30.436987035736493,45.86162591485327,0.6616076540540041,0.5669753680560133,12.0,1.0,0.25,0.3984413788196047,0.15,usgs-hecras-geometry-openlimno-builtin-1d,0.060000000000000005,8.02300850165915e-05
1,2019-09-25,clinch_middle_reach_4154_92,clinch_middle_reach,3,Clinch River,Middle Reach,4154.92,50.82049999999981,1408.7371989421774,3.45,346.63148243344017,0.8998620944739069,0.13830952437303548,24.94405223095832,27.719861058867636,0.8917683790794522,0.5846350710028045,12.0,1.0,0.25,0.40462227485098157,0.15,usgs-hecras-geometry-openlimno-builtin-1d,0.060000000000000005,8.02300850165915e-05
1,2019-09-25,clinch_middle_reach_4101_823,clinch_middle_reach,3,Clinch River,Middle Reach,4101.823,50.264000000000124,2221.7248044452103,3.45,347.279014502073,0.6784568574401408,0.11504391210983297,29.988549039485623,44.201114205896964,0.6765028627234534,0.568894408638879,12.0,1.0,0.25,0.3991130430236076,0.15,usgs-hecras-geometry-openlimno-builtin-1d,0.060000000000000005,8.02300850165915e-05
1,2019-09-25,clinch_middle_reach_4054_392,clinch_middle_reach,3,Clinch River,Middle Reach,4054.392,49.40950000000021,1101.6105849167777,3.45,345.44059843854103,1.0295485604023127,0.1502984902933481,22.95432238385358,22.295521810922455,1.0101954616333018,0.5842285365247951,12.0,1.0,0.25,0.40447998778367833,0.15,usgs-hecras-geometry-openlimno-builtin-1d,0.060000000000000005,8.02300850165915e-05
1,2019-09-25,clinch_middle_reach_4003_004,clinch_middle_reach,3,Clinch River,Middle Reach,4003.004,49.666999999999916,1091.9046747553966,3.45,344.9749753936179,1.0361454344150431,0.15145429036780794,22.779150010353934,21.984510333931958,1.0218716263110517,0.585153584343488,12.0,1.0,0.25,0.40480375452022077,0.15,usgs-hecras-geometry-openlimno-builtin-1d,0.060000000000000005,8.02300850165915e-05
1,2019-09-25,clinch_middle_reach_3955_058,clinch_middle_reach,3,Clinch River,Middle Reach,3955.058,48.64449999999988,2146.8944369081,3.45,346.51695176353996,0.6794511812658045,0.11504927604715047,29.98715088468781,44.1343715509072,0.6765498537018391,0.5687523751625764,12.0,1.0,0.25,0.39906333130690175,0.15,usgs-hecras-geometry-openlimno-builtin-1d,0.060000000000000005,8.02300850165915e-05
1,2019-09-25,clinch_middle_reach_3905_715,clinch_middle_reach,3,Clinch River,Middle Reach,3905.715,42.64249999999993,2082.3753349589206,3.45,346.9618189627193,0.6393283974680796,0.11050419035928608,31.220535518000688,48.833331417222816,0.636857190738963,0.5568758834868548,12.0,1.0,0.25,0.3949065592203992,0.15,usgs-hecras-geometry-openlimno-builtin-1d,0.060000000000000005,8.02300850165915e-05
1,2019-09-25,clinch_middle_reach_3869_773,clinch_middle_reach,3,Clinch River,Middle Reach,3869.773,35.94200000000001,612.9763695339518,3.45,343.4452291859656,1.2286182389376874,0.16464958641037541,20.953590441467384,17.054598228644807,1.1582821615852468,0.5685889615077169,12.0,1.0,0.25,0.3990061365277009,0.15,usgs-hecras-geometry-openlimno-builtin-1d,0.060000000000000005,8.02300850165915e-05
1,2019-09-25,clinch_lower_reach_3803_314,clinch_lower_reach,4,Clinch River,Lower Reach,3803.314,50.7529999999997,1166.1907699883234,3.65,344.5111091193245,1.0476384172287179,0.15162596130530984,24.072394783703704,22.97777018084311,1.0236055708967962,0.5831822183901716,12.0,1.0,0.25,0.40411377643656005,0.15,usgs-hecras-geometry-openlimno-builtin-1d,0.060000000000000005,8.02300850165915e-05
1,2019-09-25,clinch_lower_reach_3752_561,clinch_lower_reach,4,Clinch River,Lower Reach,3752.561,49.906499999999824,2546.111188173492,3.65,346.1257771484828,0.6436588518777493,0.11115189372680957,32.83794704362854,51.017626725446604,0.6424645381785817,0.5605537466856424,12.0,1.0,0.25,0.39619381133997483,0.15,usgs-hecras-geometry-openlimno-builtin-1d,0.060000000000000005,8.02300850165915e-05
1,2019-09-25,clinch_lower_reach_3703_501,clinch_lower_reach,4,Clinch River,Lower Reach,3703.501,54.43600000000015,3435.6398190953178,3.65,346.9362919687138,0.5664413272083528,0.10209782975447718,35.750025331365485,63.11337752765281,0.5655860496149253,0.5010823461624734,12.0,1.0,0.25,0.3753788211568657,0.15,usgs-hecras-geometry-openlimno-builtin-1d,0.060000000000000005,8.02300850165915e-05
1,2019-09-25,clinch_lower_reach_3643_689,clinch_lower_reach,4,Clinch River,Lower Reach,3643.689,49.82600000000002,1028.012524396854,3.65,345.02033312603805,1.115679616130093,0.1585663334107854,23.018757648537097,20.632050022013676,1.094688138412229,0.58224251277714,12.0,1.0,0.25,0.40378487947199904,0.15,usgs-hecras-geometry-openlimno-builtin-1d,0.060000000000000005,8.02300850165915e-05
1,2019-09-25,clinch_lower_reach_3603_849,clinch_lower_reach,4,Clinch River,Lower Reach,3603.849,44.821500000000015,1776.6637671509898,3.65,345.9302151963745,0.7496273437305774,0.12283682591522198,29.714216179105055,39.63865036089799,0.7463927393976295,0.5762483126080964,12.0,1.0,0.25,0.40168690941283375,0.15,usgs-hecras-geometry-openlimno-builtin-1d,0.060000000000000005,8.02300850165915e-05
1,2019-09-25,clinch_lower_reach_3554_046,clinch_lower_reach,4,Clinch River,Lower Reach,3554.046,49.03600000000006,2442.2076767509557,3.65,346.81641738601246,0.6530557717905225,0.11222123313723058,32.525039138863946,49.804382020371825,0.6517581813216897,0.5657760022061451,12.0,1.0,0.25,0.39802160077215076,0.15,usgs-hecras-geometry-openlimno-builtin-1d,0.060000000000000005,8.02300850165915e-05
1,2019-09-25,clinch_lower_reach_3505_777,clinch_lower_reach,4,Clinch River,Lower Reach,3505.777,49.60149999999999,1771.459540214381,3.65,346.4340455859204,0.7979754734803597,0.1280757459350437,28.498760427686083,35.71383002962373,0.7946474795282799,0.5802250406633014,12.0,1.0,0.25,0.4030787642321555,0.15,usgs-hecras-geometry-openlimno-builtin-1d,0.060000000000000005,8.02300850165915e-05
1,2019-09-25,clinch_lower_reach_3454_843,clinch_lower_reach,4,Clinch River,Lower Reach,3454.843,51.30250000000001,1383.002983256154,3.65,346.16669963696216,0.9465229688686307,0.14304646151972458,25.516185169646466,26.95780874725703,0.937971441877344,0.585829303423635,12.0,1.0,0.25,0.4050402561982723,0.15,usgs-hecras-geometry-openlimno-builtin-1d,0.060000000000000005,8.02300850165915e-05
1,2019-09-25,clinch_lower_reach_3403_172,clinch_lower_reach,4,Clinch River,Lower Reach,3403.172,49.798,1150.4365668550004,3.65,345.19927811305456,1.0413026837981039,0.15172777884782918,24.056240905369464,23.102063674344357,1.0246405823981095,0.584649059899258,12.0,1.0,0.25,0.4046271709647403,0.15,usgs-hecras-geometry-openlimno-builtin-1d,0.060000000000000005,8.02300850165915e-05
1,2019-09-25,clinch_lower_reach_3355_247,clinch_lower_reach,4,Clinch River,Lower Reach,3355.247,50.37799999999993,1297.7069397983148,3.65,344.69527329627107,0.9742386296121157,0.1454426616111846,25.095800362603605,25.759397748984014,0.961636496705469,0.585422389427365,12.0,1.0,0.25,0.40489783629957776,0.15,usgs-hecras-geometry-openlimno-builtin-1d,0.060000000000000005,8.02300850165915e-05
1,2019-09-25,clinch_lower_reach_3302_416,clinch_lower_reach,4,Clinch River,Lower Reach,3302.416,51.749000000000024,1307.7768079209584,3.65,343.602395261832,0.9859028030439766,0.14649644761857775,24.91527992203089,25.27153776731836,0.9721082470993153,0.5852892374148643,12.0,1.0,0.25,0.4048512330952025,0.15,usgs-hecras-geometry-openlimno-builtin-1d,0.060000000000000005,8.02300850165915e-05
1,2019-09-25,clinch_lower_reach_3251_749,clinch_lower_reach,4,Clinch River,Lower Reach,3251.749,50.45950000000016,1197.4336193935985,3.65,343.5114577143916,1.0238971380535946,0.15022009450338067,24.297681425821878,23.73058828156432,1.0094110314977345,0.5851974704409627,12.0,1.0,0.25,0.40481911465433695,0.15,usgs-hecras-geometry-openlimno-builtin-1d,0.060000000000000005,8.02300850165915e-05
1,2019-09-25,clinch_lower_reach_3201_497,clinch_lower_reach,4,Clinch River,Lower Reach,3201.497,49.927999999999884,1314.9131892814469,3.65,344.86198838056475,0.9609987093198687,0.14421722943273235,25.309042576653294,26.336187896199526,0.9495104050868272,0.5854747632758194,12.0,1.0,0.25,0.4049161671465368,0.15,usgs-hecras-geometry-openlimno-builtin-1d,0.060000000000000005,8.02300850165915e-05
1,2019-09-25,clinch_lower_reach_3151_893,clinch_lower_reach,4,Clinch River,Lower Reach,3151.893,48.56549999999993,1536.1215010545118,3.65,344.7446791759529,0.8597577792160769,0.13422056007171346,27.194045368681376,31.629891611421975,0.8525154074658227,0.5831007906767576,12.0,1.0,0.25,0.4040852767368651,0.15,usgs-hecras-geometry-openlimno-builtin-1d,0.060000000000000005,8.02300850165915e-05
1,2019-09-25,clinch_lower_reach_3104_366,clinch_lower_reach,4,Clinch River,Lower Reach,3104.366,50.80799999999999,1693.2528838720534,3.65,345.11049311985084,0.8327922631372214,0.13151232582456054,27.754052535495084,33.326501414581436,0.8268423748110305,0.5819131900754818,12.0,1.0,0.25,0.40366961652641864,0.15,usgs-hecras-geometry-openlimno-builtin-1d,0.060000000000000005,8.02300850165915e-05
1,2019-09-25,clinch_lower_reach_3050_277,clinch_lower_reach,4,Clinch River,Lower Reach,3050.277,51.47399999999993,2158.2173745171085,3.65,346.1204398541414,0.7251095679326439,0.1200554728113797,30.40261234683195,41.928301171797635,0.721184521921276,0.5736630386116027,12.0,1.0,0.25,0.400782063514061,0.15,usgs-hecras-geometry-openlimno-builtin-1d,0.060000000000000005,8.02300850165915e-05
1,2019-09-25,clinch_lower_reach_3001_418,clinch_lower_reach,4,Clinch River,Lower Reach,3001.418,49.3900000000001,2709.167126603102,3.65,346.5595439359773,0.6162855394907909,0.1079727383487532,33.80482940249656,54.85254356353708,0.615098547748499,0.5395915579933793,12.0,1.0,0.25,0.3888570452976827,0.15,usgs-hecras-geometry-openlimno-builtin-1d,0.060000000000000005,8.02300850165915e-05
1,2019-09-25,clinch_lower_reach_2951_497,clinch_lower_reach,4,Clinch River,Lower Reach,2951.497,50.794000000000096,2809.0776665481512,3.65,346.4704677434095,0.6136009321805105,0.10756117094510619,33.93417873688616,55.30333634972922,0.6115855969001325,0.5372840705192715,12.0,1.0,0.25,0.388049424681745,0.15,usgs-hecras-geometry-openlimno-builtin-1d,0.060000000000000005,8.02300850165915e-05
1,2019-09-25,clinch_lower_reach_2899_83,clinch_lower_reach,4,Clinch River,Lower Reach,2899.83,49.859500000000025,2713.9153808968063,3.65,346.40798351679246,0.6196695679920584,0.10821421482449056,33.72939503298922,54.4312594570103,0.617162925554198,0.5418062604433053,12.0,1.0,0.25,0.38963219115515685,0.15,usgs-hecras-geometry-openlimno-builtin-1d,0.060000000000000005,8.02300850165915e-05
1,2019-09-25,clinch_lower_reach_2851_778,clinch_lower_reach,4,Clinch River,Lower Reach,2851.778,49.67899999999986,2759.2593391078394,3.65,346.50771281382345,0.6118722529839251,0.10740201495147919,33.98446483195826,55.54176491289775,0.610228972665518,0.5360624169228307,12.0,1.0,0.25,0.38762184592299076,0.15,usgs-hecras-geometry-openlimno-builtin-1d,0.060000000000000005,8.02300850165915e-05
1,2019-09-25,clinch_lower_reach_2800_472,clinch_lower_reach,4,Clinch River,Lower Reach,2800.472,47.763499999999794,2530.6822504304696,3.65,346.5884809598196,0.6295725453793035,0.10942224172484849,33.35702086215922,52.98360150387808,0.6275269692410109,0.5495371522497468,12.0,1.0,0.25,0.39233800328741136,0.15,usgs-hecras-geometry-openlimno-builtin-1d,0.060000000000000005,8.02300850165915e-05
1,2019-09-25,clinch_lower_reach_2756_251,clinch_lower_reach,4,Clinch River,Lower Reach,2756.251,48.878000000000156,2611.639869270225,3.65,346.50331198024253,0.6261265498336827,0.10910154026751047,33.45507305442634,53.43180713757143,0.6247701318475631,0.5470975101381289,12.0,1.0,0.25,0.39148412854834513,0.15,usgs-hecras-geometry-openlimno-builtin-1d,0.060000000000000005,8.02300850165915e-05
1,2019-09-25,clinch_lower_reach_2702_716,clinch_lower_reach,4,Clinch River,Lower Reach,2702.716,52.79500000000007,2921.2810631024527,3.65,346.49017268306545,0.613216188130682,0.10757186646330505,33.930804772687374,55.33253268495972,0.6116752195764891,0.5371273529024805,12.0,1.0,0.25,0.3879945735158682,0.15,usgs-hecras-geometry-openlimno-builtin-1d,0.060000000000000005,8.02300850165915e-05
1,2019-09-25,clinch_lower_reach_2650_661,clinch_lower_reach,4,Clinch River,Lower Reach,2650.661,50.19249999999988,2390.3562089763213,3.65,346.4539431124782,0.6710565836380394,0.11421152398995636,31.958246177688487,47.623772654805535,0.6691736140590371,0.567982835775921,12.0,1.0,0.25,0.3987939925215723,0.15,usgs-hecras-geometry-openlimno-builtin-1d,0.060000000000000005,8.02300850165915e-05
1,2019-09-25,clinch_lower_reach_2602_331,clinch_lower_reach,4,Clinch River,Lower Reach,2602.331,48.43250000000012,2175.071943099513,3.65,346.3529560840569,0.6955383997210847,0.11685169419401154,31.23617526622953,44.90934688689429,0.6925115638220941,0.5706521299682181,12.0,1.0,0.25,0.3997282454888763,0.15,usgs-hecras-geometry-openlimno-builtin-1d,0.060000000000000005,8.02300850165915e-05
1,2019-09-25,clinch_lower_reach_2553_796,clinch_lower_reach,4,Clinch River,Lower Reach,2553.796,50.061500000000024,1947.7958551710908,3.65,345.96465336574414,0.7576487610204707,0.12381845141851998,29.478643596200364,38.90806018938885,0.7553565312369436,0.5772190449470218,12.0,1.0,0.25,0.4020266657314576,0.15,usgs-hecras-geometry-openlimno-builtin-1d,0.060000000000000005,8.02300850165915e-05
1,2019-09-25,clinch_lower_reach_2502_208,clinch_lower_reach,4,Clinch River,Lower Reach,2502.208,51.94899999999984,1403.3455755326463,3.65,344.99546132493214,0.9502058588291339,0.14219611230789217,25.668774910644427,27.013909325158338,0.9296169249629851,0.5833926891321909,12.0,1.0,0.25,0.4041874411962668,0.15,usgs-hecras-geometry-openlimno-builtin-1d,0.060000000000000005,8.02300850165915e-05
1,2019-09-25,clinch_lower_reach_2449_898,clinch_lower_reach,4,Clinch River,Lower Reach,2449.898,51.12049999999999,1253.202356287889,3.65,344.01302405237186,1.003316855584233,0.1483982044490812,24.5959849281896,24.514673297168244,0.9910946479266988,0.5856786200316428,12.0,1.0,0.25,0.404987517011075,0.15,usgs-hecras-geometry-openlimno-builtin-1d,0.060000000000000005,8.02300850165915e-05
1,2019-09-25,clinch_lower_reach_2399_967,clinch_lower_reach,4,Clinch River,Lower Reach,2399.967,50.17000000000007,2493.0272446875247,3.65,345.7364661050874,0.6545748344959985,0.11221492828227139,32.526866575350795,49.69159347593225,0.6517033786127858,0.5655273994534274,12.0,1.0,0.25,0.3979345898086996,0.15,usgs-hecras-geometry-openlimno-builtin-1d,0.060000000000000005,8.02300850165915e-05
1,2019-09-25,clinch_lower_reach_2349_558,clinch_lower_reach,4,Clinch River,Lower Reach,2349.558,49.50649999999996,2500.767711127417,3.65,346.14594492707835,0.6480763101036348,0.1114950504746393,32.736879210886855,50.51392667886881,0.6454421444013877,0.5635032783218568,12.0,1.0,0.25,0.39722614741264983,0.15,usgs-hecras-geometry-openlimno-builtin-1d,0.060000000000000005,8.02300850165915e-05
1,2019-09-25,clinch_lower_reach_2300_954,clinch_lower_reach,4,Clinch River,Lower Reach,2300.954,49.94699999999989,2560.7005053414564,3.65,345.82338983088016,0.6435345616003877,0.11062966804706674,32.99295807745829,51.26835456266567,0.6379378535732545,0.5591768249349608,12.0,1.0,0.25,0.3957118887272363,0.15,usgs-hecras-geometry-openlimno-builtin-1d,0.060000000000000005,8.02300850165915e-05
1,2019-09-25,clinch_lower_reach_2249_664,clinch_lower_reach,4,Clinch River,Lower Reach,2249.664,51.33600000000001,2636.317227759738,3.65,345.33263251460124,0.642111685398995,0.11068955707505256,32.97510710540773,51.354161363560415,0.6384600641089516,0.5586573197697086,12.0,1.0,0.25,0.395530061919398,0.15,usgs-hecras-geometry-openlimno-builtin-1d,0.060000000000000005,8.02300850165915e-05
1,2019-09-25,clinch_lower_reach_2198_282,clinch_lower_reach,4,Clinch River,Lower Reach,2198.282,49.81050000000005,2025.4801382379485,3.65,344.89357708385796,0.7378443874786894,0.12165248892102615,30.003496289907325,40.663718256952784,0.7356224635954537,0.5753905722415983,12.0,1.0,0.25,0.40138670028455936,0.15,usgs-hecras-geometry-openlimno-builtin-1d,0.060000000000000005,8.02300850165915e-05
1,2019-09-25,clinch_lower_reach_2150_043,clinch_lower_reach,4,Clinch River,Lower Reach,2150.043,48.95600000000013,2307.152784430416,3.65,345.7286295763974,0.6763780877622421,0.11450722913228642,31.875716735606932,47.12706888696809,0.6717741910357549,0.5678896681075206,12.0,1.0,0.25,0.3987613838376322,0.15,usgs-hecras-geometry-openlimno-builtin-1d,0.060000000000000005,8.02300850165915e-05
1,2019-09-25,clinch_lower_reach_2100_37,clinch_lower_reach,4,Clinch River,Lower Reach,2100.37,50.11350000000016,2584.987441368426,3.65,345.17843121106586,0.6394115467730691,0.11066459216151547,32.98254598609832,51.58265619779935,0.6382441561109754,0.557319214501031,12.0,1.0,0.25,0.39506172507536086,0.15,usgs-hecras-geometry-openlimno-builtin-1d,0.060000000000000005,8.02300850165915e-05
1,2019-09-25,clinch_lower_reach_2049_816,clinch_lower_reach,4,Clinch River,Lower Reach,2049.816,50.17199999999991,2772.5646844884413,3.65,345.97323442560173,0.6134651465408498,0.10766702108299749,33.90081719811229,55.261195178355386,0.6124885304624936,0.5374836157509403,12.0,1.0,0.25,0.3881192655128291,0.15,usgs-hecras-geometry-openlimno-builtin-1d,0.060000000000000005,8.02300850165915e-05
1,2019-09-25,clinch_lower_reach_2000_026,clinch_lower_reach,4,Clinch River,Lower Reach,2000.026,49.6579999999999,2529.3174721086416,3.65,345.7051874827617,0.6447696550483937,0.11114096276573913,32.84117672881242,50.93474308487347,0.6423697937089274,0.5610503418798107,12.0,1.0,0.25,0.39636761965793377,0.15,usgs-hecras-geometry-openlimno-builtin-1d,0.060000000000000005,8.02300850165915e-05
1,2019-09-25,clinch_lower_reach_1950_5,clinch_lower_reach,4,Clinch River,Lower Reach,1950.5,50.339500000000044,2373.1653696050653,3.65,345.76225864011485,0.6750983285899438,0.11468502854084228,31.826298920090874,47.14320502994792,0.6733394086140854,0.5685297712547019,12.0,1.0,0.25,0.3989854199391457,0.15,usgs-hecras-geometry-openlimno-builtin-1d,0.060000000000000005,8.02300850165915e-05
1,2019-09-25,clinch_lower_reach_1899_347,clinch_lower_reach,4,Clinch River,Lower Reach,1899.347,50.96849999999995,2550.676057039492,3.65,345.63177019900303,0.6513679681691259,0.1119729225560841,32.59716649953311,50.04416565210855,0.6495961721161817,0.5654078807017844,12.0,1.0,0.25,0.39789275824562453,0.15,usgs-hecras-geometry-openlimno-builtin-1d,0.060000000000000005,8.02300850165915e-05
1,2019-09-25,clinch_lower_reach_1848_563,clinch_lower_reach,4,Clinch River,Lower Reach,1848.563,50.57349999999997,2955.455324919155,3.65,346.0146894301566,0.593290268361475,0.10527475790930503,34.6711792312503,58.43881330972064,0.5921889993329247,0.521877341346265,12.0,1.0,0.25,0.3826570694711927,0.15,usgs-hecras-geometry-openlimno-builtin-1d,0.060000000000000005,8.02300850165915e-05
1,2019-09-25,clinch_lower_reach_1798_2,clinch_lower_reach,4,Clinch River,Lower Reach,1798.2,50.66450000000009,2942.075187409032,3.65,345.78131308190655,0.5955970191131212,0.10553350023837925,34.58617398035101,58.069756681878374,0.5943705574707998,0.5236263805544378,12.0,1.0,0.25,0.38326923319405326,0.15,usgs-hecras-geometry-openlimno-builtin-1d,0.060000000000000005,8.02300850165915e-05
1,2019-09-25,clinch_lower_reach_1747_234,clinch_lower_reach,4,Clinch River,Lower Reach,1747.234,50.704000000000065,3043.4137260154216,3.65,345.83942153328337,0.5845727853051146,0.10402446678515678,35.08789915297905,60.023148588186686,0.5816706762310191,0.5145902158362361,12.0,1.0,0.25,0.3801065755426826,0.15,usgs-hecras-geometry-openlimno-builtin-1d,0.060000000000000005,8.02300850165915e-05
1,2019-09-25,clinch_lower_reach_1696_792,clinch_lower_reach,4,Clinch River,Lower Reach,1696.792,48.03399999999999,2118.0535471800954,3.65,345.90439440187424,0.7028434072101721,0.11777310018853214,30.991796888738175,44.09488169172036,0.7007174662344677,0.5717367748379598,12.0,1.0,0.25,0.40010787119328595,0.15,usgs-hecras-geometry-openlimno-builtin-1d,0.060000000000000005,8.02300850165915e-05
1,2019-09-25,clinch_lower_reach_1651_166,clinch_lower_reach,4,Clinch River,Lower Reach,1651.166,47.878999999999905,1872.3264251827204,3.65,345.4822883957682,0.7563361134692248,0.12340749342548006,29.576810116510973,39.105378666695714,0.7515991157792109,0.5764773729860803,12.0,1.0,0.25,0.4017670805451281,0.15,usgs-hecras-geometry-openlimno-builtin-1d,0.060000000000000005,8.02300850165915e-05
1,2019-09-25,clinch_lower_reach_1601_034,clinch_lower_reach,4,Clinch River,Lower Reach,1601.034,47.654499999999985,2061.41821035339,3.65,345.63345753547424,0.7113682434688409,0.11861406770544529,30.77206667478985,43.25757715123211,0.7082321917806886,0.5724119372432124,12.0,1.0,0.25,0.40034417803512434,0.15,usgs-hecras-geometry-openlimno-builtin-1d,0.060000000000000005,8.02300850165915e-05
1,2019-09-25,clinch_lower_reach_1555_857,clinch_lower_reach,4,Clinch River,Lower Reach,1555.857,47.703500000000076,1922.168880801826,3.65,345.70748306134163,0.7422596771668126,0.12203817333262477,29.908674477219794,40.29408493720215,0.7391224287225571,0.5755795041060495,12.0,1.0,0.25,0.4014528264371173,0.15,usgs-hecras-geometry-openlimno-builtin-1d,0.060000000000000005,8.02300850165915e-05
1,2019-09-25,clinch_lower_reach_1505_627,clinch_lower_reach,4,Clinch River,Lower Reach,1505.627,50.02350000000001,1926.5287592109594,3.65,345.96035548848636,0.7623245019002807,0.1243230236522964,29.359002803923357,38.512474321288174,0.7599788387542973,0.5776173561418,12.0,1.0,0.25,0.40216607464963,0.15,usgs-hecras-geometry-openlimno-builtin-1d,0.060000000000000005,8.02300850165915e-05
1,2019-09-25,clinch_lower_reach_1455_81,clinch_lower_reach,4,Clinch River,Lower Reach,1455.81,49.34699999999998,2250.883661575065,3.65,346.2375958794904,0.6886069671845111,0.11620616219978543,31.409694037780895,45.61338402689254,0.6867802039750477,0.5701656368141931,12.0,1.0,0.25,0.3995579728849676,0.15,usgs-hecras-geometry-openlimno-builtin-1d,0.060000000000000005,8.02300850165915e-05
1,2019-09-25,clinch_lower_reach_1406_933,clinch_lower_reach,4,Clinch River,Lower Reach,1406.933,48.507999999999925,2255.1961516221368,3.65,346.15594105199847,0.6810553741049042,0.11527615634491059,31.663095957841122,46.49122106914613,0.6785525784553033,0.5690620136761368,12.0,1.0,0.25,0.3991717047866479,0.15,usgs-hecras-geometry-openlimno-builtin-1d,0.060000000000000005,8.02300850165915e-05
1,2019-09-25,clinch_lower_reach_1358_794,clinch_lower_reach,4,Clinch River,Lower Reach,1358.794,50.120000000000005,2426.0887210451656,3.65,346.18031527732524,0.6643156023344503,0.11350703922008536,32.15659597042968,48.40560097855478,0.662991950478821,0.5672709183974567,12.0,1.0,0.25,0.39854482143910985,0.15,usgs-hecras-geometry-openlimno-builtin-1d,0.060000000000000005,8.02300850165915e-05
1,2019-09-25,clinch_lower_reach_1306_693,clinch_lower_reach,4,Clinch River,Lower Reach,1306.693,50.790500000000065,2217.562336965964,3.65,346.0155161491443,0.7070663685553907,0.11823317035253933,30.871201280627826,43.660966853367476,0.7048275407909943,0.5721789652764644,12.0,1.0,0.25,0.4002626378467625,0.15,usgs-hecras-geometry-openlimno-builtin-1d,0.060000000000000005,8.02300850165915e-05
1,2019-09-25,clinch_lower_reach_1257_213,clinch_lower_reach,4,Clinch River,Lower Reach,1257.213,50.10649999999998,2577.7061650392125,3.65,345.71349349443113,0.640402667552265,0.11078995596440404,32.94522475640948,51.44454641691624,0.6393291697879527,0.5581034446672397,12.0,1.0,0.25,0.3953362056335339,0.15,usgs-hecras-geometry-openlimno-builtin-1d,0.060000000000000005,8.02300850165915e-05
1,2019-09-25,clinch_lower_reach_1206_48,clinch_lower_reach,4,Clinch River,Lower Reach,1206.48,50.096000000000004,2847.039004323806,3.65,345.7431373303267,0.6034650533000682,0.10642664523096697,34.295922718213795,56.83166329295364,0.60193770290049,0.5296154439343997,12.0,1.0,0.25,0.3853654053770399,0.15,usgs-hecras-geometry-openlimno-builtin-1d,0.060000000000000005,8.02300850165915e-05
1,2019-09-25,clinch_lower_reach_1157_021,clinch_lower_reach,4,Clinch River,Lower Reach,1157.021,49.730500000000006,3083.5820617488725,3.65,345.70349730679396,0.5730206524927749,0.1027282535257063,35.53063421920863,62.005852781469564,0.5708380691471611,0.5058185171837732,12.0,1.0,0.25,0.37703648101432063,0.15,usgs-hecras-geometry-openlimno-builtin-1d,0.060000000000000005,8.02300850165915e-05
1,2019-09-25,clinch_lower_reach_1107_019,clinch_lower_reach,4,Clinch River,Lower Reach,1107.019,50.140499999999975,2660.857525986612,3.65,345.7807675478375,0.6289178317540534,0.10936188700802017,33.37542995881484,53.06802935723843,0.627007776781251,0.5490751813524386,12.0,1.0,0.25,0.3921763134733535,0.15,usgs-hecras-geometry-openlimno-builtin-1d,0.060000000000000005,8.02300850165915e-05
1,2019-09-25,clinch_lower_reach_1056_74,clinch_lower_reach,4,Clinch River,Lower Reach,1056.74,50.045500000000004,2777.93043259042,3.65,345.86757435992547,0.6118500106195793,0.10747106673208769,33.96262930095415,55.50809628418978,0.6108172392233364,0.5362241002058081,12.0,1.0,0.25,0.3876784350720328,0.15,usgs-hecras-geometry-openlimno-builtin-1d,0.060000000000000005,8.02300850165915e-05
1,2019-09-25,clinch_lower_reach_1006_928,clinch_lower_reach,4,Clinch River,Lower Reach,1006.928,49.81200000000001,3043.608075172124,3.65,345.8173015043769,0.5778699092243772,0.10337321791471675,35.30895210219016,61.1019046649828,0.5762168441821607,0.5097506914303132,12.0,1.0,0.25,0.3784127420006096,0.15,usgs-hecras-geometry-openlimno-builtin-1d,0.060000000000000005,8.02300850165915e-05
1,2019-09-25,clinch_lower_reach_957_116,clinch_lower_reach,4,Clinch River,Lower Reach,957.116,49.932799999999986,3037.884331850719,3.65,345.82264348449803,0.5794007001358946,0.10354485750361843,35.250422744291754,60.83945486435208,0.5776520461953296,0.5109129086993717,12.0,1.0,0.25,0.3788195180447801,0.15,usgs-hecras-geometry-openlimno-builtin-1d,0.060000000000000005,8.02300850165915e-05
1,2019-09-25,clinch_lower_reach_907_062,clinch_lower_reach,4,Clinch River,Lower Reach,907.0624,49.853549999999984,3033.784317197287,3.65,345.7515999024835,0.5789103469356566,0.10360791638821785,35.22896828002491,60.853927497586184,0.5781803809977566,0.5108317167791068,12.0,1.0,0.25,0.37879110087268736,0.15,usgs-hecras-geometry-openlimno-builtin-1d,0.060000000000000005,8.02300850165915e-05
1,2019-09-25,clinch_lower_reach_857_409,clinch_lower_reach,4,Clinch River,Lower Reach,857.4089,50.186350000000004,3238.157886555533,3.65,345.77411090636247,0.5590363991471015,0.10119064618464653,36.070527638885736,64.52268169642807,0.5580646440642102,0.49526194205068247,12.0,1.0,0.25,0.3733416797177389,0.15,usgs-hecras-geometry-openlimno-builtin-1d,0.060000000000000005,8.02300850165915e-05
1,2019-09-25,clinch_lower_reach_806_69,clinch_lower_reach,4,Clinch River,Lower Reach,806.6897,50.20685000000003,3208.0313501414867,3.65,345.69508038124576,0.5623329986054452,0.10158361546936222,35.93099126404736,63.89628805912908,0.56131633147914,0.49782688864705166,12.0,1.0,0.25,0.37423941102646807,0.15,usgs-hecras-geometry-openlimno-builtin-1d,0.060000000000000005,8.02300850165915e-05
1,2019-09-25,clinch_lower_reach_756_995,clinch_lower_reach,4,Clinch River,Lower Reach,756.9952,49.95240000000001,3268.1710789866174,3.65,345.9284162071581,0.5543543493445389,0.10063683775981513,36.26902515271069,65.42570685265606,0.553489506385132,0.4916281348667792,12.0,1.0,0.25,0.3720698472033727,0.15,usgs-hecras-geometry-openlimno-builtin-1d,0.060000000000000005,8.02300850165915e-05
1,2019-09-25,clinch_lower_reach_706_785,clinch_lower_reach,4,Clinch River,Lower Reach,706.7849,50.15224999999998,3259.633685550069,3.65,346.1435300106255,0.5564045236945414,0.10093082814952582,36.16338106918771,64.99476465263413,0.5559166480660077,0.49334537286703667,12.0,1.0,0.25,0.37267088050346286,0.15,usgs-hecras-geometry-openlimno-builtin-1d,0.060000000000000005,8.02300850165915e-05
1,2019-09-25,clinch_lower_reach_656_691,clinch_lower_reach,4,Clinch River,Lower Reach,656.6907,50.47534999999999,3545.9301317792433,3.65,346.3173272552852,0.5309870561178229,0.09784938378650451,37.30222775816205,70.25072895540583,0.5306536531473681,0.47340854726231796,12.0,1.0,0.25,0.3656929915418113,0.15,usgs-hecras-geometry-openlimno-builtin-1d,0.060000000000000005,8.02300850165915e-05
1,2019-09-25,clinch_lower_reach_605_834,clinch_lower_reach,4,Clinch River,Lower Reach,605.8342,50.57945000000001,3099.379910432409,3.65,346.0816788784289,0.5765296542522318,0.10331669446037912,35.32826925081054,61.277453796599374,0.5757425821797101,0.5089639495733179,12.0,1.0,0.25,0.3781373823506613,0.15,usgs-hecras-geometry-openlimno-builtin-1d,0.060000000000000005,8.02300850165915e-05
1,2019-09-25,clinch_lower_reach_555_532,clinch_lower_reach,4,Clinch River,Lower Reach,555.5318,49.75550000000001,3049.4332038847665,3.65,345.9366512188072,0.5765679014781645,0.10329144991415685,35.33690351944358,61.28836417852832,0.5755299383518577,0.5089202483219439,12.0,1.0,0.25,0.37812208691268034,0.15,usgs-hecras-geometry-openlimno-builtin-1d,0.060000000000000005,8.02300850165915e-05
1,2019-09-25,clinch_lower_reach_506_323,clinch_lower_reach,4,Clinch River,Lower Reach,506.3232,50.0881,3210.7990896646997,3.65,345.9517200484039,0.5612870299655317,0.10144468181921684,35.98020058365025,64.10303225046867,0.5601728761624095,0.4969782503296236,12.0,1.0,0.25,0.37394238761536824,0.15,usgs-hecras-geometry-openlimno-builtin-1d,0.060000000000000005,8.02300850165915e-05
1,2019-09-25,clinch_lower_reach_455_356,clinch_lower_reach,4,Clinch River,Lower Reach,455.3556,49.9751,3112.844711182388,3.65,345.93336867066523,0.5709290107029527,0.10263771361694267,35.56197689303832,62.287913604622865,0.5700781442419767,0.5045835747250584,12.0,1.0,0.25,0.37660425115377044,0.15,usgs-hecras-geometry-openlimno-builtin-1d,0.060000000000000005,8.02300850165915e-05
1,2019-09-25,clinch_lower_reach_406_373,clinch_lower_reach,4,Clinch River,Lower Reach,406.373,49.43424999999999,2721.0777481107825,3.65,345.7901757383329,0.6148633663073675,0.1078453054206228,33.84477410272164,55.044382146199915,0.6140073317852519,0.538595449648962,12.0,1.0,0.25,0.3885084073771367,0.15,usgs-hecras-geometry-openlimno-builtin-1d,0.060000000000000005,8.02300850165915e-05
1,2019-09-25,clinch_lower_reach_356_487,clinch_lower_reach,4,Clinch River,Lower Reach,356.4871,42.227149999999995,2246.9795223225588,3.65,345.6080561854582,0.6274223613729197,0.10932652095112846,33.38622658294995,53.21172568649693,0.6267065936456164,0.5482768586706406,12.0,1.0,0.25,0.3918969005347242,0.15,usgs-hecras-geometry-openlimno-builtin-1d,0.060000000000000005,8.02300850165915e-05
1,2019-09-25,clinch_lower_reach_321_919,clinch_lower_reach,4,Clinch River,Lower Reach,321.9187,50.02435,2827.438820725204,3.65,345.7858780351618,0.6051335842684572,0.10671607551331834,34.20290694202369,56.521250565478695,0.6043919200010907,0.5311339060770149,12.0,1.0,0.25,0.38589686712695526,0.15,usgs-hecras-geometry-openlimno-builtin-1d,0.060000000000000005,8.02300850165915e-05
1,2019-09-25,clinch_lower_reach_256_438,clinch_lower_reach,4,Clinch River,Lower Reach,256.4384,58.00505,3627.797961184107,3.65,345.8882908362929,0.5695709016160087,0.10246316900326394,35.62255623660957,62.54279517359449,0.5686257708502617,0.5034967305017946,12.0,1.0,0.25,0.3762238556756281,0.15,usgs-hecras-geometry-openlimno-builtin-1d,0.060000000000000005,8.02300850165915e-05
1,2019-09-25,clinch_lower_reach_205_909,clinch_lower_reach,4,Clinch River,Lower Reach,205.9086,50.3267,2769.936073155686,3.65,345.7272441851004,0.6150068464771596,0.10783050067607658,33.84942086993197,55.03909600978577,0.6138891698488241,0.5386268747430303,12.0,1.0,0.25,0.3885194061600606,0.15,usgs-hecras-geometry-openlimno-builtin-1d,0.060000000000000005,8.02300850165915e-05
1,2019-09-25,clinch_lower_reach_155_785,clinch_lower_reach,4,Clinch River,Lower Reach,155.785,49.922850000000004,2351.598007212352,3.65,345.85765957218456,0.6751616574881601,0.1147681498949672,31.803248578463485,47.10464260779086,0.6740717231102231,0.5687258948890469,12.0,1.0,0.25,0.39905406321116643,0.15,usgs-hecras-geometry-openlimno-builtin-1d,0.060000000000000005,8.02300850165915e-05
1,2019-09-25,clinch_lower_reach_106_063,clinch_lower_reach,4,Clinch River,Lower Reach,106.0629,49.394099999999995,2006.5451093161691,3.65,345.61816894481876,0.738083886511252,0.12173439154404989,29.983310005531497,40.623173806510685,0.736370168831947,0.5755451148195093,12.0,1.0,0.25,0.40144079018682827,0.15,usgs-hecras-geometry-openlimno-builtin-1d,0.060000000000000005,8.02300850165915e-05
1,2019-09-25,clinch_lower_reach_56_997,clinch_lower_reach,4,Clinch River,Lower Reach,56.9968,46.54562,2269.892378299908,3.65,345.616568103059,0.6621291784755169,0.1130377985271975,32.29008391491091,48.76704571342928,0.658884792065089,0.5664341781816793,12.0,1.0,0.25,0.39825196236358773,0.15,usgs-hecras-geometry-openlimno-builtin-1d,0.060000000000000005,8.02300850165915e-05
1,2019-09-25,clinch_lower_reach_12_972,clinch_lower_reach,4,Clinch River,Lower Reach,12.97166,44.02514,2553.308614058655,3.65,346.0293683263413,0.5958452247602279,0.10562259580039343,34.55699959218768,57.99660407800305,0.5951263669559462,0.5239665090370733,12.0,1.0,0.25,0.38338827816297566,0.15,usgs-hecras-geometry-openlimno-builtin-1d,0.060000000000000005,8.02300850165915e-05
2,2020-08-25,clinch_upper_reach_4893_771,clinch_upper_reach,1,Clinch River,Upper Reach,4893.771,45.30899999999929,2850.5045014678212,20.56,349.2041923308413,1.6047514558284142,0.20364702869942314,100.9589981808472,62.91254500138749,1.5932724492330748,0.5306289791032294,12.0,1.0,0.25,0.3857201426861303,0.15,usgs-hecras-geometry-openlimno-builtin-1d,0.060000000000000005,8.02300850165915e-05
2,2020-08-25,clinch_upper_reach_4848_462,clinch_upper_reach,1,Clinch River,Upper Reach,4848.462,47.2199999999998,2935.37794333286,20.56,349.13263112983867,1.616187486742993,0.20464131908874333,100.4684688876741,62.16387004093335,1.6049589397801756,0.5285144307743723,12.0,1.0,0.25,0.3849800507710303,0.15,usgs-hecras-geometry-openlimno-builtin-1d,0.060000000000000005,8.02300850165915e-05
2,2020-08-25,clinch_upper_reach_4799_331,clinch_upper_reach,1,Clinch River,Upper Reach,4799.331,49.625,3447.6482298211763,20.56,349.2224999313016,1.5109147173654767,0.1958667562500852,104.96931890651584,69.47401974450733,1.5028479148400509,0.5469874335435436,12.0,1.0,0.25,0.39144560174024023,0.15,usgs-hecras-geometry-openlimno-builtin-1d,0.060000000000000005,8.02300850165915e-05
2,2020-08-25,clinch_upper_reach_4749_212,clinch_upper_reach,1,Clinch River,Upper Reach,4749.212,36.8090000000002,3083.997336849664,20.56,349.6067468192307,1.3496751252312733,0.18181675030712924,113.08089032099382,83.78378485831311,1.344078939462046,0.5683388115167761,12.0,1.0,0.25,0.39891858403087166,0.15,usgs-hecras-geometry-openlimno-builtin-1d,0.060000000000000005,8.02300850165915e-05
2,2020-08-25,clinch_upper_reach_4725_713,clinch_upper_reach,1,Clinch River,Upper Reach,4725.713,25.39850000000024,2222.5433551969327,20.56,349.6046122050752,1.3145427740932534,0.17873360503345898,115.03152972352996,87.50687462633273,1.3100371872822645,0.5720396935214666,12.0,1.0,0.25,0.4002138927325133,0.15,usgs-hecras-geometry-openlimno-builtin-1d,0.060000000000000005,8.02300850165915e-05
2,2020-08-25,clinch_upper_reach_4698_415,clinch_upper_reach,1,Clinch River,Upper Reach,4698.415,27.297999999999774,2520.1141597917317,20.56,349.6471814157825,1.2726365996693534,0.1749964812987381,117.48807660253371,92.31863725517447,1.269159527709849,0.5759454558214842,12.0,1.0,0.25,0.40158090953751946,0.15,usgs-hecras-geometry-openlimno-builtin-1d,0.060000000000000005,8.02300850165915e-05
2,2020-08-25,clinch_main_stem_4648_18,clinch_main_stem,2,Clinch River,Main Stem,4648.18,48.152000000000044,3254.2730863707575,15.42,349.6019046053205,1.2928633433750576,0.17647861528843697,87.37602555866343,67.5833420495671,1.2853247943937522,0.5735937050012988,12.0,1.0,0.25,0.4007577967504546,0.15,usgs-hecras-geometry-openlimno-builtin-1d,0.060000000000000005,8.02300850165915e-05
2,2020-08-25,clinch_main_stem_4600_028,clinch_main_stem,2,Clinch River,Main Stem,4600.028,49.878000000000156,3308.9975121564707,15.42,349.52520455329505,1.3069542032715504,0.1778429256180423,86.70572611427862,66.34182429440756,1.3002558835441305,0.5724360393351584,12.0,1.0,0.25,0.40035261376730547,0.15,usgs-hecras-geometry-openlimno-builtin-1d,0.060000000000000005,8.02300850165915e-05
2,2020-08-25,clinch_main_stem_4548_424,clinch_main_stem,2,Clinch River,Main Stem,4548.424,50.79800000000023,4015.9566517928088,15.42,349.645713485634,1.1778673486135012,0.16559437795227633,93.11910338190337,79.05737729423974,1.1682719126125167,0.5814875531612465,12.0,1.0,0.25,0.40352064360643625,0.15,usgs-hecras-geometry-openlimno-builtin-1d,0.060000000000000005,8.02300850165915e-05
2,2020-08-25,clinch_main_stem_4498_432,clinch_main_stem,2,Clinch River,Main Stem,4498.432,50.32699999999977,3010.3719238332105,15.42,349.3023727093932,1.3915438311316335,0.18525433153416776,83.23692014270652,59.816240265329235,1.3823770120696632,0.5631493168317645,12.0,1.0,0.25,0.39710226089111755,0.15,usgs-hecras-geometry-openlimno-builtin-1d,0.060000000000000005,8.02300850165915e-05
2,2020-08-25,clinch_main_stem_4447_77,clinch_main_stem,2,Clinch River,Main Stem,4447.77,46.873999999999796,2855.068234390552,15.42,349.16864114072735,1.3750865623767037,0.18410681260829168,83.75572734946977,60.909421734662374,1.369552394143846,0.5655546735223325,12.0,1.0,0.25,0.3979441357328164,0.15,usgs-hecras-geometry-openlimno-builtin-1d,0.060000000000000005,8.02300850165915e-05
2,2020-08-25,clinch_main_stem_4404_684,clinch_main_stem,2,Clinch River,Main Stem,4404.684,45.24200000000019,2811.8229109608055,15.42,349.0930425487257,1.3608724972602675,0.1823143135651847,84.57920663747956,62.150720811652754,1.349604448647618,0.5663392556333864,12.0,1.0,0.25,0.39821873947168523,0.15,usgs-hecras-geometry-openlimno-builtin-1d,0.060000000000000005,8.02300850165915e-05
2,2020-08-25,clinch_main_stem_4357_286,clinch_main_stem,2,Clinch River,Main Stem,4357.286,50.25600000000031,3308.507985426954,15.42,348.8165603507745,1.3122484628472115,0.17849416883454375,86.38937675489927,65.83309426589727,1.307404536079526,0.5722093245061611,12.0,1.0,0.25,0.4002732635771564,0.15,usgs-hecras-geometry-openlimno-builtin-1d,0.060000000000000005,8.02300850165915e-05
2,2020-08-25,clinch_main_stem_4304_172,clinch_main_stem,2,Clinch River,Main Stem,4304.172,53.11400000000049,2750.901771079775,15.42,348.87465118599124,1.517929826651976,0.19614019615337616,78.6172355407557,51.79240447113284,1.505996080418398,0.5454245435631052,12.0,1.0,0.25,0.39089859024708684,0.15,usgs-hecras-geometry-openlimno-builtin-1d,0.060000000000000005,8.02300850165915e-05
2,2020-08-25,clinch_middle_reach_4279_376,clinch_middle_reach,3,Clinch River,Middle Reach,4279.376,23.74200000000019,1696.9304937716922,20.56,348.5756577366239,1.4862555710730834,0.19354540336835785,106.22830427478543,71.47378037956696,1.4762103487910456,0.5504726988121973,12.0,1.0,0.25,0.39266544458426905,0.15,usgs-hecras-geometry-openlimno-builtin-1d,0.060000000000000005,8.02300850165915e-05
2,2020-08-25,clinch_middle_reach_4255_634,clinch_middle_reach,3,Clinch River,Middle Reach,4255.634,37.95600000000013,2313.925884618523,20.56,348.5235419841643,1.6367499992228258,0.20604958994234784,99.78180498079436,60.96337560908723,1.6215545651266434,0.5241242870048743,12.0,1.0,0.25,0.38344350045170605,0.15,usgs-hecras-geometry-openlimno-builtin-1d,0.060000000000000005,8.02300850165915e-05
2,2020-08-25,clinch_middle_reach_4203_464,clinch_middle_reach,3,Clinch River,Middle Reach,4203.464,50.35699999999997,2883.5843886551243,20.56,348.5016029140492,1.6988290353615632,0.2113492051548421,97.2797602192873,57.2628311586299,1.6845149324742312,0.5113791581112155,12.0,1.0,0.25,0.3789827053389254,0.15,usgs-hecras-geometry-openlimno-builtin-1d,0.060000000000000005,8.02300850165915e-05
2,2020-08-25,clinch_middle_reach_4154_92,clinch_middle_reach,3,Clinch River,Middle Reach,4154.92,50.82049999999981,2623.1146427177414,20.56,348.1310323171512,1.8134512044007467,0.21965388948564102,93.60180258198444,51.615286010915895,1.7847699791105986,0.48259772175442467,12.0,1.0,0.25,0.36890920261404864,0.15,usgs-hecras-geometry-openlimno-builtin-1d,0.060000000000000005,8.02300850165915e-05
2,2020-08-25,clinch_middle_reach_4101_823,clinch_middle_reach,3,Clinch River,Middle Reach,4101.823,50.264000000000124,2809.911701968833,20.56,348.5744261553044,1.723383199374388,0.213405510382256,96.34240448230477,55.90306585167965,1.7091586613324832,0.5059252080622277,12.0,1.0,0.25,0.3770738228217797,0.15,usgs-hecras-geometry-openlimno-builtin-1d,0.060000000000000005,8.02300850165915e-05
2,2020-08-25,clinch_middle_reach_4054_392,clinch_middle_reach,3,Clinch River,Middle Reach,4054.392,49.40950000000021,2578.468599970204,20.56,347.4717801645924,1.8031380567913804,0.21849562365459507,94.09799453238436,52.18568493852788,1.7706716369004982,0.484925317471802,12.0,1.0,0.25,0.36972386111513067,0.15,usgs-hecras-geometry-openlimno-builtin-1d,0.060000000000000005,8.02300850165915e-05
2,2020-08-25,clinch_middle_reach_4003_004,clinch_middle_reach,3,Clinch River,Middle Reach,4003.004,49.666999999999916,2482.204175691929,20.56,346.9762048268953,1.8481282211389831,0.22259809230339855,92.36377449262666,49.97692986675123,1.8207738049629856,0.47339309891648534,12.0,1.0,0.25,0.3656875846207699,0.15,usgs-hecras-geometry-openlimno-builtin-1d,0.060000000000000005,8.02300850165915e-05
2,2020-08-25,clinch_middle_reach_3955_058,clinch_middle_reach,3,Clinch River,Middle Reach,3955.058,48.64449999999988,2504.719090403497,20.56,347.8377430981635,1.8139561251961451,0.22012585194670534,93.40111494481702,51.4902833907945,1.790524950045591,0.48293822784445256,12.0,1.0,0.25,0.3690283797455584,0.15,usgs-hecras-geometry-openlimno-builtin-1d,0.060000000000000005,8.02300850165915e-05
2,2020-08-25,clinch_middle_reach_3905_715,clinch_middle_reach,3,Clinch River,Middle Reach,3905.715,42.64249999999993,2456.2282842979766,20.56,348.20282172585917,1.693502119075564,0.2107712134903752,97.54652762835123,57.60047568266356,1.6776095085186153,0.5123743458954882,12.0,1.0,0.25,0.37933102106342087,0.15,usgs-hecras-geometry-openlimno-builtin-1d,0.060000000000000005,8.02300850165915e-05
2,2020-08-25,clinch_middle_reach_3869_773,clinch_middle_reach,3,Clinch River,Middle Reach,3869.773,35.94200000000001,1228.6865382301476,20.56,345.6554023199672,2.3554418366606664,0.255335891176885,80.52138657528947,34.185257866288666,2.236875098911185,0.2387576838623394,12.0,1.0,0.25,0.2835651893518188,0.15,usgs-hecras-geometry-openlimno-builtin-1d,0.060000000000000005,8.02300850165915e-05
2,2020-08-25,clinch_lower_reach_3803_314,clinch_lower_reach,4,Clinch River,Lower Reach,3803.314,50.7529999999997,3004.224706507497,21.76,346.42055674130944,1.729863194188352,0.21250856449264624,102.39587308846085,59.19304684466957,1.6983944803851947,0.5027502232465884,12.0,1.0,0.25,0.37596257813630596,0.15,usgs-hecras-geometry-openlimno-builtin-1d,0.060000000000000005,8.02300850165915e-05
2,2020-08-25,clinch_lower_reach_3752_561,clinch_lower_reach,4,Clinch River,Lower Reach,3752.561,49.906499999999824,2992.93315456543,21.76,347.37418578245365,1.7088477517919882,0.21233208081534521,102.48098128385793,59.97080850320981,1.6962793357709727,0.5093519284667642,12.0,1.0,0.25,0.3782731749633675,0.15,usgs-hecras-geometry-openlimno-builtin-1d,0.060000000000000005,8.02300850165915e-05
2,2020-08-25,clinch_lower_reach_3703_501,clinch_lower_reach,4,Clinch River,Lower Reach,3703.501,54.43600000000015,4224.126969509427,21.76,348.02557673364015,1.4623590381043412,0.1917582770942978,113.47619685433159,77.59804117696773,1.455810789895263,0.5543457559466232,12.0,1.0,0.25,0.3940210145813181,0.15,usgs-hecras-geometry-openlimno-builtin-1d,0.060000000000000005,8.02300850165915e-05
2,2020-08-25,clinch_lower_reach_3643_689,clinch_lower_reach,4,Clinch River,Lower Reach,3643.689,49.82600000000002,2598.6802870325364,21.76,347.0276605582404,1.8645195384888251,0.22376652833596997,97.24421325127263,52.15510550781791,1.8351290285027193,0.46862858604301205,12.0,1.0,0.25,0.3640200051150542,0.15,usgs-hecras-geometry-openlimno-builtin-1d,0.060000000000000005,8.02300850165915e-05
2,2020-08-25,clinch_lower_reach_3603_849,clinch_lower_reach,4,Clinch River,Lower Reach,3603.849,44.821500000000015,2223.269143649928,21.76,347.3899472059032,1.9184816338102029,0.22866283894862474,95.16194279774936,49.60273849937926,1.8956900170475066,0.45316840906113903,12.0,1.0,0.25,0.3586089431713987,0.15,usgs-hecras-geometry-openlimno-builtin-1d,0.060000000000000005,8.02300850165915e-05
2,2020-08-25,clinch_lower_reach_3554_046,clinch_lower_reach,4,Clinch River,Lower Reach,3554.046,49.03600000000006,3976.4060241205516,21.76,348.16073033172603,1.4240923334739375,0.18842783400065313,115.48187726832637,81.09156587243142,1.4180499229828705,0.5595516009386934,12.0,1.0,0.25,0.39584306032854266,0.15,usgs-hecras-geometry-openlimno-builtin-1d,0.060000000000000005,8.02300850165915e-05
2,2020-08-25,clinch_lower_reach_3505_777,clinch_lower_reach,4,Clinch River,Lower Reach,3505.777,49.60149999999999,4226.108324501086,21.76,347.8355478530461,1.3826167195626062,0.18471887378769516,117.80063159658306,85.20122021513637,1.3763827327297609,0.5645947480961491,12.0,1.0,0.25,0.39760816183365216,0.15,usgs-hecras-geometry-openlimno-builtin-1d,0.060000000000000005,8.02300850165915e-05
2,2020-08-25,clinch_lower_reach_3454_843,clinch_lower_reach,4,Clinch River,Lower Reach,3454.843,51.30250000000001,4082.5519117837503,21.76,348.0976331983306,1.443648221162243,0.189410619399553,114.88268223281759,79.57803054010525,1.4291626307418497,0.555887053794925,12.0,1.0,0.25,0.3945604688282237,0.15,usgs-hecras-geometry-openlimno-builtin-1d,0.060000000000000005,8.02300850165915e-05
2,2020-08-25,clinch_lower_reach_3403_172,clinch_lower_reach,4,Clinch River,Lower Reach,3403.172,49.798,1997.4533109862327,21.76,347.2645005469856,2.190434868019077,0.2476645292805673,87.86078516455272,40.11111512482896,2.1368252832649595,0.3441026664919132,12.0,1.0,0.25,0.3204359332721696,0.15,usgs-hecras-geometry-openlimno-builtin-1d,0.060000000000000005,8.02300850165915e-05
2,2020-08-25,clinch_lower_reach_3355_247,clinch_lower_reach,4,Clinch River,Lower Reach,3355.247,50.37799999999993,2392.646577039975,21.76,346.77431532777774,1.9778592318173929,0.2316465740467495,93.93620470988935,47.49387782444675,1.93291566858905,0.43220208365001145,12.0,1.0,0.25,0.351270729277504,0.15,usgs-hecras-geometry-openlimno-builtin-1d,0.060000000000000005,8.02300850165915e-05
2,2020-08-25,clinch_lower_reach_3302_416,clinch_lower_reach,4,Clinch River,Lower Reach,3302.416,51.749000000000024,1640.5723815489391,21.76,345.5260425964493,2.546194873875286,0.2695714020129105,80.720728673429,31.70249437764862,2.426524398196612,0.0,12.0,1.0,0.25,0.2,0.15,usgs-hecras-geometry-openlimno-builtin-1d,0.060000000000000005,8.02300850165915e-05
2,2020-08-25,clinch_lower_reach_3251_749,clinch_lower_reach,4,Clinch River,Lower Reach,3251.749,50.45950000000016,1733.9472413301785,21.76,345.4863784839174,2.4097600977391322,0.2627799017608875,82.80694168079938,34.36314750106864,2.3354047138118466,0.1913707217131004,12.0,1.0,0.25,0.2669797525995852,0.15,usgs-hecras-geometry-openlimno-builtin-1d,0.060000000000000005,8.02300850165915e-05
2,2020-08-25,clinch_lower_reach_3201_497,clinch_lower_reach,4,Clinch River,Lower Reach,3201.497,49.927999999999884,2281.941661771677,21.76,346.6005425979763,2.0182351702968386,0.23589935484902758,92.24272789523359,45.70464792845062,1.9863916623853546,0.41894888238037387,12.0,1.0,0.25,0.3466321088331309,0.15,usgs-hecras-geometry-openlimno-builtin-1d,0.060000000000000005,8.02300850165915e-05
2,2020-08-25,clinch_lower_reach_3151_893,clinch_lower_reach,4,Clinch River,Lower Reach,3151.893,48.56549999999993,2010.3959627272925,21.76,346.43088327891445,2.1453905383330047,0.2450184515744165,88.80963805042698,41.395557808059124,2.10267504357104,0.3663149713584829,12.0,1.0,0.25,0.32821023997546905,0.15,usgs-hecras-geometry-openlimno-builtin-1d,0.060000000000000005,8.02300850165915e-05
2,2020-08-25,clinch_lower_reach_3104_366,clinch_lower_reach,4,Clinch River,Lower Reach,3104.366,50.80799999999999,2325.2485874488975,21.76,346.7725196928376,2.0185344039982898,0.23555126754060363,92.37904014356059,45.76540283909813,1.9819931769840295,0.41850964001830937,12.0,1.0,0.25,0.34647837400640824,0.15,usgs-hecras-geometry-openlimno-builtin-1d,0.060000000000000005,8.02300850165915e-05
2,2020-08-25,clinch_lower_reach_3050_277,clinch_lower_reach,4,Clinch River,Lower Reach,3050.277,51.47399999999993,2853.1550696668482,21.76,347.52943939209416,1.7929619720172063,0.21895272492599083,99.38218401874283,55.42905291344858,1.7762350420846966,0.48896376578632156,12.0,1.0,0.25,0.37113731802521255,0.15,usgs-hecras-geometry-openlimno-builtin-1d,0.060000000000000005,8.02300850165915e-05
2,2020-08-25,clinch_lower_reach_3001_418,clinch_lower_reach,4,Clinch River,Lower Reach,3001.418,49.3900000000001,3457.463638249208,21.76,347.7285308054766,1.556381398022414,0.1997212448688029,108.9518544423963,70.00331318585141,1.5474288959630105,0.5394988119879469,12.0,1.0,0.25,0.3888245841957814,0.15,usgs-hecras-geometry-openlimno-builtin-1d,0.060000000000000005,8.02300850165915e-05
2,2020-08-25,clinch_lower_reach_2951_497,clinch_lower_reach,4,Clinch River,Lower Reach,2951.497,50.794000000000096,3310.752500423653,21.76,347.6591984563682,1.6257403603208056,0.20534938302960318,105.96574325652139,65.17999173964733,1.6132942588633408,0.526558987174483,12.0,1.0,0.25,0.3842956455110691,0.15,usgs-hecras-geometry-openlimno-builtin-1d,0.060000000000000005,8.02300850165915e-05
2,2020-08-25,clinch_lower_reach_2899_83,clinch_lower_reach,4,Clinch River,Lower Reach,2899.83,49.859500000000025,3153.9956412636025,21.76,347.6139223024149,1.6558161674683354,0.2077464458084273,104.74306751830505,63.2576668691744,1.6416275554606607,0.520433722917373,12.0,1.0,0.25,0.38215180302108054,0.15,usgs-hecras-geometry-openlimno-builtin-1d,0.060000000000000005,8.02300850165915e-05
2,2020-08-25,clinch_lower_reach_2851_778,clinch_lower_reach,4,Clinch River,Lower Reach,2851.778,49.67899999999986,3330.0983029116733,21.76,347.68057430596497,1.5981839139006562,0.2031177735055673,107.12996516478444,67.0323135109741,1.5870633004451833,0.531879272625522,12.0,1.0,0.25,0.3861577454189327,0.15,usgs-hecras-geometry-openlimno-builtin-1d,0.060000000000000005,8.02300850165915e-05
2,2020-08-25,clinch_lower_reach_2800_472,clinch_lower_reach,4,Clinch River,Lower Reach,2800.472,47.763499999999794,3257.96704509051,21.76,347.7993942681167,1.5807042052634868,0.20181699655715413,107.82045304017602,68.21039172360744,1.5718513639100253,0.5352869057012369,12.0,1.0,0.25,0.38735041699543293,0.15,usgs-hecras-geometry-openlimno-builtin-1d,0.060000000000000005,8.02300850165915e-05
2,2020-08-25,clinch_lower_reach_2756_251,clinch_lower_reach,4,Clinch River,Lower Reach,2756.251,48.878000000000156,3308.2270908390046,21.76,347.7103231344524,1.5878741842344826,0.2024701088593239,107.47265422333939,67.68335633288993,1.5794842792259294,0.5340574104916734,12.0,1.0,0.25,0.3869200936720857,0.15,usgs-hecras-geometry-openlimno-builtin-1d,0.060000000000000005,8.02300850165915e-05
2,2020-08-25,clinch_lower_reach_2702_716,clinch_lower_reach,4,Clinch River,Lower Reach,2702.716,52.79500000000007,3596.4038566488325,21.76,347.66311417398754,1.5822519553172651,0.20188664434902906,107.78325663970378,68.12016017897201,1.5726630279404301,0.5349283834704286,12.0,1.0,0.25,0.38722493421465,0.15,usgs-hecras-geometry-openlimno-builtin-1d,0.060000000000000005,8.02300850165915e-05
2,2020-08-25,clinch_lower_reach_2650_661,clinch_lower_reach,4,Clinch River,Lower Reach,2650.661,50.19249999999988,3458.529957981931,21.76,347.75143487599115,1.5733181343141933,0.20071952859627998,108.40997959778633,68.90531370188653,1.5590461120910024,0.5359697266261704,12.0,1.0,0.25,0.38758940431915967,0.15,usgs-hecras-geometry-openlimno-builtin-1d,0.060000000000000005,8.02300850165915e-05
2,2020-08-25,clinch_lower_reach_2602_331,clinch_lower_reach,4,Clinch River,Lower Reach,2602.331,48.43250000000012,2935.607173968302,21.76,347.68933842061136,1.698208158644209,0.21140094035182425,102.93237089572969,60.61234034931699,1.6851313054439068,0.5116398788256121,12.0,1.0,0.25,0.3790739575889642,0.15,usgs-hecras-geometry-openlimno-builtin-1d,0.060000000000000005,8.02300850165915e-05
2,2020-08-25,clinch_lower_reach_2553_796,clinch_lower_reach,4,Clinch River,Lower Reach,2553.796,50.061500000000024,2700.2817781779045,21.76,347.39039321556356,1.8218870623563352,0.22142783396026056,98.27129503468497,53.93929023656709,1.8064352358468658,0.4815564837554336,12.0,1.0,0.25,0.3685447693144017,0.15,usgs-hecras-geometry-openlimno-builtin-1d,0.060000000000000005,8.02300850165915e-05
2,2020-08-25,clinch_lower_reach_2502_208,clinch_lower_reach,4,Clinch River,Lower Reach,2502.208,51.94899999999984,2986.201990130435,21.76,346.6020898658558,1.761961993855111,0.21484258348534394,101.28345901912141,57.48333923906994,1.7264465134444984,0.49485693412520687,12.0,1.0,0.25,0.3731999269438224,0.15,usgs-hecras-geometry-openlimno-builtin-1d,0.060000000000000005,8.02300850165915e-05
2,2020-08-25,clinch_lower_reach_2449_898,clinch_lower_reach,4,Clinch River,Lower Reach,2449.898,51.12049999999999,2858.848556444652,21.76,346.09496401805205,1.7893552653845923,0.21745342806442705,100.06740382843242,55.92372055133757,1.7580230237522936,0.4885280605165426,12.0,1.0,0.25,0.3709848211807899,0.15,usgs-hecras-geometry-openlimno-builtin-1d,0.060000000000000005,8.02300850165915e-05
2,2020-08-25,clinch_lower_reach_2399_967,clinch_lower_reach,4,Clinch River,Lower Reach,2399.967,50.17000000000007,2977.8541772569183,21.76,347.0143565256966,1.7211311558747577,0.21300294047420718,102.15821411458379,59.35527560807084,1.7043241985151247,0.5061801135973502,12.0,1.0,0.25,0.37716303975907256,0.15,usgs-hecras-geometry-openlimno-builtin-1d,0.060000000000000005,8.02300850165915e-05
2,2020-08-25,clinch_lower_reach_2349_558,clinch_lower_reach,4,Clinch River,Lower Reach,2349.558,49.50649999999996,3182.809813690256,21.76,347.4167441197296,1.6392796802929714,0.20647019630989064,105.39051344408308,64.29074593619542,1.6265221314077536,0.52388966001734,12.0,1.0,0.25,0.383361381006069,0.15,usgs-hecras-geometry-openlimno-builtin-1d,0.060000000000000005,8.02300850165915e-05
2,2020-08-25,clinch_lower_reach_2300_954,clinch_lower_reach,4,Clinch River,Lower Reach,2300.954,49.94699999999989,3101.7823436606354,21.76,347.0773148110046,1.6789566546867656,0.20869761951518084,104.26568377037555,62.101474436115126,1.6529128009205398,0.5144248078312367,12.0,1.0,0.25,0.38004868274093284,0.15,usgs-hecras-geometry-openlimno-builtin-1d,0.060000000000000005,8.02300850165915e-05
2,2020-08-25,clinch_lower_reach_2249_664,clinch_lower_reach,4,Clinch River,Lower Reach,2249.664,51.33600000000001,3042.402243564925,21.76,346.58007566244567,1.7245787356628104,0.21290274345204568,102.20629216504781,59.26449749814797,1.7031240055934522,0.5049397907582938,12.0,1.0,0.25,0.3767289267654028,0.15,usgs-hecras-geometry-openlimno-builtin-1d,0.060000000000000005,8.02300850165915e-05
2,2020-08-25,clinch_lower_reach_2198_282,clinch_lower_reach,4,Clinch River,Lower Reach,2198.282,49.81050000000005,2826.336962514133,21.76,346.29678146470366,1.7681214281469173,0.21689211641096157,100.32637589634524,56.74179063679607,1.7512157988312924,0.4951325900267891,12.0,1.0,0.25,0.3732964065093762,0.15,usgs-hecras-geometry-openlimno-builtin-1d,0.060000000000000005,8.02300850165915e-05
2,2020-08-25,clinch_lower_reach_2150_043,clinch_lower_reach,4,Clinch River,Lower Reach,2150.043,48.95600000000013,3125.6787440700714,21.76,346.9819398047288,1.648989264558105,0.20668199717914298,105.28251273447574,63.8466938489677,1.629028798064317,0.5211934602866714,12.0,1.0,0.25,0.38241771110033496,0.15,usgs-hecras-geometry-openlimno-builtin-1d,0.060000000000000005,8.02300850165915e-05
2,2020-08-25,clinch_lower_reach_2100_37,clinch_lower_reach,4,Clinch River,Lower Reach,2100.37,50.11350000000016,2879.425623177906,21.76,346.42142400986523,1.7555864680498754,0.21571757868678432,100.87263232077574,57.45808261601957,1.7370096924980618,0.49800076701179563,12.0,1.0,0.25,0.37430026845412845,0.15,usgs-hecras-geometry-openlimno-builtin-1d,0.060000000000000005,8.02300850165915e-05
2,2020-08-25,clinch_lower_reach_2049_816,clinch_lower_reach,4,Clinch River,Lower Reach,2049.816,50.17199999999991,3235.767465863966,21.76,347.1631415033606,1.6357283425811235,0.2062679829386263,105.49383229521641,64.49349170581145,1.6241361547350337,0.5247121976161099,12.0,1.0,0.25,0.38364926916563846,0.15,usgs-hecras-geometry-openlimno-builtin-1d,0.060000000000000005,8.02300850165915e-05
2,2020-08-25,clinch_lower_reach_2000_026,clinch_lower_reach,4,Clinch River,Lower Reach,2000.026,49.6579999999999,2964.316773318291,21.76,346.95967330177456,1.7148852053614176,0.212563381410587,102.36946672375534,59.694646850825585,1.699051813506851,0.5076810106375255,12.0,1.0,0.25,0.3776883537231339,0.15,usgs-hecras-geometry-openlimno-builtin-1d,0.060000000000000005,8.02300850165915e-05
2,2020-08-25,clinch_lower_reach_1950_5,clinch_lower_reach,4,Clinch River,Lower Reach,1950.5,50.339500000000044,2900.3240472034813,21.76,347.0771999188501,1.751830952341354,0.2155902269694358,100.93221898729627,57.61527323877827,1.7354717196060045,0.49910798391538835,12.0,1.0,0.25,0.3746877943703859,0.15,usgs-hecras-geometry-openlimno-builtin-1d,0.060000000000000005,8.02300850165915e-05
2,2020-08-25,clinch_lower_reach_1899_347,clinch_lower_reach,4,Clinch River,Lower Reach,1899.347,50.96849999999995,2995.1979846516756,21.76,346.9002320351769,1.730755105888201,0.21394374180866613,101.70898113701486,58.765668690498615,1.7156287569722741,0.5041528404237346,12.0,1.0,0.25,0.3764534941483071,0.15,usgs-hecras-geometry-openlimno-builtin-1d,0.060000000000000005,8.02300850165915e-05
2,2020-08-25,clinch_lower_reach_1848_563,clinch_lower_reach,4,Clinch River,Lower Reach,1848.563,50.57349999999997,3477.0924299410976,21.76,347.1680870028595,1.5730688964944628,0.20119534207182327,108.15359727479206,68.75324883468812,1.5645909720645974,0.5366767761698042,12.0,1.0,0.25,0.3878368716594315,0.15,usgs-hecras-geometry-openlimno-builtin-1d,0.060000000000000005,8.02300850165915e-05
2,2020-08-25,clinch_lower_reach_1798_2,clinch_lower_reach,4,Clinch River,Lower Reach,1798.2,50.66450000000009,3371.0742037297105,21.76,346.925331593626,1.6054153457542037,0.20370745819795902,106.81984936876513,66.53720462512617,1.5939854407969876,0.5305108866590779,12.0,1.0,0.25,0.38567881033067725,0.15,usgs-hecras-geometry-openlimno-builtin-1d,0.060000000000000005,8.02300850165915e-05
2,2020-08-25,clinch_lower_reach_1747_234,clinch_lower_reach,4,Clinch River,Lower Reach,1747.234,50.704000000000065,3614.901042285414,21.76,346.95708574525077,1.5417126159726477,0.19797086177011128,109.91516531997652,71.29419853040015,1.5271294722262783,0.5412882948394734,12.0,1.0,0.25,0.3894509031938157,0.15,usgs-hecras-geometry-openlimno-builtin-1d,0.060000000000000005,8.02300850165915e-05
2,2020-08-25,clinch_lower_reach_1696_792,clinch_lower_reach,4,Clinch River,Lower Reach,1696.792,48.03399999999999,3382.062506764667,21.76,347.2156472664073,1.5501103514076553,0.1993716478548953,109.14290087945277,70.40976197619743,1.5433660007084749,0.5408145786915776,12.0,1.0,0.25,0.3892851025420522,0.15,usgs-hecras-geometry-openlimno-builtin-1d,0.060000000000000005,8.02300850165915e-05
2,2020-08-25,clinch_lower_reach_1651_166,clinch_lower_reach,4,Clinch River,Lower Reach,1651.166,47.878999999999905,3269.4964651619493,21.76,346.94829138671514,1.5805506088267933,0.20161121348955646,107.93050457546687,68.28664895177334,1.569445438524537,0.5350586263070446,12.0,1.0,0.25,0.3872705192074656,0.15,usgs-hecras-geometry-openlimno-builtin-1d,0.060000000000000005,8.02300850165915e-05
2,2020-08-25,clinch_lower_reach_1601_034,clinch_lower_reach,4,Clinch River,Lower Reach,1601.034,47.654499999999985,2844.1494706340914,21.76,347.0157305567508,1.7150041627617443,0.21259116567835426,102.35608770743748,59.68270510936202,1.6993849109883967,0.5076757243235018,12.0,1.0,0.25,0.37768650351322564,0.15,usgs-hecras-geometry-openlimno-builtin-1d,0.060000000000000005,8.02300850165915e-05
2,2020-08-25,clinch_lower_reach_1555_857,clinch_lower_reach,4,Clinch River,Lower Reach,1555.857,47.703500000000076,2922.104504911655,21.76,347.16823536715634,1.6867499416735647,0.21060209532465962,103.32280866652944,61.25555787125998,1.675590797581418,0.5143082715227103,12.0,1.0,0.25,0.38000789503294863,0.15,usgs-hecras-geometry-openlimno-builtin-1d,0.060000000000000005,8.02300850165915e-05
2,2020-08-25,clinch_lower_reach_1505_627,clinch_lower_reach,4,Clinch River,Lower Reach,1505.627,50.02350000000001,2950.854240416492,21.76,347.40436008651744,1.7251702916641203,0.21382241843396116,101.76669106715092,58.989359809219486,1.7141684783470723,0.5058361510946224,12.0,1.0,0.25,0.3770426528831179,0.15,usgs-hecras-geometry-openlimno-builtin-1d,0.060000000000000005,8.02300850165915e-05
2,2020-08-25,clinch_lower_reach_1455_81,clinch_lower_reach,4,Clinch River,Lower Reach,1455.81,49.34699999999998,3146.5195240168728,21.76,347.5678324012874,1.6457431622222602,0.20736103702521771,104.93774680222934,63.76313705021327,1.6370603241038948,0.5230436375152036,12.0,1.0,0.25,0.38306527313032124,0.15,usgs-hecras-geometry-openlimno-builtin-1d,0.060000000000000005,8.02300850165915e-05
2,2020-08-25,clinch_lower_reach_1406_933,clinch_lower_reach,4,Clinch River,Lower Reach,1406.933,48.507999999999925,2783.3240906893247,21.76,347.4726485023498,1.7559286626210517,0.2159740703596369,100.75283557774118,57.37866105981136,1.7401086134097983,0.49818220197585705,12.0,1.0,0.25,0.37436377069154997,0.15,usgs-hecras-geometry-openlimno-builtin-1d,0.060000000000000005,8.02300850165915e-05
2,2020-08-25,clinch_lower_reach_1358_794,clinch_lower_reach,4,Clinch River,Lower Reach,1358.794,50.120000000000005,2847.696599142079,21.76,347.4605717184889,1.766401961069803,0.21681368885205662,100.36266674493967,56.81756981528489,1.7502655718896059,0.49562424575562786,12.0,1.0,0.25,0.37346848601446975,0.15,usgs-hecras-geometry-openlimno-builtin-1d,0.060000000000000005,8.02300850165915e-05
2,2020-08-25,clinch_lower_reach_1306_693,clinch_lower_reach,4,Clinch River,Lower Reach,1306.693,50.790500000000065,2734.7035808181035,21.76,347.3804637478596,1.8259644383504077,0.22132924612770996,98.3150685266609,53.84281668457881,1.8052270628301432,0.47999965045542586,12.0,1.0,0.25,0.36799987765939907,0.15,usgs-hecras-geometry-openlimno-builtin-1d,0.060000000000000005,8.02300850165915e-05
2,2020-08-25,clinch_lower_reach_1257_213,clinch_lower_reach,4,Clinch River,Lower Reach,1257.213,50.10649999999998,3058.9217171344,21.76,346.9412696291525,1.690845058882495,0.21080493970716377,103.22338760290698,61.04840124802971,1.6780121902140817,0.513258736525108,12.0,1.0,0.25,0.3796405577837878,0.15,usgs-hecras-geometry-openlimno-builtin-1d,0.060000000000000005,8.02300850165915e-05
2,2020-08-25,clinch_lower_reach_1206_48,clinch_lower_reach,4,Clinch River,Lower Reach,1206.48,50.096000000000004,3352.6549031372833,21.76,346.9138610935892,1.5994793743631608,0.20327990281614788,107.04452185654753,66.92460282532105,1.5889690300286967,0.5317091916634968,12.0,1.0,0.25,0.3860982170822239,0.15,usgs-hecras-geometry-openlimno-builtin-1d,0.060000000000000005,8.02300850165915e-05
2,2020-08-25,clinch_lower_reach_1157_021,clinch_lower_reach,4,Clinch River,Lower Reach,1157.021,49.730500000000006,3364.6261064529926,21.76,346.81266383144435,1.5910895473588778,0.20213907954058585,107.64865482446697,67.6571944069131,1.5756101453018925,0.5326792805047551,12.0,1.0,0.25,0.3864377481766643,0.15,usgs-hecras-geometry-openlimno-builtin-1d,0.060000000000000005,8.02300850165915e-05
2,2020-08-25,clinch_lower_reach_1107_019,clinch_lower_reach,4,Clinch River,Lower Reach,1107.019,50.140499999999975,3213.0569188637105,21.76,347.0059447618901,1.641793230744299,0.2068286378070888,105.20786787899158,64.08107056897542,1.630758782217476,0.5235780331732697,12.0,1.0,0.25,0.3832523116106444,0.15,usgs-hecras-geometry-openlimno-builtin-1d,0.060000000000000005,8.02300850165915e-05
2,2020-08-25,clinch_lower_reach_1056_74,clinch_lower_reach,4,Clinch River,Lower Reach,1056.74,50.045500000000004,3592.3142693850027,21.76,347.06207669145965,1.5325839785790427,0.19779955902348972,110.01035648120877,71.78096470981411,1.5251420438946177,0.5436249877479655,12.0,1.0,0.25,0.39026874571178793,0.15,usgs-hecras-geometry-openlimno-builtin-1d,0.060000000000000005,8.02300850165915e-05
2,2020-08-25,clinch_lower_reach_1006_928,clinch_lower_reach,4,Clinch River,Lower Reach,1006.928,49.81200000000001,3674.202639228568,21.76,346.9354296687701,1.5085288771661531,0.19555824789368353,111.27119533117295,73.76139563214822,1.4992986252288705,0.5472152818241505,12.0,1.0,0.25,0.3915253486384527,0.15,usgs-hecras-geometry-openlimno-builtin-1d,0.060000000000000005,8.02300850165915e-05
2,2020-08-25,clinch_lower_reach_957_116,clinch_lower_reach,4,Clinch River,Lower Reach,957.116,49.932799999999986,3592.346496706906,21.76,346.9502804540161,1.531380817184066,0.19750740768615588,110.17308289812186,71.9436221623243,1.5217692471301856,0.5435610650169914,12.0,1.0,0.25,0.390246372755947,0.15,usgs-hecras-geometry-openlimno-builtin-1d,0.060000000000000005,8.02300850165915e-05
2,2020-08-25,clinch_lower_reach_907_062,clinch_lower_reach,4,Clinch River,Lower Reach,907.0624,49.853549999999984,3448.184307113488,21.76,346.8726500892964,1.567709213491502,0.20067764624252069,108.43260526238609,69.16627415928232,1.5585604492050746,0.5375332198050629,12.0,1.0,0.25,0.388136626931772,0.15,usgs-hecras-geometry-openlimno-builtin-1d,0.060000000000000005,8.02300850165915e-05
2,2020-08-25,clinch_lower_reach_857_409,clinch_lower_reach,4,Clinch River,Lower Reach,857.4089,50.186350000000004,3579.1115246494437,21.76,346.860051548515,1.5394658418947995,0.19819797539341014,109.78921432879328,71.31643414293814,1.5297584127103676,0.5422332277305405,12.0,1.0,0.25,0.3897816297056892,0.15,usgs-hecras-geometry-openlimno-builtin-1d,0.060000000000000005,8.02300850165915e-05
2,2020-08-25,clinch_lower_reach_806_69,clinch_lower_reach,4,Clinch River,Lower Reach,806.6897,50.20685000000003,3652.9541179909756,21.76,346.7774423487244,1.5208210053514966,0.19665253343865413,110.65201967910598,72.75808217386619,1.5119006480978907,0.5453319346046769,12.0,1.0,0.25,0.3908661771116369,0.15,usgs-hecras-geometry-openlimno-builtin-1d,0.060000000000000005,8.02300850165915e-05
2,2020-08-25,clinch_lower_reach_756_995,clinch_lower_reach,4,Clinch River,Lower Reach,756.9952,49.95240000000001,3869.6886360730446,21.76,346.9984327496266,1.463598929883983,0.19191863438379236,113.38138201048832,77.46752180221658,1.4576379502521424,0.5542460572435204,12.0,1.0,0.25,0.39398612003523215,0.15,usgs-hecras-geometry-openlimno-builtin-1d,0.060000000000000005,8.02300850165915e-05
2,2020-08-25,clinch_lower_reach_706_785,clinch_lower_reach,4,Clinch River,Lower Reach,706.7849,50.15224999999998,4106.450762921745,21.76,347.1927457173418,1.4150867752263208,0.18780174381830625,115.86686873926095,81.87969159752049,1.4109881785921683,0.5609542276924949,12.0,1.0,0.25,0.3963339796923732,0.15,usgs-hecras-geometry-openlimno-builtin-1d,0.060000000000000005,8.02300850165915e-05
2,2020-08-25,clinch_lower_reach_656_691,clinch_lower_reach,4,Clinch River,Lower Reach,656.6907,50.47534999999999,4029.272372699768,21.76,347.34208111797494,1.4371289508811038,0.18967752133676224,114.72102675448976,79.82653657081661,1.4321792772749902,0.5579924662829552,12.0,1.0,0.25,0.3952973631990343,0.15,usgs-hecras-geometry-openlimno-builtin-1d,0.060000000000000005,8.02300850165915e-05
2,2020-08-25,clinch_lower_reach_605_834,clinch_lower_reach,4,Clinch River,Lower Reach,605.8342,50.57945000000001,3910.7251345170166,21.76,347.1671718245663,1.4653179892071697,0.19206304926519702,113.29612897041017,77.31845906819896,1.4592834632754168,0.5539945248920544,12.0,1.0,0.25,0.393898083712219,0.15,usgs-hecras-geometry-openlimno-builtin-1d,0.060000000000000005,8.02300850165915e-05
2,2020-08-25,clinch_lower_reach_555_532,clinch_lower_reach,4,Clinch River,Lower Reach,555.5318,49.75550000000001,3664.7844889041858,21.76,347.0155028133684,1.5099236714322708,0.19565752320653862,111.21473707417763,73.65586696755504,1.5004423020662618,0.5469690189542089,12.0,1.0,0.25,0.3914391566339731,0.15,usgs-hecras-geometry-openlimno-builtin-1d,0.060000000000000005,8.02300850165915e-05
2,2020-08-25,clinch_lower_reach_506_323,clinch_lower_reach,4,Clinch River,Lower Reach,506.3232,50.0881,3601.7757227578,21.76,347.0366929261616,1.5317878297825644,0.19755051569830157,110.14904174298282,71.90881112994504,1.5222691854234773,0.5435061543510727,12.0,1.0,0.25,0.39022715402287544,0.15,usgs-hecras-geometry-openlimno-builtin-1d,0.060000000000000005,8.02300850165915e-05
2,2020-08-25,clinch_lower_reach_455_356,clinch_lower_reach,4,Clinch River,Lower Reach,455.3556,49.9751,3664.0784225546563,21.76,347.0221609592134,1.5132649569564014,0.19612494164587121,110.94968246971095,73.3180808553591,1.5058154857383799,0.5466971417929442,12.0,1.0,0.25,0.3913439996275304,0.15,usgs-hecras-geometry-openlimno-builtin-1d,0.060000000000000005,8.02300850165915e-05
2,2020-08-25,clinch_lower_reach_406_373,clinch_lower_reach,4,Clinch River,Lower Reach,406.373,49.43424999999999,3290.792588287322,21.76,346.97872684181453,1.6035466830247709,0.20384718679340968,106.74662889536377,66.56908091631455,1.595625687115599,0.531246784056797,12.0,1.0,0.25,0.38593637441987894,0.15,usgs-hecras-geometry-openlimno-builtin-1d,0.060000000000000005,8.02300850165915e-05
2,2020-08-25,clinch_lower_reach_356_487,clinch_lower_reach,4,Clinch River,Lower Reach,356.4871,42.227149999999995,2783.8441512474114,21.76,346.80947250320884,1.6129099908880038,0.20464239578013574,106.33182785535101,65.92545675584101,1.6049716062998978,0.5294948780197161,12.0,1.0,0.25,0.3853232073069006,0.15,usgs-hecras-geometry-openlimno-builtin-1d,0.060000000000000005,8.02300850165915e-05
2,2020-08-25,clinch_lower_reach_321_919,clinch_lower_reach,4,Clinch River,Lower Reach,321.9187,50.02435,3348.440590999876,21.76,346.9329313941328,1.5991568309266537,0.2032856345828971,107.041503668704,66.93621388383609,1.5890368628996818,0.531811902888284,12.0,1.0,0.25,0.3861341660108994,0.15,usgs-hecras-geometry-openlimno-builtin-1d,0.060000000000000005,8.02300850165915e-05
2,2020-08-25,clinch_lower_reach_256_438,clinch_lower_reach,4,Clinch River,Lower Reach,256.4384,58.00505,4080.015267672597,21.76,346.9942978802796,1.5519807000722372,0.19933180161762284,109.16471844137594,70.33896648089429,1.5429037143677282,0.5402278870250068,12.0,1.0,0.25,0.38907976045875237,0.15,usgs-hecras-geometry-openlimno-builtin-1d,0.060000000000000005,8.02300850165915e-05
2,2020-08-25,clinch_lower_reach_205_909,clinch_lower_reach,4,Clinch River,Lower Reach,205.9086,50.3267,3305.4310179205545,21.76,346.9179089635492,1.61708423368813,0.20487860292282553,106.20923654090244,65.67947069687769,1.6077493761520703,0.5285524030602011,12.0,1.0,0.25,0.3849933410710704,0.15,usgs-hecras-geometry-openlimno-builtin-1d,0.060000000000000005,8.02300850165915e-05
2,2020-08-25,clinch_lower_reach_155_785,clinch_lower_reach,4,Clinch River,Lower Reach,155.785,49.922850000000004,3317.8371815868095,21.76,347.0994327985455,1.6051143208109648,0.203984525278274,106.67475863826039,66.45929031669485,1.5972350011534586,0.5309608547368241,12.0,1.0,0.25,0.3858362991578884,0.15,usgs-hecras-geometry-openlimno-builtin-1d,0.060000000000000005,8.02300850165915e-05
2,2020-08-25,clinch_lower_reach_106_063,clinch_lower_reach,4,Clinch River,Lower Reach,106.0629,49.394099999999995,3171.18608910687,21.76,346.983336293369,1.6384203010255218,0.20686495328928375,105.18939846504796,64.2017182033253,1.6311845494646906,0.524651962863429,12.0,1.0,0.25,0.38362818700220014,0.15,usgs-hecras-geometry-openlimno-builtin-1d,0.060000000000000005,8.02300850165915e-05
2,2020-08-25,clinch_lower_reach_56_997,clinch_lower_reach,4,Clinch River,Lower Reach,56.9968,46.54562,3072.4627719660934,21.76,346.9037065162432,1.613301032798611,0.20433166289849392,106.49352964356652,66.00970772257612,1.601317465081392,0.5289760991289043,12.0,1.0,0.25,0.38514163469511653,0.15,usgs-hecras-geometry-openlimno-builtin-1d,0.060000000000000005,8.02300850165915e-05
2,2020-08-25,clinch_lower_reach_12_972,clinch_lower_reach,4,Clinch River,Lower Reach,12.97166,44.02514,3228.4459725127685,21.76,347.15067808248153,1.5129982591001947,0.196122619596026,110.95099609020785,73.33187293698029,1.5057923911285689,0.5467677815171501,12.0,1.0,0.25,0.39136872353100255,0.15,usgs-hecras-geometry-openlimno-builtin-1d,0.060000000000000005,8.02300850165915e-05
3,2020-09-14,clinch_upper_reach_4893_771,clinch_upper_reach,1,Clinch River,Upper Reach,4893.771,45.30899999999929,2751.4148687564802,15.5,348.9294769992285,1.3828734011298818,0.18457703789519972,83.97577605942882,60.72557038902919,1.3748029015760388,0.5643131179531728,12.0,1.0,0.25,0.3975095912836105,0.15,usgs-hecras-geometry-openlimno-builtin-1d,0.060000000000000005,8.02300850165915e-05
3,2020-09-14,clinch_upper_reach_4848_462,clinch_upper_reach,1,Clinch River,Upper Reach,4848.462,47.2199999999998,2759.034502973149,15.5,348.8378683729273,1.415270187179827,0.18743953191546114,82.69333497370661,58.429362621202046,1.4069077975902025,0.5603656395532347,12.0,1.0,0.25,0.3961279738436322,0.15,usgs-hecras-geometry-openlimno-builtin-1d,0.060000000000000005,8.02300850165915e-05
3,2020-09-14,clinch_upper_reach_4799_331,clinch_upper_reach,1,Clinch River,Upper Reach,4799.331,49.625,3376.2930387335364,15.5,348.97315335149835,1.290865215989789,0.17648637638526835,87.82547592321588,68.03613176289242,1.2854072477486176,0.5740808555530342,12.0,1.0,0.25,0.400928299443562,0.15,usgs-hecras-geometry-openlimno-builtin-1d,0.060000000000000005,8.02300850165915e-05
3,2020-09-14,clinch_upper_reach_4749_212,clinch_upper_reach,1,Clinch River,Upper Reach,4749.212,36.8090000000002,2932.7448729160737,15.5,349.3697063654739,1.1738886021835242,0.16572367182014064,93.5291852380757,79.67466850270472,1.1696360740543965,0.582589148514699,12.0,1.0,0.25,0.40390620198014465,0.15,usgs-hecras-geometry-openlimno-builtin-1d,0.060000000000000005,8.02300850165915e-05
3,2020-09-14,clinch_upper_reach_4725_713,clinch_upper_reach,1,Clinch River,Upper Reach,4725.713,25.39850000000024,2168.287057627868,15.5,349.3861545153922,1.1259358885881325,0.16125356578627573,96.12190542529511,85.3706737652951,1.1226349247549212,0.5849763056074868,12.0,1.0,0.25,0.40474170696262035,0.15,usgs-hecras-geometry-openlimno-builtin-1d,0.060000000000000005,8.02300850165915e-05
3,2020-09-14,clinch_upper_reach_4698_415,clinch_upper_reach,1,Clinch River,Upper Reach,4698.415,27.297999999999774,2461.045753806112,15.5,349.4359908566235,1.0894292424662162,0.15781337629881242,98.21727640280288,90.1548008574303,1.0869001621006649,0.5863399118986993,12.0,1.0,0.25,0.40521896916454475,0.15,usgs-hecras-geometry-openlimno-builtin-1d,0.060000000000000005,8.02300850165915e-05
3,2020-09-14,clinch_main_stem_4648_18,clinch_main_stem,2,Clinch River,Main Stem,4648.18,48.152000000000044,3176.512935903924,11.63,349.3870660815404,1.107141395794419,0.1592356582483944,73.03640483501609,65.9684527310168,1.101623859166862,0.5852666708137662,12.0,1.0,0.25,0.40484333478481815,0.15,usgs-hecras-geometry-openlimno-builtin-1d,0.060000000000000005,8.02300850165915e-05
3,2020-09-14,clinch_main_stem_4600_028,clinch_main_stem,2,Clinch River,Main Stem,4600.028,49.878000000000156,3247.2005572361736,11.63,349.31110098754755,1.1155393998250722,0.16013811755278606,72.62480774551645,65.10286212831636,1.1110050243767295,0.5851507601507836,12.0,1.0,0.25,0.40480276605277427,0.15,usgs-hecras-geometry-openlimno-builtin-1d,0.060000000000000005,8.02300850165915e-05
3,2020-09-14,clinch_main_stem_4548_424,clinch_main_stem,2,Clinch River,Main Stem,4548.424,50.79800000000023,3939.635851509266,11.63,349.45258051087336,1.005690249046201,0.1491097383661264,77.99624710924994,77.554940184835,0.9982318847153133,0.5866153633856788,12.0,1.0,0.25,0.40531537718498756,0.15,usgs-hecras-geometry-openlimno-builtin-1d,0.060000000000000005,8.02300850165915e-05
3,2020-09-14,clinch_main_stem_4498_432,clinch_main_stem,2,Clinch River,Main Stem,4498.432,50.32699999999977,2913.5139945864003,11.63,349.066118054349,1.197612395856759,0.16774414352936595,69.33177966933914,57.89166838051967,1.1910917182480951,0.5808632813843977,12.0,1.0,0.25,0.40330214848453916,0.15,usgs-hecras-geometry-openlimno-builtin-1d,0.060000000000000005,8.02300850165915e-05
3,2020-09-14,clinch_main_stem_4447_77,clinch_main_stem,2,Clinch River,Main Stem,4447.77,46.873999999999796,2755.9777825015003,11.63,348.93313047513806,1.1853608849118702,0.1668727512136785,69.6938230802459,58.79544699623485,1.1818220144024345,0.5820711867035988,12.0,1.0,0.25,0.4037249153462596,0.15,usgs-hecras-geometry-openlimno-builtin-1d,0.060000000000000005,8.02300850165915e-05
3,2020-09-14,clinch_main_stem_4404_684,clinch_main_stem,2,Clinch River,Main Stem,4404.684,45.24200000000019,2677.5861504496525,11.63,348.85185571561243,1.1821161634819992,0.16623325218534352,69.96193509486905,59.183638001185656,1.175034551764489,0.5816712921562668,12.0,1.0,0.25,0.4035849522546934,0.15,usgs-hecras-geometry-openlimno-builtin-1d,0.060000000000000005,8.02300850165915e-05
3,2020-09-14,clinch_main_stem_4357_286,clinch_main_stem,2,Clinch River,Main Stem,4357.286,50.25600000000031,3261.7195585364952,11.63,348.60431123379954,1.117300845620194,0.16038025087888644,72.5151627851148,64.90209245734788,1.1135258997662039,0.585220332423428,12.0,1.0,0.25,0.4048271163481998,0.15,usgs-hecras-geometry-openlimno-builtin-1d,0.060000000000000005,8.02300850165915e-05
3,2020-09-14,clinch_main_stem_4304_172,clinch_main_stem,2,Clinch River,Main Stem,4304.172,53.11400000000049,2645.8974045242094,11.63,348.61292883500306,1.3112867960686945,0.1780401844608457,65.32233178267488,49.81544234145772,1.3024197691661623,0.571712482885599,12.0,1.0,0.25,0.4000993690099596,0.15,usgs-hecras-geometry-openlimno-builtin-1d,0.060000000000000005,8.02300850165915e-05
3,2020-09-14,clinch_middle_reach_4279_376,clinch_middle_reach,3,Clinch River,Middle Reach,4279.376,23.74200000000019,1663.6124716589286,15.5,348.3310161213043,1.2689301783605673,0.17432477173471106,88.91450047953043,70.07044358768913,1.2618655836404122,0.5757063355415505,12.0,1.0,0.25,0.4014972174395427,0.15,usgs-hecras-geometry-openlimno-builtin-1d,0.060000000000000005,8.02300850165915e-05
3,2020-09-14,clinch_middle_reach_4255_634,clinch_middle_reach,3,Clinch River,Middle Reach,4255.634,37.95600000000013,2249.8176679207104,15.5,348.2482906421697,1.404196333952265,0.18622456920564098,83.23284122023618,59.27436157447314,1.3932511243113352,0.5613903942349809,12.0,1.0,0.25,0.3964866379822433,0.15,usgs-hecras-geometry-openlimno-builtin-1d,0.060000000000000005,8.02300850165915e-05
3,2020-09-14,clinch_middle_reach_4203_464,clinch_middle_reach,3,Clinch River,Middle Reach,4203.464,50.35699999999997,2755.8850591290825,15.5,348.20364722610947,1.4728807214889135,0.19229273185745463,80.60627071172951,54.72695075419672,1.4619019964987263,0.5522961155401169,12.0,1.0,0.25,0.3933036404390409,0.15,usgs-hecras-geometry-openlimno-builtin-1d,0.060000000000000005,8.02300850165915e-05
3,2020-09-14,clinch_middle_reach_4154_92,clinch_middle_reach,3,Clinch River,Middle Reach,4154.92,50.82049999999981,2563.8374815020866,15.5,347.8292319426909,1.5500898126704812,0.19820895751611742,78.20030030045243,50.448883452585,1.529885176801147,0.5392411484312252,12.0,1.0,0.25,0.3887344019509288,0.15,usgs-hecras-geometry-openlimno-builtin-1d,0.060000000000000005,8.02300850165915e-05
3,2020-09-14,clinch_middle_reach_4101_823,clinch_middle_reach,3,Clinch River,Middle Reach,4101.823,50.264000000000124,2731.1555974900175,15.5,348.2845263278375,1.478669943799004,0.1929172473051024,80.34533053173026,54.33621672548963,1.4690295169072338,0.5516310431546005,12.0,1.0,0.25,0.39307086510411016,0.15,usgs-hecras-geometry-openlimno-builtin-1d,0.060000000000000005,8.02300850165915e-05
3,2020-09-14,clinch_middle_reach_4054_392,clinch_middle_reach,3,Clinch River,Middle Reach,4054.392,49.40950000000021,2389.6334635705707,15.5,347.13283107334047,1.592901043238084,0.20119726333430799,77.03882122017389,48.363846296168965,1.5646131627217161,0.5309070371749262,12.0,1.0,0.25,0.38581746301122416,0.15,usgs-hecras-geometry-openlimno-builtin-1d,0.060000000000000005,8.02300850165915e-05
3,2020-09-14,clinch_middle_reach_4003_004,clinch_middle_reach,3,Clinch River,Middle Reach,4003.004,49.666999999999916,2338.2736494065657,15.5,346.6411697187306,1.6162420652412828,0.203703215877797,76.09109131246392,47.07901925637888,1.5939355672886153,0.5272853672189268,12.0,1.0,0.25,0.38454987852662437,0.15,usgs-hecras-geometry-openlimno-builtin-1d,0.060000000000000005,8.02300850165915e-05
3,2020-09-14,clinch_middle_reach_3955_058,clinch_middle_reach,3,Clinch River,Middle Reach,3955.058,48.64449999999988,2428.4695413856107,15.5,347.5302196446998,1.558559771540605,0.19920916671165506,77.80766445569971,49.92279787819007,1.5414800717437942,0.5381844546367952,12.0,1.0,0.25,0.3883645591228783,0.15,usgs-hecras-geometry-openlimno-builtin-1d,0.060000000000000005,8.02300850165915e-05
3,2020-09-14,clinch_middle_reach_3905_715,clinch_middle_reach,3,Clinch River,Middle Reach,3905.715,42.64249999999993,2380.018972813998,15.5,347.9157596607636,1.455940276004336,0.19074377653292884,81.26084259071055,55.813307681632224,1.4442736558515914,0.5545848141713193,12.0,1.0,0.25,0.39410468495996176,0.15,usgs-hecras-geometry-openlimno-builtin-1d,0.060000000000000005,8.02300850165915e-05
3,2020-09-14,clinch_middle_reach_3869_773,clinch_middle_reach,3,Clinch River,Middle Reach,3869.773,35.94200000000001,1139.5402272874926,15.5,345.211212953193,2.079189586463417,0.23513115961672312,65.92065477525762,31.704975440640265,1.9766929586915631,0.39091149896246397,12.0,1.0,0.25,0.3368190246368624,0.15,usgs-hecras-geometry-openlimno-builtin-1d,0.060000000000000005,8.02300850165915e-05
3,2020-09-14,clinch_lower_reach_3803_314,clinch_lower_reach,4,Clinch River,Lower Reach,3803.314,50.7529999999997,2936.5611006940035,16.41,346.1337805425004,1.4795484819655087,0.19169114749177343,85.6064571302347,57.85985263322406,1.4550469505870316,0.5496387335125008,12.0,1.0,0.25,0.3923735567293753,0.15,usgs-hecras-geometry-openlimno-builtin-1d,0.060000000000000005,8.02300850165915e-05
3,2020-09-14,clinch_lower_reach_3752_561,clinch_lower_reach,4,Clinch River,Lower Reach,3752.561,49.906499999999824,2899.816578522007,16.41,347.0846857960336,1.469567748700754,0.1921788338158209,85.38921625326809,58.10498789780925,1.4606044597856365,0.5530222591551638,12.0,1.0,0.25,0.3935577907043073,0.15,usgs-hecras-geometry-openlimno-builtin-1d,0.060000000000000005,8.02300850165915e-05
3,2020-09-14,clinch_lower_reach_3703_501,clinch_lower_reach,4,Clinch River,Lower Reach,3703.501,54.43600000000015,4117.55050756494,16.41,347.7817815582073,1.2532596456358498,0.1731070659880378,94.79682360934925,75.6402106614176,1.2486639388172236,0.5773318535973649,12.0,1.0,0.25,0.40206614875907776,0.15,usgs-hecras-geometry-openlimno-builtin-1d,0.060000000000000005,8.02300850165915e-05
3,2020-09-14,clinch_lower_reach_3643_689,clinch_lower_reach,4,Clinch River,Lower Reach,3643.689,49.82600000000002,2486.8544848607407,16.41,346.7023776909157,1.6154375171620856,0.20352795368614984,80.62774524478849,49.91077920886163,1.5918789168133112,0.5272983404386995,12.0,1.0,0.25,0.3845544191535448,0.15,usgs-hecras-geometry-openlimno-builtin-1d,0.060000000000000005,8.02300850165915e-05
3,2020-09-14,clinch_lower_reach_3603_849,clinch_lower_reach,4,Clinch River,Lower Reach,3603.849,44.821500000000015,2125.6906236179516,16.41,347.0539882209626,1.6628384443644781,0.2080869544961838,78.86126278185762,47.425691322645406,1.6456641918880828,0.518689168321033,12.0,1.0,0.25,0.38154120891236154,0.15,usgs-hecras-geometry-openlimno-builtin-1d,0.060000000000000005,8.02300850165915e-05
3,2020-09-14,clinch_lower_reach_3554_046,clinch_lower_reach,4,Clinch River,Lower Reach,3554.046,49.03600000000006,3393.4737270060323,16.41,347.8480264004371,1.3220415587126308,0.1793634788740418,91.49019690638328,69.20372230618379,1.3169707262325407,0.5712314463056207,12.0,1.0,0.25,0.39993100620696725,0.15,usgs-hecras-geometry-openlimno-builtin-1d,0.060000000000000005,8.02300850165915e-05
3,2020-09-14,clinch_lower_reach_3505_777,clinch_lower_reach,4,Clinch River,Lower Reach,3505.777,49.60149999999999,4113.257297436256,16.41,347.6042621257058,1.1861026302876456,0.16683810386185008,98.35882583266628,82.92606670032674,1.181453965596969,0.581846542456133,12.0,1.0,0.25,0.40364628985964657,0.15,usgs-hecras-geometry-openlimno-builtin-1d,0.060000000000000005,8.02300850165915e-05
3,2020-09-14,clinch_lower_reach_3454_843,clinch_lower_reach,4,Clinch River,Lower Reach,3454.843,51.30250000000001,3814.763410471935,16.41,347.8367535885535,1.2691281103807,0.17388977202821396,94.3701277458541,74.3582361575349,1.2571439115733198,0.5749413698923117,12.0,1.0,0.25,0.40122947946230914,0.15,usgs-hecras-geometry-openlimno-builtin-1d,0.060000000000000005,8.02300850165915e-05
3,2020-09-14,clinch_lower_reach_3403_172,clinch_lower_reach,4,Clinch River,Lower Reach,3403.172,49.798,1857.5430958886818,16.41,346.85560899147015,1.9304554197143542,0.227888183515879,72.00899909255966,37.301560221066744,1.886064775166507,0.4477183336710576,12.0,1.0,0.25,0.35670141678487016,0.15,usgs-hecras-geometry-openlimno-builtin-1d,0.060000000000000005,8.02300850165915e-05
3,2020-09-14,clinch_lower_reach_3355_247,clinch_lower_reach,4,Clinch River,Lower Reach,3355.247,50.37799999999993,1736.8561930762185,16.41,346.21973250786317,2.026870239942896,0.23483330779213607,69.87935465494272,34.476481660173505,1.972938033686791,0.4142381509066714,12.0,1.0,0.25,0.34498335281733494,0.15,usgs-hecras-geometry-openlimno-builtin-1d,0.060000000000000005,8.02300850165915e-05
3,2020-09-14,clinch_lower_reach_3302_416,clinch_lower_reach,4,Clinch River,Lower Reach,3302.416,51.749000000000024,1581.5880812748796,16.41,345.08327645933537,2.190119715234655,0.2451598261733976,66.93592606968758,30.562679110222014,2.104494975750101,0.34253246442568985,12.0,1.0,0.25,0.31988636254899144,0.15,usgs-hecras-geometry-openlimno-builtin-1d,0.060000000000000005,8.02300850165915e-05
3,2020-09-14,clinch_lower_reach_3251_749,clinch_lower_reach,4,Clinch River,Lower Reach,3251.749,50.45950000000016,1633.0786075380413,16.41,345.04718481023895,2.1058439146168393,0.24077880569906485,68.15383917349389,32.36414565221685,2.048335291005332,0.3828453350576536,12.0,1.0,0.25,0.33399586727017877,0.15,usgs-hecras-geometry-openlimno-builtin-1d,0.060000000000000005,8.02300850165915e-05
3,2020-09-14,clinch_lower_reach_3201_497,clinch_lower_reach,4,Clinch River,Lower Reach,3201.497,49.927999999999884,2138.35931465726,16.41,346.23050344799833,1.7707737346241186,0.21637595429567652,75.84022010863475,42.82885985133122,1.7449721797151119,0.4936461600979252,12.0,1.0,0.25,0.37277615603427383,0.15,usgs-hecras-geometry-openlimno-builtin-1d,0.060000000000000005,8.02300850165915e-05
3,2020-09-14,clinch_lower_reach_3151_893,clinch_lower_reach,4,Clinch River,Lower Reach,3151.893,48.56549999999993,1903.645464207002,16.41,346.04582400429865,1.8698632178331696,0.22389301171411735,73.29393568100046,39.197485132594224,1.836682855316328,0.4667859743721309,12.0,1.0,0.25,0.3633750910302458,0.15,usgs-hecras-geometry-openlimno-builtin-1d,0.060000000000000005,8.02300850165915e-05
3,2020-09-14,clinch_lower_reach_3104_366,clinch_lower_reach,4,Clinch River,Lower Reach,3104.366,50.80799999999999,2190.1430686393605,16.41,346.4064820710867,1.7652317537529048,0.21565844235822532,76.09254625303156,43.106264144216674,1.7362926670532046,0.4946961556910421,12.0,1.0,0.25,0.3731436544918647,0.15,usgs-hecras-geometry-openlimno-builtin-1d,0.060000000000000005,8.02300850165915e-05
3,2020-09-14,clinch_lower_reach_3050_277,clinch_lower_reach,4,Clinch River,Lower Reach,3050.277,51.47399999999993,2711.8050583743384,16.41,347.21134125363886,1.5600035112178547,0.19966983401805508,82.18567456973061,52.68300614629409,1.546830274195007,0.5383930657712419,12.0,1.0,0.25,0.38843757301993465,0.15,usgs-hecras-geometry-openlimno-builtin-1d,0.060000000000000005,8.02300850165915e-05
3,2020-09-14,clinch_lower_reach_3001_418,clinch_lower_reach,4,Clinch River,Lower Reach,3001.418,49.3900000000001,3400.9957320088765,16.41,347.47498591220256,1.3261037464733476,0.17970659616843407,91.31551289647352,68.86000672218809,1.320748001734669,0.5707908216898122,12.0,1.0,0.25,0.3997767875914343,0.15,usgs-hecras-geometry-openlimno-builtin-1d,0.060000000000000005,8.02300850165915e-05
3,2020-09-14,clinch_lower_reach_2951_497,clinch_lower_reach,4,Clinch River,Lower Reach,2951.497,50.794000000000096,3223.273768317336,16.41,347.38766741762635,1.3940348381143761,0.18550267411742954,88.46233661091003,63.45776604160589,1.3851576284751594,0.5628930990364475,12.0,1.0,0.25,0.3970125846627566,0.15,usgs-hecras-geometry-openlimno-builtin-1d,0.060000000000000005,8.02300850165915e-05
3,2020-09-14,clinch_lower_reach_2899_83,clinch_lower_reach,4,Clinch River,Lower Reach,2899.83,49.859500000000025,3049.3136240665676,16.41,347.33203660593364,1.4259951872181547,0.1881639174172186,87.21119450130212,61.15812681768903,1.4150714853638051,0.5586649183205699,12.0,1.0,0.25,0.3955327214121994,0.15,usgs-hecras-geometry-openlimno-builtin-1d,0.060000000000000005,8.02300850165915e-05
3,2020-09-14,clinch_lower_reach_2851_778,clinch_lower_reach,4,Clinch River,Lower Reach,2851.778,49.67899999999986,3260.895380405858,16.41,347.416887879447,1.3656162600006123,0.18306945203969172,89.6381117502996,65.6393119911002,1.3579937155002553,0.5663280216306205,12.0,1.0,0.25,0.39821480757071714,0.15,usgs-hecras-geometry-openlimno-builtin-1d,0.060000000000000005,8.02300850165915e-05
3,2020-09-14,clinch_lower_reach_2800_472,clinch_lower_reach,4,Clinch River,Lower Reach,2800.472,47.763499999999794,3153.429250007774,16.41,347.53143115843073,1.360420478328719,0.1827041752015445,89.81732345140888,66.02173731003356,1.3539313535036357,0.5670569371881111,12.0,1.0,0.25,0.3984699280158389,0.15,usgs-hecras-geometry-openlimno-builtin-1d,0.060000000000000005,8.02300850165915e-05
3,2020-09-14,clinch_lower_reach_2756_251,clinch_lower_reach,4,Clinch River,Lower Reach,2756.251,48.878000000000156,3197.3934719933363,16.41,347.43994763881517,1.3676733822459075,0.18341866554292202,89.46744842694255,65.41579999167982,1.3618808434948888,0.5663536927648617,12.0,1.0,0.25,0.39822379246770157,0.15,usgs-hecras-geometry-openlimno-builtin-1d,0.060000000000000005,8.02300850165915e-05
3,2020-09-14,clinch_lower_reach_2702_716,clinch_lower_reach,4,Clinch River,Lower Reach,2702.716,52.79500000000007,3506.8531132048834,16.41,347.3994190159346,1.355605120410887,0.1822428922258055,90.04466401722499,66.42396274656461,1.3488070609526737,0.5675359362421134,12.0,1.0,0.25,0.39863757768473973,0.15,usgs-hecras-geometry-openlimno-builtin-1d,0.060000000000000005,8.02300850165915e-05
3,2020-09-14,clinch_lower_reach_2650_661,clinch_lower_reach,4,Clinch River,Lower Reach,2650.661,50.19249999999988,3282.5297580249257,16.41,347.4713158977418,1.3689352039613785,0.18329720585657605,89.52673295434889,65.39880974298816,1.3605280297176996,0.5658505973009292,12.0,1.0,0.25,0.39804770905532527,0.15,usgs-hecras-geometry-openlimno-builtin-1d,0.060000000000000005,8.02300850165915e-05
3,2020-09-14,clinch_lower_reach_2602_331,clinch_lower_reach,4,Clinch River,Lower Reach,2602.331,48.43250000000012,2829.2204777967227,16.41,347.3979619397208,1.46515572160317,0.19173212690157596,85.58816023787152,58.4157431021879,1.4555135812694442,0.5535604580430256,12.0,1.0,0.25,0.39374616031505894,0.15,usgs-hecras-geometry-openlimno-builtin-1d,0.060000000000000005,8.02300850165915e-05
3,2020-09-14,clinch_lower_reach_2553_796,clinch_lower_reach,4,Clinch River,Lower Reach,2553.796,50.061500000000024,2580.297555301911,16.41,347.0705155697679,1.5798348625052132,0.20152593982605685,81.42872334034998,51.54255376490736,1.5684488839192285,0.5351536338117733,12.0,1.0,0.25,0.3873037718341207,0.15,usgs-hecras-geometry-openlimno-builtin-1d,0.060000000000000005,8.02300850165915e-05
3,2020-09-14,clinch_lower_reach_2502_208,clinch_lower_reach,4,Clinch River,Lower Reach,2502.208,51.94899999999984,2877.8529892772694,16.41,346.29972606091076,1.52008864775233,0.194871466063706,84.20935261314942,55.397659036310195,1.491406774971923,0.543059773760131,12.0,1.0,0.25,0.3900709208160459,0.15,usgs-hecras-geometry-openlimno-builtin-1d,0.060000000000000005,8.02300850165915e-05
3,2020-09-14,clinch_lower_reach_2449_898,clinch_lower_reach,4,Clinch River,Lower Reach,2449.898,51.12049999999999,2792.723253184063,16.41,345.79759540434577,1.530833989866954,0.1962219902289499,83.62977044954529,54.63020223166956,1.506932975831164,0.5419422861328773,12.0,1.0,0.25,0.38967980014650705,0.15,usgs-hecras-geometry-openlimno-builtin-1d,0.060000000000000005,8.02300850165915e-05
3,2020-09-14,clinch_lower_reach_2399_967,clinch_lower_reach,4,Clinch River,Lower Reach,2399.967,50.17000000000007,2859.8219520430494,16.41,346.7163111725799,1.4880956790230335,0.19345627935847828,84.82536754256473,57.00263009852592,1.4751907575049794,0.549846233335711,12.0,1.0,0.25,0.3924461816674989,0.15,usgs-hecras-geometry-openlimno-builtin-1d,0.060000000000000005,8.02300850165915e-05
3,2020-09-14,clinch_lower_reach_2349_558,clinch_lower_reach,4,Clinch River,Lower Reach,2349.558,49.50649999999996,3006.043901116902,16.41,347.12036256380634,1.4316784189142169,0.1887687097923655,86.93178026194084,60.72018626073151,1.4218978872530994,0.5580795621512853,12.0,1.0,0.25,0.39532784675294985,0.15,usgs-hecras-geometry-openlimno-builtin-1d,0.060000000000000005,8.02300850165915e-05
3,2020-09-14,clinch_lower_reach_2300_954,clinch_lower_reach,4,Clinch River,Lower Reach,2300.954,49.94699999999989,2991.8819953072134,16.41,346.7897096024738,1.4475527778292407,0.18925140908206822,86.7100545226792,59.901135109360325,1.42735435882619,0.5546255055424198,12.0,1.0,0.25,0.39411892693984696,0.15,usgs-hecras-geometry-openlimno-builtin-1d,0.060000000000000005,8.02300850165915e-05
3,2020-09-14,clinch_lower_reach_2249_664,clinch_lower_reach,4,Clinch River,Lower Reach,2249.664,51.33600000000001,2953.4956359301264,16.41,346.2891469993182,1.4811921527868757,0.19256744638836676,85.21689573067604,57.53264056276542,1.4650350134295447,0.5504497641515134,12.0,1.0,0.25,0.3926574174530297,0.15,usgs-hecras-geometry-openlimno-builtin-1d,0.060000000000000005,8.02300850165915e-05
3,2020-09-14,clinch_lower_reach_2198_282,clinch_lower_reach,4,Clinch River,Lower Reach,2198.282,49.81050000000005,2730.7681326084817,16.41,345.9949705801139,1.5228058190758633,0.1965622562020257,83.48500020845246,54.82314236172051,1.51086473322524,0.5446538952029546,12.0,1.0,0.25,0.3906288633210341,0.15,usgs-hecras-geometry-openlimno-builtin-1d,0.060000000000000005,8.02300850165915e-05
3,2020-09-14,clinch_lower_reach_2150_043,clinch_lower_reach,4,Clinch River,Lower Reach,2150.043,48.95600000000013,3036.0976920734897,16.41,346.70429760233117,1.4158456663850472,0.1868886167516625,87.80631097401508,62.016866003625324,1.4007048679591771,0.5593930850120129,12.0,1.0,0.25,0.39578757975420453,0.15,usgs-hecras-geometry-openlimno-builtin-1d,0.060000000000000005,8.02300850165915e-05
3,2020-09-14,clinch_lower_reach_2100_37,clinch_lower_reach,4,Clinch River,Lower Reach,2100.37,50.11350000000016,2818.1211071453345,16.41,346.1308893601887,1.5000821921504788,0.19453090553147093,84.35677588179023,56.234769216784414,1.4874995883037523,0.5480959201034007,12.0,1.0,0.25,0.39183357203619024,0.15,usgs-hecras-geometry-openlimno-builtin-1d,0.060000000000000005,8.02300850165915e-05
3,2020-09-14,clinch_lower_reach_2049_816,clinch_lower_reach,4,Clinch River,Lower Reach,2049.816,50.17199999999991,3135.9682557742594,16.41,346.88610404542953,1.406401996676055,0.18667616163954662,87.90624285325784,62.504350150965976,1.398322062187488,0.5615047043706788,12.0,1.0,0.25,0.39652664652973757,0.15,usgs-hecras-geometry-openlimno-builtin-1d,0.060000000000000005,8.02300850165915e-05
3,2020-09-14,clinch_lower_reach_2000_026,clinch_lower_reach,4,Clinch River,Lower Reach,2000.026,49.6579999999999,2863.019549602537,16.41,346.66689445509184,1.477601707339712,0.19262653272883964,85.19075626565088,57.65474947848369,1.4657113299308202,0.5515034392693535,12.0,1.0,0.25,0.39302620374427377,0.15,usgs-hecras-geometry-openlimno-builtin-1d,0.060000000000000005,8.02300850165915e-05
3,2020-09-14,clinch_lower_reach_1950_5,clinch_lower_reach,4,Clinch River,Lower Reach,1950.5,50.339500000000044,2784.3629953833524,16.41,346.7735281073245,1.5147619899092808,0.19586066582978495,83.78405092455525,55.311693508742636,1.5027778391839814,0.545914093199605,12.0,1.0,0.25,0.3910699326198618,0.15,usgs-hecras-geometry-openlimno-builtin-1d,0.060000000000000005,8.02300850165915e-05
3,2020-09-14,clinch_lower_reach_1899_347,clinch_lower_reach,4,Clinch River,Lower Reach,1899.347,50.96849999999995,2894.6730900900743,16.41,346.60516892502835,1.4906608600831899,0.1938349387394082,84.65965994944602,56.79337414462025,1.479524059467677,0.5496860323275486,12.0,1.0,0.25,0.392390111314642,0.15,usgs-hecras-geometry-openlimno-builtin-1d,0.060000000000000005,8.02300850165915e-05
3,2020-09-14,clinch_lower_reach_1848_563,clinch_lower_reach,4,Clinch River,Lower Reach,1848.563,50.57349999999997,3377.648118298971,16.41,346.90349784723384,1.350894373101537,0.18188454411735358,90.22206960813624,66.78691643447603,1.3448307880658,0.5681434278251127,12.0,1.0,0.25,0.39885019973878943,0.15,usgs-hecras-geometry-openlimno-builtin-1d,0.060000000000000005,8.02300850165915e-05
3,2020-09-14,clinch_lower_reach_1798_2,clinch_lower_reach,4,Clinch River,Lower Reach,1798.2,50.66450000000009,3298.651243891104,16.41,346.66002641139806,1.3724322408276608,0.1836475034725934,89.3559655846285,65.10774297370148,1.3644336107637869,0.5655147707491142,12.0,1.0,0.25,0.39793016976219,0.15,usgs-hecras-geometry-openlimno-builtin-1d,0.060000000000000005,8.02300850165915e-05
3,2020-09-14,clinch_lower_reach_1747_234,clinch_lower_reach,4,Clinch River,Lower Reach,1747.234,50.704000000000065,3511.788920824637,16.41,346.6975438893611,1.3238346946518442,0.178973462313274,91.68957111236996,69.26058931888278,1.3126740059977344,0.5701755835382459,12.0,1.0,0.25,0.39956145423838607,0.15,usgs-hecras-geometry-openlimno-builtin-1d,0.060000000000000005,8.02300850165915e-05
3,2020-09-14,clinch_lower_reach_1696_792,clinch_lower_reach,4,Clinch River,Lower Reach,1696.792,48.03399999999999,3196.5055219936044,16.41,346.9381126717016,1.3535107801647712,0.18218816291128767,90.07171342954082,66.54672777602542,1.3481971964850101,0.5679697158158857,12.0,1.0,0.25,0.39878940053556,0.15,usgs-hecras-geometry-openlimno-builtin-1d,0.060000000000000005,8.02300850165915e-05
3,2020-09-14,clinch_lower_reach_1651_166,clinch_lower_reach,4,Clinch River,Lower Reach,1651.166,47.878999999999905,2980.6335584212497,16.41,346.64050598806006,1.410380463420914,0.18689977645692385,87.8010680969548,62.253463071936665,1.4008375706500908,0.5608180013107414,12.0,1.0,0.25,0.3962863004587595,0.15,usgs-hecras-geometry-openlimno-builtin-1d,0.060000000000000005,8.02300850165915e-05
3,2020-09-14,clinch_lower_reach_1601_034,clinch_lower_reach,4,Clinch River,Lower Reach,1601.034,47.654499999999985,2669.286529868911,16.41,346.7013979814487,1.503498811449574,0.19485619344930896,84.215952849705,56.01331521407028,1.4912321528806323,0.547616003286817,12.0,1.0,0.25,0.39166560115038596,0.15,usgs-hecras-geometry-openlimno-builtin-1d,0.060000000000000005,8.02300850165915e-05
3,2020-09-14,clinch_lower_reach_1555_857,clinch_lower_reach,4,Clinch River,Lower Reach,1555.857,47.703500000000076,2642.566427542785,16.41,346.83445384775257,1.5124389384150174,0.195864199650181,83.78253927623692,55.39565079171928,1.5028172858534101,0.5465622388874354,12.0,1.0,0.25,0.3912967836106024,0.15,usgs-hecras-geometry-openlimno-builtin-1d,0.060000000000000005,8.02300850165915e-05
3,2020-09-14,clinch_lower_reach_1505_627,clinch_lower_reach,4,Clinch River,Lower Reach,1505.627,50.02350000000001,2832.6488851534687,16.41,347.10572280655714,1.4919865758573483,0.19423388390942936,84.4857739015914,56.62636331231257,1.4840972436364663,0.5498899326917924,12.0,1.0,0.25,0.39246147644212737,0.15,usgs-hecras-geometry-openlimno-builtin-1d,0.060000000000000005,8.02300850165915e-05
3,2020-09-14,clinch_lower_reach_1455_81,clinch_lower_reach,4,Clinch River,Lower Reach,1455.81,49.34699999999998,3016.0809666023492,16.41,347.282123941397,1.4246986922178513,0.18845311253481273,87.07736252946525,61.11984450123311,1.4183368683048176,0.5594314244921754,12.0,1.0,0.25,0.39580099857226136,0.15,usgs-hecras-geometry-openlimno-builtin-1d,0.060000000000000005,8.02300850165915e-05
3,2020-09-14,clinch_lower_reach_1406_933,clinch_lower_reach,4,Clinch River,Lower Reach,1406.933,48.507999999999925,2689.795148598451,16.41,347.17324597698223,1.512288065317214,0.19568981343772088,83.85720090239931,55.450547303505715,1.5008119039891252,0.5463606008343473,12.0,1.0,0.25,0.39122621029202154,0.15,usgs-hecras-geometry-openlimno-builtin-1d,0.060000000000000005,8.02300850165915e-05
3,2020-09-14,clinch_lower_reach_1358_794,clinch_lower_reach,4,Clinch River,Lower Reach,1358.794,50.120000000000005,2778.672360734168,16.41,347.16609263886113,1.5121440512946704,0.1957443056115918,83.83385636035695,55.44039027801611,1.5014391364080926,0.5464765012043079,12.0,1.0,0.25,0.3912667754215078,0.15,usgs-hecras-geometry-openlimno-builtin-1d,0.060000000000000005,8.02300850165915e-05
3,2020-09-14,clinch_lower_reach_1306_693,clinch_lower_reach,4,Clinch River,Lower Reach,1306.693,50.790500000000065,2667.36016140527,16.41,347.07558949113024,1.563351851047759,0.19987233062753942,82.10240981569335,52.516910867293426,1.5491838172620476,0.5377057634476988,12.0,1.0,0.25,0.3881970172066946,0.15,usgs-hecras-geometry-openlimno-builtin-1d,0.060000000000000005,8.02300850165915e-05
3,2020-09-14,clinch_lower_reach_1257_213,clinch_lower_reach,4,Clinch River,Lower Reach,1257.213,50.10649999999998,2982.7295863377767,16.41,346.65913351539575,1.44829711717567,0.19034045386130086,86.21393753719742,59.52779751804213,1.4396955045154531,0.5560222823290135,12.0,1.0,0.25,0.39460779881515473,0.15,usgs-hecras-geometry-openlimno-builtin-1d,0.060000000000000005,8.02300850165915e-05
3,2020-09-14,clinch_lower_reach_1206_48,clinch_lower_reach,4,Clinch River,Lower Reach,1206.48,50.096000000000004,3249.056555365616,16.41,346.6434109709079,1.3754877265798924,0.1839490887377217,89.20946612243188,64.85660642298019,1.3677926418748163,0.565211557713563,12.0,1.0,0.25,0.39782404519974707,0.15,usgs-hecras-geometry-openlimno-builtin-1d,0.060000000000000005,8.02300850165915e-05
3,2020-09-14,clinch_lower_reach_1157_021,clinch_lower_reach,4,Clinch River,Lower Reach,1157.021,49.730500000000006,3304.9755036614774,16.41,346.5521937297671,1.356986956948756,0.18196484363415744,90.18225538660923,66.45771716876921,1.3457214332806688,0.566760338515057,12.0,1.0,0.25,0.3983661184802699,0.15,usgs-hecras-geometry-openlimno-builtin-1d,0.060000000000000005,8.02300850165915e-05
3,2020-09-14,clinch_lower_reach_1107_019,clinch_lower_reach,4,Clinch River,Lower Reach,1107.019,50.140499999999975,3086.7407692044267,16.41,346.7221837711515,1.4194119332561863,0.18779699179781004,87.38159138176016,61.5618266511987,1.410934598554997,0.5598278669633416,12.0,1.0,0.25,0.3959397534371696,0.15,usgs-hecras-geometry-openlimno-builtin-1d,0.060000000000000005,8.02300850165915e-05
3,2020-09-14,clinch_lower_reach_1056_74,clinch_lower_reach,4,Clinch River,Lower Reach,1056.74,50.045500000000004,3408.9322003784723,16.41,346.7894993669061,1.3348767723956947,0.18047376301000986,90.92734437575743,68.11665784892692,1.329219221338131,0.5698664386718219,12.0,1.0,0.25,0.3994532535351376,0.15,usgs-hecras-geometry-openlimno-builtin-1d,0.060000000000000005,8.02300850165915e-05
3,2020-09-14,clinch_lower_reach_1006_928,clinch_lower_reach,4,Clinch River,Lower Reach,1006.928,49.81200000000001,3581.730150022326,16.41,346.68424611476496,1.2927378776987584,0.1765384152892257,92.95427271801005,71.90496567137086,1.2859747209110302,0.5737206912086038,12.0,1.0,0.25,0.40080224192301134,0.15,usgs-hecras-geometry-openlimno-builtin-1d,0.060000000000000005,8.02300850165915e-05
3,2020-09-14,clinch_lower_reach_957_116,clinch_lower_reach,4,Clinch River,Lower Reach,957.116,49.932799999999986,3464.335290953076,16.41,346.6881267807577,1.3209651555343334,0.1790536675614385,91.64849971235162,69.37995247518819,1.313556531058106,0.5709986010900618,12.0,1.0,0.25,0.3998495103815216,0.15,usgs-hecras-geometry-openlimno-builtin-1d,0.060000000000000005,8.02300850165915e-05
3,2020-09-14,clinch_lower_reach_907_062,clinch_lower_reach,4,Clinch River,Lower Reach,907.0624,49.853549999999984,3365.249755959117,16.41,346.6118519656823,1.3423454092205636,0.18110193349727002,90.61195362802336,67.50271055840794,1.3361600245771186,0.5690247495308136,12.0,1.0,0.25,0.3991586623357848,0.15,usgs-hecras-geometry-openlimno-builtin-1d,0.060000000000000005,8.02300850165915e-05
3,2020-09-14,clinch_lower_reach_857_409,clinch_lower_reach,4,Clinch River,Lower Reach,857.4089,50.186350000000004,3497.263906892917,16.41,346.6048404291433,1.3173389722001603,0.17875913566091875,91.79950406074624,69.68556005553137,1.3103109753249933,0.5714054516105662,12.0,1.0,0.25,0.39999190806369816,0.15,usgs-hecras-geometry-openlimno-builtin-1d,0.060000000000000005,8.02300850165915e-05
3,2020-09-14,clinch_lower_reach_806_69,clinch_lower_reach,4,Clinch River,Lower Reach,806.6897,50.20685000000003,3573.5379454272806,16.41,346.52611863103067,1.3004794268725353,0.1772840527645311,92.56331714052016,71.17630254491725,1.2941315730483116,0.5730846812283862,12.0,1.0,0.25,0.40057963842993516,0.15,usgs-hecras-geometry-openlimno-builtin-1d,0.060000000000000005,8.02300850165915e-05
3,2020-09-14,clinch_lower_reach_756_995,clinch_lower_reach,4,Clinch River,Lower Reach,756.9952,49.95240000000001,3741.7243246503594,16.41,346.7495995725526,1.26056483668447,0.17379127304572256,94.42361352449907,74.90579681157179,1.2560741358640548,0.5767744349962418,12.0,1.0,0.25,0.40187105224868463,0.15,usgs-hecras-geometry-openlimno-builtin-1d,0.060000000000000005,8.02300850165915e-05
3,2020-09-14,clinch_lower_reach_706_785,clinch_lower_reach,4,Clinch River,Lower Reach,706.7849,50.15224999999998,4015.945308026655,16.41,346.95893474372735,1.2104351505214046,0.16930496183294816,96.92568854651535,80.07507754939522,1.2077571821848536,0.5806795747469656,12.0,1.0,0.25,0.40323785116143795,0.15,usgs-hecras-geometry-openlimno-builtin-1d,0.060000000000000005,8.02300850165915e-05
3,2020-09-14,clinch_lower_reach_656_691,clinch_lower_reach,4,Clinch River,Lower Reach,656.6907,50.47534999999999,3934.95589754377,16.41,347.10367524645426,1.2303047465682428,0.17109422518221196,95.9120623885679,77.95797151567588,1.22694835829529,0.5792253188906031,12.0,1.0,0.25,0.40272886161171106,0.15,usgs-hecras-geometry-openlimno-builtin-1d,0.060000000000000005,8.02300850165915e-05
3,2020-09-14,clinch_lower_reach_605_834,clinch_lower_reach,4,Clinch River,Lower Reach,605.8342,50.57945000000001,3818.7420017922655,16.41,346.92398817698194,1.2545028562874208,0.1732569684661327,94.71480509719143,75.4998720190169,1.2502860354712118,0.5772937253535809,12.0,1.0,0.25,0.4020528038737533,0.15,usgs-hecras-geometry-openlimno-builtin-1d,0.060000000000000005,8.02300850165915e-05
3,2020-09-14,clinch_lower_reach_555_532,clinch_lower_reach,4,Clinch River,Lower Reach,555.5318,49.75550000000001,3604.58335774533,16.41,346.76926821601177,1.2868514949277903,0.17602168388537767,93.2271504156608,72.44592774156283,1.280333609772,0.5742753602979247,12.0,1.0,0.25,0.40099637610427363,0.15,usgs-hecras-geometry-openlimno-builtin-1d,0.060000000000000005,8.02300850165915e-05
3,2020-09-14,clinch_lower_reach_506_323,clinch_lower_reach,4,Clinch River,Lower Reach,506.3232,50.0881,3517.6948748212953,16.41,346.7822347744204,1.3111519525917112,0.1782099493754528,92.08240088451743,70.23015196865714,1.3042830143305308,0.5720174287159493,12.0,1.0,0.25,0.4002061000505822,0.15,usgs-hecras-geometry-openlimno-builtin-1d,0.060000000000000005,8.02300850165915e-05
3,2020-09-14,clinch_lower_reach_455_356,clinch_lower_reach,4,Clinch River,Lower Reach,455.3556,49.9751,3589.8442116805604,16.41,346.77306326004475,1.2928207720519378,0.17670479296971697,92.86675094779284,71.83265689674579,1.2877929031535116,0.5739712711951552,12.0,1.0,0.25,0.4008899449183043,0.15,usgs-hecras-geometry-openlimno-builtin-1d,0.060000000000000005,8.02300850165915e-05
3,2020-09-14,clinch_lower_reach_406_373,clinch_lower_reach,4,Clinch River,Lower Reach,406.373,49.43424999999999,3178.4813833212606,16.41,346.7052549566206,1.3818220141840474,0.18469908812135416,88.84721720563137,64.2971499177445,1.3761667789598035,0.5647652388725177,12.0,1.0,0.25,0.3976678336053812,0.15,usgs-hecras-geometry-openlimno-builtin-1d,0.060000000000000005,8.02300850165915e-05
3,2020-09-14,clinch_lower_reach_356_487,clinch_lower_reach,4,Clinch River,Lower Reach,356.4871,42.227149999999995,2689.4726224417604,16.41,346.53446465041804,1.3896485007038506,0.1854079111574917,88.50755017708384,63.69060243094219,1.3840963994515851,0.5638641531612144,12.0,1.0,0.25,0.397352453606425,0.15,usgs-hecras-geometry-openlimno-builtin-1d,0.060000000000000005,8.02300850165915e-05
3,2020-09-14,clinch_lower_reach_321_919,clinch_lower_reach,4,Clinch River,Lower Reach,321.9187,50.02435,3287.896512534559,16.41,346.67088662050503,1.3641081582339167,0.18303034127313855,89.65726603498567,65.72592172681023,1.357558005354504,0.5666438095216608,12.0,1.0,0.25,0.3983253333325813,0.15,usgs-hecras-geometry-openlimno-builtin-1d,0.060000000000000005,8.02300850165915e-05
3,2020-09-14,clinch_lower_reach_256_438,clinch_lower_reach,4,Clinch River,Lower Reach,256.4384,58.00505,3976.8669705250827,16.41,346.73548117727114,1.3300480589716808,0.1799558582220331,91.18902914376378,68.5607023961721,1.3234969130363645,0.5702261363065364,12.0,1.0,0.25,0.39957914770728775,0.15,usgs-hecras-geometry-openlimno-builtin-1d,0.060000000000000005,8.02300850165915e-05
3,2020-09-14,clinch_lower_reach_205_909,clinch_lower_reach,4,Clinch River,Lower Reach,205.9086,50.3267,3194.3462319285486,16.41,346.64238246480767,1.3930017685688048,0.18559803767589375,88.41688309580333,63.4721973014036,1.3862243154988905,0.5633006692347627,12.0,1.0,0.25,0.3971552342321669,0.15,usgs-hecras-geometry-openlimno-builtin-1d,0.060000000000000005,8.02300850165915e-05
3,2020-09-14,clinch_lower_reach_155_785,clinch_lower_reach,4,Clinch River,Lower Reach,155.785,49.922850000000004,3225.6437267879887,16.41,346.8299848207472,1.377636453336762,0.18435585188581072,89.01263416451944,64.61257173394525,1.3723324429224886,0.565295272925385,12.0,1.0,0.25,0.39785334552388474,0.15,usgs-hecras-geometry-openlimno-builtin-1d,0.060000000000000005,8.02300850165915e-05
3,2020-09-14,clinch_lower_reach_106_063,clinch_lower_reach,4,Clinch River,Lower Reach,106.0629,49.394099999999995,3009.9154442528115,16.41,346.69184638610744,1.4268809579243231,0.18873029558165447,86.94947437784406,60.93674030406085,1.421465263647109,0.5592743146984837,12.0,1.0,0.25,0.3957460101444693,0.15,usgs-hecras-geometry-openlimno-builtin-1d,0.060000000000000005,8.02300850165915e-05
3,2020-09-14,clinch_lower_reach_56_997,clinch_lower_reach,4,Clinch River,Lower Reach,56.9968,46.54562,2954.6321390965036,16.41,346.62570353921745,1.3939692897019424,0.18545168219538205,88.48666027580863,63.47819921824016,1.384586532335463,0.5628324065065399,12.0,1.0,0.25,0.39699134227728894,0.15,usgs-hecras-geometry-openlimno-builtin-1d,0.060000000000000005,8.02300850165915e-05
3,2020-09-14,clinch_lower_reach_12_972,clinch_lower_reach,4,Clinch River,Lower Reach,12.97166,44.02514,3161.8722475107397,16.41,346.90134314343,1.2928554014612432,0.17673194369252965,92.85248414711823,71.81969773431135,1.2880909148639845,0.5740071316706719,12.0,1.0,0.25,0.40090249608473516,0.15,usgs-hecras-geometry-openlimno-builtin-1d,0.060000000000000005,8.02300850165915e-05
4,2021-05-13,clinch_upper_reach_4893_771,clinch_upper_reach,1,Clinch River,Upper Reach,4893.771,45.30899999999929,2961.5943627907122,28.01,349.5554682094273,1.8893546107433894,0.22680808586144297,123.49647894436757,65.36437270279103,1.8726720205957976,0.46249167685702136,12.0,1.0,0.25,0.3618720868999575,0.15,usgs-hecras-geometry-openlimno-builtin-1d,0.060000000000000005,8.02300850165915e-05
4,2021-05-13,clinch_upper_reach_4848_462,clinch_upper_reach,1,Clinch River,Upper Reach,4848.462,47.2199999999998,3117.6465707764282,28.01,349.49867464556337,1.877774783759703,0.22592729813091764,123.9779355205191,66.02385791563832,1.8617741638890453,0.4659488793841836,12.0,1.0,0.25,0.36308210778446426,0.15,usgs-hecras-geometry-openlimno-builtin-1d,0.060000000000000005,8.02300850165915e-05
4,2021-05-13,clinch_upper_reach_4799_331,clinch_upper_reach,1,Clinch River,Upper Reach,4799.331,49.625,3537.7415297125895,28.01,349.54611636830765,1.7920103664236877,0.219253740451657,127.75152634705401,71.2895018581882,1.7798954349555092,0.48962892791020163,12.0,1.0,0.25,0.37137012476857056,0.15,usgs-hecras-geometry-openlimno-builtin-1d,0.060000000000000005,8.02300850165915e-05
4,2021-05-13,clinch_upper_reach_4749_212,clinch_upper_reach,1,Clinch River,Upper Reach,4749.212,36.8090000000002,3179.650456227383,28.01,349.8977512426528,1.595700272386943,0.20320595396890234,137.84044932210261,86.38241887112842,1.588096965842235,0.5327267785429277,12.0,1.0,0.25,0.3864543724900247,0.15,usgs-hecras-geometry-openlimno-builtin-1d,0.060000000000000005,8.02300850165915e-05
4,2021-05-13,clinch_upper_reach_4725_713,clinch_upper_reach,1,Clinch River,Upper Reach,4725.713,25.39850000000024,2268.6423604052106,28.01,349.88329680737183,1.5636843083305003,0.20054233270035218,139.67125854595594,89.32190327795693,1.5569799856825,0.5385106487747261,12.0,1.0,0.25,0.38847872707115416,0.15,usgs-hecras-geometry-openlimno-builtin-1d,0.060000000000000005,8.02300850165915e-05
4,2021-05-13,clinch_upper_reach_4698_415,clinch_upper_reach,1,Clinch River,Upper Reach,4698.415,27.297999999999774,2685.123743024249,28.01,349.9397158888411,1.4750933047404555,0.1930457041191214,145.09517384917336,98.36338717211046,1.4704970155209505,0.552780035627263,12.0,1.0,0.25,0.393473012469542,0.15,usgs-hecras-geometry-openlimno-builtin-1d,0.060000000000000005,8.02300850165915e-05
4,2021-05-13,clinch_main_stem_4648_18,clinch_main_stem,2,Clinch River,Main Stem,4648.18,48.152000000000044,3392.0710885158674,21.01,349.88648757576834,1.5188044469871156,0.19636929338321796,106.99228804066955,70.44507161729241,1.5086353453492611,0.5454999158306698,12.0,1.0,0.25,0.39092497054073444,0.15,usgs-hecras-geometry-openlimno-builtin-1d,0.060000000000000005,8.02300850165915e-05
4,2021-05-13,clinch_main_stem_4600_028,clinch_main_stem,2,Clinch River,Main Stem,4600.028,49.878000000000156,3363.827349827724,21.01,349.8009611983458,1.559273761954853,0.1997924234979007,105.15914283516744,67.4411032885784,1.5482517374471663,0.5387673260123867,12.0,1.0,0.25,0.3885685641043354,0.15,usgs-hecras-geometry-openlimno-builtin-1d,0.060000000000000005,8.02300850165915e-05
4,2021-05-13,clinch_main_stem_4548_424,clinch_main_stem,2,Clinch River,Main Stem,4548.424,50.79800000000023,4128.102631998495,21.01,349.8983976588408,1.3951550607589425,0.18531036064635922,113.37736285611608,81.26506224651514,1.3830041664326842,0.562316244235728,12.0,1.0,0.25,0.3968106854825048,0.15,usgs-hecras-geometry-openlimno-builtin-1d,0.060000000000000005,8.02300850165915e-05
4,2021-05-13,clinch_main_stem_4498_432,clinch_main_stem,2,Clinch River,Main Stem,4498.432,50.32699999999977,3133.8521702652824,21.01,349.608213955843,1.6365450599083327,0.2061676979266106,101.9073318046114,62.26979892036673,1.6229489854173818,0.5243367087936028,12.0,1.0,0.25,0.383517848077761,0.15,usgs-hecras-geometry-openlimno-builtin-1d,0.060000000000000005,8.02300850165915e-05
4,2021-05-13,clinch_main_stem_4447_77,clinch_main_stem,2,Clinch River,Main Stem,4447.77,46.873999999999796,3081.6140996620234,21.01,349.4862042739775,1.5820899999602636,0.20199872587364057,104.01055704253658,65.74250329952717,1.5739715390437796,0.5351240616444828,12.0,1.0,0.25,0.387293421575569,0.15,usgs-hecras-geometry-openlimno-builtin-1d,0.060000000000000005,8.02300850165915e-05
4,2021-05-13,clinch_main_stem_4404_684,clinch_main_stem,2,Clinch River,Main Stem,4404.684,45.24200000000019,2973.6738415851532,21.01,349.39945575590366,1.585746856611481,0.201576850846905,104.2282380726189,65.72816943515187,1.5690447223283412,0.5334990774778496,12.0,1.0,0.25,0.38672467711724734,0.15,usgs-hecras-geometry-openlimno-builtin-1d,0.060000000000000005,8.02300850165915e-05
4,2021-05-13,clinch_main_stem_4357_286,clinch_main_stem,2,Clinch River,Main Stem,4357.286,50.25600000000031,3386.726674557454,21.01,349.09630526412235,1.5580622761691891,0.2001008855156786,104.9970365990899,67.38949925496324,1.551837239913314,0.5395301439926293,12.0,1.0,0.25,0.38883555039742024,0.15,usgs-hecras-geometry-openlimno-builtin-1d,0.060000000000000005,8.02300850165915e-05
4,2021-05-13,clinch_main_stem_4304_172,clinch_main_stem,2,Clinch River,Main Stem,4304.172,53.11400000000049,3388.919069101993,21.01,349.3035850217106,1.6125003413735057,0.2042086098337107,102.88498617716792,63.804629082764656,1.5998710705941155,0.5290555021441975,12.0,1.0,0.25,0.3851694257504691,0.15,usgs-hecras-geometry-openlimno-builtin-1d,0.060000000000000005,8.02300850165915e-05
4,2021-05-13,clinch_middle_reach_4279_376,clinch_middle_reach,3,Clinch River,Middle Reach,4279.376,23.74200000000019,1737.916274703903,28.01,348.89302398781757,1.7648830324960092,0.21681315611892488,129.18957733651618,73.20007896149815,1.750259260005043,0.49613647057842153,12.0,1.0,0.25,0.37364776470244754,0.15,usgs-hecras-geometry-openlimno-builtin-1d,0.060000000000000005,8.02300850165915e-05
4,2021-05-13,clinch_middle_reach_4255_634,clinch_middle_reach,3,Clinch River,Middle Reach,4255.634,37.95600000000013,2605.2309246720297,28.01,348.92660651341254,1.836064264994112,0.22225904502565627,126.02411747412437,68.63818433639005,1.8166166213430575,0.4773894946555042,12.0,1.0,0.25,0.36708632312942646,0.15,usgs-hecras-geometry-openlimno-builtin-1d,0.060000000000000005,8.02300850165915e-05
4,2021-05-13,clinch_middle_reach_4203_464,clinch_middle_reach,3,Clinch River,Middle Reach,4203.464,50.35699999999997,3237.745334261751,28.01,348.92549065034905,1.9081152898618547,0.22831038179413018,122.68386474539255,64.29583442742326,1.891307187010583,0.4568372455887762,12.0,1.0,0.25,0.3598930359560717,0.15,usgs-hecras-geometry-openlimno-builtin-1d,0.060000000000000005,8.02300850165915e-05
4,2021-05-13,clinch_middle_reach_4154_92,clinch_middle_reach,3,Clinch River,Middle Reach,4154.92,50.82049999999981,2714.199961527338,28.01,348.5275292014045,2.1416665419743803,0.2448828383576044,114.3812289495631,53.40758082914076,2.1009295827636367,0.3681314904412982,12.0,1.0,0.25,0.3288460216544544,0.15,usgs-hecras-geometry-openlimno-builtin-1d,0.060000000000000005,8.02300850165915e-05
4,2021-05-13,clinch_middle_reach_4101_823,clinch_middle_reach,3,Clinch River,Middle Reach,4101.823,50.264000000000124,2894.0255138091734,28.01,348.94673560472904,2.040360214730103,0.2384300299897116,117.47681280419522,57.57650632279895,2.0184372488272233,0.4114048401844664,12.0,1.0,0.25,0.3439916940645632,0.15,usgs-hecras-geometry-openlimno-builtin-1d,0.060000000000000005,8.02300850165915e-05
4,2021-05-13,clinch_middle_reach_4054_392,clinch_middle_reach,3,Clinch River,Middle Reach,4054.392,49.40950000000021,2799.9903728890267,28.01,347.8940940859185,2.0662094262501207,0.239217358926522,117.09016488474632,56.66906916461439,2.0284480346018534,0.4003285048348033,12.0,1.0,0.25,0.34011497669218116,0.15,usgs-hecras-geometry-openlimno-builtin-1d,0.060000000000000005,8.02300850165915e-05
4,2021-05-13,clinch_middle_reach_4003_004,clinch_middle_reach,3,Clinch River,Middle Reach,4003.004,49.666999999999916,2623.5218735251397,28.01,347.39219373532296,2.1536143696505072,0.24622288035727644,113.75872120152559,52.8222335459187,2.1182003786854793,0.3629311551105008,12.0,1.0,0.25,0.3270259042886753,0.15,usgs-hecras-geometry-openlimno-builtin-1d,0.060000000000000005,8.02300850165915e-05
4,2021-05-13,clinch_middle_reach_3955_058,clinch_middle_reach,3,Clinch River,Middle Reach,3955.058,48.64449999999988,2589.628667948339,28.01,348.23247833581735,2.1428687477583024,0.24553521464591943,114.07732304464989,53.23579578263412,2.109330416500507,0.36800264116042986,12.0,1.0,0.25,0.32880092440615044,0.15,usgs-hecras-geometry-openlimno-builtin-1d,0.060000000000000005,8.02300850165915e-05
4,2021-05-13,clinch_middle_reach_3905_715,clinch_middle_reach,3,Clinch River,Middle Reach,3905.715,42.64249999999993,2529.584162372765,28.01,348.5685566221874,2.0048238279537953,0.23552142376784277,118.92760986197972,59.320728436953026,1.9816163148971473,0.4243998206984224,12.0,1.0,0.25,0.3485399372444479,0.15,usgs-hecras-geometry-openlimno-builtin-1d,0.060000000000000005,8.02300850165915e-05
4,2021-05-13,clinch_middle_reach_3869_773,clinch_middle_reach,3,Clinch River,Middle Reach,3869.773,35.94200000000001,1423.406391302989,28.01,346.2619592415212,2.5935469217225937,0.27270451453097394,102.71190430482811,39.602871050664646,2.468950880954441,0.0,12.0,1.0,0.25,0.2,0.15,usgs-hecras-geometry-openlimno-builtin-1d,0.060000000000000005,8.02300850165915e-05
4,2021-05-13,clinch_lower_reach_3803_314,clinch_lower_reach,4,Clinch River,Lower Reach,3803.314,50.7529999999997,3089.435962098389,29.64,346.79290084637694,2.0493601869892135,0.23759780557847188,124.74862689845315,60.871987116001165,2.0078778435525315,0.40664562599299736,12.0,1.0,0.25,0.3423259690975491,0.15,usgs-hecras-geometry-openlimno-builtin-1d,0.060000000000000005,8.02300850165915e-05
4,2021-05-13,clinch_lower_reach_3752_561,clinch_lower_reach,4,Clinch River,Lower Reach,3752.561,49.906499999999824,3107.633886711553,29.64,347.7475832017142,2.0124127617965217,0.2365311816472056,125.31117374710063,62.26912099048348,1.9943736915979016,0.4220369535108874,12.0,1.0,0.25,0.3477129337288106,0.15,usgs-hecras-geometry-openlimno-builtin-1d,0.060000000000000005,8.02300850165915e-05
4,2021-05-13,clinch_lower_reach_3703_501,clinch_lower_reach,4,Clinch River,Lower Reach,3703.501,54.43600000000015,4334.517715719379,29.64,348.3381959071729,1.7340707064166005,0.2146628151994949,138.07701148638316,79.62594084281298,1.7242855503777237,0.5039098687631246,12.0,1.0,0.25,0.3763684540670936,0.15,usgs-hecras-geometry-openlimno-builtin-1d,0.060000000000000005,8.02300850165915e-05
4,2021-05-13,clinch_lower_reach_3643_689,clinch_lower_reach,4,Clinch River,Lower Reach,3643.689,49.82600000000002,2736.5006754323003,29.64,347.4449489813429,2.1772006905684895,0.24787926510933994,119.57434191571348,54.92113907261869,2.1396059763542237,0.35153333316179025,12.0,1.0,0.25,0.3230366666066266,0.15,usgs-hecras-geometry-openlimno-builtin-1d,0.060000000000000005,8.02300850165915e-05
4,2021-05-13,clinch_lower_reach_3603_849,clinch_lower_reach,4,Clinch River,Lower Reach,3603.849,44.821500000000015,2726.8952751017987,29.64,347.90913459027104,2.0448134185943974,0.23825522851816086,124.40440524368475,60.83900081661251,2.0162184946555812,0.4092569459788767,12.0,1.0,0.25,0.34323993109260686,0.15,usgs-hecras-geometry-openlimno-builtin-1d,0.060000000000000005,8.02300850165915e-05
4,2021-05-13,clinch_lower_reach_3554_046,clinch_lower_reach,4,Clinch River,Lower Reach,3554.046,49.03600000000006,4123.922330191031,29.64,348.4706621796058,1.6775795735174235,0.21008721746913273,141.0842618464157,84.09989253183429,1.6694495036893928,0.5165672542555471,12.0,1.0,0.25,0.3807985389894415,0.15,usgs-hecras-geometry-openlimno-builtin-1d,0.060000000000000005,8.02300850165915e-05
4,2021-05-13,clinch_lower_reach_3505_777,clinch_lower_reach,4,Clinch River,Lower Reach,3505.777,49.60149999999999,4487.352572836317,29.64,348.1490307214977,1.6058285056865782,0.20402512517788604,145.2762250441331,90.4680820708309,1.5977146843386423,0.5308017554267879,12.0,1.0,0.25,0.3857806143993757,0.15,usgs-hecras-geometry-openlimno-builtin-1d,0.060000000000000005,8.02300850165915e-05
4,2021-05-13,clinch_lower_reach_3454_843,clinch_lower_reach,4,Clinch River,Lower Reach,3454.843,51.30250000000001,4154.247798347528,29.64,348.4021953340691,1.720679945739144,0.21272779224745303,139.33299305584683,80.97554306997763,1.7010235786129768,0.505999579710597,12.0,1.0,0.25,0.37709985289870895,0.15,usgs-hecras-geometry-openlimno-builtin-1d,0.060000000000000005,8.02300850165915e-05
4,2021-05-13,clinch_lower_reach_3403_172,clinch_lower_reach,4,Clinch River,Lower Reach,3403.172,49.798,3185.0527582910545,29.64,347.977690963741,1.9887891468265353,0.23301545571285293,127.20186268041225,63.95945134927215,1.9500768874594152,0.42891626009496914,12.0,1.0,0.25,0.3501206910332392,0.15,usgs-hecras-geometry-openlimno-builtin-1d,0.060000000000000005,8.02300850165915e-05
4,2021-05-13,clinch_lower_reach_3355_247,clinch_lower_reach,4,Clinch River,Lower Reach,3355.247,50.37799999999993,2536.559039680856,29.64,347.2219906036714,2.3010868437900878,0.25582391259295933,115.86094395780788,50.35053078091349,2.24329484869292,0.28033830056047276,12.0,1.0,0.25,0.2981184051961655,0.15,usgs-hecras-geometry-openlimno-builtin-1d,0.060000000000000005,8.02300850165915e-05
4,2021-05-13,clinch_lower_reach_3302_416,clinch_lower_reach,4,Clinch River,Lower Reach,3302.416,51.749000000000024,1716.909793503881,29.64,346.0999534329491,2.9941379036804556,0.2983739365464898,99.33843533073397,33.177641954508886,2.8256279849738597,0.0,12.0,1.0,0.25,0.2,0.15,usgs-hecras-geometry-openlimno-builtin-1d,0.060000000000000005,8.02300850165915e-05
4,2021-05-13,clinch_lower_reach_3251_749,clinch_lower_reach,4,Clinch River,Lower Reach,3251.749,50.45950000000016,1866.052999166172,29.64,346.0475929106473,2.780033519909482,0.28830165495670507,102.80898319661435,36.98120273023248,2.683766198262629,0.0,12.0,1.0,0.25,0.2,0.15,usgs-hecras-geometry-openlimno-builtin-1d,0.060000000000000005,8.02300850165915e-05
4,2021-05-13,clinch_lower_reach_3201_497,clinch_lower_reach,4,Clinch River,Lower Reach,3201.497,49.927999999999884,2435.469100374568,29.64,347.0621046330923,2.3382470158350848,0.25986593696122023,114.05881181119624,48.77962466701197,2.2966644385421024,0.2547891573985433,12.0,1.0,0.25,0.28917620508949016,0.15,usgs-hecras-geometry-openlimno-builtin-1d,0.060000000000000005,8.02300850165915e-05
4,2021-05-13,clinch_lower_reach_3151_893,clinch_lower_reach,4,Clinch River,Lower Reach,3151.893,48.56549999999993,2142.4381589934665,29.64,346.92106290300524,2.488369313391164,0.2700119166766791,109.77293285722601,44.1144054728865,2.4324746606749077,0.0696424845207302,12.0,1.0,0.25,0.22437486958225558,0.15,usgs-hecras-geometry-openlimno-builtin-1d,0.060000000000000005,8.02300850165915e-05
4,2021-05-13,clinch_lower_reach_3104_366,clinch_lower_reach,4,Clinch River,Lower Reach,3104.366,50.80799999999999,2478.7469262471473,29.64,347.2334715679563,2.340394043434969,0.2595906980407958,114.17974612997091,48.78654791070594,2.2930188470438235,0.2529584692092515,12.0,1.0,0.25,0.28853546422323806,0.15,usgs-hecras-geometry-openlimno-builtin-1d,0.060000000000000005,8.02300850165915e-05
4,2021-05-13,clinch_lower_reach_3050_277,clinch_lower_reach,4,Clinch River,Lower Reach,3050.277,51.47399999999993,3020.7316852536946,29.64,347.9334373743695,2.0865705506017065,0.242058809464267,122.44958184170319,58.68461136211871,2.064691469456444,0.39313459692984837,12.0,1.0,0.25,0.3375971089254469,0.15,usgs-hecras-geometry-openlimno-builtin-1d,0.060000000000000005,8.02300850165915e-05
4,2021-05-13,clinch_lower_reach_3001_418,clinch_lower_reach,4,Clinch River,Lower Reach,3001.418,49.3900000000001,3507.3448909208646,29.64,348.0560124600713,1.8594035852524184,0.22447350488029646,132.0423094734763,71.01325958535853,1.843832954821463,0.47125384781918617,12.0,1.0,0.25,0.3649388467367152,0.15,usgs-hecras-geometry-openlimno-builtin-1d,0.060000000000000005,8.02300850165915e-05
4,2021-05-13,clinch_lower_reach_2951_497,clinch_lower_reach,4,Clinch River,Lower Reach,2951.497,50.794000000000096,3380.0024439872855,29.64,348.00490959066605,1.9346010247340992,0.23024074727728436,128.73481497305883,66.54334063053273,1.9153458852138374,0.4483825631040998,12.0,1.0,0.25,0.35693389708643497,0.15,usgs-hecras-geometry-openlimno-builtin-1d,0.060000000000000005,8.02300850165915e-05
4,2021-05-13,clinch_lower_reach_2899_83,clinch_lower_reach,4,Clinch River,Lower Reach,2899.83,49.859500000000025,3282.983070984728,29.64,347.9767003009673,1.946748524280747,0.23123183247240006,128.18304332530792,65.84468498450097,1.9277262945703506,0.4444932953941849,12.0,1.0,0.25,0.35557265338796473,0.15,usgs-hecras-geometry-openlimno-builtin-1d,0.060000000000000005,8.02300850165915e-05
4,2021-05-13,clinch_lower_reach_2851_778,clinch_lower_reach,4,Clinch River,Lower Reach,2851.778,49.67899999999986,3406.19784112066,29.64,348.02104020667485,1.8994149386829502,0.2275942710195963,130.23174909990567,68.56413859217515,1.8824173536743962,0.4594603502594771,12.0,1.0,0.25,0.360811122590817,0.15,usgs-hecras-geometry-openlimno-builtin-1d,0.060000000000000005,8.02300850165915e-05
4,2021-05-13,clinch_lower_reach_2800_472,clinch_lower_reach,4,Clinch River,Lower Reach,2800.472,47.763499999999794,3353.154760573077,29.64,348.13944820826976,1.8712690874439506,0.2256235879258941,131.3692432270656,70.20328829698602,1.8580212413271466,0.4680634949020802,12.0,1.0,0.25,0.3638222232157281,0.15,usgs-hecras-geometry-openlimno-builtin-1d,0.060000000000000005,8.02300850165915e-05
4,2021-05-13,clinch_lower_reach_2756_251,clinch_lower_reach,4,Clinch River,Lower Reach,2756.251,48.878000000000156,3480.116715734963,29.64,348.0657108077411,1.8550383364562137,0.22441140646289748,132.07884780536082,71.20006374513997,1.843064293829407,0.47279135615659035,12.0,1.0,0.25,0.36547697465480666,0.15,usgs-hecras-geometry-openlimno-builtin-1d,0.060000000000000005,8.02300850165915e-05
4,2021-05-13,clinch_lower_reach_2702_716,clinch_lower_reach,4,Clinch River,Lower Reach,2702.716,52.79500000000007,4108.082862888442,29.64,348.07252681279044,1.7589022838081398,0.21656590552662772,136.86364863353634,77.81196823351522,1.7472661563980436,0.4978664874924201,12.0,1.0,0.25,0.37425327062234703,0.15,usgs-hecras-geometry-openlimno-builtin-1d,0.060000000000000005,8.02300850165915e-05
4,2021-05-13,clinch_lower_reach_2650_661,clinch_lower_reach,4,Clinch River,Lower Reach,2650.661,50.19249999999988,3574.5315700168244,29.64,348.09516852761675,1.8606392009971608,0.2236844135170696,132.5081150445833,71.21644807524696,1.834120831899189,0.4699709107086981,12.0,1.0,0.25,0.3644898187480443,0.15,usgs-hecras-geometry-openlimno-builtin-1d,0.060000000000000005,8.02300850165915e-05
4,2021-05-13,clinch_lower_reach_2602_331,clinch_lower_reach,4,Clinch River,Lower Reach,2602.331,48.43250000000012,3071.435321499206,29.64,348.065071717575,1.9906436923365711,0.2347903158174861,126.24030040080788,63.416823857930076,1.9723958251703475,0.4297650041896608,12.0,1.0,0.25,0.35041775146638127,0.15,usgs-hecras-geometry-openlimno-builtin-1d,0.060000000000000005,8.02300850165915e-05
4,2021-05-13,clinch_lower_reach_2553_796,clinch_lower_reach,4,Clinch River,Lower Reach,2553.796,50.061500000000024,3065.46488765331,29.64,347.8507987822411,2.032827183823676,0.23811417615267905,124.47809903176366,61.23397995771818,2.0144288410999525,0.4144875800864841,12.0,1.0,0.25,0.3450706530302694,0.15,usgs-hecras-geometry-openlimno-builtin-1d,0.060000000000000005,8.02300850165915e-05
4,2021-05-13,clinch_lower_reach_2502_208,clinch_lower_reach,4,Clinch River,Lower Reach,2502.208,51.94899999999984,3112.708551213227,29.64,346.98968431686126,2.0702469398235257,0.23894325806603922,124.04618669679346,59.91854609738853,2.024958409335507,0.3982327686309295,12.0,1.0,0.25,0.33938146902082533,0.15,usgs-hecras-geometry-openlimno-builtin-1d,0.060000000000000005,8.02300850165915e-05
4,2021-05-13,clinch_lower_reach_2449_898,clinch_lower_reach,4,Clinch River,Lower Reach,2449.898,51.12049999999999,2943.2796484530563,29.64,346.481083262154,2.1186930589830286,0.24298178655673078,121.98445167444568,57.57532982762408,2.0765123417433244,0.37827211662490434,12.0,1.0,0.25,0.3323952408187165,0.15,usgs-hecras-geometry-openlimno-builtin-1d,0.060000000000000005,8.02300850165915e-05
4,2021-05-13,clinch_lower_reach_2399_967,clinch_lower_reach,4,Clinch River,Lower Reach,2399.967,50.17000000000007,3112.9626223383652,29.64,347.39402968229035,2.018553359372012,0.23665089974989115,125.24778072395068,62.04828826666057,1.995887609304904,0.41947711648286756,12.0,1.0,0.25,0.34681699076900363,0.15,usgs-hecras-geometry-openlimno-builtin-1d,0.060000000000000005,8.02300850165915e-05
4,2021-05-13,clinch_lower_reach_2349_558,clinch_lower_reach,4,Clinch River,Lower Reach,2349.558,49.50649999999996,3394.9414490204563,29.64,347.78743424411806,1.8992760825498183,0.22757263348549067,130.2441314934722,68.57567085171561,1.8821542988320197,0.45949161749822226,12.0,1.0,0.25,0.3608220661243778,0.15,usgs-hecras-geometry-openlimno-builtin-1d,0.060000000000000005,8.02300850165915e-05
4,2021-05-13,clinch_lower_reach_2300_954,clinch_lower_reach,4,Clinch River,Lower Reach,2300.954,49.94699999999989,3202.4619609312235,29.64,347.4413007482833,1.984437698504735,0.2329518472799536,127.23659565738346,64.11720345428616,1.9492768186845653,0.4306790732383524,12.0,1.0,0.25,0.35073767563342334,0.15,usgs-hecras-geometry-openlimno-builtin-1d,0.060000000000000005,8.02300850165915e-05
4,2021-05-13,clinch_lower_reach_2249_664,clinch_lower_reach,4,Clinch River,Lower Reach,2249.664,51.33600000000001,3152.5198970028714,29.64,346.95610640554855,2.033905557167579,0.23730757773177985,124.90119482615519,61.40953516056706,2.0042005954100253,0.41330711275765636,12.0,1.0,0.25,0.3446574894651797,0.15,usgs-hecras-geometry-openlimno-builtin-1d,0.060000000000000005,8.02300850165915e-05
4,2021-05-13,clinch_lower_reach_2198_282,clinch_lower_reach,4,Clinch River,Lower Reach,2198.282,49.81050000000005,2932.478756235292,29.64,346.6833102113324,2.0837083406227253,0.24161689323790078,122.67354158393167,58.87270266781681,2.0590404442162433,0.39413283420123985,12.0,1.0,0.25,0.3379464919704339,0.15,usgs-hecras-geometry-openlimno-builtin-1d,0.060000000000000005,8.02300850165915e-05
4,2021-05-13,clinch_lower_reach_2150_043,clinch_lower_reach,4,Clinch River,Lower Reach,2150.043,48.95600000000013,3222.3010759018757,29.64,347.33786667427046,1.950533952764116,0.23086840081469587,128.3848283065392,65.8203504351227,1.923183460735517,0.44262179158925796,12.0,1.0,0.25,0.3549176270562403,0.15,usgs-hecras-geometry-openlimno-builtin-1d,0.060000000000000005,8.02300850165915e-05
4,2021-05-13,clinch_lower_reach_2100_37,clinch_lower_reach,4,Clinch River,Lower Reach,2100.37,50.11350000000016,2958.4853231387724,29.64,346.7992692297686,2.08148979322317,0.2412066239647387,122.88219748199364,59.03569543413977,2.0538015354535304,0.39484601186194096,12.0,1.0,0.25,0.33819610415167933,0.15,usgs-hecras-geometry-openlimno-builtin-1d,0.060000000000000005,8.02300850165915e-05
4,2021-05-13,clinch_lower_reach_2049_816,clinch_lower_reach,4,Clinch River,Lower Reach,2049.816,50.17199999999991,3356.6893647695115,29.64,347.5196550716642,1.9274264586461416,0.2298532473955258,128.95184356040974,66.90363877799405,1.9105125142804589,0.4508385800433531,12.0,1.0,0.25,0.35779350301517354,0.15,usgs-hecras-geometry-openlimno-builtin-1d,0.060000000000000005,8.02300850165915e-05
4,2021-05-13,clinch_lower_reach_2000_026,clinch_lower_reach,4,Clinch River,Lower Reach,2000.026,49.6579999999999,3102.2089794560306,29.64,347.33936975069,2.009861328832079,0.23606428099273408,125.55902093850574,62.47148454339758,1.9884714251311464,0.4227218898197753,12.0,1.0,0.25,0.3479526614369214,0.15,usgs-hecras-geometry-openlimno-builtin-1d,0.060000000000000005,8.02300850165915e-05
4,2021-05-13,clinch_lower_reach_1950_5,clinch_lower_reach,4,Clinch River,Lower Reach,1950.5,50.339500000000044,3044.87280978966,29.64,347.4672086570474,2.049509463819663,0.23909363392327496,123.96816892879491,60.48675115544766,2.026873934228532,0.40785609420547164,12.0,1.0,0.25,0.3427496329719151,0.15,usgs-hecras-geometry-openlimno-builtin-1d,0.060000000000000005,8.02300850165915e-05
4,2021-05-13,clinch_lower_reach_1899_347,clinch_lower_reach,4,Clinch River,Lower Reach,1899.347,50.96849999999995,3114.739937073602,29.64,347.2791884321906,2.0363951289425537,0.2381750202855797,124.44629988678352,61.11107717656209,2.015202450652397,0.41295451069721356,12.0,1.0,0.25,0.34453407874402475,0.15,usgs-hecras-geometry-openlimno-builtin-1d,0.060000000000000005,8.02300850165915e-05
4,2021-05-13,clinch_lower_reach_1848_563,clinch_lower_reach,4,Clinch River,Lower Reach,1848.563,50.57349999999997,3592.240854272397,29.64,347.5083392086303,1.8578656585712403,0.22460605242167592,131.9643868917379,71.03010181760011,1.8454662988673893,0.471958475289937,12.0,1.0,0.25,0.36518546635147797,0.15,usgs-hecras-geometry-openlimno-builtin-1d,0.060000000000000005,8.02300850165915e-05
4,2021-05-13,clinch_lower_reach_1798_2,clinch_lower_reach,4,Clinch River,Lower Reach,1798.2,50.66450000000009,3457.832225931183,29.64,347.2691063730387,1.9045960377350022,0.22802116821662788,129.98793152327414,68.24960723842487,1.887716126720684,0.45790307186385354,12.0,1.0,0.25,0.36026607515234876,0.15,usgs-hecras-geometry-openlimno-builtin-1d,0.060000000000000005,8.02300850165915e-05
4,2021-05-13,clinch_lower_reach_1747_234,clinch_lower_reach,4,Clinch River,Lower Reach,1747.234,50.704000000000065,3722.403353224187,29.64,347.28855258303287,1.8246433989677797,0.2212681934720477,133.95508651696184,73.41439241922102,1.8044814502877895,0.4804035225661166,12.0,1.0,0.25,0.3681412328981408,0.15,usgs-hecras-geometry-openlimno-builtin-1d,0.060000000000000005,8.02300850165915e-05
4,2021-05-13,clinch_lower_reach_1696_792,clinch_lower_reach,4,Clinch River,Lower Reach,1696.792,48.03399999999999,3510.336204480691,29.64,347.5534179183003,1.825455136034928,0.22218108125773656,133.40469779070312,73.08023909065852,1.8156593816486,0.48110411500133343,12.0,1.0,0.25,0.36838644025046674,0.15,usgs-hecras-geometry-openlimno-builtin-1d,0.060000000000000005,8.02300850165915e-05
4,2021-05-13,clinch_lower_reach_1651_166,clinch_lower_reach,4,Clinch River,Lower Reach,1651.166,47.878999999999905,3442.648863351347,29.64,347.29999754373586,1.8453536839991789,0.2233834148328457,132.68666352056238,71.90310706888935,1.8304182232163606,0.47523557186518756,12.0,1.0,0.25,0.3663324501528157,0.15,usgs-hecras-geometry-openlimno-builtin-1d,0.060000000000000005,8.02300850165915e-05
4,2021-05-13,clinch_lower_reach_1601_034,clinch_lower_reach,4,Clinch River,Lower Reach,1601.034,47.654499999999985,3219.363796400868,29.64,347.43539487449414,1.9170006746360726,0.22887048764235216,129.50555707434583,67.55634402629067,1.898272700587055,0.4539510627804978,12.0,1.0,0.25,0.35888287197317426,0.15,usgs-hecras-geometry-openlimno-builtin-1d,0.060000000000000005,8.02300850165915e-05
4,2021-05-13,clinch_lower_reach_1555_857,clinch_lower_reach,4,Clinch River,Lower Reach,1555.857,47.703500000000076,3048.581800451096,29.64,347.5396752542493,1.980506190090116,0.23418247245169446,126.56796936890285,63.906878959638,1.9647419468596292,0.4334584718732383,12.0,1.0,0.25,0.3517104651556334,0.15,usgs-hecras-geometry-openlimno-builtin-1d,0.060000000000000005,8.02300850165915e-05
4,2021-05-13,clinch_lower_reach_1505_627,clinch_lower_reach,4,Clinch River,Lower Reach,1505.627,50.02350000000001,3695.2720823013556,29.64,347.9112847829283,1.8153452358331705,0.22102765872269808,134.10086398818723,73.87072240649604,1.8015386516272767,0.4834362835397029,12.0,1.0,0.25,0.36920269923889604,0.15,usgs-hecras-geometry-openlimno-builtin-1d,0.060000000000000005,8.02300850165915e-05
4,2021-05-13,clinch_lower_reach_1455_81,clinch_lower_reach,4,Clinch River,Lower Reach,1455.81,49.34699999999998,3277.8877756557445,29.64,347.9290073894025,1.9340027227511831,0.2307213545851131,128.46665213672628,66.42526953321875,1.921346224838807,0.4490877213469621,12.0,1.0,0.25,0.35718070247143674,0.15,usgs-hecras-geometry-openlimno-builtin-1d,0.060000000000000005,8.02300850165915e-05
4,2021-05-13,clinch_lower_reach_1406_933,clinch_lower_reach,4,Clinch River,Lower Reach,1406.933,48.507999999999925,2903.2857494914256,29.64,347.8595103366194,2.06228839456782,0.24013329935917285,123.43144444813868,59.85168940157149,2.0401048736322145,0.4029028490355619,12.0,1.0,0.25,0.3410159971624467,0.15,usgs-hecras-geometry-openlimno-builtin-1d,0.060000000000000005,8.02300850165915e-05
4,2021-05-13,clinch_lower_reach_1358_794,clinch_lower_reach,4,Clinch River,Lower Reach,1358.794,50.120000000000005,2920.4486413233335,29.64,347.8396255933726,2.0968398459708593,0.2425908563607621,122.18102711967724,58.269126921854216,2.0715030528758147,0.38864772391882524,12.0,1.0,0.25,0.3360267033715888,0.15,usgs-hecras-geometry-openlimno-builtin-1d,0.060000000000000005,8.02300850165915e-05
4,2021-05-13,clinch_lower_reach_1306_693,clinch_lower_reach,4,Clinch River,Lower Reach,1306.693,50.790500000000065,2824.559077844618,29.64,347.7771629575001,2.1581597716420573,0.24695989496240672,120.01948739293044,55.61195652424399,2.127710082465429,0.36108123106489487,12.0,1.0,0.25,0.32637843087271323,0.15,usgs-hecras-geometry-openlimno-builtin-1d,0.060000000000000005,8.02300850165915e-05
4,2021-05-13,clinch_lower_reach_1257_213,clinch_lower_reach,4,Clinch River,Lower Reach,1257.213,50.10649999999998,3157.93652082225,29.64,347.307603178329,1.998424449540769,0.23533208191936344,125.94967825150226,63.02448825645876,1.979229302585245,0.4269616432808496,12.0,1.0,0.25,0.3494365751482974,0.15,usgs-hecras-geometry-openlimno-builtin-1d,0.060000000000000005,8.02300850165915e-05
4,2021-05-13,clinch_lower_reach_1206_48,clinch_lower_reach,4,Clinch River,Lower Reach,1206.48,50.096000000000004,3432.9814132665747,29.64,347.2555282959502,1.899711573419212,0.2276785563224234,130.18353804925653,68.5280544008818,1.883463547181331,0.45943191771260894,12.0,1.0,0.25,0.36080117119941313,0.15,usgs-hecras-geometry-openlimno-builtin-1d,0.060000000000000005,8.02300850165915e-05
4,2021-05-13,clinch_lower_reach_1157_021,clinch_lower_reach,4,Clinch River,Lower Reach,1157.021,49.730500000000006,3451.0514505349925,29.64,347.1533596641219,1.8875407362173522,0.22628369292658868,130.98601855333808,69.39506842953503,1.8661812097283275,0.4626423086512828,12.0,1.0,0.25,0.361924808027949,0.15,usgs-hecras-geometry-openlimno-builtin-1d,0.060000000000000005,8.02300850165915e-05
4,2021-05-13,clinch_lower_reach_1107_019,clinch_lower_reach,4,Clinch River,Lower Reach,1107.019,50.140499999999975,3373.538676379321,29.64,347.37089951197174,1.9200246860463817,0.2294427575915408,129.18254780029187,67.2817119170994,1.905396930891752,0.45333791698735815,12.0,1.0,0.25,0.35866827094557535,0.15,usgs-hecras-geometry-openlimno-builtin-1d,0.060000000000000005,8.02300850165915e-05
4,2021-05-13,clinch_lower_reach_1056_74,clinch_lower_reach,4,Clinch River,Lower Reach,1056.74,50.045500000000004,3708.4128750999585,29.64,347.3933316272623,1.8108563065437575,0.22088751112460087,134.18594763051277,74.10082575056614,1.7998295367400585,0.48486472301174643,12.0,1.0,0.25,0.36970265305411126,0.15,usgs-hecras-geometry-openlimno-builtin-1d,0.060000000000000005,8.02300850165915e-05
4,2021-05-13,clinch_lower_reach_1006_928,clinch_lower_reach,4,Clinch River,Lower Reach,1006.928,49.81200000000001,3774.258642140085,29.64,347.25867981325234,1.787735212865011,0.21881511893857863,135.4568191803965,75.77006829960821,1.7745562648324886,0.49061352200412095,12.0,1.0,0.25,0.37171473270144234,0.15,usgs-hecras-geometry-openlimno-builtin-1d,0.060000000000000005,8.02300850165915e-05
4,2021-05-13,clinch_lower_reach_957_116,clinch_lower_reach,4,Clinch River,Lower Reach,957.116,49.932799999999986,3713.7558382265024,29.64,347.28186027299205,1.8077453726680675,0.22045173095218445,134.4512010496704,74.37507686784045,1.794508158658899,0.48547827924799763,12.0,1.0,0.25,0.3699173977367992,0.15,usgs-hecras-geometry-openlimno-builtin-1d,0.060000000000000005,8.02300850165915e-05
4,2021-05-13,clinch_lower_reach_907_062,clinch_lower_reach,4,Clinch River,Lower Reach,907.0624,49.853549999999984,3556.4890791672856,29.64,347.21135838132074,1.8535329817670767,0.224157095592628,132.22869399533204,71.33873273151634,1.8399359850427173,0.4730745069409291,12.0,1.0,0.25,0.3655760774293252,0.15,usgs-hecras-geometry-openlimno-builtin-1d,0.060000000000000005,8.02300850165915e-05
4,2021-05-13,clinch_lower_reach_857_409,clinch_lower_reach,4,Clinch River,Lower Reach,857.4089,50.186350000000004,3698.940897801106,29.64,347.19349461389777,1.8176316299433724,0.22124860782066502,133.9669446599409,73.70412269075368,1.8042416518180717,0.4828695626264092,12.0,1.0,0.25,0.3690043469192432,0.15,usgs-hecras-geometry-openlimno-builtin-1d,0.060000000000000005,8.02300850165915e-05
4,2021-05-13,clinch_lower_reach_806_69,clinch_lower_reach,4,Clinch River,Lower Reach,806.6897,50.20685000000003,3750.6750068424853,29.64,347.1033346902481,1.8028512752604084,0.22007557122778615,134.6810090490304,74.7044478361515,1.789910100419618,0.48677554439604587,12.0,1.0,0.25,0.37037144053861604,0.15,usgs-hecras-geometry-openlimno-builtin-1d,0.060000000000000005,8.02300850165915e-05
4,2021-05-13,clinch_lower_reach_756_995,clinch_lower_reach,4,Clinch River,Lower Reach,756.9952,49.95240000000001,4018.6970453522,29.64,347.3174698371814,1.7229278541651172,0.21383667783207477,138.61045869444433,80.45052981142446,1.7143409920415245,0.5065844841075287,12.0,1.0,0.25,0.377304569437635,0.15,usgs-hecras-geometry-openlimno-builtin-1d,0.060000000000000005,8.02300850165915e-05
4,2021-05-13,clinch_lower_reach_706_785,clinch_lower_reach,4,Clinch River,Lower Reach,706.7849,50.15224999999998,4373.713577017834,29.64,347.5168466813085,1.6409975295535693,0.20711442856810652,143.1092956918418,87.20872098495751,1.6341407828367673,0.5241824755299157,12.0,1.0,0.25,0.3834638664354705,0.15,usgs-hecras-geometry-openlimno-builtin-1d,0.060000000000000005,8.02300850165915e-05
4,2021-05-13,clinch_lower_reach_656_691,clinch_lower_reach,4,Clinch River,Lower Reach,656.6907,50.47534999999999,4107.364441189242,29.64,347.6460854401745,1.7110527116738876,0.21287806332628567,139.23463759894196,81.37366934928123,1.7028273077392648,0.5092951762322289,12.0,1.0,0.25,0.37825331168128007,0.15,usgs-hecras-geometry-openlimno-builtin-1d,0.060000000000000005,8.02300850165915e-05
4,2021-05-13,clinch_lower_reach_605_834,clinch_lower_reach,4,Clinch River,Lower Reach,605.8342,50.57945000000001,4021.5587368828324,29.64,347.48165954590235,1.7352386733131728,0.2148318495402457,137.9683695105337,79.5097364024882,1.7263234963308036,0.5037237250209768,12.0,1.0,0.25,0.3763033037573419,0.15,usgs-hecras-geometry-openlimno-builtin-1d,0.060000000000000005,8.02300850165915e-05
4,2021-05-13,clinch_lower_reach_555_532,clinch_lower_reach,4,Clinch River,Lower Reach,555.5318,49.75550000000001,3743.0364740229006,29.64,347.33624380398925,1.7957555448346432,0.21940575705509435,135.09217076996381,75.22859732135944,1.781746738612136,0.4885014321061315,12.0,1.0,0.25,0.37097550123714607,0.15,usgs-hecras-geometry-openlimno-builtin-1d,0.060000000000000005,8.02300850165915e-05
4,2021-05-13,clinch_lower_reach_506_323,clinch_lower_reach,4,Clinch River,Lower Reach,506.3232,50.0881,3736.8460299580215,29.64,347.37045064965383,1.8042946102795716,0.2201912725783747,134.610239783459,74.60546576847638,1.7913237471714523,0.4863991958915817,12.0,1.0,0.25,0.3702397185620536,0.15,usgs-hecras-geometry-openlimno-builtin-1d,0.060000000000000005,8.02300850165915e-05
4,2021-05-13,clinch_lower_reach_455_356,clinch_lower_reach,4,Clinch River,Lower Reach,455.3556,49.9751,3745.853950484031,29.64,347.34402688273514,1.7987412911537726,0.2198428403609013,134.82358557295746,74.95440630402003,1.7870736523186521,0.48795009932313393,12.0,1.0,0.25,0.37078253476309686,0.15,usgs-hecras-geometry-openlimno-builtin-1d,0.060000000000000005,8.02300850165915e-05
4,2021-05-13,clinch_lower_reach_406_373,clinch_lower_reach,4,Clinch River,Lower Reach,406.373,49.43424999999999,3392.4520253596647,29.64,347.32502604072255,1.8966285750348537,0.22772470317031196,130.15715724891155,68.62553847503837,1.8840341480190943,0.46065687303495373,12.0,1.0,0.25,0.3612299055622338,0.15,usgs-hecras-geometry-openlimno-builtin-1d,0.060000000000000005,8.02300850165915e-05
4,2021-05-13,clinch_lower_reach_356_487,clinch_lower_reach,4,Clinch River,Lower Reach,356.4871,42.227149999999995,2882.256711943362,29.64,347.1599347226695,1.9025922036391434,0.22823991571938113,129.8633497413402,68.25600856186985,1.8904310460350395,0.45889291840910773,12.0,1.0,0.25,0.3606125214431877,0.15,usgs-hecras-geometry-openlimno-builtin-1d,0.060000000000000005,8.02300850165915e-05
4,2021-05-13,clinch_lower_reach_321_919,clinch_lower_reach,4,Clinch River,Lower Reach,321.9187,50.02435,3427.426066988947,29.64,347.27425417958676,1.8996707989704753,0.22772631113783723,130.15623821377244,68.51515445955714,1.8840527071928963,0.45949570211337365,12.0,1.0,0.25,0.36082349573968076,0.15,usgs-hecras-geometry-openlimno-builtin-1d,0.060000000000000005,8.02300850165915e-05
4,2021-05-13,clinch_lower_reach_256_438,clinch_lower_reach,4,Clinch River,Lower Reach,256.4384,58.00505,4201.76951885047,29.64,347.32853881088596,1.8364311348104787,0.2228112583705913,133.02738926549756,72.4379949478618,1.8233957979459818,0.47785009825164637,12.0,1.0,0.25,0.3672475343880762,0.15,usgs-hecras-geometry-openlimno-builtin-1d,0.060000000000000005,8.02300850165915e-05
4,2021-05-13,clinch_lower_reach_205_909,clinch_lower_reach,4,Clinch River,Lower Reach,205.9086,50.3267,3421.6683743372564,29.64,347.26919188234314,1.9076227087207749,0.2285315966247723,129.69760172229547,67.98912653397215,1.8940582631159906,0.4572486598755549,12.0,1.0,0.25,0.36003703095644424,0.15,usgs-hecras-geometry-openlimno-builtin-1d,0.060000000000000005,8.02300850165915e-05
4,2021-05-13,clinch_lower_reach_155_785,clinch_lower_reach,4,Clinch River,Lower Reach,155.785,49.922850000000004,3429.922284599162,29.64,347.44735698256915,1.8950807903904736,0.22764890226929904,130.20049604692198,68.70445666862292,1.8830951892993566,0.4611705670758059,12.0,1.0,0.25,0.36140969847653204,0.15,usgs-hecras-geometry-openlimno-builtin-1d,0.060000000000000005,8.02300850165915e-05
4,2021-05-13,clinch_lower_reach_106_063,clinch_lower_reach,4,Clinch River,Lower Reach,106.0629,49.394099999999995,3313.750609744069,29.64,347.34442465087295,1.9217721841561497,0.2298960726493999,128.92782229125814,67.08798438971597,1.911046548022812,0.45310137445758636,12.0,1.0,0.25,0.3585854810601552,0.15,usgs-hecras-geometry-openlimno-builtin-1d,0.060000000000000005,8.02300850165915e-05
4,2021-05-13,clinch_lower_reach_56_997,clinch_lower_reach,4,Clinch River,Lower Reach,56.9968,46.54562,3180.495205423166,29.64,347.25419803794676,1.903093264340414,0.22793037316954876,130.03971163576313,68.33070878469695,1.886588598484251,0.45838928172512233,12.0,1.0,0.25,0.3604362486037928,0.15,usgs-hecras-geometry-openlimno-builtin-1d,0.060000000000000005,8.02300850165915e-05
4,2021-05-13,clinch_lower_reach_12_972,clinch_lower_reach,4,Clinch River,Lower Reach,12.97166,44.02514,3304.039146812819,29.64,347.47318162067967,1.7971965991515038,0.21975470016115137,134.87766122073512,75.04891856818216,1.7859989180865858,0.4883892849258907,12.0,1.0,0.25,0.37093624972406175,0.15,usgs-hecras-geometry-openlimno-builtin-1d,0.060000000000000005,8.02300850165915e-05
5,2021-06-01,clinch_upper_reach_4893_771,clinch_upper_reach,1,Clinch River,Upper Reach,4893.771,45.30899999999929,2736.0719077774584,14.81,348.8889787494731,1.35001628501582,0.18166573538890746,81.52335369295129,60.386940956046296,1.3424047142931739,0.5680184852991109,12.0,1.0,0.25,0.3988064698546888,0.15,usgs-hecras-geometry-openlimno-builtin-1d,0.060000000000000005,8.02300850165915e-05
5,2021-06-01,clinch_upper_reach_4848_462,clinch_upper_reach,1,Clinch River,Upper Reach,4848.462,47.2199999999998,2748.442993969403,14.81,348.7974069851561,1.3801847789673294,0.18435591402889392,80.3337396470983,58.20506128694228,1.3723326304303345,0.5646532521479943,12.0,1.0,0.25,0.397628638251798,0.15,usgs-hecras-geometry-openlimno-builtin-1d,0.060000000000000005,8.02300850165915e-05
5,2021-06-01,clinch_upper_reach_4799_331,clinch_upper_reach,1,Clinch River,Upper Reach,4799.331,49.625,3365.851374935722,14.81,348.93666556251264,1.2583253981117621,0.17352724858504856,85.34682662672068,67.8257204017274,1.2532148038568627,0.5768565827579669,12.0,1.0,0.25,0.40189980396528846,0.15,usgs-hecras-geometry-openlimno-builtin-1d,0.060000000000000005,8.02300850165915e-05
5,2021-06-01,clinch_upper_reach_4749_212,clinch_upper_reach,1,Clinch River,Upper Reach,4749.212,36.8090000000002,2795.232957315261,14.81,349.314511436906,1.1756071560337797,0.16589330074265674,89.27424997694227,75.9388453181354,1.1714323412741947,0.5825094167837248,12.0,1.0,0.25,0.4038782958743037,0.15,usgs-hecras-geometry-openlimno-builtin-1d,0.060000000000000005,8.02300850165915e-05
5,2021-06-01,clinch_upper_reach_4725_713,clinch_upper_reach,1,Clinch River,Upper Reach,4725.713,25.39850000000024,2158.68710958904,14.81,349.35376967810964,1.0984862175001484,0.15862762305010758,93.36331034426325,84.992700733863,1.0953267846134744,0.5859603212282601,12.0,1.0,0.25,0.405086112429891,0.15,usgs-hecras-geometry-openlimno-builtin-1d,0.060000000000000005,8.02300850165915e-05
5,2021-06-01,clinch_upper_reach_4698_415,clinch_upper_reach,1,Clinch River,Upper Reach,4698.415,27.297999999999774,2452.300157682185,14.81,349.4050380996784,1.062306505257962,0.15518953109478245,95.43169500882603,89.83442588036505,1.0599065309516194,0.587008618864242,12.0,1.0,0.25,0.40545301660248473,0.15,usgs-hecras-geometry-openlimno-builtin-1d,0.060000000000000005,8.02300850165915e-05
5,2021-06-01,clinch_main_stem_4648_18,clinch_main_stem,2,Clinch River,Main Stem,4648.18,48.152000000000044,3165.644017159278,11.11,349.35550477798216,1.0793271690342883,0.15657167724641247,70.95791649798248,65.74273170707914,1.0740920835229653,0.5861162375824901,12.0,1.0,0.25,0.40514068315387153,0.15,usgs-hecras-geometry-openlimno-builtin-1d,0.060000000000000005,8.02300850165915e-05
5,2021-06-01,clinch_main_stem_4600_028,clinch_main_stem,2,Clinch River,Main Stem,4600.028,49.878000000000156,3237.094350359357,11.11,349.2794395128672,1.087311215016584,0.1574395589499912,70.56676272530056,64.90024360157479,1.0830406318729722,0.5860845791893295,12.0,1.0,0.25,0.4051296027162653,0.15,usgs-hecras-geometry-openlimno-builtin-1d,0.060000000000000005,8.02300850165915e-05
5,2021-06-01,clinch_main_stem_4548_424,clinch_main_stem,2,Clinch River,Main Stem,4548.424,50.79800000000023,3928.39620800898,11.11,349.4241563047895,0.9801026200589029,0.14657970366150125,75.79494106262142,77.33367864894213,0.9729427792490569,0.5865758336036457,12.0,1.0,0.25,0.405301541761276,0.15,usgs-hecras-geometry-openlimno-builtin-1d,0.060000000000000005,8.02300850165915e-05
5,2021-06-01,clinch_main_stem_4498_432,clinch_main_stem,2,Clinch River,Main Stem,4498.432,50.32699999999977,2898.5000589200904,11.11,349.03112006946117,1.1687272784375091,0.16505497057531068,67.31090836752941,57.59334073002769,1.1625651101248902,0.5825429274920276,12.0,1.0,0.25,0.4038900246222097,0.15,usgs-hecras-geometry-openlimno-builtin-1d,0.060000000000000005,8.02300850165915e-05
5,2021-06-01,clinch_main_stem_4447_77,clinch_main_stem,2,Clinch River,Main Stem,4447.77,46.873999999999796,2744.5525265193983,11.11,348.89897584090244,1.1560696805770285,0.164130962499416,67.6898485868535,58.55170300207813,1.1528152442957829,0.5836651296472017,12.0,1.0,0.25,0.4042827953765206,0.15,usgs-hecras-geometry-openlimno-builtin-1d,0.060000000000000005,8.02300850165915e-05
5,2021-06-01,clinch_main_stem_4404_684,clinch_main_stem,2,Clinch River,Main Stem,4404.684,45.24200000000019,2657.4144979246626,11.11,348.81609240800327,1.1551853032305712,0.1637362725006191,67.85301650224139,58.73777679865283,1.148659327967474,0.5831547085774286,12.0,1.0,0.25,0.40410414800210004,0.15,usgs-hecras-geometry-openlimno-builtin-1d,0.060000000000000005,8.02300850165915e-05
5,2021-06-01,clinch_main_stem_4357_286,clinch_main_stem,2,Clinch River,Main Stem,4357.286,50.25600000000031,3254.837584796547,11.11,348.5730921279987,1.0884111373233596,0.15760851553603475,70.49111504041716,64.7651541069032,1.0847847015927712,0.5861706436398189,12.0,1.0,0.25,0.4051597252739366,0.15,usgs-hecras-geometry-openlimno-builtin-1d,0.060000000000000005,8.02300850165915e-05
5,2021-06-01,clinch_main_stem_4304_172,clinch_main_stem,2,Clinch River,Main Stem,4304.172,53.11400000000049,2630.557519629865,11.11,348.5742638569415,1.280155745781326,0.1752316118811016,63.40180222469432,49.52663176619801,1.2717219305013396,0.5745641623839471,12.0,1.0,0.25,0.40109745683438147,0.15,usgs-hecras-geometry-openlimno-builtin-1d,0.060000000000000005,8.02300850165915e-05
5,2021-06-01,clinch_middle_reach_4279_376,clinch_middle_reach,3,Clinch River,Middle Reach,4279.376,23.74200000000019,1658.7382004853334,14.81,348.29522619447795,1.2368164705322506,0.17139148930832074,86.41035829590054,69.86514196299049,1.2301515013517046,0.5782397819093538,12.0,1.0,0.25,0.4023839236682738,0.15,usgs-hecras-geometry-openlimno-builtin-1d,0.060000000000000005,8.02300850165915e-05
5,2021-06-01,clinch_middle_reach_4255_634,clinch_middle_reach,3,Clinch River,Middle Reach,4255.634,37.95600000000013,2238.558114021283,14.81,348.2074875681315,1.3703535045484287,0.18324600208677191,80.82031712204595,58.97771403786688,1.3599533211243777,0.5654167207031533,12.0,1.0,0.25,0.3978958522461037,0.15,usgs-hecras-geometry-openlimno-builtin-1d,0.060000000000000005,8.02300850165915e-05
5,2021-06-01,clinch_middle_reach_4203_464,clinch_middle_reach,3,Clinch River,Middle Reach,4203.464,50.35699999999997,2737.991772880734,14.81,348.15998788845667,1.4387042727561716,0.18932642554571696,78.22468499741366,54.37162207599213,1.4282058954295138,0.5570625197800103,12.0,1.0,0.25,0.3949718819230036,0.15,usgs-hecras-geometry-openlimno-builtin-1d,0.060000000000000005,8.02300850165915e-05
5,2021-06-01,clinch_middle_reach_4154_92,clinch_middle_reach,3,Clinch River,Middle Reach,4154.92,50.82049999999981,2555.165482701063,14.81,347.7850798201568,1.5111236295637067,0.19492833055472775,75.97664207072235,50.27824367530962,1.492060173535642,0.5456178814965188,12.0,1.0,0.25,0.3909662585237816,0.15,usgs-hecras-geometry-openlimno-builtin-1d,0.060000000000000005,8.02300850165915e-05
5,2021-06-01,clinch_middle_reach_4101_823,clinch_middle_reach,3,Clinch River,Middle Reach,4101.823,50.264000000000124,2716.9104959809106,14.81,348.2414266182728,1.443210097089422,0.1898485196317196,78.00956272258216,54.052811077130826,1.4341175853360009,0.5566446620029734,12.0,1.0,0.25,0.3948256317010407,0.15,usgs-hecras-geometry-openlimno-builtin-1d,0.060000000000000005,8.02300850165915e-05
5,2021-06-01,clinch_middle_reach_4054_392,clinch_middle_reach,3,Clinch River,Middle Reach,4054.392,49.40950000000021,2353.0004397827565,14.81,347.0799503762326,1.5644080134339846,0.19878951646924947,74.50091062669767,47.622429690297345,1.5366117542143147,0.5359448462114711,12.0,1.0,0.25,0.3875806961740149,0.15,usgs-hecras-geometry-openlimno-builtin-1d,0.060000000000000005,8.02300850165915e-05
5,2021-06-01,clinch_middle_reach_4003_004,clinch_middle_reach,3,Clinch River,Middle Reach,4003.004,49.666999999999916,2306.6686162260658,14.81,346.58871288544816,1.585514989092194,0.20112563488741667,73.63556618871651,46.44268057716531,1.5637767654022752,0.5329692138187215,12.0,1.0,0.25,0.38653922483655256,0.15,usgs-hecras-geometry-openlimno-builtin-1d,0.060000000000000005,8.02300850165915e-05
5,2021-06-01,clinch_middle_reach_3955_058,clinch_middle_reach,3,Clinch River,Middle Reach,3955.058,48.64449999999988,2417.289588702862,14.81,347.4851295726555,1.5205737602358285,0.19599844642714076,75.5618234224391,49.69296814034203,1.504363818945822,0.5444929934330555,12.0,1.0,0.25,0.3905725477015694,0.15,usgs-hecras-geometry-openlimno-builtin-1d,0.060000000000000005,8.02300850165915e-05
5,2021-06-01,clinch_middle_reach_3905_715,clinch_middle_reach,3,Clinch River,Middle Reach,3905.715,42.64249999999993,2367.6009148687162,14.81,347.87334552287945,1.4210513084262788,0.18770656346643158,78.89974504087354,55.52209450357555,1.4099155267330303,0.5592683458820519,12.0,1.0,0.25,0.39574392105871814,0.15,usgs-hecras-geometry-openlimno-builtin-1d,0.060000000000000005,8.02300850165915e-05
5,2021-06-01,clinch_middle_reach_3869_773,clinch_middle_reach,3,Clinch River,Middle Reach,3869.773,35.94200000000001,1127.4646760807939,14.81,345.14602237289694,2.03591876538357,0.23189634780648533,63.86474017416939,31.36900217241093,1.936042111714233,0.40768437976309346,12.0,1.0,0.25,0.3426895329170827,0.15,usgs-hecras-geometry-openlimno-builtin-1d,0.060000000000000005,8.02300850165915e-05
5,2021-06-01,clinch_lower_reach_3803_314,clinch_lower_reach,4,Clinch River,Lower Reach,3803.314,50.7529999999997,2921.09651999203,15.67,346.0901316579794,1.443616936087338,0.1885961570781731,83.08758907269137,57.55514984320232,1.419950463863685,0.5546988278202548,12.0,1.0,0.25,0.3941445897370892,0.15,usgs-hecras-geometry-openlimno-builtin-1d,0.060000000000000005,8.02300850165915e-05
5,2021-06-01,clinch_lower_reach_3752_561,clinch_lower_reach,4,Clinch River,Lower Reach,3752.561,49.906499999999824,2885.898735436161,15.67,347.04159563083266,1.4334609720726685,0.1890423680064486,82.89147118314486,57.82610953355117,1.4249947151750832,0.5580178148727276,12.0,1.0,0.25,0.39530623520545466,0.15,usgs-hecras-geometry-openlimno-builtin-1d,0.060000000000000005,8.02300850165915e-05
5,2021-06-01,clinch_lower_reach_3703_501,clinch_lower_reach,4,Clinch River,Lower Reach,3703.501,54.43600000000015,4094.7327087429403,15.67,347.74469876603644,1.223055853728474,0.17032694371176693,91.99953723421064,75.2210432203492,1.2187007073622516,0.579572460882348,12.0,1.0,0.25,0.4028503613088218,0.15,usgs-hecras-geometry-openlimno-builtin-1d,0.060000000000000005,8.02300850165915e-05
5,2021-06-01,clinch_lower_reach_3643_689,clinch_lower_reach,4,Clinch River,Lower Reach,3643.689,49.82600000000002,2465.3917289650635,15.67,346.6525315426207,1.5794377782785949,0.2005102432649967,78.15062086025372,49.48002506653278,1.5566062889274086,0.5339185005959695,12.0,1.0,0.25,0.38687147520858933,0.15,usgs-hecras-geometry-openlimno-builtin-1d,0.060000000000000005,8.02300850165915e-05
5,2021-06-01,clinch_lower_reach_3603_849,clinch_lower_reach,4,Clinch River,Lower Reach,3603.849,44.821500000000015,2111.4337456637354,15.67,347.00390304914407,1.6238120404167777,0.20485292404190208,76.49390445993706,47.10761009033019,1.6074489454706755,0.526501772694154,12.0,1.0,0.25,0.38427562044295394,0.15,usgs-hecras-geometry-openlimno-builtin-1d,0.060000000000000005,8.02300850165915e-05
5,2021-06-01,clinch_lower_reach_3554_046,clinch_lower_reach,4,Clinch River,Lower Reach,3554.046,49.03600000000006,3318.7643160241914,15.67,347.79994644431724,1.303180933179986,0.1776654187397226,88.19949380783176,67.68015980145582,1.298309132262287,0.5730543522198289,12.0,1.0,0.25,0.4005690232769401,0.15,usgs-hecras-geometry-openlimno-builtin-1d,0.060000000000000005,8.02300850165915e-05
5,2021-06-01,clinch_lower_reach_3505_777,clinch_lower_reach,4,Clinch River,Lower Reach,3505.777,49.60149999999999,4096.879853937539,15.67,347.5699239404044,1.1564373042471712,0.16405462788672975,95.51696408600695,82.59588629250206,1.1520108122313428,0.583449571481648,12.0,1.0,0.25,0.40420735001857677,0.15,usgs-hecras-geometry-openlimno-builtin-1d,0.060000000000000005,8.02300850165915e-05
5,2021-06-01,clinch_lower_reach_3454_843,clinch_lower_reach,4,Clinch River,Lower Reach,3454.843,51.30250000000001,3700.420842682445,15.67,347.78633702429465,1.257231540504579,0.17279896596083427,90.68341302199507,72.1294448161872,1.2453334273612149,0.5758982974477026,12.0,1.0,0.25,0.4015644041066959,0.15,usgs-hecras-geometry-openlimno-builtin-1d,0.060000000000000005,8.02300850165915e-05
5,2021-06-01,clinch_lower_reach_3403_172,clinch_lower_reach,4,Clinch River,Lower Reach,3403.172,49.798,1834.2011687212505,15.67,346.7928739031133,1.8918880026201783,0.224873618531474,69.68358539490829,36.83282799954316,1.8487645341183645,0.45955887077882634,12.0,1.0,0.25,0.3608456047725892,0.15,usgs-hecras-geometry-openlimno-builtin-1d,0.060000000000000005,8.02300850165915e-05
5,2021-06-01,clinch_lower_reach_3355_247,clinch_lower_reach,4,Clinch River,Lower Reach,3355.247,50.37799999999993,1689.6660140377537,15.67,346.14180353785446,2.004460897900759,0.23308346257130103,67.2291368385112,33.539759697442456,1.9509274988228187,0.42235224691454837,12.0,1.0,0.25,0.34782328642009197,0.15,usgs-hecras-geometry-openlimno-builtin-1d,0.060000000000000005,8.02300850165915e-05
5,2021-06-01,clinch_lower_reach_3302_416,clinch_lower_reach,4,Clinch River,Lower Reach,3302.416,51.749000000000024,1572.6985198657003,15.67,345.01740634001095,2.136442921728521,0.24134271042663152,64.92841640959236,30.390896826329,2.0555366125800982,0.3681149951786896,12.0,1.0,0.25,0.3288402483125414,0.15,usgs-hecras-geometry-openlimno-builtin-1d,0.060000000000000005,8.02300850165915e-05
5,2021-06-01,clinch_lower_reach_3251_749,clinch_lower_reach,4,Clinch River,Lower Reach,3251.749,50.45950000000016,1617.7379335629064,15.67,344.9811859509835,2.059498743769105,0.23732431646943705,66.02778945333233,32.06012611228611,2.004411201566775,0.4018137633857469,12.0,1.0,0.25,0.34063481718501143,0.15,usgs-hecras-geometry-openlimno-builtin-1d,0.060000000000000005,8.02300850165915e-05
5,2021-06-01,clinch_lower_reach_3201_497,clinch_lower_reach,4,Clinch River,Lower Reach,3201.497,49.927999999999884,2114.1329886986,15.67,346.17388239765785,1.7341199625527242,0.21340359210272303,73.4289420604371,42.34363460780734,1.7091356159838733,0.5024135586896896,12.0,1.0,0.25,0.37584474554139136,0.15,usgs-hecras-geometry-openlimno-builtin-1d,0.060000000000000005,8.02300850165915e-05
5,2021-06-01,clinch_lower_reach_3151_893,clinch_lower_reach,4,Clinch River,Lower Reach,3151.893,48.56549999999993,1887.756457350017,15.67,345.9881797561423,1.8277147792388897,0.22056798344236928,71.04385575567593,38.870318587269146,1.795922708400772,0.47855089406523416,12.0,1.0,0.25,0.367492812922832,0.15,usgs-hecras-geometry-openlimno-builtin-1d,0.060000000000000005,8.02300850165915e-05
5,2021-06-01,clinch_lower_reach_3104_366,clinch_lower_reach,4,Clinch River,Lower Reach,3104.366,50.80799999999999,2166.7850276322038,15.67,346.3504664042871,1.727943439714511,0.21264528009214645,73.69079620864218,42.64653258605345,1.700034449303592,0.5035383426929746,12.0,1.0,0.25,0.37623841994254115,0.15,usgs-hecras-geometry-openlimno-builtin-1d,0.060000000000000005,8.02300850165915e-05
5,2021-06-01,clinch_lower_reach_3050_277,clinch_lower_reach,4,Clinch River,Lower Reach,3050.277,51.47399999999993,2690.461413913831,15.67,347.1636831171138,1.5245319687729781,0.1966498461877425,79.68478137043535,52.2683571106546,1.5118700190041114,0.544293865525963,12.0,1.0,0.25,0.39050285293408704,0.15,usgs-hecras-geometry-openlimno-builtin-1d,0.060000000000000005,8.02300850165915e-05
5,2021-06-01,clinch_lower_reach_3001_418,clinch_lower_reach,4,Clinch River,Lower Reach,3001.418,49.3900000000001,3385.372466255842,15.67,347.4362479559791,1.2933962831301966,0.17675428715550187,88.65414385233052,68.543682248549,1.28833694860379,0.5739147957889605,12.0,1.0,0.25,0.40087017852613616,0.15,usgs-hecras-geometry-openlimno-builtin-1d,0.060000000000000005,8.02300850165915e-05
5,2021-06-01,clinch_lower_reach_2951_497,clinch_lower_reach,4,Clinch River,Lower Reach,2951.497,50.794000000000096,3206.0953183807483,15.67,347.34652603465884,1.3602525579618467,0.182509480908464,85.8585533310412,63.119567633593384,1.3517677505039725,0.5667964763300212,12.0,1.0,0.25,0.3983787667155074,0.15,usgs-hecras-geometry-openlimno-builtin-1d,0.060000000000000005,8.02300850165915e-05
5,2021-06-01,clinch_lower_reach_2899_83,clinch_lower_reach,4,Clinch River,Lower Reach,2899.83,49.859500000000025,3034.7265088195777,15.67,347.29025501754626,1.3909675582585952,0.18508889223302788,84.66202272295945,60.8655624067545,1.3805247631435624,0.5630441064248685,12.0,1.0,0.25,0.39706543724870397,0.15,usgs-hecras-geometry-openlimno-builtin-1d,0.060000000000000005,8.02300850165915e-05
5,2021-06-01,clinch_lower_reach_2851_778,clinch_lower_reach,4,Clinch River,Lower Reach,2851.778,49.67899999999986,3250.6237904191103,15.67,347.3777496644672,1.3307313961758025,0.1799636234476595,87.07315233935292,65.43255279734132,1.323582548424727,0.5700718842808771,12.0,1.0,0.25,0.39952515949830697,0.15,usgs-hecras-geometry-openlimno-builtin-1d,0.060000000000000005,8.02300850165915e-05
5,2021-06-01,clinch_lower_reach_2800_472,clinch_lower_reach,4,Clinch River,Lower Reach,2800.472,47.763499999999794,3136.345966067018,15.67,347.4912441933695,1.3275341066619488,0.17976100567950207,87.17129691596308,65.66407332098844,1.3213478818930582,0.5705293188319897,12.0,1.0,0.25,0.3996852615911964,0.15,usgs-hecras-geometry-openlimno-builtin-1d,0.060000000000000005,8.02300850165915e-05
5,2021-06-01,clinch_lower_reach_2756_251,clinch_lower_reach,4,Clinch River,Lower Reach,2756.251,48.878000000000156,3179.4435825255728,15.67,347.3994117632186,1.3347444284796395,0.18048170444964437,86.82320486602029,65.0485613676002,1.3293005068549475,0.5699113412962843,12.0,1.0,0.25,0.3994689694536995,0.15,usgs-hecras-geometry-openlimno-builtin-1d,0.060000000000000005,8.02300850165915e-05
5,2021-06-01,clinch_lower_reach_2702_716,clinch_lower_reach,4,Clinch River,Lower Reach,2702.716,52.79500000000007,3493.639706102296,15.67,347.36025408935393,1.321493208093819,0.17919205105639988,87.44807544542218,66.17368512363464,1.3150795931145418,0.5710912797173623,12.0,1.0,0.25,0.3998819479010768,0.15,usgs-hecras-geometry-openlimno-builtin-1d,0.060000000000000005,8.02300850165915e-05
5,2021-06-01,clinch_lower_reach_2650_661,clinch_lower_reach,4,Clinch River,Lower Reach,2650.661,50.19249999999988,3245.1192957195203,15.67,347.4274242471951,1.3405719487632468,0.18079525565480345,86.67262834550864,64.65347005468004,1.3327665194430545,0.5689780731967501,12.0,1.0,0.25,0.39914232561886254,0.15,usgs-hecras-geometry-openlimno-builtin-1d,0.060000000000000005,8.02300850165915e-05
5,2021-06-01,clinch_lower_reach_2602_331,clinch_lower_reach,4,Clinch River,Lower Reach,2602.331,48.43250000000012,2810.7797132667215,15.67,347.3539982888178,1.4306603438164223,0.18873069275981538,83.02836052184757,58.034991240731216,1.4214701280591417,0.5582891877457195,12.0,1.0,0.25,0.39540121571100184,0.15,usgs-hecras-geometry-openlimno-builtin-1d,0.060000000000000005,8.02300850165915e-05
5,2021-06-01,clinch_lower_reach_2553_796,clinch_lower_reach,4,Clinch River,Lower Reach,2553.796,50.061500000000024,2564.834004829015,15.67,347.02340502059843,1.5421066360304148,0.19833492018705592,79.00777122465942,51.233662691469775,1.5313438313849073,0.5416743723860272,12.0,1.0,0.25,0.3895860303351095,0.15,usgs-hecras-geometry-openlimno-builtin-1d,0.060000000000000005,8.02300850165915e-05
5,2021-06-01,clinch_lower_reach_2502_208,clinch_lower_reach,4,Clinch River,Lower Reach,2502.208,51.94899999999984,2859.7526146578107,15.67,346.2542432557781,1.4840830770959366,0.1918048169702608,81.69763537497404,55.04923318365742,1.4563419734931042,0.5485787314873916,12.0,1.0,0.25,0.39200255602058703,0.15,usgs-hecras-geometry-openlimno-builtin-1d,0.060000000000000005,8.02300850165915e-05
5,2021-06-01,clinch_lower_reach_2449_898,clinch_lower_reach,4,Clinch River,Lower Reach,2449.898,51.12049999999999,2780.699591343747,15.67,345.75298911865394,1.4927363188918084,0.1929864942205522,81.1973918863552,54.3949998795737,1.4698204589609234,0.5479174846603617,12.0,1.0,0.25,0.3917711196311266,0.15,usgs-hecras-geometry-openlimno-builtin-1d,0.060000000000000005,8.02300850165915e-05
5,2021-06-01,clinch_lower_reach_2399_967,clinch_lower_reach,4,Clinch River,Lower Reach,2399.967,50.17000000000007,2842.866639291458,15.67,346.6720075395666,1.4525351704045937,0.19038378360452782,82.30743030378207,56.664672897975954,1.4401869345828615,0.5549640044691555,12.0,1.0,0.25,0.3942374015642044,0.15,usgs-hecras-geometry-openlimno-builtin-1d,0.060000000000000005,8.02300850165915e-05
5,2021-06-01,clinch_lower_reach_2349_558,clinch_lower_reach,4,Clinch River,Lower Reach,2349.558,49.50649999999996,2985.369587263263,15.67,347.07718780835614,1.3982688412403763,0.18584138608927928,84.31921613236376,60.30257819202055,1.38895000015583,0.5623272733745941,12.0,1.0,0.25,0.39681454568110797,0.15,usgs-hecras-geometry-openlimno-builtin-1d,0.060000000000000005,8.02300850165915e-05
5,2021-06-01,clinch_lower_reach_2300_954,clinch_lower_reach,4,Clinch River,Lower Reach,2300.954,49.94699999999989,2974.5733680186618,15.67,346.74666233328855,1.4128021576365668,0.18623974559211315,84.13886063997926,59.554595231318565,1.393421442683695,0.5592044122014556,12.0,1.0,0.25,0.39572154427050943,0.15,usgs-hecras-geometry-openlimno-builtin-1d,0.060000000000000005,8.02300850165915e-05
5,2021-06-01,clinch_lower_reach_2249_664,clinch_lower_reach,4,Clinch River,Lower Reach,2249.664,51.33600000000001,2940.3029091955286,15.67,346.2458891456441,1.4444831545833305,0.1894028316627389,82.73371555449003,57.27565274262755,1.4290680844997319,0.5556559022298239,12.0,1.0,0.25,0.39447956578043836,0.15,usgs-hecras-geometry-openlimno-builtin-1d,0.060000000000000005,8.02300850165915e-05
5,2021-06-01,clinch_lower_reach_2198_282,clinch_lower_reach,4,Clinch River,Lower Reach,2198.282,49.81050000000005,2716.180999119507,15.67,345.94993818735855,1.4858306673532606,0.19340240618876586,81.02277685576293,54.530289780658784,1.4745711037661366,0.5503846169630389,12.0,1.0,0.25,0.3926346159370636,0.15,usgs-hecras-geometry-openlimno-builtin-1d,0.060000000000000005,8.02300850165915e-05
5,2021-06-01,clinch_lower_reach_2150_043,clinch_lower_reach,4,Clinch River,Lower Reach,2150.043,48.95600000000013,3021.165803289716,15.67,346.6627088041361,1.381151806014368,0.18384801563962053,85.2334464719836,61.7118596962519,1.3666658934887812,0.5636313867941604,12.0,1.0,0.25,0.39727098537795613,0.15,usgs-hecras-geometry-openlimno-builtin-1d,0.060000000000000005,8.02300850165915e-05
5,2021-06-01,clinch_lower_reach_2100_37,clinch_lower_reach,4,Clinch River,Lower Reach,2100.37,50.11350000000016,2808.000580789745,15.67,346.08758320537845,1.4621026496564289,0.19127080011705525,81.92573038022617,56.03281712093021,1.4502635099892194,0.553709089168611,12.0,1.0,0.25,0.39379818120901383,0.15,usgs-hecras-geometry-openlimno-builtin-1d,0.060000000000000005,8.02300850165915e-05
5,2021-06-01,clinch_lower_reach_2049_816,clinch_lower_reach,4,Clinch River,Lower Reach,2049.816,50.17199999999991,3121.448701137245,15.67,346.84495341475906,1.3716975991952651,0.18361824390565978,85.34010383004754,62.21495457899327,1.3641045032285661,0.5656538983432328,12.0,1.0,0.25,0.3979788644201315,0.15,usgs-hecras-geometry-openlimno-builtin-1d,0.060000000000000005,8.02300850165915e-05
5,2021-06-01,clinch_lower_reach_2000_026,clinch_lower_reach,4,Clinch River,Lower Reach,2000.026,49.6579999999999,2848.1771954093842,15.67,346.6233406575233,1.4416359376917591,0.18951152035002097,82.68626609642556,57.35585797674876,1.430304161929417,0.5565644513137644,12.0,1.0,0.25,0.3947975579598175,0.15,usgs-hecras-geometry-openlimno-builtin-1d,0.060000000000000005,8.02300850165915e-05
5,2021-06-01,clinch_lower_reach_1950_5,clinch_lower_reach,4,Clinch River,Lower Reach,1950.5,50.339500000000044,2766.904901715469,15.67,346.7281898294093,1.4788382374939946,0.1927804501174877,81.28417580958084,54.96488645527799,1.4674672979780075,0.5513899939555005,12.0,1.0,0.25,0.3929864978844252,0.15,usgs-hecras-geometry-openlimno-builtin-1d,0.060000000000000005,8.02300850165915e-05
5,2021-06-01,clinch_lower_reach_1899_347,clinch_lower_reach,4,Clinch River,Lower Reach,1899.347,50.96849999999995,2879.5484166944984,15.67,346.5612011569618,1.4544072389493636,0.19070427836545736,82.16910566615971,56.4966286371877,1.4438251321680273,0.5549343596931468,12.0,1.0,0.25,0.3942270258926014,0.15,usgs-hecras-geometry-openlimno-builtin-1d,0.060000000000000005,8.02300850165915e-05
5,2021-06-01,clinch_lower_reach_1848_563,clinch_lower_reach,4,Clinch River,Lower Reach,1848.563,50.57349999999997,3362.6777865381564,15.67,346.86411811410727,1.3174410398174263,0.1788856749457501,87.59784708726494,66.49090504984149,1.311708446794145,0.5715829915459018,12.0,1.0,0.25,0.4000540470410656,0.15,usgs-hecras-geometry-openlimno-builtin-1d,0.060000000000000005,8.02300850165915e-05
5,2021-06-01,clinch_lower_reach_1798_2,clinch_lower_reach,4,Clinch River,Lower Reach,1798.2,50.66450000000009,3287.846626291668,15.67,346.62063143273554,1.337482658609878,0.18053983766287288,86.79524808957142,64.89448482254167,1.3299496019276027,0.5693330001074477,12.0,1.0,0.25,0.3992665500376067,0.15,usgs-hecras-geometry-openlimno-builtin-1d,0.060000000000000005,8.02300850165915e-05
5,2021-06-01,clinch_lower_reach_1747_234,clinch_lower_reach,4,Clinch River,Lower Reach,1747.234,50.704000000000065,3498.1897612808184,15.67,346.6592376293518,1.2906003644011785,0.17598516941738912,89.0415939699726,68.99238248029374,1.2799353037868706,0.5733278856820723,12.0,1.0,0.25,0.4006647599887253,0.15,usgs-hecras-geometry-openlimno-builtin-1d,0.060000000000000005,8.02300850165915e-05
5,2021-06-01,clinch_lower_reach_1696_792,clinch_lower_reach,4,Clinch River,Lower Reach,1696.792,48.03399999999999,3166.6652850976457,15.67,346.89599485833764,1.3239553555563373,0.17953215684067583,87.28241377897665,65.92549621305005,1.3188254181943397,0.5710355445500819,12.0,1.0,0.25,0.3998624405925286,0.15,usgs-hecras-geometry-openlimno-builtin-1d,0.060000000000000005,8.02300850165915e-05
5,2021-06-01,clinch_lower_reach_1651_166,clinch_lower_reach,4,Clinch River,Lower Reach,1651.166,47.878999999999905,2932.9944829990523,15.67,346.5927791875883,1.3851741249991478,0.1846708938220633,84.85365330553161,61.25847413268986,1.3758516115681731,0.5638750248900742,12.0,1.0,0.25,0.397356258711526,0.15,usgs-hecras-geometry-openlimno-builtin-1d,0.060000000000000005,8.02300850165915e-05
5,2021-06-01,clinch_lower_reach_1601_034,clinch_lower_reach,4,Clinch River,Lower Reach,1601.034,47.654499999999985,2645.540794010092,15.67,346.6548267688608,1.4702136354497324,0.191989733023191,81.61894781168937,55.51502573755035,1.4584479894424451,0.5525768476068159,12.0,1.0,0.25,0.39340189666238556,0.15,usgs-hecras-geometry-openlimno-builtin-1d,0.060000000000000005,8.02300850165915e-05
5,2021-06-01,clinch_lower_reach_1555_857,clinch_lower_reach,4,Clinch River,Lower Reach,1555.857,47.703500000000076,2609.697219322614,15.67,346.78547057461424,1.482196402448374,0.19325171786874826,81.08595448886345,54.7066194162401,1.472852741449611,0.5511550436411091,12.0,1.0,0.25,0.39290426527438815,0.15,usgs-hecras-geometry-openlimno-builtin-1d,0.060000000000000005,8.02300850165915e-05
5,2021-06-01,clinch_lower_reach_1505_627,clinch_lower_reach,4,Clinch River,Lower Reach,1505.627,50.02350000000001,2813.44946807284,15.67,347.0607939984371,1.4570860157672376,0.19121359286592823,81.95024090670799,56.24255536043738,1.449610140488316,0.5549626304512069,12.0,1.0,0.25,0.3942369206579224,0.15,usgs-hecras-geometry-openlimno-builtin-1d,0.060000000000000005,8.02300850165915e-05
5,2021-06-01,clinch_lower_reach_1455_81,clinch_lower_reach,4,Clinch River,Lower Reach,1455.81,49.34699999999998,2994.7253902750094,15.67,347.23907078497905,1.391651644967175,0.1855419898134353,84.45527621944969,60.6870810844633,1.3855979942304235,0.5635589600618599,12.0,1.0,0.25,0.39724563602165097,0.15,usgs-hecras-geometry-openlimno-builtin-1d,0.060000000000000005,8.02300850165915e-05
5,2021-06-01,clinch_lower_reach_1406_933,clinch_lower_reach,4,Clinch River,Lower Reach,1406.933,48.507999999999925,2674.503368078411,15.67,347.1283628663489,1.4759233234065947,0.19256414267483854,81.37548238386297,55.13530485854735,1.46499812382659,0.5518665375861692,12.0,1.0,0.25,0.39315328815515926,0.15,usgs-hecras-geometry-openlimno-builtin-1d,0.060000000000000005,8.02300850165915e-05
5,2021-06-01,clinch_lower_reach_1358_794,clinch_lower_reach,4,Clinch River,Lower Reach,1358.794,50.120000000000005,2768.422285015546,15.67,347.12236259658386,1.473931762932199,0.19247323435904543,81.41391738016262,55.2358795892966,1.4639613443033934,0.5522724864101017,12.0,1.0,0.25,0.3932953702435356,0.15,usgs-hecras-geometry-openlimno-builtin-1d,0.060000000000000005,8.02300850165915e-05
5,2021-06-01,clinch_lower_reach_1306_693,clinch_lower_reach,4,Clinch River,Lower Reach,1306.693,50.790500000000065,2657.4311090429296,15.67,347.03033318021795,1.5238521997144743,0.19653804133755381,79.73011175524435,52.32142052239939,1.510580492164468,0.544328677571168,12.0,1.0,0.25,0.39051503714990876,0.15,usgs-hecras-geometry-openlimno-builtin-1d,0.060000000000000005,8.02300850165915e-05
5,2021-06-01,clinch_lower_reach_1257_213,clinch_lower_reach,4,Clinch River,Lower Reach,1257.213,50.10649999999998,2971.411508376969,15.67,346.61722316983025,1.4118235033983568,0.18716293874141815,83.72384033598375,59.30191708415016,1.4037955342765576,0.5608409446623316,12.0,1.0,0.25,0.39629433063181607,0.15,usgs-hecras-geometry-openlimno-builtin-1d,0.060000000000000005,8.02300850165915e-05
5,2021-06-01,clinch_lower_reach_1206_48,clinch_lower_reach,4,Clinch River,Lower Reach,1206.48,50.096000000000004,3232.65817497769,15.67,346.6029727521671,1.341924546096058,0.18096065750245577,86.59340773995224,64.52926730632565,1.3345960927084297,0.56890614486191,12.0,1.0,0.25,0.39911715070166853,0.15,usgs-hecras-geometry-openlimno-builtin-1d,0.060000000000000005,8.02300850165915e-05
5,2021-06-01,clinch_lower_reach_1157_021,clinch_lower_reach,4,Clinch River,Lower Reach,1157.021,49.730500000000006,3296.131326849497,15.67,346.5135590655369,1.3219415267341175,0.17884428628598847,87.618119233299,66.27987506358264,1.3112531426255352,0.5704283114137926,12.0,1.0,0.25,0.39964990899482744,0.15,usgs-hecras-geometry-openlimno-builtin-1d,0.060000000000000005,8.02300850165915e-05
5,2021-06-01,clinch_lower_reach_1107_019,clinch_lower_reach,4,Clinch River,Lower Reach,1107.019,50.140499999999975,3067.8975786160977,15.67,346.6798537726165,1.385670041980843,0.184823407373797,84.78363332144468,61.18601885932728,1.3775564203834876,0.5639823373830081,12.0,1.0,0.25,0.39739381808405283,0.15,usgs-hecras-geometry-openlimno-builtin-1d,0.060000000000000005,8.02300850165915e-05
5,2021-06-01,clinch_lower_reach_1056_74,clinch_lower_reach,4,Clinch River,Lower Reach,1056.74,50.045500000000004,3380.3235717275297,15.67,346.74845601139793,1.3049571735398582,0.17777860584847122,88.14333943734631,67.54500547956418,1.2995505591762941,0.5728113257024287,12.0,1.0,0.25,0.40048396399585007,0.15,usgs-hecras-geometry-openlimno-builtin-1d,0.060000000000000005,8.02300850165915e-05
5,2021-06-01,clinch_lower_reach_1006_928,clinch_lower_reach,4,Clinch River,Lower Reach,1006.928,49.81200000000001,3557.847484423603,15.67,346.64540946723446,1.2624486075474284,0.1737808596189694,90.17103514367417,71.42550960458529,1.255963032547484,0.5763186924064513,12.0,1.0,0.25,0.4017115423422579,0.15,usgs-hecras-geometry-openlimno-builtin-1d,0.060000000000000005,8.02300850165915e-05
5,2021-06-01,clinch_lower_reach_957_116,clinch_lower_reach,4,Clinch River,Lower Reach,957.116,49.932799999999986,3445.22577785733,15.67,346.6490557634895,1.2891127324843772,0.17617583172329668,88.94523072047386,68.99724785826812,1.2820159624580145,0.5739910691430054,12.0,1.0,0.25,0.4008968742000519,0.15,usgs-hecras-geometry-openlimno-builtin-1d,0.060000000000000005,8.02300850165915e-05
5,2021-06-01,clinch_lower_reach_907_062,clinch_lower_reach,4,Clinch River,Lower Reach,907.0624,49.853549999999984,3353.0277174525954,15.67,346.5731298574511,1.308445678581806,0.1780624091614347,88.00285289745398,67.25755171803405,1.3026631687110768,0.5724310187484543,12.0,1.0,0.25,0.400350856561959,0.15,usgs-hecras-geometry-openlimno-builtin-1d,0.060000000000000005,8.02300850165915e-05
5,2021-06-01,clinch_lower_reach_857_409,clinch_lower_reach,4,Clinch River,Lower Reach,857.4089,50.186350000000004,3485.314705145733,15.67,346.5669774816044,1.2839275403668455,0.17574059572972475,89.16551087660605,69.44746340679752,1.2772705917960518,0.5745077443102901,12.0,1.0,0.25,0.4010777105086015,0.15,usgs-hecras-geometry-openlimno-builtin-1d,0.060000000000000005,8.02300850165915e-05
5,2021-06-01,clinch_lower_reach_806_69,clinch_lower_reach,4,Clinch River,Lower Reach,806.6897,50.20685000000003,3560.9870214833086,15.67,346.48869042703393,1.2675688858185306,0.1742970391840111,89.90399420070852,70.92631825106149,1.2615630648763514,0.5759787294979768,12.0,1.0,0.25,0.4015925553242919,0.15,usgs-hecras-geometry-openlimno-builtin-1d,0.060000000000000005,8.02300850165915e-05
5,2021-06-01,clinch_lower_reach_756_995,clinch_lower_reach,4,Clinch River,Lower Reach,756.9952,49.95240000000001,3723.419940125634,15.67,346.7126441533217,1.2297164377825058,0.17095364181355385,91.66227659010669,74.53936027349303,1.225439948144687,0.5791214236373846,12.0,1.0,0.25,0.4026924982730846,0.15,usgs-hecras-geometry-openlimno-builtin-1d,0.060000000000000005,8.02300850165915e-05
5,2021-06-01,clinch_lower_reach_706_785,clinch_lower_reach,4,Clinch River,Lower Reach,706.7849,50.15224999999998,3993.3661502228665,15.67,346.9231015230538,1.1813446284359121,0.16658798493974303,94.06440689986158,79.62486528965037,1.1788033792864563,0.5824620108630076,12.0,1.0,0.25,0.40386170380205266,0.15,usgs-hecras-geometry-openlimno-builtin-1d,0.060000000000000005,8.02300850165915e-05
5,2021-06-01,clinch_lower_reach_656_691,clinch_lower_reach,4,Clinch River,Lower Reach,656.6907,50.47534999999999,3920.905178599126,15.67,347.06825322709193,1.1992281048712623,0.16821324849093838,93.15556378928227,77.67960358074043,1.1960872231508626,0.5813140035260407,12.0,1.0,0.25,0.40345990123411424,0.15,usgs-hecras-geometry-openlimno-builtin-1d,0.060000000000000005,8.02300850165915e-05
5,2021-06-01,clinch_lower_reach_605_834,clinch_lower_reach,4,Clinch River,Lower Reach,605.8342,50.57945000000001,3805.160078393673,15.67,346.8878732685314,1.2228012461978874,0.1703390789468543,91.99298303643542,75.23134550481811,1.2188331216824622,0.5796508859499675,12.0,1.0,0.25,0.40287781008248863,0.15,usgs-hecras-geometry-openlimno-builtin-1d,0.060000000000000005,8.02300850165915e-05
5,2021-06-01,clinch_lower_reach_555_532,clinch_lower_reach,4,Clinch River,Lower Reach,555.5318,49.75550000000001,3595.6607579734778,15.67,346.7327514666681,1.2534827479812591,0.17298682192294154,90.58493488585123,72.26659882773717,1.2473644402852966,0.5770796642058251,12.0,1.0,0.25,0.4019778824720388,0.15,usgs-hecras-geometry-openlimno-builtin-1d,0.060000000000000005,8.02300850165915e-05
5,2021-06-01,clinch_lower_reach_506_323,clinch_lower_reach,4,Clinch River,Lower Reach,506.3232,50.0881,3506.8743760109783,15.67,346.7447204718073,1.2776253481138689,0.1751781057597488,89.4518178058787,70.0141226361347,1.2711407061162294,0.5750719626563516,12.0,1.0,0.25,0.4012751869297231,0.15,usgs-hecras-geometry-openlimno-builtin-1d,0.060000000000000005,8.02300850165915e-05
5,2021-06-01,clinch_lower_reach_455_356,clinch_lower_reach,4,Clinch River,Lower Reach,455.3556,49.9751,3578.443425885895,15.67,346.73602734166565,1.259844734374563,0.17370466724274705,90.21058701952806,71.60452757244899,1.2551344386527594,0.5767981891071011,12.0,1.0,0.25,0.40187936618748543,0.15,usgs-hecras-geometry-openlimno-builtin-1d,0.060000000000000005,8.02300850165915e-05
5,2021-06-01,clinch_lower_reach_406_373,clinch_lower_reach,4,Clinch River,Lower Reach,406.373,49.43424999999999,3161.4188339750044,15.67,346.6644549843655,1.3483697967677262,0.18172132465928809,86.23093645932808,63.95199348579183,1.343020959620943,0.568511931529949,12.0,1.0,0.25,0.39897917603548216,0.15,usgs-hecras-geometry-openlimno-builtin-1d,0.060000000000000005,8.02300850165915e-05
5,2021-06-01,clinch_lower_reach_356_487,clinch_lower_reach,4,Clinch River,Lower Reach,356.4871,42.227149999999995,2675.151133979181,15.67,346.4934496153288,1.3559631960903675,0.18241667809946327,85.90223308120918,63.35144886593534,1.3507369847857504,0.5677176325067158,12.0,1.0,0.25,0.3987011713773505,0.15,usgs-hecras-geometry-openlimno-builtin-1d,0.060000000000000005,8.02300850165915e-05
5,2021-06-01,clinch_lower_reach_321_919,clinch_lower_reach,4,Clinch River,Lower Reach,321.9187,50.02435,3276.860017489491,15.67,346.63168654059683,1.3294363941848801,0.17993887366404374,87.0851288602417,65.50529926904579,1.3233092442718541,0.5703482601779567,12.0,1.0,0.25,0.39962189106228485,0.15,usgs-hecras-geometry-openlimno-builtin-1d,0.060000000000000005,8.02300850165915e-05
5,2021-06-01,clinch_lower_reach_256_438,clinch_lower_reach,4,Clinch River,Lower Reach,256.4384,58.00505,3961.470228890709,15.67,346.69700952623776,1.2966710410223794,0.17694919603264836,88.55649164469092,68.29526444491832,1.290466847210372,0.5734513701314413,12.0,1.0,0.25,0.40070797954600446,0.15,usgs-hecras-geometry-openlimno-builtin-1d,0.060000000000000005,8.02300850165915e-05
5,2021-06-01,clinch_lower_reach_205_909,clinch_lower_reach,4,Clinch River,Lower Reach,205.9086,50.3267,3177.8031876530727,15.67,346.60135031961295,1.3591145251490375,0.1825931160670671,85.81922658159989,63.14348422712144,1.3526931603528385,0.5672092950982534,12.0,1.0,0.25,0.39852325328438865,0.15,usgs-hecras-geometry-openlimno-builtin-1d,0.060000000000000005,8.02300850165915e-05
5,2021-06-01,clinch_lower_reach_155_785,clinch_lower_reach,4,Clinch River,Lower Reach,155.785,49.922850000000004,3211.4118082359646,15.67,346.7898257034482,1.3434935807016486,0.18131626791995686,86.42357456263998,64.32749348716999,1.3385330579570034,0.5690789520821642,12.0,1.0,0.25,0.39917763322875743,0.15,usgs-hecras-geometry-openlimno-builtin-1d,0.060000000000000005,8.02300850165915e-05
5,2021-06-01,clinch_lower_reach_106_063,clinch_lower_reach,4,Clinch River,Lower Reach,106.0629,49.394099999999995,2982.179317259064,15.67,346.6475069627676,1.3956062249906247,0.18597193992534294,84.26002334702001,60.375213178478084,1.3904217436812554,0.5632040891117764,12.0,1.0,0.25,0.39712143118912174,0.15,usgs-hecras-geometry-openlimno-builtin-1d,0.060000000000000005,8.02300850165915e-05
5,2021-06-01,clinch_lower_reach_56_997,clinch_lower_reach,4,Clinch River,Lower Reach,56.9968,46.54562,2936.5842363136935,15.67,346.5841370397466,1.3608422308048078,0.1825145847629603,85.85615237462429,63.09045268520848,1.3518244577801213,0.5666577582792005,12.0,1.0,0.25,0.3983302153977202,0.15,usgs-hecras-geometry-openlimno-builtin-1d,0.060000000000000005,8.02300850165915e-05
5,2021-06-01,clinch_lower_reach_12_972,clinch_lower_reach,4,Clinch River,Lower Reach,12.97166,44.02514,3151.81145723211,15.67,346.86429781053715,1.259877822799954,0.1737325047324663,90.19613240556512,71.59117397996032,1.2554388326484094,0.5768367099891524,12.0,1.0,0.25,0.4018928484962033,0.15,usgs-hecras-geometry-openlimno-builtin-1d,0.060000000000000005,8.02300850165915e-05
6,2021-08-10,clinch_upper_reach_4893_771,clinch_upper_reach,1,Clinch River,Upper Reach,4893.771,45.30899999999929,2524.0401498235924,6.91,348.3447752180072,0.8958650939733013,0.1384597841568936,49.90618786585741,55.70725793603108,0.8932218575153623,0.5856826830025837,12.0,1.0,0.25,0.4049889390509043,0.15,usgs-hecras-geometry-openlimno-builtin-1d,0.060000000000000005,8.02300850165915e-05
6,2021-08-10,clinch_upper_reach_4848_462,clinch_upper_reach,1,Clinch River,Upper Reach,4848.462,47.2199999999998,2587.3456499322433,6.91,348.2546822880892,0.9047069383597985,0.13939322243082863,49.57199410056656,54.79342757162758,0.9022698044416912,0.58603179718385,12.0,1.0,0.25,0.40511112901434754,0.15,usgs-hecras-geometry-openlimno-builtin-1d,0.060000000000000005,8.02300850165915e-05
6,2021-08-10,clinch_upper_reach_4799_331,clinch_upper_reach,1,Clinch River,Upper Reach,4799.331,49.625,3193.1165237384826,6.91,348.4453339099,0.8213755410183944,0.1307440800835848,52.851341304190846,64.34491735493164,0.8196095102550847,0.5821942393634955,12.0,1.0,0.25,0.40376798377722345,0.15,usgs-hecras-geometry-openlimno-builtin-1d,0.060000000000000005,8.02300850165915e-05
6,2021-08-10,clinch_upper_reach_4749_212,clinch_upper_reach,1,Clinch River,Upper Reach,4749.212,36.8090000000002,2382.2171418201997,6.91,348.7904044577129,0.8184149330195639,0.1304599404552834,52.96645066589218,64.71833360917675,0.8169391111177162,0.5820738953323974,12.0,1.0,0.25,0.4037258633663391,0.15,usgs-hecras-geometry-openlimno-builtin-1d,0.060000000000000005,8.02300850165915e-05
6,2021-08-10,clinch_upper_reach_4725_713,clinch_upper_reach,1,Clinch River,Upper Reach,4725.713,25.39850000000024,1819.5573603657708,6.91,348.865912217635,0.7698816380549501,0.1252842285899484,55.154587913984194,71.64034727900284,0.7688147443836318,0.5785837379727088,12.0,1.0,0.25,0.4025043082904481,0.15,usgs-hecras-geometry-openlimno-builtin-1d,0.060000000000000005,8.02300850165915e-05
6,2021-08-10,clinch_upper_reach_4698_415,clinch_upper_reach,1,Clinch River,Upper Reach,4698.415,27.297999999999774,2204.267493007671,6.91,348.96459586326085,0.7165434437424023,0.11942687107285015,57.859675447621115,80.74831463871672,0.7155271904034514,0.5735382779781213,12.0,1.0,0.25,0.40073839729234245,0.15,usgs-hecras-geometry-openlimno-builtin-1d,0.060000000000000005,8.02300850165915e-05
6,2021-08-10,clinch_main_stem_4648_18,clinch_main_stem,2,Clinch River,Main Stem,4648.18,48.152000000000044,2997.966705691912,5.18,348.9334671464336,0.7050678423705092,0.11800118737221287,43.89786336353252,62.26048151046497,0.7027569808413414,0.5719358522402292,12.0,1.0,0.25,0.40017754828408025,0.15,usgs-hecras-geometry-openlimno-builtin-1d,0.060000000000000005,8.02300850165915e-05
6,2021-08-10,clinch_main_stem_4600_028,clinch_main_stem,2,Clinch River,Main Stem,4600.028,49.878000000000156,3092.0379707746665,5.18,348.8582433109925,0.7065653910017942,0.11826101746050713,43.80141581083423,61.99201994415688,0.7050765812385712,0.5723262854371963,12.0,1.0,0.25,0.40031419990301875,0.15,usgs-hecras-geometry-openlimno-builtin-1d,0.060000000000000005,8.02300850165915e-05
6,2021-08-10,clinch_main_stem_4548_424,clinch_main_stem,2,Clinch River,Main Stem,4548.424,50.79800000000023,2983.4198171231155,5.18,348.95658711466297,0.731119656455988,0.12063505958791143,42.93942422455665,58.73104880355727,0.7264140621257695,0.5740716671217938,12.0,1.0,0.25,0.40092508349262784,0.15,usgs-hecras-geometry-openlimno-builtin-1d,0.060000000000000005,8.02300850165915e-05
6,2021-08-10,clinch_main_stem_4498_432,clinch_main_stem,2,Clinch River,Main Stem,4498.432,50.32699999999977,2698.1296330651517,5.18,348.5640499226394,0.7711070416871748,0.12530064936872426,41.340567874925604,53.61197037505045,0.7689598542786747,0.5784167050963651,12.0,1.0,0.25,0.4024458467837278,0.15,usgs-hecras-geometry-openlimno-builtin-1d,0.060000000000000005,8.02300850165915e-05
6,2021-08-10,clinch_main_stem_4447_77,clinch_main_stem,2,Clinch River,Main Stem,4447.77,46.873999999999796,2421.4850607623503,5.18,348.41294490530015,0.7881486051626847,0.12722482732667328,40.71532348555987,51.65945003119769,0.7867409482524197,0.5799613861691675,12.0,1.0,0.25,0.40298648515920865,0.15,usgs-hecras-geometry-openlimno-builtin-1d,0.060000000000000005,8.02300850165915e-05
6,2021-08-10,clinch_main_stem_4404_684,clinch_main_stem,2,Clinch River,Main Stem,4404.684,45.24200000000019,2307.5215139942434,5.18,348.31759962774265,0.7942112740499666,0.1278762077827897,40.507926296960086,51.00396786159396,0.7927907250351881,0.5804136370240096,12.0,1.0,0.25,0.40314477295840334,0.15,usgs-hecras-geometry-openlimno-builtin-1d,0.060000000000000005,8.02300850165915e-05
6,2021-08-10,clinch_main_stem_4357_286,clinch_main_stem,2,Clinch River,Main Stem,4357.286,50.25600000000031,3124.1748053810265,5.18,348.15509309778616,0.7055458589088245,0.11810196019631726,43.86040664684519,62.16521023123621,0.7036519905219404,0.5721038212678641,12.0,1.0,0.25,0.4002363374437524,0.15,usgs-hecras-geometry-openlimno-builtin-1d,0.060000000000000005,8.02300850165915e-05
6,2021-08-10,clinch_main_stem_4304_172,clinch_main_stem,2,Clinch River,Main Stem,4304.172,53.11400000000049,2361.689484730674,5.18,348.0409995882125,0.8632457424414918,0.1349526844856087,38.38382333589216,44.46453825226216,0.8595006787644798,0.5840669302377326,12.0,1.0,0.25,0.40442342558320643,0.15,usgs-hecras-geometry-openlimno-builtin-1d,0.060000000000000005,8.02300850165915e-05
6,2021-08-10,clinch_middle_reach_4279_376,clinch_middle_reach,3,Clinch River,Middle Reach,4279.376,23.74200000000019,1452.5704132306705,6.91,347.77383253461716,0.8470570550038002,0.13333540674332725,51.824194103985135,61.181467998932646,0.8440966400718337,0.5834206412399516,12.0,1.0,0.25,0.4041972244339831,0.15,usgs-hecras-geometry-openlimno-builtin-1d,0.060000000000000005,8.02300850165915e-05
6,2021-08-10,clinch_middle_reach_4255_634,clinch_middle_reach,3,Clinch River,Middle Reach,4255.634,37.95600000000013,2098.357842988639,6.91,347.66356158501736,0.9005432036691656,0.1387951785351198,49.78559106252772,55.28395623850331,0.8964735127846872,0.5855359444547958,12.0,1.0,0.25,0.40493758055917856,0.15,usgs-hecras-geometry-openlimno-builtin-1d,0.060000000000000005,8.02300850165915e-05
6,2021-08-10,clinch_middle_reach_4203_464,clinch_middle_reach,3,Clinch River,Middle Reach,4203.464,50.35699999999997,2482.0734688389866,6.91,347.5687788527534,0.964860645717246,0.1452976771316543,47.55753936615824,49.28954204656727,0.9601989380313006,0.586926004492962,12.0,1.0,0.25,0.4054241015725367,0.15,usgs-hecras-geometry-openlimno-builtin-1d,0.060000000000000005,8.02300850165915e-05
6,2021-08-10,clinch_middle_reach_4154_92,clinch_middle_reach,3,Clinch River,Middle Reach,4154.92,50.82049999999981,2319.067596049263,6.91,347.1686171960026,1.0122355712480948,0.1495966879522556,46.19086220816168,45.632522231171905,1.0031284484365093,0.5862841971578383,12.0,1.0,0.25,0.4051994690052434,0.15,usgs-hecras-geometry-openlimno-builtin-1d,0.060000000000000005,8.02300850165915e-05
6,2021-08-10,clinch_middle_reach_4101_823,clinch_middle_reach,3,Clinch River,Middle Reach,4101.823,50.264000000000124,2465.632919422881,6.91,347.6523856576663,0.967242510491639,0.14563685728568254,47.446780497640674,49.053655089584495,0.9635628553323009,0.5871546253405713,12.0,1.0,0.25,0.40550411886919996,0.15,usgs-hecras-geometry-openlimno-builtin-1d,0.060000000000000005,8.02300850165915e-05
6,2021-08-10,clinch_middle_reach_4054_392,clinch_middle_reach,3,Clinch River,Middle Reach,4054.392,49.40950000000021,1398.9355646185325,6.91,346.0488038719264,1.3543152011595723,0.18020674493449104,38.34484665106143,28.313088871948242,1.32626643898796,0.5646745443480592,12.0,1.0,0.25,0.3976360905218207,0.15,usgs-hecras-geometry-openlimno-builtin-1d,0.060000000000000005,8.02300850165915e-05
6,2021-08-10,clinch_middle_reach_4003_004,clinch_middle_reach,3,Clinch River,Middle Reach,4003.004,49.666999999999916,1363.8897642840093,6.91,345.58412600921775,1.3766578211766518,0.1827850615095172,37.80396462891587,27.460683437373135,1.3548305631852158,0.5631271885690932,12.0,1.0,0.25,0.3970945159991826,0.15,usgs-hecras-geometry-openlimno-builtin-1d,0.060000000000000005,8.02300850165915e-05
6,2021-08-10,clinch_middle_reach_3955_058,clinch_middle_reach,3,Clinch River,Middle Reach,3955.058,48.64449999999988,2259.370198221346,6.91,346.8805144692434,1.0005775653650806,0.14868721746572683,46.473396420864425,46.44657049042238,0.993995240482368,0.5867849047961315,12.0,1.0,0.25,0.40537471667864605,0.15,usgs-hecras-geometry-openlimno-builtin-1d,0.060000000000000005,8.02300850165915e-05
6,2021-08-10,clinch_middle_reach_3905_715,clinch_middle_reach,3,Clinch River,Middle Reach,3905.715,42.64249999999993,2199.6276000904213,6.91,347.30461294682317,0.9390602766116425,0.1426520691236628,48.439535735088654,51.582988804371816,0.9340951771603134,0.5864246505412439,12.0,1.0,0.25,0.40524862768943537,0.15,usgs-hecras-geometry-openlimno-builtin-1d,0.060000000000000005,8.02300850165915e-05
6,2021-08-10,clinch_middle_reach_3869_773,clinch_middle_reach,3,Clinch River,Middle Reach,3869.773,35.94200000000001,926.895206675595,6.91,344.22820809903953,1.4480851261555527,0.18503571311936984,37.344142292910966,25.788637434633433,1.3799306804907592,0.5482746807895394,12.0,1.0,0.25,0.39189613827633885,0.15,usgs-hecras-geometry-openlimno-builtin-1d,0.060000000000000005,8.02300850165915e-05
6,2021-08-10,clinch_lower_reach_3803_314,clinch_lower_reach,4,Clinch River,Lower Reach,3803.314,50.7529999999997,1679.0882209348372,7.31,345.1561042655716,1.2756504532389945,0.17321037130652264,42.20301558654256,33.083526509464406,1.2497812385998266,0.5722947638104505,12.0,1.0,0.25,0.4003031673336577,0.15,usgs-hecras-geometry-openlimno-builtin-1d,0.060000000000000005,8.02300850165915e-05
6,2021-08-10,clinch_lower_reach_3752_561,clinch_lower_reach,4,Clinch River,Lower Reach,3752.561,49.906499999999824,2692.419167643164,7.31,346.47069933623084,0.9447628129431545,0.1434197714451944,50.969262650048215,53.94926848493029,0.941645587344832,0.5869254514642069,12.0,1.0,0.25,0.4054239080124724,0.15,usgs-hecras-geometry-openlimno-builtin-1d,0.060000000000000005,8.02300850165915e-05
6,2021-08-10,clinch_lower_reach_3703_501,clinch_lower_reach,4,Clinch River,Lower Reach,3703.501,54.43600000000015,3710.3383620199993,7.31,347.2438051639075,0.8207730899650596,0.13066731182307895,55.94360133387913,68.15964365530144,0.8188887965179753,0.5821277258713686,12.0,1.0,0.25,0.40374470405497903,0.15,usgs-hecras-geometry-openlimno-builtin-1d,0.060000000000000005,8.02300850165915e-05
6,2021-08-10,clinch_lower_reach_3643_689,clinch_lower_reach,4,Clinch River,Lower Reach,3643.689,49.82600000000002,1516.879708235536,7.31,345.7065279988826,1.3391406385505638,0.17930651483629848,40.768178482939184,30.443537675822572,1.3163440050149195,0.5669802776446248,12.0,1.0,0.25,0.39844309717561865,0.15,usgs-hecras-geometry-openlimno-builtin-1d,0.060000000000000005,8.02300850165915e-05
6,2021-08-10,clinch_lower_reach_3603_849,clinch_lower_reach,4,Clinch River,Lower Reach,3603.849,44.821500000000015,1915.7012763962327,7.31,346.336771862947,1.0878476874504996,0.1572200326323838,46.49534717431616,42.74067749620678,1.0807759118659344,0.5855646157064628,12.0,1.0,0.25,0.404947615497262,0.15,usgs-hecras-geometry-openlimno-builtin-1d,0.060000000000000005,8.02300850165915e-05
6,2021-08-10,clinch_lower_reach_3554_046,clinch_lower_reach,4,Clinch River,Lower Reach,3554.046,49.03600000000006,2674.373299839088,7.31,347.173776802208,0.9384311246510144,0.14282623305983877,51.1810739763569,54.538977482647134,0.9358075245224222,0.5869007666144594,12.0,1.0,0.25,0.4054152683150608,0.15,usgs-hecras-geometry-openlimno-builtin-1d,0.060000000000000005,8.02300850165915e-05
6,2021-08-10,clinch_lower_reach_3505_777,clinch_lower_reach,4,Clinch River,Lower Reach,3505.777,49.60149999999999,2337.679014614057,7.31,346.9125954822861,1.0249475934881513,0.1513302149269454,48.30496013984318,47.12920001641196,1.0206161752245453,0.5871467526933726,12.0,1.0,0.25,0.4055013634426804,0.15,usgs-hecras-geometry-openlimno-builtin-1d,0.060000000000000005,8.02300850165915e-05
6,2021-08-10,clinch_lower_reach_3454_843,clinch_lower_reach,4,Clinch River,Lower Reach,3454.843,51.30250000000001,1642.4277268893536,7.31,346.7119355291618,1.2965253813163005,0.17611186444622054,41.50770888143236,32.01457486261592,1.281317349575726,0.5721275864269431,12.0,1.0,0.25,0.4002446552494301,0.15,usgs-hecras-geometry-openlimno-builtin-1d,0.060000000000000005,8.02300850165915e-05
6,2021-08-10,clinch_lower_reach_3403_172,clinch_lower_reach,4,Clinch River,Lower Reach,3403.172,49.798,1319.710575646931,7.31,345.7877631442046,1.4578227618678725,0.18921077039350265,38.634164349087285,26.5012766706882,1.4268973037369457,0.5518535395672478,12.0,1.0,0.25,0.39314873884853674,0.15,usgs-hecras-geometry-openlimno-builtin-1d,0.060000000000000005,8.02300850165915e-05
6,2021-08-10,clinch_lower_reach_3355_247,clinch_lower_reach,4,Clinch River,Lower Reach,3355.247,50.37799999999993,1415.932011106931,7.31,345.2306348758642,1.4065657611261875,0.18490806640850002,39.53315905565041,28.106157670152307,1.3785030233656337,0.5587973999035843,12.0,1.0,0.25,0.3955790899662545,0.15,usgs-hecras-geometry-openlimno-builtin-1d,0.060000000000000005,8.02300850165915e-05
6,2021-08-10,clinch_lower_reach_3302_416,clinch_lower_reach,4,Clinch River,Lower Reach,3302.416,51.749000000000024,1455.6167620935485,7.31,344.1499217683759,1.4059113087863775,0.18484783421936593,39.546040833375116,28.128403681105873,1.3778294283713057,0.5588735568376939,12.0,1.0,0.25,0.3956057448931929,0.15,usgs-hecras-geometry-openlimno-builtin-1d,0.060000000000000005,8.02300850165915e-05
6,2021-08-10,clinch_lower_reach_3251_749,clinch_lower_reach,4,Clinch River,Lower Reach,3251.749,50.45950000000016,1409.4294568893174,7.31,344.0943722737268,1.4107324469498603,0.18551213369325117,39.40443061307926,27.931895022529215,1.3852651366347035,0.5586419660414333,12.0,1.0,0.25,0.3955246881145017,0.15,usgs-hecras-geometry-openlimno-builtin-1d,0.060000000000000005,8.02300850165915e-05
6,2021-08-10,clinch_lower_reach_3201_497,clinch_lower_reach,4,Clinch River,Lower Reach,3201.497,49.927999999999884,1802.283924693337,7.31,345.41184877227397,1.2064555874571155,0.16785218474533703,43.55022254307043,36.09765912300395,1.1922419645133537,0.5790742921648739,12.0,1.0,0.25,0.4026760022577059,0.15,usgs-hecras-geometry-openlimno-builtin-1d,0.060000000000000005,8.02300850165915e-05
6,2021-08-10,clinch_lower_reach_3151_893,clinch_lower_reach,4,Clinch River,Lower Reach,3151.893,48.56549999999993,1669.886024780855,7.31,345.21502214995616,1.2423925565902338,0.17111952670384226,42.71867822923252,34.38420328794839,1.2272224581464377,0.5765041638690166,12.0,1.0,0.25,0.4017764573541558,0.15,usgs-hecras-geometry-openlimno-builtin-1d,0.060000000000000005,8.02300850165915e-05
6,2021-08-10,clinch_lower_reach_3104_366,clinch_lower_reach,4,Clinch River,Lower Reach,3104.366,50.80799999999999,1804.867138560324,7.31,345.56102639591626,1.2181508841534747,0.16892858884358616,43.27272281169916,35.523286461980874,1.2037288457600068,0.5782959419930598,12.0,1.0,0.25,0.4024035796975709,0.15,usgs-hecras-geometry-openlimno-builtin-1d,0.060000000000000005,8.02300850165915e-05
6,2021-08-10,clinch_lower_reach_3050_277,clinch_lower_reach,4,Clinch River,Lower Reach,3050.277,51.47399999999993,2370.804847057643,7.31,346.5177855415368,1.0401604823385298,0.15258405018572285,47.90802178276422,46.058298307060774,1.0333264033617435,0.5865259624228718,12.0,1.0,0.25,0.4052840868480051,0.15,usgs-hecras-geometry-openlimno-builtin-1d,0.060000000000000005,8.02300850165915e-05
6,2021-08-10,clinch_lower_reach_3001_418,clinch_lower_reach,4,Clinch River,Lower Reach,3001.418,49.3900000000001,3014.188324102188,7.31,346.90041841873006,0.8770804906880219,0.1365672514887092,53.52674173576934,61.02831188706584,0.874971294897507,0.5850619962187968,12.0,1.0,0.25,0.4047716986765789,0.15,usgs-hecras-geometry-openlimno-builtin-1d,0.060000000000000005,8.02300850165915e-05
6,2021-08-10,clinch_lower_reach_2951_497,clinch_lower_reach,4,Clinch River,Lower Reach,2951.497,50.794000000000096,2960.112442685581,7.31,346.7989600877099,0.9024456487936122,0.13899543205236103,52.59165637361555,58.27681306228246,0.8984102978885897,0.585609615077431,12.0,1.0,0.25,0.40496336527710086,0.15,usgs-hecras-geometry-openlimno-builtin-1d,0.060000000000000005,8.02300850165915e-05
6,2021-08-10,clinch_lower_reach_2899_83,clinch_lower_reach,4,Clinch River,Lower Reach,2899.83,49.859500000000025,2840.579531462517,7.31,346.7382328682277,0.9151200087574131,0.1402104204147678,52.13592526415438,56.97168105300926,0.9102179390858122,0.5858257411901981,12.0,1.0,0.25,0.40503900941656934,0.15,usgs-hecras-geometry-openlimno-builtin-1d,0.060000000000000005,8.02300850165915e-05
6,2021-08-10,clinch_lower_reach_2851_778,clinch_lower_reach,4,Clinch River,Lower Reach,2851.778,49.67899999999986,2973.1480856865714,7.31,346.8392276659416,0.887841544597148,0.13757458715630483,53.13481327546905,59.84718061326878,0.8846686387917174,0.5852657172101037,12.0,1.0,0.25,0.4048430010235363,0.15,usgs-hecras-geometry-openlimno-builtin-1d,0.060000000000000005,8.02300850165915e-05
6,2021-08-10,clinch_lower_reach_2800_472,clinch_lower_reach,4,Clinch River,Lower Reach,2800.472,47.763499999999794,2779.33542425904,7.31,346.9335395049353,0.903003695157921,0.13911790536628962,52.54535698157027,58.18952598237256,0.8995978927056916,0.5857652234468554,12.0,1.0,0.25,0.4050178282063994,0.15,usgs-hecras-geometry-openlimno-builtin-1d,0.060000000000000005,8.02300850165915e-05
6,2021-08-10,clinch_lower_reach_2756_251,clinch_lower_reach,4,Clinch River,Lower Reach,2756.251,48.878000000000156,2848.7132629628068,7.31,346.8455195835902,0.9017946433352236,0.13908311701947085,52.55849995781041,58.28211594097135,0.8992602780252852,0.5859136450427993,12.0,1.0,0.25,0.40506977576497977,0.15,usgs-hecras-geometry-openlimno-builtin-1d,0.060000000000000005,8.02300850165915e-05
6,2021-08-10,clinch_lower_reach_2702_716,clinch_lower_reach,4,Clinch River,Lower Reach,2702.716,52.79500000000007,3190.5579925668376,7.31,346.8256467934681,0.8825655515128339,0.13705552775870045,53.33604648817933,60.43295752565268,0.8796679737225309,0.5851156793556437,12.0,1.0,0.25,0.4047904877744753,0.15,usgs-hecras-geometry-openlimno-builtin-1d,0.060000000000000005,8.02300850165915e-05
6,2021-08-10,clinch_lower_reach_2650_661,clinch_lower_reach,4,Clinch River,Lower Reach,2650.661,50.19249999999988,2695.188371381107,7.31,346.8275612800695,0.9475913090558826,0.1436633573731341,50.882842595790635,53.697033847310124,0.9440457088563421,0.5868892465633374,12.0,1.0,0.25,0.40541123629716813,0.15,usgs-hecras-geometry-openlimno-builtin-1d,0.060000000000000005,8.02300850165915e-05
6,2021-08-10,clinch_lower_reach_2602_331,clinch_lower_reach,4,Clinch River,Lower Reach,2602.331,48.43250000000012,2421.7185753157196,7.31,346.7373269718031,0.9895668611118227,0.1477356978800862,49.48025497489012,50.0019320769259,0.984471563148995,0.5870479696972329,12.0,1.0,0.25,0.4054667893940315,0.15,usgs-hecras-geometry-openlimno-builtin-1d,0.060000000000000005,8.02300850165915e-05
6,2021-08-10,clinch_lower_reach_2553_796,clinch_lower_reach,4,Clinch River,Lower Reach,2553.796,50.061500000000024,2321.8950912171645,7.31,346.39082638460354,1.034780685870909,0.15231066975071597,47.99401126634227,46.3808533746924,1.0305508190480415,0.5870790664116894,12.0,1.0,0.25,0.4054776732440913,0.15,usgs-hecras-geometry-openlimno-builtin-1d,0.060000000000000005,8.02300850165915e-05
6,2021-08-10,clinch_lower_reach_2502_208,clinch_lower_reach,4,Clinch River,Lower Reach,2502.208,51.94899999999984,2542.2596401861106,7.31,345.63508487834054,1.0071187027224708,0.14831804930602124,49.285977223968494,48.93760496229222,0.9902958176100918,0.5847762887534477,12.0,1.0,0.25,0.40467170106370665,0.15,usgs-hecras-geometry-openlimno-builtin-1d,0.060000000000000005,8.02300850165915e-05
6,2021-08-10,clinch_lower_reach_2449_898,clinch_lower_reach,4,Clinch River,Lower Reach,2449.898,51.12049999999999,1452.240296788577,7.31,344.5821051942853,1.3956911063620039,0.18436763102674347,39.64904229278537,28.408178652176275,1.3724592402260398,0.560748003804848,12.0,1.0,0.25,0.3962618013316968,0.15,usgs-hecras-geometry-openlimno-builtin-1d,0.060000000000000005,8.02300850165915e-05
6,2021-08-10,clinch_lower_reach_2399_967,clinch_lower_reach,4,Clinch River,Lower Reach,2399.967,50.17000000000007,2628.396204875877,7.31,346.0870287727199,0.9625567102317402,0.14495871169527208,50.428152364977315,52.38979878165983,0.9568423741461415,0.5866807339053093,12.0,1.0,0.25,0.40533825686685826,0.15,usgs-hecras-geometry-openlimno-builtin-1d,0.060000000000000005,8.02300850165915e-05
6,2021-08-10,clinch_lower_reach_2349_558,clinch_lower_reach,4,Clinch River,Lower Reach,2349.558,49.50649999999996,2683.5898107681965,7.31,346.49665132826647,0.9427432081650082,0.1430441344484024,51.10310903825839,54.20681750412973,0.9379496346388739,0.5865367893439845,12.0,1.0,0.25,0.40528787627039453,0.15,usgs-hecras-geometry-openlimno-builtin-1d,0.060000000000000005,8.02300850165915e-05
6,2021-08-10,clinch_lower_reach_2300_954,clinch_lower_reach,4,Clinch River,Lower Reach,2300.954,49.94699999999989,2715.0552752866674,7.31,346.1695861814262,0.9433041747694202,0.14255956212747062,51.276812939869394,54.35872575503381,0.9331864826023163,0.5854370049899766,12.0,1.0,0.25,0.4049029517464918,0.15,usgs-hecras-geometry-openlimno-builtin-1d,0.060000000000000005,8.02300850165915e-05
6,2021-08-10,clinch_lower_reach_2249_664,clinch_lower_reach,4,Clinch River,Lower Reach,2249.664,51.33600000000001,2764.864248773652,7.31,345.6751646414462,0.9472618514716534,0.14328328927141304,51.017812594692046,53.85819403096562,0.9403045370950873,0.5861746011292435,12.0,1.0,0.25,0.4051611103952352,0.15,usgs-hecras-geometry-openlimno-builtin-1d,0.060000000000000005,8.02300850165915e-05
6,2021-08-10,clinch_lower_reach_2198_282,clinch_lower_reach,4,Clinch River,Lower Reach,2198.282,49.81050000000005,2354.383701491048,7.31,345.3112851069544,1.0233071557239453,0.1511315110268367,48.368470283486744,47.26681525965501,1.018606571163212,0.5870873342488794,12.0,1.0,0.25,0.40548056698710777,0.15,usgs-hecras-geometry-openlimno-builtin-1d,0.060000000000000005,8.02300850165915e-05
6,2021-08-10,clinch_lower_reach_2150_043,clinch_lower_reach,4,Clinch River,Lower Reach,2150.043,48.95600000000013,2807.6123602208004,7.31,346.1105736029787,0.9123570601260932,0.1397080143959021,52.323412021912006,57.34970913107265,0.9053270067013539,0.5852847278575213,12.0,1.0,0.25,0.40484965475013246,0.15,usgs-hecras-geometry-openlimno-builtin-1d,0.060000000000000005,8.02300850165915e-05
6,2021-08-10,clinch_lower_reach_2100_37,clinch_lower_reach,4,Clinch River,Lower Reach,2100.37,50.11350000000016,2669.6197738094475,7.31,345.51683751790256,0.9523267861508097,0.14409094914664894,50.73184709582437,53.27146924101169,0.9482633421747084,0.5868648491120917,12.0,1.0,0.25,0.40540269718923205,0.15,usgs-hecras-geometry-openlimno-builtin-1d,0.060000000000000005,8.02300850165915e-05
6,2021-08-10,clinch_lower_reach_2049_816,clinch_lower_reach,4,Clinch River,Lower Reach,2049.816,50.17199999999991,2927.0443800374915,7.31,346.3020283513252,0.9012476783193573,0.13902897609042392,52.578967389111774,58.34019732196238,0.8987355050502832,0.5858998271219586,12.0,1.0,0.25,0.4050649394926855,0.15,usgs-hecras-geometry-openlimno-builtin-1d,0.060000000000000005,8.02300850165915e-05
6,2021-08-10,clinch_lower_reach_2000_026,clinch_lower_reach,4,Clinch River,Lower Reach,2000.026,49.6579999999999,2657.8716611417917,7.31,346.0494852222132,0.9500102265169542,0.1437620689014749,50.84790484623448,53.52353419674165,0.9450187113714446,0.5866332664981088,12.0,1.0,0.25,0.40532164327433806,0.15,usgs-hecras-geometry-openlimno-builtin-1d,0.060000000000000005,8.02300850165915e-05
6,2021-08-10,clinch_lower_reach_1950_5,clinch_lower_reach,4,Clinch River,Lower Reach,1950.5,50.339500000000044,2533.2945934679847,7.31,346.1263258673829,0.9854810628275389,0.1473982390412103,49.59353685328788,50.32419061508323,0.9810978400084597,0.5871696713125792,12.0,1.0,0.25,0.4055093849594027,0.15,usgs-hecras-geometry-openlimno-builtin-1d,0.060000000000000005,8.02300850165915e-05
6,2021-08-10,clinch_lower_reach_1899_347,clinch_lower_reach,4,Clinch River,Lower Reach,1899.347,50.96849999999995,2678.458914978804,7.31,345.9797225790026,0.960223098381825,0.14486453995530052,50.46093407162013,52.55126038590122,0.9559101182010435,0.5869350696978829,12.0,1.0,0.25,0.405427274394259,0.15,usgs-hecras-geometry-openlimno-builtin-1d,0.060000000000000005,8.02300850165915e-05
6,2021-08-10,clinch_lower_reach_1848_563,clinch_lower_reach,4,Clinch River,Lower Reach,1848.563,50.57349999999997,3096.881190340077,7.31,346.3311135056566,0.875482451083211,0.13635416182501384,53.610391513983096,61.235255427053275,0.8729238640609259,0.5848931245838367,12.0,1.0,0.25,0.40471259360434286,0.15,usgs-hecras-geometry-openlimno-builtin-1d,0.060000000000000005,8.02300850165915e-05
6,2021-08-10,clinch_lower_reach_1798_2,clinch_lower_reach,4,Clinch River,Lower Reach,1798.2,50.66450000000009,3125.761722601922,7.31,346.10017942376595,0.8716343600651338,0.13593488604583093,53.77574670225131,61.69530386368989,0.8689010763245817,0.5846844480506271,12.0,1.0,0.25,0.40463955681771946,0.15,usgs-hecras-geometry-openlimno-builtin-1d,0.060000000000000005,8.02300850165915e-05
6,2021-08-10,clinch_lower_reach_1747_234,clinch_lower_reach,4,Clinch River,Lower Reach,1747.234,50.704000000000065,3314.1438836859484,7.31,346.15404268433514,0.842908158951098,0.13268076955310906,55.09464577738958,65.36257265079568,0.8378847828551745,0.5827166052148525,12.0,1.0,0.25,0.4039508118251984,0.15,usgs-hecras-geometry-openlimno-builtin-1d,0.060000000000000005,8.02300850165915e-05
6,2021-08-10,clinch_lower_reach_1696_792,clinch_lower_reach,4,Clinch River,Lower Reach,1696.792,48.03399999999999,2763.4245329169985,7.31,346.3308806257809,0.9089430287383443,0.13979185206085476,52.292031990661236,57.53059359863845,0.9061429640056163,0.5860894561195577,12.0,1.0,0.25,0.4051313096418452,0.15,usgs-hecras-geometry-openlimno-builtin-1d,0.060000000000000005,8.02300850165915e-05
6,2021-08-10,clinch_lower_reach_1651_166,clinch_lower_reach,4,Clinch River,Lower Reach,1651.166,47.878999999999905,2243.903599355404,7.31,345.9182369747941,1.029384716549615,0.1515236896513949,48.24328140911731,46.866133364427164,1.0225777623767536,0.586637632991531,12.0,1.0,0.25,0.4053231715470359,0.15,usgs-hecras-geometry-openlimno-builtin-1d,0.060000000000000005,8.02300850165915e-05
6,2021-08-10,clinch_lower_reach_1601_034,clinch_lower_reach,4,Clinch River,Lower Reach,1601.034,47.654499999999985,2315.2806715771744,7.31,346.0270512064973,1.0069828025898855,0.1494154799838627,48.92398030504938,48.58472277701319,1.001309391137653,0.586962445997938,12.0,1.0,0.25,0.40543685609927826,0.15,usgs-hecras-geometry-openlimno-builtin-1d,0.060000000000000005,8.02300850165915e-05
6,2021-08-10,clinch_lower_reach_1555_857,clinch_lower_reach,4,Clinch River,Lower Reach,1555.857,47.703500000000076,2189.4117645626047,7.31,346.1216666712658,1.0417402886256888,0.1528905747845876,47.81197278052811,45.8962500563397,1.0364382976959725,0.5867970325955101,12.0,1.0,0.25,0.40537896140842855,0.15,usgs-hecras-geometry-openlimno-builtin-1d,0.060000000000000005,8.02300850165915e-05
6,2021-08-10,clinch_lower_reach_1505_627,clinch_lower_reach,4,Clinch River,Lower Reach,1505.627,50.02350000000001,2305.9920200830115,7.31,346.4005303980004,1.0384559327425595,0.15270230049507852,47.870922548646185,46.09817425975813,1.0345306613265508,0.5870956475522036,12.0,1.0,0.25,0.4054834766432712,0.15,usgs-hecras-geometry-openlimno-builtin-1d,0.060000000000000005,8.02300850165915e-05
6,2021-08-10,clinch_lower_reach_1455_81,clinch_lower_reach,4,Clinch River,Lower Reach,1455.81,49.34699999999998,2512.865064122989,7.31,346.6183306261226,0.9781405365842281,0.1467600010832369,49.809211951790836,50.92234713605671,0.9747326102227549,0.5873152008699157,12.0,1.0,0.25,0.40556032030447053,0.15,usgs-hecras-geometry-openlimno-builtin-1d,0.060000000000000005,8.02300850165915e-05
6,2021-08-10,clinch_lower_reach_1406_933,clinch_lower_reach,4,Clinch River,Lower Reach,1406.933,48.507999999999925,2435.0880056166025,7.31,346.52525388624827,0.9871806719347893,0.14750931309778814,49.55619307340948,50.19971974966204,0.982212010169261,0.5870611840850939,12.0,1.0,0.25,0.40547141442978285,0.15,usgs-hecras-geometry-openlimno-builtin-1d,0.060000000000000005,8.02300850165915e-05
6,2021-08-10,clinch_lower_reach_1358_794,clinch_lower_reach,4,Clinch River,Lower Reach,1358.794,50.120000000000005,2585.88664822901,7.31,346.5374796194079,0.9704828637571866,0.14599268108772923,50.07100318684681,51.5939075863729,0.9670956683989093,0.587249734737586,12.0,1.0,0.25,0.4055374071581551,0.15,usgs-hecras-geometry-openlimno-builtin-1d,0.060000000000000005,8.02300850165915e-05
6,2021-08-10,clinch_lower_reach_1306_693,clinch_lower_reach,4,Clinch River,Lower Reach,1306.693,50.790500000000065,2390.703530419055,7.31,346.39947064767506,1.0262081161153571,0.15133476168389456,48.30350884794732,47.06989555958401,1.0206619283736436,0.5869046392969858,12.0,1.0,0.25,0.40541662375394505,0.15,usgs-hecras-geometry-openlimno-builtin-1d,0.060000000000000005,8.02300850165915e-05
6,2021-08-10,clinch_lower_reach_1257_213,clinch_lower_reach,4,Clinch River,Lower Reach,1257.213,50.10649999999998,2789.3094648988586,7.31,346.06011039301507,0.92692091245354,0.1416680981816838,51.59947859697537,55.66761727318531,0.9244470335923742,0.5866666818180016,12.0,1.0,0.25,0.4053333386363006,0.15,usgs-hecras-geometry-openlimno-builtin-1d,0.060000000000000005,8.02300850165915e-05
6,2021-08-10,clinch_lower_reach_1206_48,clinch_lower_reach,4,Clinch River,Lower Reach,1206.48,50.096000000000004,3001.8788553827508,7.31,346.06604693194896,0.887191461107688,0.13750228403296563,53.162753269229015,59.92252585800764,0.8839727208283215,0.5852298598746482,12.0,1.0,0.25,0.40483045095612685,0.15,usgs-hecras-geometry-openlimno-builtin-1d,0.060000000000000005,8.02300850165915e-05
6,2021-08-10,clinch_lower_reach_1157_021,clinch_lower_reach,4,Clinch River,Lower Reach,1157.021,49.730500000000006,3176.4035527129763,7.31,346.0059933553474,0.8543908453261612,0.13395161166985745,54.571945114154516,63.87234298293755,0.8499541860079987,0.5834685242902351,12.0,1.0,0.25,0.4042139835015823,0.15,usgs-hecras-geometry-openlimno-builtin-1d,0.060000000000000005,8.02300850165915e-05
6,2021-08-10,clinch_lower_reach_1107_019,clinch_lower_reach,4,Clinch River,Lower Reach,1107.019,50.140499999999975,2817.1036557530706,7.31,346.1182249339444,0.9223499453270135,0.14106117069125637,51.821489671311134,56.18419552563441,0.9185126591426253,0.586258555967625,12.0,1.0,0.25,0.40519049458866874,0.15,usgs-hecras-geometry-openlimno-builtin-1d,0.060000000000000005,8.02300850165915e-05
6,2021-08-10,clinch_lower_reach_1056_74,clinch_lower_reach,4,Clinch River,Lower Reach,1056.74,50.045500000000004,3004.6737223349664,7.31,346.2002001266434,0.8858350040730174,0.1374460467633599,53.18450528144754,60.038839103115485,0.8834263395120455,0.5853561731479452,12.0,1.0,0.25,0.4048746606017808,0.15,usgs-hecras-geometry-openlimno-builtin-1d,0.060000000000000005,8.02300850165915e-05
6,2021-08-10,clinch_lower_reach_1006_928,clinch_lower_reach,4,Clinch River,Lower Reach,1006.928,49.81200000000001,3234.3595061836704,7.31,346.1280458003758,0.8455150105969694,0.13315017550661487,54.90041580633771,64.93133193173672,0.8423360628908005,0.5832871392496263,12.0,1.0,0.25,0.4041504987373692,0.15,usgs-hecras-geometry-openlimno-builtin-1d,0.060000000000000005,8.02300850165915e-05
6,2021-08-10,clinch_lower_reach_957_116,clinch_lower_reach,4,Clinch River,Lower Reach,957.116,49.932799999999986,3195.7944422475694,7.31,346.13232062301074,0.8529454579540444,0.13390697487802952,54.590136224482585,64.00190740850844,0.8495297081149328,0.583627441306798,12.0,1.0,0.25,0.4042696044573793,0.15,usgs-hecras-geometry-openlimno-builtin-1d,0.060000000000000005,8.02300850165915e-05
6,2021-08-10,clinch_lower_reach_907_062,clinch_lower_reach,4,Clinch River,Lower Reach,907.0624,49.853549999999984,3165.8070134971404,7.31,346.05906075172356,0.8564162284482975,0.13441388724224995,54.38426155197353,63.50213803223925,0.8543599922608136,0.5841146602182818,12.0,1.0,0.25,0.40444013107639865,0.15,usgs-hecras-geometry-openlimno-builtin-1d,0.060000000000000005,8.02300850165915e-05
6,2021-08-10,clinch_lower_reach_857_409,clinch_lower_reach,4,Clinch River,Lower Reach,857.4089,50.186350000000004,3328.732541786697,7.31,346.0688587363,0.8345711896879874,0.13205677833461416,55.35497754971305,66.32744843541514,0.8319839990137982,0.5828053089693528,12.0,1.0,0.25,0.40398185813927345,0.15,usgs-hecras-geometry-openlimno-builtin-1d,0.060000000000000005,8.02300850165915e-05
6,2021-08-10,clinch_lower_reach_806_69,clinch_lower_reach,4,Clinch River,Lower Reach,806.6897,50.20685000000003,3385.706430454703,7.31,345.9951009727819,0.8262216653282166,0.13120019304272346,55.716381435655386,67.43514939604259,0.8239021735556331,0.5823664154839755,12.0,1.0,0.25,0.40382824541939144,0.15,usgs-hecras-geometry-openlimno-builtin-1d,0.060000000000000005,8.02300850165915e-05
6,2021-08-10,clinch_lower_reach_756_995,clinch_lower_reach,4,Clinch River,Lower Reach,756.9952,49.95240000000001,3488.9093724623826,7.31,346.225849778774,0.808810856026307,0.12940083411688102,56.49113508338947,69.8446795842118,0.8070111817849676,0.5813594584173284,12.0,1.0,0.25,0.40347581044606495,0.15,usgs-hecras-geometry-openlimno-builtin-1d,0.060000000000000005,8.02300850165915e-05
6,2021-08-10,clinch_lower_reach_706_785,clinch_lower_reach,4,Clinch River,Lower Reach,706.7849,50.15224999999998,3696.098837949575,7.31,346.4487719913741,0.7828719662075803,0.1266990856457005,57.695759702967216,73.69756766545024,0.7818692977266742,0.5796531406156924,12.0,1.0,0.25,0.40287859921549235,0.15,usgs-hecras-geometry-openlimno-builtin-1d,0.060000000000000005,8.02300850165915e-05
6,2021-08-10,clinch_lower_reach_656_691,clinch_lower_reach,4,Clinch River,Lower Reach,656.6907,50.47534999999999,3717.1553395374935,7.31,346.59980209244435,0.7832177881650797,0.12673701175241064,57.678494221408506,73.64298295182687,0.7822174758857111,0.5796815093564825,12.0,1.0,0.25,0.4028885282747689,0.15,usgs-hecras-geometry-openlimno-builtin-1d,0.060000000000000005,8.02300850165915e-05
6,2021-08-10,clinch_lower_reach_605_834,clinch_lower_reach,4,Clinch River,Lower Reach,605.8342,50.57945000000001,3532.9968668612614,7.31,346.39913498264275,0.8086958085356957,0.12940856906349668,56.487758522491774,69.8504405813282,0.8070851454117685,0.5813966080556986,12.0,1.0,0.25,0.4034888128194945,0.15,usgs-hecras-geometry-openlimno-builtin-1d,0.060000000000000005,8.02300850165915e-05
6,2021-08-10,clinch_lower_reach_555_532,clinch_lower_reach,4,Clinch River,Lower Reach,555.5318,49.75550000000001,3452.5677470574,7.31,346.2498366733386,0.8121382939146087,0.12971382735347647,56.35482468711601,69.39067534357808,0.8099453406840958,0.5814892369815736,12.0,1.0,0.25,0.4035212329435508,0.15,usgs-hecras-geometry-openlimno-builtin-1d,0.060000000000000005,8.02300850165915e-05
6,2021-08-10,clinch_lower_reach_506_323,clinch_lower_reach,4,Clinch River,Lower Reach,506.3232,50.0881,3349.8424806029834,7.31,346.2497778893893,0.8304010052750086,0.13162539358550063,55.53639613811755,66.87900879855661,0.8279116821721413,0.5825806319795868,12.0,1.0,0.25,0.4039032211928554,0.15,usgs-hecras-geometry-openlimno-builtin-1d,0.060000000000000005,8.02300850165915e-05
6,2021-08-10,clinch_lower_reach_455_356,clinch_lower_reach,4,Clinch River,Lower Reach,455.3556,49.9751,3371.7350736456,7.31,346.24101932226364,0.8257405186729277,0.1312121372140417,55.71130960297869,67.46830068665396,0.8240122584375328,0.5824766252731945,12.0,1.0,0.25,0.4038668188456181,0.15,usgs-hecras-geometry-openlimno-builtin-1d,0.060000000000000005,8.02300850165915e-05
6,2021-08-10,clinch_lower_reach_406_373,clinch_lower_reach,4,Clinch River,Lower Reach,406.373,49.43424999999999,2921.8267612787176,7.31,346.1222021067374,0.8940436119077148,0.13833502713162754,52.84272647045814,59.10531182891857,0.8920164434102552,0.5857510382353205,12.0,1.0,0.25,0.4050128633823622,0.15,usgs-hecras-geometry-openlimno-builtin-1d,0.060000000000000005,8.02300850165915e-05
6,2021-08-10,clinch_lower_reach_356_487,clinch_lower_reach,4,Clinch River,Lower Reach,356.4871,42.227149999999995,2473.7426839141135,7.31,345.94872990331396,0.8987308584689646,0.13884331408762274,52.649276258176364,58.58180540041452,0.8969400292079914,0.5859691696087003,12.0,1.0,0.25,0.4050892093630451,0.15,usgs-hecras-geometry-openlimno-builtin-1d,0.060000000000000005,8.02300850165915e-05
6,2021-08-10,clinch_lower_reach_321_919,clinch_lower_reach,4,Clinch River,Lower Reach,321.9187,50.02435,3124.463666511451,7.31,346.1153217022573,0.8648486275808761,0.1353266253440229,54.01745577721131,62.45885586742158,0.863075560365609,0.5845891104359981,12.0,1.0,0.25,0.40460618865259934,0.15,usgs-hecras-geometry-openlimno-builtin-1d,0.060000000000000005,8.02300850165915e-05
6,2021-08-10,clinch_lower_reach_256_438,clinch_lower_reach,4,Clinch River,Lower Reach,256.4384,58.00505,3754.571565018038,7.31,346.1897849589275,0.846801892146853,0.1333647256673071,54.81209490308251,64.72835666925619,0.8443747812820501,0.5835298156536888,12.0,1.0,0.25,0.40423543547879104,0.15,usgs-hecras-geometry-openlimno-builtin-1d,0.060000000000000005,8.02300850165915e-05
6,2021-08-10,clinch_lower_reach_205_909,clinch_lower_reach,4,Clinch River,Lower Reach,205.9086,50.3267,2953.030074235917,7.31,346.05774398977735,0.8981368828672667,0.1387092519176572,52.70016166145484,58.67720462966808,0.8956370971689502,0.5857948230840505,12.0,1.0,0.25,0.40502818807941765,0.15,usgs-hecras-geometry-openlimno-builtin-1d,0.060000000000000005,8.02300850165915e-05
6,2021-08-10,clinch_lower_reach_155_785,clinch_lower_reach,4,Clinch River,Lower Reach,155.785,49.922850000000004,2940.2976375322164,7.31,346.2457492255931,0.8958765659481007,0.1385406675120432,52.76429030749797,58.89683056019871,0.8940044992170028,0.5858516308084041,12.0,1.0,0.25,0.4050480707829414,0.15,usgs-hecras-geometry-openlimno-builtin-1d,0.060000000000000005,8.02300850165915e-05
6,2021-08-10,clinch_lower_reach_106_063,clinch_lower_reach,4,Clinch River,Lower Reach,106.0629,49.394099999999995,2589.325688604066,7.31,346.04789728812625,0.9608896765042361,0.14512166289025322,50.37152864991709,52.421760667854386,0.9584563172368863,0.5873285498843753,12.0,1.0,0.25,0.40556499245953137,0.15,usgs-hecras-geometry-openlimno-builtin-1d,0.060000000000000005,8.02300850165915e-05
6,2021-08-10,clinch_lower_reach_56_997,clinch_lower_reach,4,Clinch River,Lower Reach,56.9968,46.54562,2471.7741542221274,7.31,345.97829710767576,0.9547217600990899,0.14418184832452016,50.699863297263825,53.10433407530349,0.9491563069655067,0.5865955343622262,12.0,1.0,0.25,0.4053084370267792,0.15,usgs-hecras-geometry-openlimno-builtin-1d,0.060000000000000005,8.02300850165915e-05
6,2021-08-10,clinch_lower_reach_12_972,clinch_lower_reach,4,Clinch River,Lower Reach,12.97166,44.02514,2971.6892818977963,7.31,346.37046450168265,0.8254028851165501,0.13120450351604238,55.714550980380075,67.49982582446748,0.8239427602091787,0.5825184081439254,12.0,1.0,0.25,0.40388144285037386,0.15,usgs-hecras-geometry-openlimno-builtin-1d,0.060000000000000005,8.02300850165915e-05
7,2021-09-08,clinch_upper_reach_4893_771,clinch_upper_reach,1,Clinch River,Upper Reach,4893.771,45.30899999999929,2724.985516200206,14.32,348.8597158545472,1.3261862994126907,0.17953898260743778,79.75983706731088,60.142256862880416,1.3189006349535963,0.5705045082528799,12.0,1.0,0.25,0.39967657788850797,0.15,usgs-hecras-geometry-openlimno-builtin-1d,0.060000000000000005,8.02300850165915e-05
7,2021-09-08,clinch_upper_reach_4848_462,clinch_upper_reach,1,Clinch River,Upper Reach,4848.462,47.2199999999998,2740.794307617829,14.32,348.76818768653663,1.3547763667858677,0.1821062893013991,78.63539504832457,58.043081482800524,1.3472850194116028,0.5675285800840242,12.0,1.0,0.25,0.39863500302940846,0.15,usgs-hecras-geometry-openlimno-builtin-1d,0.060000000000000005,8.02300850165915e-05
7,2021-09-08,clinch_upper_reach_4799_331,clinch_upper_reach,1,Clinch River,Upper Reach,4799.331,49.625,3358.3130242461893,14.32,348.9103232329198,1.2347780459988167,0.1713694744093975,83.56213992808235,67.67381409060332,1.2299125504977235,0.5786689843638863,12.0,1.0,0.25,0.4025341445273602,0.15,usgs-hecras-geometry-openlimno-builtin-1d,0.060000000000000005,8.02300850165915e-05
7,2021-09-08,clinch_upper_reach_4749_212,clinch_upper_reach,1,Clinch River,Upper Reach,4749.212,36.8090000000002,2765.183437292931,14.32,349.28584961738244,1.159565039544446,0.16439097717586035,87.10940372768093,75.1224819281403,1.1555557477573857,0.583367157233724,12.0,1.0,0.25,0.4041785050318034,0.15,usgs-hecras-geometry-openlimno-builtin-1d,0.060000000000000005,8.02300850165915e-05
7,2021-09-08,clinch_upper_reach_4725_713,clinch_upper_reach,1,Clinch River,Upper Reach,4725.713,25.39850000000024,2151.7521567419712,14.32,349.33037503903387,1.0785942261333445,0.1567114570177517,91.37813069007382,84.71965496946477,1.0755356503525382,0.5865290479346944,12.0,1.0,0.25,0.40528516677714305,0.15,usgs-hecras-geometry-openlimno-builtin-1d,0.060000000000000005,8.02300850165915e-05
7,2021-09-08,clinch_upper_reach_4698_415,clinch_upper_reach,1,Clinch River,Upper Reach,4698.415,27.297999999999774,2445.98497702856,14.32,349.38268716452586,1.0426694389377964,0.15327573864703098,93.42639693928746,89.60308363354753,1.0403610003283705,0.5873484928437893,12.0,1.0,0.25,0.4055719724953263,0.15,usgs-hecras-geometry-openlimno-builtin-1d,0.060000000000000005,8.02300850165915e-05
7,2021-09-08,clinch_main_stem_4648_18,clinch_main_stem,2,Clinch River,Main Stem,4648.18,48.152000000000044,3157.7816937780376,10.74,349.3326740640226,1.0591553684586519,0.15462397621352778,69.45882691031443,65.57945036089954,1.0541208555035444,0.5865798072931552,12.0,1.0,0.25,0.4053029325526043,0.15,usgs-hecras-geometry-openlimno-builtin-1d,0.060000000000000005,8.02300850165915e-05
7,2021-09-08,clinch_main_stem_4600_028,clinch_main_stem,2,Clinch River,Main Stem,4600.028,49.878000000000156,3229.7830596237554,10.74,349.2565341588281,1.0668412922174402,0.15546768909992228,69.08187844161742,64.75366012317545,1.0627575047747062,0.5866071181477421,12.0,1.0,0.25,0.40531249135170977,0.15,usgs-hecras-geometry-openlimno-builtin-1d,0.060000000000000005,8.02300850165915e-05
7,2021-09-08,clinch_main_stem_4548_424,clinch_main_stem,2,Clinch River,Main Stem,4548.424,50.79800000000023,3920.0916464674974,10.74,349.403569800427,0.9615706190869974,0.14473497478759992,74.20459371178985,77.17019659174534,0.9546230458947453,0.586415770459776,12.0,1.0,0.25,0.4052455196609216,0.15,usgs-hecras-geometry-openlimno-builtin-1d,0.060000000000000005,8.02300850165915e-05
7,2021-09-08,clinch_main_stem_4498_432,clinch_main_stem,2,Clinch River,Main Stem,4498.432,50.32699999999977,2887.630902394231,10.74,349.00578370301537,1.147742363989475,0.16308695770595644,65.85443833812924,57.377370047772445,1.1418352329475532,0.5836056000054243,12.0,1.0,0.25,0.4042619600018985,0.15,usgs-hecras-geometry-openlimno-builtin-1d,0.060000000000000005,8.02300850165915e-05
7,2021-09-08,clinch_main_stem_4447_77,clinch_main_stem,2,Clinch River,Main Stem,4447.77,46.873999999999796,2733.106156211264,10.74,348.87373971066756,1.1356174430814916,0.1621988392733557,66.21502378262859,58.307508559356485,1.1325191267227481,0.5846178398072044,12.0,1.0,0.25,0.40461624393252155,0.15,usgs-hecras-geometry-openlimno-builtin-1d,0.060000000000000005,8.02300850165915e-05
7,2021-09-08,clinch_main_stem_4404_684,clinch_main_stem,2,Clinch River,Main Stem,4404.684,45.24200000000019,2641.9150983428635,10.74,348.7900246848316,1.1358182728965083,0.1619266639946731,66.32632165109827,58.395188062924994,1.1296694419842355,0.5840841375794967,12.0,1.0,0.25,0.4044294481528239,0.15,usgs-hecras-geometry-openlimno-builtin-1d,0.060000000000000005,8.02300850165915e-05
7,2021-09-08,clinch_main_stem_4357_286,clinch_main_stem,2,Clinch River,Main Stem,4357.286,50.25600000000031,3249.8600294598705,10.74,348.5505121483944,1.0674808995748577,0.1555848949741763,69.0298373873801,64.66611010545707,1.0639604437001466,0.5866972327496164,12.0,1.0,0.25,0.40534403146236575,0.15,usgs-hecras-geometry-openlimno-builtin-1d,0.060000000000000005,8.02300850165915e-05
7,2021-09-08,clinch_main_stem_4304_172,clinch_main_stem,2,Clinch River,Main Stem,4304.172,53.11400000000049,2620.1127012541756,10.74,348.5463919857387,1.2573320325686195,0.1731583098514153,62.024167417756864,49.32998270237887,1.2492171663069191,0.5764734821253148,12.0,1.0,0.25,0.4017657187438602,0.15,usgs-hecras-geometry-openlimno-builtin-1d,0.060000000000000005,8.02300850165915e-05
7,2021-09-08,clinch_middle_reach_4279_376,clinch_middle_reach,3,Clinch River,Middle Reach,4279.376,23.74200000000019,1655.2194331750734,14.32,348.2693892190476,1.2135813327354419,0.16925279706620225,84.60716896985056,69.71693341652178,1.2071988437879386,0.5798814385979506,12.0,1.0,0.25,0.40295850350928275,0.15,usgs-hecras-geometry-openlimno-builtin-1d,0.060000000000000005,8.02300850165915e-05
7,2021-09-08,clinch_middle_reach_4255_634,clinch_middle_reach,3,Clinch River,Middle Reach,4255.634,37.95600000000013,2230.4253865459236,14.32,348.17801568280873,1.3458245634093662,0.18107033529219702,79.08529012712941,58.76344679486552,1.3358118444770668,0.5681194790992662,12.0,1.0,0.25,0.39884181768474314,0.15,usgs-hecras-geometry-openlimno-builtin-1d,0.060000000000000005,8.02300850165915e-05
7,2021-09-08,clinch_middle_reach_4203_464,clinch_middle_reach,3,Clinch River,Middle Reach,4203.464,50.35699999999997,2725.045078400539,14.32,348.1284255063505,1.4139021598777048,0.18715861317199395,76.51264217714784,54.11452386759617,1.4037465660297115,0.5602985491087906,12.0,1.0,0.25,0.39610449218807675,0.15,usgs-hecras-geometry-openlimno-builtin-1d,0.060000000000000005,8.02300850165915e-05
7,2021-09-08,clinch_middle_reach_4154_92,clinch_middle_reach,3,Clinch River,Middle Reach,4154.92,50.82049999999981,2548.9051134113265,14.32,347.7532061312494,1.4829222709375107,0.19253509137226904,74.37605216761291,50.155057770217454,1.4646661794661822,0.5499359787207053,12.0,1.0,0.25,0.3924775925522469,0.15,usgs-hecras-geometry-openlimno-builtin-1d,0.060000000000000005,8.02300850165915e-05
7,2021-09-08,clinch_middle_reach_4101_823,clinch_middle_reach,3,Clinch River,Middle Reach,4101.823,50.264000000000124,2706.751746075054,14.32,348.2103163153423,1.4174582080383273,0.18760368983766354,76.33112127160891,53.85070320855975,1.4087567472491962,0.5600452747493639,12.0,1.0,0.25,0.39601584616227736,0.15,usgs-hecras-geometry-openlimno-builtin-1d,0.060000000000000005,8.02300850165915e-05
7,2021-09-08,clinch_middle_reach_4054_392,clinch_middle_reach,3,Clinch River,Middle Reach,4054.392,49.40950000000021,1941.3244408359503,14.32,346.92609027996565,1.7226537774032409,0.21157159200796105,67.68394501404123,39.29050973670938,1.6871742052140235,0.503983173489066,12.0,1.0,0.25,0.3763941107211731,0.15,usgs-hecras-geometry-openlimno-builtin-1d,0.060000000000000005,8.02300850165915e-05
7,2021-09-08,clinch_middle_reach_4003_004,clinch_middle_reach,3,Clinch River,Middle Reach,4003.004,49.666999999999916,2272.2255315435423,14.32,346.54739916710054,1.5679218655256266,0.1996342692147776,71.73117148836683,45.749200304901564,1.5464168635465223,0.5360728602972561,12.0,1.0,0.25,0.3876255011040396,0.15,usgs-hecras-geometry-openlimno-builtin-1d,0.060000000000000005,8.02300850165915e-05
7,2021-09-08,clinch_middle_reach_3955_058,clinch_middle_reach,3,Clinch River,Middle Reach,3955.058,48.64449999999988,2409.214764896107,14.32,347.4525628527844,1.4930488822600938,0.19365433310201996,73.94618943257011,49.52697149515594,1.4774567104071847,0.5487795475159607,12.0,1.0,0.25,0.39207284163058626,0.15,usgs-hecras-geometry-openlimno-builtin-1d,0.060000000000000005,8.02300850165915e-05
7,2021-09-08,clinch_middle_reach_3905_715,clinch_middle_reach,3,Clinch River,Middle Reach,3905.715,42.64249999999993,2358.6291557416225,14.32,347.8427022910346,1.395755194490243,0.18548840236651418,77.20159221439906,55.311699730119635,1.384997617705207,0.5624334947152844,12.0,1.0,0.25,0.39685172315034956,0.15,usgs-hecras-geometry-openlimno-builtin-1d,0.060000000000000005,8.02300850165915e-05
7,2021-09-08,clinch_middle_reach_3869_773,clinch_middle_reach,3,Clinch River,Middle Reach,3869.773,35.94200000000001,1118.7168959502433,14.32,345.09879696237516,2.0044285341846875,0.22952737189600822,62.389073171142094,31.125616157983504,1.9064505724981822,0.41913169323094945,12.0,1.0,0.25,0.34669609263083234,0.15,usgs-hecras-geometry-openlimno-builtin-1d,0.060000000000000005,8.02300850165915e-05
7,2021-09-08,clinch_lower_reach_3803_314,clinch_lower_reach,4,Clinch River,Lower Reach,3803.314,50.7529999999997,2910.2532933171365,15.16,346.0595265767238,1.4183335691954133,0.1864025067264947,81.32937837710529,57.34150283366803,1.3952484836717944,0.558023724802341,12.0,1.0,0.25,0.3953083036808194,0.15,usgs-hecras-geometry-openlimno-builtin-1d,0.060000000000000005,8.02300850165915e-05
7,2021-09-08,clinch_lower_reach_3752_561,clinch_lower_reach,4,Clinch River,Lower Reach,3752.561,49.906499999999824,2876.1419108402956,15.16,347.01138813524017,1.4080650132820927,0.18681996934621556,81.14764204840128,57.630607452742744,1.3999409940001788,0.5612936804809038,12.0,1.0,0.25,0.3964527881683163,0.15,usgs-hecras-geometry-openlimno-builtin-1d,0.060000000000000005,8.02300850165915e-05
7,2021-09-08,clinch_lower_reach_3703_501,clinch_lower_reach,4,Clinch River,Lower Reach,3703.501,54.43600000000015,4078.480202903404,15.16,347.71866609572385,1.2018451203539793,0.168359855224838,90.04521879491054,74.92248149943774,1.1976550201848708,0.5809819508179654,12.0,1.0,0.25,0.4033436827862879,0.15,usgs-hecras-geometry-openlimno-builtin-1d,0.060000000000000005,8.02300850165915e-05
7,2021-09-08,clinch_lower_reach_3643_689,clinch_lower_reach,4,Clinch River,Lower Reach,3643.689,49.82600000000002,2450.3204631716408,15.16,346.61752930183746,1.5540425921142693,0.19836699783108766,76.4240028117427,49.17754712743627,1.5317199573209666,0.5383325192474777,12.0,1.0,0.25,0.3884163817366172,0.15,usgs-hecras-geometry-openlimno-builtin-1d,0.060000000000000005,8.02300850165915e-05
7,2021-09-08,clinch_lower_reach_3603_849,clinch_lower_reach,4,Clinch River,Lower Reach,3603.849,44.821500000000015,2101.4317855242766,15.16,346.96876563029855,1.5963196861798434,0.2025584762768687,74.84258510751448,46.884459144033016,1.580518447517436,0.5316951944318767,12.0,1.0,0.25,0.3860933180511569,0.15,usgs-hecras-geometry-openlimno-builtin-1d,0.060000000000000005,8.02300850165915e-05
7,2021-09-08,clinch_lower_reach_3554_046,clinch_lower_reach,4,Clinch River,Lower Reach,3554.046,49.03600000000006,3228.913950677776,15.16,347.759825428796,1.2987624831839997,0.17726705571712514,85.52068481462032,65.84782508111942,1.2939455820252255,0.5734671868540838,12.0,1.0,0.25,0.4007135153989293,0.15,usgs-hecras-geometry-openlimno-builtin-1d,0.060000000000000005,8.02300850165915e-05
7,2021-09-08,clinch_lower_reach_3505_777,clinch_lower_reach,4,Clinch River,Lower Reach,3505.777,49.60149999999999,4085.4013821336835,15.16,347.54585730925965,1.135586026426973,0.1620836619715241,93.53194403186303,82.36447248840629,1.1313127433874965,0.5844169629088908,12.0,1.0,0.25,0.4045459370181118,0.15,usgs-hecras-geometry-openlimno-builtin-1d,0.060000000000000005,8.02300850165915e-05
7,2021-09-08,clinch_lower_reach_3454_843,clinch_lower_reach,4,Clinch River,Lower Reach,3454.843,51.30250000000001,3633.147689843944,15.16,347.752296373063,1.2461552512350142,0.17178392672529041,88.25039856169565,70.81814121814617,1.2343767273956066,0.5767575113899807,12.0,1.0,0.25,0.40186512898649324,0.15,usgs-hecras-geometry-openlimno-builtin-1d,0.060000000000000005,8.02300850165915e-05
7,2021-09-08,clinch_lower_reach_3403_172,clinch_lower_reach,4,Clinch River,Lower Reach,3403.172,49.798,1817.7708346523232,15.16,346.7487148046741,1.8646295920722329,0.22273034963021981,68.06436583594851,36.50288836202906,1.8223971674906576,0.46750181896691034,12.0,1.0,0.25,0.3636256366384186,0.15,usgs-hecras-geometry-openlimno-builtin-1d,0.060000000000000005,8.02300850165915e-05
7,2021-09-08,clinch_lower_reach_3355_247,clinch_lower_reach,4,Clinch River,Lower Reach,3355.247,50.37799999999993,1655.9507232393098,15.16,346.08612674367816,1.9890282978773466,0.23187383893866179,65.38038128574874,32.87051338360618,1.9357602447883777,0.42776417954009344,12.0,1.0,0.25,0.3497174628390327,0.15,usgs-hecras-geometry-openlimno-builtin-1d,0.060000000000000005,8.02300850165915e-05
7,2021-09-08,clinch_lower_reach_3302_416,clinch_lower_reach,4,Clinch River,Lower Reach,3302.416,51.749000000000024,1566.4682033363242,15.16,344.9712407673433,2.0986828197598975,0.23863424782862877,63.52818230385314,30.270501909917556,2.0210315684951414,0.38458325927723147,12.0,1.0,0.25,0.33460414074703104,0.15,usgs-hecras-geometry-openlimno-builtin-1d,0.060000000000000005,8.02300850165915e-05
7,2021-09-08,clinch_lower_reach_3251_749,clinch_lower_reach,4,Clinch River,Lower Reach,3251.749,50.45950000000016,1606.5991085763449,15.16,344.9346553833156,2.0270857291490816,0.23488890658840017,64.54114934667871,31.839378285086845,1.9736353928428203,0.4141928299367342,12.0,1.0,0.25,0.34496749047785696,0.15,usgs-hecras-geometry-openlimno-builtin-1d,0.060000000000000005,8.02300850165915e-05
7,2021-09-08,clinch_lower_reach_3201_497,clinch_lower_reach,4,Clinch River,Lower Reach,3201.497,49.927999999999884,2097.094382117906,15.16,346.13406027181907,1.7082255508345052,0.21129060200389171,71.7495234346522,42.00237105667984,1.6838143525048033,0.508300977958716,12.0,1.0,0.25,0.3779053422855506,0.15,usgs-hecras-geometry-openlimno-builtin-1d,0.060000000000000005,8.02300850165915e-05
7,2021-09-08,clinch_lower_reach_3151_893,clinch_lower_reach,4,Clinch River,Lower Reach,3151.893,48.56549999999993,1876.587508934208,15.16,345.9477036315008,1.79799615044063,0.21820740614851167,69.47518540998615,38.64034157857349,1.7671693212395343,0.48638996242726107,12.0,1.0,0.25,0.37023648684954136,0.15,usgs-hecras-geometry-openlimno-builtin-1d,0.060000000000000005,8.02300850165915e-05
7,2021-09-08,clinch_lower_reach_3104_366,clinch_lower_reach,4,Clinch River,Lower Reach,3104.366,50.80799999999999,2150.363831238254,15.16,346.3110862068907,1.7016082736732623,0.21050371551681551,72.01773119671603,42.32333158632999,1.6744200597425065,0.5094692898162642,12.0,1.0,0.25,0.3783142514356924,0.15,usgs-hecras-geometry-openlimno-builtin-1d,0.060000000000000005,8.02300850165915e-05
7,2021-09-08,clinch_lower_reach_3050_277,clinch_lower_reach,4,Clinch River,Lower Reach,3050.277,51.47399999999993,2675.4785269754548,15.16,347.1302278900756,1.4995205628875965,0.1945060991800742,77.9410006365139,51.9772803157994,1.4872145733862638,0.5482148673010424,12.0,1.0,0.25,0.39187520355536487,0.15,usgs-hecras-geometry-openlimno-builtin-1d,0.060000000000000005,8.02300850165915e-05
7,2021-09-08,clinch_lower_reach_3001_418,clinch_lower_reach,4,Clinch River,Lower Reach,3001.418,49.3900000000001,3374.419773962022,15.16,347.4090907072122,1.2703930667443808,0.17466303615935547,86.79569720847307,68.32192293909729,1.2655377729123871,0.5759221314871578,12.0,1.0,0.25,0.4015727460205052,0.15,usgs-hecras-geometry-openlimno-builtin-1d,0.060000000000000005,8.02300850165915e-05
7,2021-09-08,clinch_lower_reach_2951_497,clinch_lower_reach,4,Clinch River,Lower Reach,2951.497,50.794000000000096,3194.0498514870137,15.16,347.3176778458917,1.3364797853454986,0.18038795347411438,84.04108870926049,62.88242413448454,1.3282665430155456,0.5693388841587375,12.0,1.0,0.25,0.3992686094555581,0.15,usgs-hecras-geometry-openlimno-builtin-1d,0.060000000000000005,8.02300850165915e-05
7,2021-09-08,clinch_lower_reach_2899_83,clinch_lower_reach,4,Clinch River,Lower Reach,2899.83,49.859500000000025,3024.500175321464,15.16,347.26096393087863,1.3663300431266092,0.18291018478774781,82.8822081044417,60.660459397335764,1.3562198465078623,0.565903495736272,12.0,1.0,0.25,0.39806622350769516,0.15,usgs-hecras-geometry-openlimno-builtin-1d,0.060000000000000005,8.02300850165915e-05
7,2021-09-08,clinch_lower_reach_2851_778,clinch_lower_reach,4,Clinch River,Lower Reach,2851.778,49.67899999999986,3243.4270968771566,15.16,347.35032783986634,1.3062318486996518,0.17776556491439838,85.28085856954456,65.28768890028313,1.2994075826609313,0.5724847552963109,12.0,1.0,0.25,0.4003696643537088,0.15,usgs-hecras-geometry-openlimno-builtin-1d,0.060000000000000005,8.02300850165915e-05
7,2021-09-08,clinch_lower_reach_2800_472,clinch_lower_reach,4,Clinch River,Lower Reach,2800.472,47.763499999999794,3124.3664299542556,15.16,347.4630633587663,1.3043893158332542,0.17767492834924747,85.3243625358367,65.41326389302017,1.298412519438184,0.5727803121049235,12.0,1.0,0.25,0.40047310923672325,0.15,usgs-hecras-geometry-openlimno-builtin-1d,0.060000000000000005,8.02300850165915e-05
7,2021-09-08,clinch_lower_reach_2756_251,clinch_lower_reach,4,Clinch River,Lower Reach,2756.251,48.878000000000156,3166.8559695420504,15.16,347.37098540912467,1.3115669194501918,0.17839959421363188,84.97777176469381,64.79103010642908,1.306363083207472,0.5722218152952872,12.0,1.0,0.25,0.4002776353533505,0.15,usgs-hecras-geometry-openlimno-builtin-1d,0.060000000000000005,8.02300850165915e-05
7,2021-09-08,clinch_lower_reach_2702_716,clinch_lower_reach,4,Clinch River,Lower Reach,2702.716,52.79500000000007,3484.379805345953,15.16,347.3328074716534,1.2975220494866087,0.1770319938621971,85.63423858740838,65.99829160613596,1.2913725856878953,0.5733826596350946,12.0,1.0,0.25,0.4006839308722831,0.15,usgs-hecras-geometry-openlimno-builtin-1d,0.060000000000000005,8.02300850165915e-05
7,2021-09-08,clinch_lower_reach_2650_661,clinch_lower_reach,4,Clinch River,Lower Reach,2650.661,50.19249999999988,3218.808716931777,15.16,347.396555483254,1.320534874251933,0.17901646836578813,84.68494624205887,64.1292766236347,1.3131483429800614,0.5710434550904068,12.0,1.0,0.25,0.3998652092816424,0.15,usgs-hecras-geometry-openlimno-builtin-1d,0.060000000000000005,8.02300850165915e-05
7,2021-09-08,clinch_lower_reach_2602_331,clinch_lower_reach,4,Clinch River,Lower Reach,2602.331,48.43250000000012,2797.842983218331,15.16,347.3231565152705,1.4063623866731827,0.18660166213347015,81.2425775133586,57.76788278982758,1.3974851393091343,0.5614028160615155,12.0,1.0,0.25,0.3964909856215304,0.15,usgs-hecras-geometry-openlimno-builtin-1d,0.060000000000000005,8.02300850165915e-05
7,2021-09-08,clinch_lower_reach_2553_796,clinch_lower_reach,4,Clinch River,Lower Reach,2553.796,50.061500000000024,2553.8503810690127,15.16,346.990331437076,1.5155942376554334,0.1960761017255581,77.31691861774671,51.01426008148001,1.5052579601449017,0.5459835012381283,12.0,1.0,0.25,0.39109422543334493,0.15,usgs-hecras-geometry-openlimno-builtin-1d,0.060000000000000005,8.02300850165915e-05
7,2021-09-08,clinch_lower_reach_2502_208,clinch_lower_reach,4,Clinch River,Lower Reach,2502.208,51.94899999999984,2847.055951683211,15.16,346.2223389521352,1.4587260151922963,0.18962983307414574,79.94522673060837,54.80482688181139,1.4316411275769745,0.5522248603666847,12.0,1.0,0.25,0.3932787011283396,0.15,usgs-hecras-geometry-openlimno-builtin-1d,0.060000000000000005,8.02300850165915e-05
7,2021-09-08,clinch_lower_reach_2449_898,clinch_lower_reach,4,Clinch River,Lower Reach,2449.898,51.12049999999999,2763.382088838385,15.16,345.7198497028431,1.46884771175027,0.19093106052719924,79.40038649625774,54.056241406840414,1.4464011862789026,0.5514165681219007,12.0,1.0,0.25,0.3929957988426652,0.15,usgs-hecras-geometry-openlimno-builtin-1d,0.060000000000000005,8.02300850165915e-05
7,2021-09-08,clinch_lower_reach_2399_967,clinch_lower_reach,4,Clinch River,Lower Reach,2399.967,50.17000000000007,2830.975053764202,15.16,346.64093524683665,1.4274990300505546,0.18820512178310855,80.55041146792325,56.42764707522819,1.415536569485611,0.558334776840799,12.0,1.0,0.25,0.39541717189427966,0.15,usgs-hecras-geometry-openlimno-builtin-1d,0.060000000000000005,8.02300850165915e-05
7,2021-09-08,clinch_lower_reach_2349_558,clinch_lower_reach,4,Clinch River,Lower Reach,2349.558,49.50649999999996,2970.863598335331,15.16,347.04689454063464,1.3747290156619136,0.18376449837911965,82.4968921294243,60.00956638694583,1.3657300537427177,0.5651184424695884,12.0,1.0,0.25,0.39779145486435596,0.15,usgs-hecras-geometry-openlimno-builtin-1d,0.060000000000000005,8.02300850165915e-05
7,2021-09-08,clinch_lower_reach_2300_954,clinch_lower_reach,4,Clinch River,Lower Reach,2300.954,49.94699999999989,2960.772032605691,15.16,346.71615651402465,1.3888108709727527,0.18414525486647856,82.32631359951321,59.278275624275686,1.3699775047899663,0.5621527916754883,12.0,1.0,0.25,0.3967534770864209,0.15,usgs-hecras-geometry-openlimno-builtin-1d,0.060000000000000005,8.02300850165915e-05
7,2021-09-08,clinch_lower_reach_2249_664,clinch_lower_reach,4,Clinch River,Lower Reach,2249.664,51.33600000000001,2931.05551245877,15.16,346.21556770088506,1.4186711814255868,0.18716103454574676,80.99976598651747,57.095518008001584,1.403768658279153,0.5590706855641508,12.0,1.0,0.25,0.39567473994745284,0.15,usgs-hecras-geometry-openlimno-builtin-1d,0.060000000000000005,8.02300850165915e-05
7,2021-09-08,clinch_lower_reach_2198_282,clinch_lower_reach,4,Clinch River,Lower Reach,2198.282,49.81050000000005,2705.954518851099,15.16,345.918367702568,1.4598158526330052,0.19116198619421415,79.30447000376921,54.32498205902563,1.4490257412986527,0.5541610482200455,12.0,1.0,0.25,0.39395636687701596,0.15,usgs-hecras-geometry-openlimno-builtin-1d,0.060000000000000005,8.02300850165915e-05
7,2021-09-08,clinch_lower_reach_2150_043,clinch_lower_reach,4,Clinch River,Lower Reach,2150.043,48.95600000000013,3010.697127480626,15.16,346.6335510966352,1.356745891404242,0.18169356409637663,83.43718763730456,61.49802123295649,1.3427131816428608,0.5663974260714552,12.0,1.0,0.25,0.3982390991250093,0.15,usgs-hecras-geometry-openlimno-builtin-1d,0.060000000000000005,8.02300850165915e-05
7,2021-09-08,clinch_lower_reach_2100_37,clinch_lower_reach,4,Clinch River,Lower Reach,2100.37,50.11350000000016,2800.666649444661,15.16,346.0571922558894,1.435500625881044,0.18896837605019653,80.22506366871131,55.88647070040312,1.4241561951135848,0.557374870260588,12.0,1.0,0.25,0.39508120459120577,0.15,usgs-hecras-geometry-openlimno-builtin-1d,0.060000000000000005,8.02300850165915e-05
7,2021-09-08,clinch_lower_reach_2049_816,clinch_lower_reach,4,Clinch River,Lower Reach,2049.816,50.17199999999991,3111.270736417386,15.16,346.8161075115868,1.3472917768288182,0.1814517460553739,83.5483831352805,62.012093127987555,1.3400333412527228,0.5683559162595031,12.0,1.0,0.25,0.3989245706908261,0.15,usgs-hecras-geometry-openlimno-builtin-1d,0.060000000000000005,8.02300850165915e-05
7,2021-09-08,clinch_lower_reach_2000_026,clinch_lower_reach,4,Clinch River,Lower Reach,2000.026,49.6579999999999,2838.7093462803505,15.16,346.59299052251555,1.4160434283018573,0.1872797948518352,80.94840135847919,57.16519687221306,1.4051143563284798,0.5599271386355388,12.0,1.0,0.25,0.3959744985224386,0.15,usgs-hecras-geometry-openlimno-builtin-1d,0.060000000000000005,8.02300850165915e-05
7,2021-09-08,clinch_lower_reach_1950_5,clinch_lower_reach,4,Clinch River,Lower Reach,1950.5,50.339500000000044,2754.6592686308386,15.16,346.6963881947864,1.4535399824640898,0.19059575735426582,79.54007062088833,54.7216255352325,1.4425929187927977,0.5550064726509972,12.0,1.0,0.25,0.394252265427849,0.15,usgs-hecras-geometry-openlimno-builtin-1d,0.060000000000000005,8.02300850165915e-05
7,2021-09-08,clinch_lower_reach_1899_347,clinch_lower_reach,4,Clinch River,Lower Reach,1899.347,50.96849999999995,2868.943851527189,15.16,346.53037344587483,1.42889852324866,0.18848535753139287,80.43065094579059,56.288567478485575,1.4186993577428801,0.5583856278060476,12.0,1.0,0.25,0.39543496973211667,0.15,usgs-hecras-geometry-openlimno-builtin-1d,0.060000000000000005,8.02300850165915e-05
7,2021-09-08,clinch_lower_reach_1848_563,clinch_lower_reach,4,Clinch River,Lower Reach,1848.563,50.57349999999997,3352.184124670153,15.16,346.8365143434972,1.2939181752604028,0.17676144106207917,85.76531119519308,66.28341176051005,1.28841340778519,0.573802276332138,12.0,1.0,0.25,0.4008307967162483,0.15,usgs-hecras-geometry-openlimno-builtin-1d,0.060000000000000005,8.02300850165915e-05
7,2021-09-08,clinch_lower_reach_1798_2,clinch_lower_reach,4,Clinch River,Lower Reach,1798.2,50.66450000000009,3280.2748619645713,15.16,346.593023838912,1.312930474716105,0.17834091790105663,85.00573047633831,64.74503571464369,1.3057169296965523,0.5717993934365138,12.0,1.0,0.25,0.40012978770277985,0.15,usgs-hecras-geometry-openlimno-builtin-1d,0.060000000000000005,8.02300850165915e-05
7,2021-09-08,clinch_lower_reach_1747_234,clinch_lower_reach,4,Clinch River,Lower Reach,1747.234,50.704000000000065,3488.6592297097673,15.16,346.6323919247176,1.2672437310115852,0.17386922639431376,87.19196786220816,68.80441838335759,1.256920961187493,0.5753473066564608,12.0,1.0,0.25,0.40137155732976126,0.15,usgs-hecras-geometry-openlimno-builtin-1d,0.060000000000000005,8.02300850165915e-05
7,2021-09-08,clinch_lower_reach_1696_792,clinch_lower_reach,4,Clinch River,Lower Reach,1696.792,48.03399999999999,3146.6470951096203,15.16,346.86656869392783,1.3028582664371842,0.17762444903750924,85.34861097189744,65.50874578651832,1.2978606106623498,0.5730655098009334,12.0,1.0,0.25,0.40057292843032666,0.15,usgs-hecras-geometry-openlimno-builtin-1d,0.060000000000000005,8.02300850165915e-05
7,2021-09-08,clinch_lower_reach_1651_166,clinch_lower_reach,4,Clinch River,Lower Reach,1651.166,47.878999999999905,2897.1233762423903,15.16,346.55866546259745,1.367995906164846,0.18314391106319836,82.77643472825403,60.50927079183768,1.3588182394454362,0.5658487417907141,12.0,1.0,0.25,0.3980470596267499,0.15,usgs-hecras-geometry-openlimno-builtin-1d,0.060000000000000005,8.02300850165915e-05
7,2021-09-08,clinch_lower_reach_1601_034,clinch_lower_reach,4,Clinch River,Lower Reach,1601.034,47.654499999999985,2628.863277563605,15.16,346.62211806829725,1.4467282225125162,0.1899538782999572,79.80884694578735,55.16505844282504,1.4353115797194915,0.5558715151641322,12.0,1.0,0.25,0.3945550303074463,0.15,usgs-hecras-geometry-openlimno-builtin-1d,0.060000000000000005,8.02300850165915e-05
7,2021-09-08,clinch_lower_reach_1555_857,clinch_lower_reach,4,Clinch River,Lower Reach,1555.857,47.703500000000076,2586.559293587306,15.16,346.7509893261292,1.4608198363441354,0.19139489492147388,79.20796427835703,54.221583187550216,1.4516716106045784,0.5542308709069226,12.0,1.0,0.25,0.3939808048174229,0.15,usgs-hecras-geometry-openlimno-builtin-1d,0.060000000000000005,8.02300850165915e-05
7,2021-09-08,clinch_lower_reach_1505_627,clinch_lower_reach,4,Clinch River,Lower Reach,1505.627,50.02350000000001,2799.980326755265,15.16,347.0292746839049,1.4325001172386713,0.18907043787163955,80.1817575008324,55.97329908453556,1.4253101494545632,0.5583105656019018,12.0,1.0,0.25,0.39540869796066563,0.15,usgs-hecras-geometry-openlimno-builtin-1d,0.060000000000000005,8.02300850165915e-05
7,2021-09-08,clinch_lower_reach_1455_81,clinch_lower_reach,4,Clinch River,Lower Reach,1455.81,49.34699999999998,2978.550613106248,15.16,347.2086444156032,1.3686964475671817,0.18350497052558504,82.61356603354965,60.35930478258555,1.3628425496821093,0.5662309514822418,12.0,1.0,0.25,0.3981808330187846,0.15,usgs-hecras-geometry-openlimno-builtin-1d,0.060000000000000005,8.02300850165915e-05
7,2021-09-08,clinch_lower_reach_1406_933,clinch_lower_reach,4,Clinch River,Lower Reach,1406.933,48.507999999999925,2663.779648160973,15.16,347.09688753181706,1.4503263362128231,0.19034809746314874,79.64355936331313,54.914233696729966,1.4397820332565288,0.5554967652047952,12.0,1.0,0.25,0.3944238678216783,0.15,usgs-hecras-geometry-openlimno-builtin-1d,0.060000000000000005,8.02300850165915e-05
7,2021-09-08,clinch_lower_reach_1358_794,clinch_lower_reach,4,Clinch River,Lower Reach,1358.794,50.120000000000005,2761.2399116522174,15.16,347.09172033603363,1.4470835537830344,0.19015708605606615,79.72356073825304,55.092576050523085,1.4376161341914062,0.5560749418579821,12.0,1.0,0.25,0.3946262296502937,0.15,usgs-hecras-geometry-openlimno-builtin-1d,0.060000000000000005,8.02300850165915e-05
7,2021-09-08,clinch_lower_reach_1306_693,clinch_lower_reach,4,Clinch River,Lower Reach,1306.693,50.790500000000065,2650.473755649791,15.16,346.9986217804996,1.4960992110321714,0.19417700011104888,78.07309821106553,52.184439130345,1.4834421590697833,0.5486866644722754,12.0,1.0,0.25,0.3920403325652964,0.15,usgs-hecras-geometry-openlimno-builtin-1d,0.060000000000000005,8.02300850165915e-05
7,2021-09-08,clinch_lower_reach_1257_213,clinch_lower_reach,4,Clinch River,Lower Reach,1257.213,50.10649999999998,2963.480217030511,15.16,346.58785394634003,1.3861935036550965,0.1849129714275086,81.98451348743359,59.14362841209248,1.378558621964779,0.5639864573450051,12.0,1.0,0.25,0.39739526007075177,0.15,usgs-hecras-geometry-openlimno-builtin-1d,0.060000000000000005,8.02300850165915e-05
7,2021-09-08,clinch_lower_reach_1206_48,clinch_lower_reach,4,Clinch River,Lower Reach,1206.48,50.096000000000004,3221.1995788145327,15.16,346.5746269918916,1.3183019238233196,0.1788420881740348,84.76751840007316,64.30053454995473,1.3112275884704556,0.5713052880027345,12.0,1.0,0.25,0.3999568508009571,0.15,usgs-hecras-geometry-openlimno-builtin-1d,0.060000000000000005,8.02300850165915e-05
7,2021-09-08,clinch_lower_reach_1157_021,clinch_lower_reach,4,Clinch River,Lower Reach,1157.021,49.730500000000006,3289.9356191209595,15.16,346.4864939024529,1.297340399531716,0.17663659544067312,85.82592957126931,66.15528939224338,1.2870486592584403,0.572785239155323,12.0,1.0,0.25,0.40047483370436304,0.15,usgs-hecras-geometry-openlimno-builtin-1d,0.060000000000000005,8.02300850165915e-05
7,2021-09-08,clinch_lower_reach_1107_019,clinch_lower_reach,4,Clinch River,Lower Reach,1107.019,50.140499999999975,3054.6805943843947,15.16,346.65016267967013,1.3619102289773886,0.18271473567975174,82.97086681925467,60.9224198878032,1.3540487403650199,0.5667025418623461,12.0,1.0,0.25,0.39834588965182116,0.15,usgs-hecras-geometry-openlimno-builtin-1d,0.060000000000000005,8.02300850165915e-05
7,2021-09-08,clinch_lower_reach_1056_74,clinch_lower_reach,4,Clinch River,Lower Reach,1056.74,50.045500000000004,3360.2364529560205,15.16,346.7196380359915,1.2838539512623377,0.1758647394582218,86.20261256862914,67.14362835731525,1.2786217736376304,0.574728014241761,12.0,1.0,0.25,0.40115480498461636,0.15,usgs-hecras-geometry-openlimno-builtin-1d,0.060000000000000005,8.02300850165915e-05
7,2021-09-08,clinch_lower_reach_1006_928,clinch_lower_reach,4,Clinch River,Lower Reach,1006.928,49.81200000000001,3541.0912802462126,15.16,346.6181614704438,1.2411099642516712,0.17182477997544082,88.22941604911027,71.08912069875154,1.234817130390545,0.5779854554631962,12.0,1.0,0.25,0.40229490941211865,0.15,usgs-hecras-geometry-openlimno-builtin-1d,0.060000000000000005,8.02300850165915e-05
7,2021-09-08,clinch_lower_reach_957_116,clinch_lower_reach,4,Clinch River,Lower Reach,957.116,49.932799999999986,3431.82508756336,15.16,346.62165691772833,1.2666941576643747,0.17413585758102662,87.05846234424146,68.7288733570591,1.2598134816468665,0.5759166211032797,12.0,1.0,0.25,0.40157081738614786,0.15,usgs-hecras-geometry-openlimno-builtin-1d,0.060000000000000005,8.02300850165915e-05
7,2021-09-08,clinch_lower_reach_907_062,clinch_lower_reach,4,Clinch River,Lower Reach,907.0624,49.853549999999984,3344.2586048907315,15.16,346.54596569256205,1.284676151770054,0.17591455547190538,86.1782014531546,67.08165426315142,1.2791633518722691,0.5746150694305214,12.0,1.0,0.25,0.4011152743006825,0.15,usgs-hecras-geometry-openlimno-builtin-1d,0.060000000000000005,8.02300850165915e-05
7,2021-09-08,clinch_lower_reach_857_409,clinch_lower_reach,4,Clinch River,Lower Reach,857.4089,50.186350000000004,3476.940529118205,15.16,346.54044257204976,1.2604530027509153,0.17360446578156224,87.32494254540124,69.28060177953178,1.2540512210259358,0.5764903723823358,12.0,1.0,0.25,0.4017716303338175,0.15,usgs-hecras-geometry-openlimno-builtin-1d,0.060000000000000005,8.02300850165915e-05
7,2021-09-08,clinch_lower_reach_806_69,clinch_lower_reach,4,Clinch River,Lower Reach,806.6897,50.20685000000003,3552.1920176422636,15.16,346.4624627804173,1.2444471909743244,0.17218260335912414,88.04606100873347,70.7511428747723,1.2386764931756975,0.5778195618383752,12.0,1.0,0.25,0.40223684664343134,0.15,usgs-hecras-geometry-openlimno-builtin-1d,0.060000000000000005,8.02300850165915e-05
7,2021-09-08,clinch_lower_reach_756_995,clinch_lower_reach,4,Clinch River,Lower Reach,756.9952,49.95240000000001,3710.855995294668,15.16,346.68676975053205,1.2079619608126053,0.16893833151951962,89.73688720400538,74.28784193141205,1.2038357413302778,0.580606460462343,12.0,1.0,0.25,0.4032122611618201,0.15,usgs-hecras-geometry-openlimno-builtin-1d,0.060000000000000005,8.02300850165915e-05
7,2021-09-08,clinch_lower_reach_706_785,clinch_lower_reach,4,Clinch River,Lower Reach,706.7849,50.15224999999998,3977.5281805311083,15.16,346.8979665969455,1.1608636121131697,0.16466267239372023,92.06701057147521,79.30906750008444,1.1584167835858121,0.5835661586419768,12.0,1.0,0.25,0.40424815552469184,0.15,usgs-hecras-geometry-openlimno-builtin-1d,0.060000000000000005,8.02300850165915e-05
7,2021-09-08,clinch_lower_reach_656_691,clinch_lower_reach,4,Clinch River,Lower Reach,656.6907,50.47534999999999,3911.06062278924,15.16,347.0434349919621,1.1773972194359625,0.16617320139022493,91.23011335865003,77.48456668035467,1.1744040063846402,0.5826064960914331,12.0,1.0,0.25,0.40391227363200155,0.15,usgs-hecras-geometry-openlimno-builtin-1d,0.060000000000000005,8.02300850165915e-05
7,2021-09-08,clinch_lower_reach_605_834,clinch_lower_reach,4,Clinch River,Lower Reach,605.8342,50.57945000000001,3795.6422232562286,15.16,346.8625648893831,1.2005274007865891,0.1682735890907326,90.09138083948382,75.04316917752621,1.1967299629881416,0.5811278053659338,12.0,1.0,0.25,0.40339473187807684,0.15,usgs-hecras-geometry-openlimno-builtin-1d,0.060000000000000005,8.02300850165915e-05
7,2021-09-08,clinch_lower_reach_555_532,clinch_lower_reach,4,Clinch River,Lower Reach,555.5318,49.75550000000001,3589.4103195252546,15.16,346.7071708399519,1.2300626075303474,0.1708401611653688,88.73791675556615,72.14097576198117,1.2242178320016595,0.5788502901247603,12.0,1.0,0.25,0.4025976015436661,0.15,usgs-hecras-geometry-openlimno-builtin-1d,0.060000000000000005,8.02300850165915e-05
7,2021-09-08,clinch_lower_reach_506_323,clinch_lower_reach,4,Clinch River,Lower Reach,506.3232,50.0881,3499.2930436342285,15.16,346.7184362494274,1.2540806698602858,0.17303261528845465,87.61354022608667,69.8627626848339,1.2478598240265748,0.5770176019377294,12.0,1.0,0.25,0.4019561606782053,0.15,usgs-hecras-geometry-openlimno-builtin-1d,0.060000000000000005,8.02300850165915e-05
7,2021-09-08,clinch_lower_reach_455_356,clinch_lower_reach,4,Clinch River,Lower Reach,455.3556,49.9751,3570.455110250951,15.16,346.7100769720007,1.2366840335920983,0.17158153234258977,88.35449708964397,71.44468165648395,1.2321912908731756,0.5785906046574557,12.0,1.0,0.25,0.40250671163010954,0.15,usgs-hecras-geometry-openlimno-builtin-1d,0.060000000000000005,8.02300850165915e-05
7,2021-09-08,clinch_lower_reach_406_373,clinch_lower_reach,4,Clinch River,Lower Reach,406.373,49.43424999999999,3149.4544279850124,15.16,346.6358456937762,1.324828462376689,0.1796106863510347,84.40477739933021,63.70996683443185,1.3196908868893362,0.5709483629292754,12.0,1.0,0.25,0.3998319270252464,0.15,usgs-hecras-geometry-openlimno-builtin-1d,0.060000000000000005,8.02300850165915e-05
7,2021-09-08,clinch_lower_reach_356_487,clinch_lower_reach,4,Clinch River,Lower Reach,356.4871,42.227149999999995,2665.109021736113,15.16,346.46469020340766,1.332258861421755,0.1802965328574867,84.08370233044384,63.11363712057558,1.3272570466912268,0.5702260996543104,12.0,1.0,0.25,0.39957913487900865,0.15,usgs-hecras-geometry-openlimno-builtin-1d,0.060000000000000005,8.02300850165915e-05
7,2021-09-08,clinch_lower_reach_321_919,clinch_lower_reach,4,Clinch River,Lower Reach,321.9187,50.02435,3269.126850179349,15.16,346.60421941672615,1.3050815845799066,0.17775065975826893,85.28800973575436,65.35071120722905,1.2992441996571042,0.5727364871420585,12.0,1.0,0.25,0.4004577704997205,0.15,usgs-hecras-geometry-openlimno-builtin-1d,0.060000000000000005,8.02300850165915e-05
7,2021-09-08,clinch_lower_reach_256_438,clinch_lower_reach,4,Clinch River,Lower Reach,256.4384,58.00505,3950.679767095557,15.16,346.6700475306071,1.273213812660516,0.1748202903061783,86.71762284257134,68.10923819728725,1.2672483423508072,0.5755200668595228,12.0,1.0,0.25,0.401432023400833,0.15,usgs-hecras-geometry-openlimno-builtin-1d,0.060000000000000005,8.02300850165915e-05
7,2021-09-08,clinch_lower_reach_205_909,clinch_lower_reach,4,Clinch River,Lower Reach,205.9086,50.3267,3166.205717777321,15.16,346.57258481189206,1.3352746247950087,0.18046289935519244,84.00618661324751,62.91304054860185,1.3290987975407096,0.5697519858208537,12.0,1.0,0.25,0.3994131950372988,0.15,usgs-hecras-geometry-openlimno-builtin-1d,0.060000000000000005,8.02300850165915e-05
7,2021-09-08,clinch_lower_reach_155_785,clinch_lower_reach,4,Clinch River,Lower Reach,155.785,49.922850000000004,3201.435957434761,15.16,346.7616762054716,1.319486625038516,0.17916317945123714,84.61560040647805,64.12766814063622,1.314761855512343,0.5715312084464661,12.0,1.0,0.25,0.4000359229562631,0.15,usgs-hecras-geometry-openlimno-builtin-1d,0.060000000000000005,8.02300850165915e-05
7,2021-09-08,clinch_lower_reach_106_063,clinch_lower_reach,4,Clinch River,Lower Reach,106.0629,49.394099999999995,2962.6926297404816,15.16,346.61635522743074,1.3735314421764182,0.18401324132283173,82.38537559046301,59.98069870167656,1.3685080131755953,0.5658016222926487,12.0,1.0,0.25,0.39803056780242707,0.15,usgs-hecras-geometry-openlimno-builtin-1d,0.060000000000000005,8.02300850165915e-05
7,2021-09-08,clinch_lower_reach_56_997,clinch_lower_reach,4,Clinch River,Lower Reach,56.9968,46.54562,2923.924979653073,15.16,346.5549812429974,1.3375151423281821,0.18043180256253863,84.02066478688236,62.81847743467749,1.328750894851639,0.5691546780977824,12.0,1.0,0.25,0.3992041373342239,0.15,usgs-hecras-geometry-openlimno-builtin-1d,0.060000000000000005,8.02300850165915e-05
7,2021-09-08,clinch_lower_reach_12_972,clinch_lower_reach,4,Clinch River,Lower Reach,12.97166,44.02514,3144.7621881720006,15.16,346.83834134869363,1.2367163992417287,0.1716097735737738,88.33995689343898,71.4310548057769,1.2325001023243027,0.5786308065815657,12.0,1.0,0.25,0.40252078230354804,0.15,usgs-hecras-geometry-openlimno-builtin-1d,0.060000000000000005,8.02300850165915e-05
8,2021-12-15,clinch_upper_reach_4893_771,clinch_upper_reach,1,Clinch River,Upper Reach,4893.771,45.30899999999929,2815.556286106297,18.7,349.1071075270826,1.5269831649141883,0.19707322375260675,94.88858833239972,62.1412144630502,1.5167551220589999,0.544194441255432,12.0,1.0,0.25,0.39046805443940125,0.15,usgs-hecras-geometry-openlimno-builtin-1d,0.060000000000000005,8.02300850165915e-05
8,2021-12-15,clinch_upper_reach_4848_462,clinch_upper_reach,1,Clinch River,Upper Reach,4848.462,47.2199999999998,2874.984703752158,18.7,349.02926900001665,1.5456900921788477,0.19870538085464196,94.109177716126,60.88489419212559,1.5356363309233163,0.5411649292014609,12.0,1.0,0.25,0.3894077252205113,0.15,usgs-hecras-geometry-openlimno-builtin-1d,0.060000000000000005,8.02300850165915e-05
8,2021-12-15,clinch_upper_reach_4799_331,clinch_upper_reach,1,Clinch River,Upper Reach,4799.331,49.625,3422.378886044457,18.7,349.1341976739808,1.4334423986915013,0.18916195438477096,98.85708815400936,68.96481382457344,1.426345138345707,0.5581991456639812,12.0,1.0,0.25,0.39536970098239343,0.15,usgs-hecras-geometry-openlimno-builtin-1d,0.060000000000000005,8.02300850165915e-05
8,2021-12-15,clinch_upper_reach_4749_212,clinch_upper_reach,1,Clinch River,Upper Reach,4749.212,36.8090000000002,3057.6985841134056,18.7,349.5273152874823,1.281508884788285,0.17566261026478902,106.4540710844051,83.06931957166425,1.2764180445975593,0.5749511711784312,12.0,1.0,0.25,0.4012329099124509,0.15,usgs-hecras-geometry-openlimno-builtin-1d,0.060000000000000005,8.02300850165915e-05
8,2021-12-15,clinch_upper_reach_4725_713,clinch_upper_reach,1,Clinch River,Upper Reach,4725.713,25.39850000000024,2208.780015685216,18.7,349.52849620382557,1.2463636493791235,0.17252515911885183,108.3899884255006,86.96497886431068,1.2423772964832307,0.5779524647699479,12.0,1.0,0.25,0.4022833626694817,0.15,usgs-hecras-geometry-openlimno-builtin-1d,0.060000000000000005,8.02300850165915e-05
8,2021-12-15,clinch_upper_reach_4698_415,clinch_upper_reach,1,Clinch River,Upper Reach,4698.415,27.297999999999774,2499.7996450414344,18.7,349.57254216604787,1.2080361004224753,0.16903915814668174,110.62525514811955,91.57446131736593,1.204911781488651,0.5807630314937321,12.0,1.0,0.25,0.40326706102280624,0.15,usgs-hecras-geometry-openlimno-builtin-1d,0.060000000000000005,8.02300850165915e-05
8,2021-12-15,clinch_main_stem_4648_18,clinch_main_stem,2,Clinch River,Main Stem,4648.18,48.152000000000044,3224.5437929617683,14.03,349.52567739897125,1.2282266338064116,0.17057886135851216,82.24934724187547,66.96593688656266,1.221410693000963,0.5788254019013921,12.0,1.0,0.25,0.4025888906654872,0.15,usgs-hecras-geometry-openlimno-builtin-1d,0.060000000000000005,8.02300850165915e-05
8,2021-12-15,clinch_main_stem_4600_028,clinch_main_stem,2,Clinch River,Main Stem,4600.028,49.878000000000156,3291.046654288156,14.03,349.45008447059575,1.2387426650031552,0.17165306680280443,81.73463056222413,65.98192899250462,1.2329664801543754,0.5782394923799842,12.0,1.0,0.25,0.40238382233299447,0.15,usgs-hecras-geometry-openlimno-builtin-1d,0.060000000000000005,8.02300850165915e-05
8,2021-12-15,clinch_main_stem_4548_424,clinch_main_stem,2,Clinch River,Main Stem,4548.424,50.79800000000023,3988.749413900928,14.03,349.57743651734853,1.1173944911507157,0.159904617716811,87.73980514338209,78.52178065870527,1.1085701727293698,0.5843321176351044,12.0,1.0,0.25,0.4045162411722866,0.15,usgs-hecras-geometry-openlimno-builtin-1d,0.060000000000000005,8.02300850165915e-05
8,2021-12-15,clinch_main_stem_4498_432,clinch_main_stem,2,Clinch River,Main Stem,4498.432,50.32699999999977,2976.307473045774,14.03,349.21904176253776,1.3236625195378409,0.17922708747911226,78.28057799374274,59.139377929258394,1.3154655521474574,0.5706212025337658,12.0,1.0,0.25,0.39971742088681805,0.15,usgs-hecras-geometry-openlimno-builtin-1d,0.060000000000000005,8.02300850165915e-05
8,2021-12-15,clinch_main_stem_4447_77,clinch_main_stem,2,Clinch River,Main Stem,4447.77,46.873999999999796,2806.108949209439,14.03,349.0829924708252,1.3127077524915232,0.17853242655909202,78.58516388537544,59.86493470174192,1.3078296530262925,0.5721599878621396,12.0,1.0,0.25,0.40025599575174886,0.15,usgs-hecras-geometry-openlimno-builtin-1d,0.060000000000000005,8.02300850165915e-05
8,2021-12-15,clinch_main_stem_4404_684,clinch_main_stem,2,Clinch River,Main Stem,4404.684,45.24200000000019,2760.8152533003777,14.03,349.0075153192738,1.299698091330025,0.17689666265084417,79.31184110404723,61.02328043190765,1.28989212734762,0.5726446158729455,12.0,1.0,0.25,0.4004256155555309,0.15,usgs-hecras-geometry-openlimno-builtin-1d,0.060000000000000005,8.02300850165915e-05
8,2021-12-15,clinch_main_stem_4357_286,clinch_main_stem,2,Clinch River,Main Stem,4357.286,50.25600000000031,3291.9670659703374,14.03,348.74152479643027,1.2436179597012487,0.1722277480660128,81.46190237953104,65.50396103888724,1.2391635529306724,0.5780861106865525,12.0,1.0,0.25,0.40233013874029333,0.15,usgs-hecras-geometry-openlimno-builtin-1d,0.060000000000000005,8.02300850165915e-05
8,2021-12-15,clinch_main_stem_4304_172,clinch_main_stem,2,Clinch River,Main Stem,4304.172,53.11400000000049,2713.3187885424227,14.03,348.7822949453141,1.4459592549612013,0.18993709999086714,73.8665589854463,51.08481358102191,1.4351213712826452,0.5560498330281461,12.0,1.0,0.25,0.3946174415598511,0.15,usgs-hecras-geometry-openlimno-builtin-1d,0.060000000000000005,8.02300850165915e-05
8,2021-12-15,clinch_middle_reach_4279_376,clinch_middle_reach,3,Clinch River,Middle Reach,4279.376,23.74200000000019,1685.129716010394,18.7,348.48900909572376,1.409711618762587,0.18689397063261376,100.05673236382498,70.97673810169239,1.4007705413619433,0.5609813859417025,12.0,1.0,0.25,0.3963434850795959,0.15,usgs-hecras-geometry-openlimno-builtin-1d,0.060000000000000005,8.02300850165915e-05
8,2021-12-15,clinch_middle_reach_4255_634,clinch_middle_reach,3,Clinch River,Middle Reach,4255.634,37.95600000000013,2291.423279485776,18.7,348.4261925023084,1.5549888091536237,0.19920005577062663,93.87547572543119,60.37051531999601,1.5413743191535503,0.5391918476069661,12.0,1.0,0.25,0.3887171466624382,0.15,usgs-hecras-geometry-openlimno-builtin-1d,0.060000000000000005,8.02300850165915e-05
8,2021-12-15,clinch_middle_reach_4203_464,clinch_middle_reach,3,Clinch River,Middle Reach,4203.464,50.35699999999997,2834.545586170033,18.7,348.39557767769685,1.6212746536209661,0.20490918066372266,91.25994227993449,56.28900820481829,1.6081111680132893,0.5273359735170837,12.0,1.0,0.25,0.3845675907309793,0.15,usgs-hecras-geometry-openlimno-builtin-1d,0.060000000000000005,8.02300850165915e-05
8,2021-12-15,clinch_middle_reach_4154_92,clinch_middle_reach,3,Clinch River,Middle Reach,4154.92,50.82049999999981,2602.119578305616,18.7,348.0241392377349,1.720758629684133,0.21224297940917528,88.10656565440014,51.20216405398659,1.695210535582332,0.5053971413131029,12.0,1.0,0.25,0.376888999459586,0.15,usgs-hecras-geometry-openlimno-builtin-1d,0.060000000000000005,8.02300850165915e-05
8,2021-12-15,clinch_middle_reach_4101_823,clinch_middle_reach,3,Clinch River,Middle Reach,4101.823,50.264000000000124,2785.678319111145,18.7,348.4726099655919,1.6361163311860794,0.20623079193873992,90.67511123923126,55.42094379896423,1.6236940580622972,0.52454711212411,12.0,1.0,0.25,0.3835914892434385,0.15,usgs-hecras-geometry-openlimno-builtin-1d,0.060000000000000005,8.02300850165915e-05
8,2021-12-15,clinch_middle_reach_4054_392,clinch_middle_reach,3,Clinch River,Middle Reach,4054.392,49.40950000000021,2514.4048179992237,18.7,347.3534962279881,1.7292777755076159,0.21249665861079542,88.00138374999365,50.889096590720676,1.6982518435143823,0.5029271805279959,12.0,1.0,0.25,0.37602451318479857,0.15,usgs-hecras-geometry-openlimno-builtin-1d,0.060000000000000005,8.02300850165915e-05
8,2021-12-15,clinch_middle_reach_4003_004,clinch_middle_reach,3,Clinch River,Middle Reach,4003.004,49.666999999999916,2435.3058844020593,18.7,346.8594159800824,1.7657429413765553,0.2159874603847336,86.57910031763006,49.032675305576404,1.7402704230406445,0.494901132611809,12.0,1.0,0.25,0.37321539641413315,0.15,usgs-hecras-geometry-openlimno-builtin-1d,0.060000000000000005,8.02300850165915e-05
8,2021-12-15,clinch_middle_reach_3955_058,clinch_middle_reach,3,Clinch River,Middle Reach,3955.058,48.64449999999988,2477.746604438359,18.7,347.7289598707302,1.724327329860772,0.21291131831541998,87.82999489156637,50.935801672097874,1.7032232579326108,0.505031809511702,12.0,1.0,0.25,0.37676113332909567,0.15,usgs-hecras-geometry-openlimno-builtin-1d,0.060000000000000005,8.02300850165915e-05
8,2021-12-15,clinch_middle_reach_3905_715,clinch_middle_reach,3,Clinch River,Middle Reach,3905.715,42.64249999999993,2430.6647334009367,18.7,348.10165145719554,1.6095858289672953,0.20381918704430863,91.7479863950923,57.000990406306876,1.5952948140933936,0.5294179691492319,12.0,1.0,0.25,0.38529628920223113,0.15,usgs-hecras-geometry-openlimno-builtin-1d,0.060000000000000005,8.02300850165915e-05
8,2021-12-15,clinch_middle_reach_3869_773,clinch_middle_reach,3,Clinch River,Middle Reach,3869.773,35.94200000000001,1192.4108189434926,18.7,345.49601920173234,2.2654796607184795,0.2488042365584798,75.15949189074475,33.17597292703501,2.151595380398163,0.30019209801430596,12.0,1.0,0.25,0.3050672343050071,0.15,usgs-hecras-geometry-openlimno-builtin-1d,0.060000000000000005,8.02300850165915e-05
8,2021-12-15,clinch_lower_reach_3803_314,clinch_lower_reach,4,Clinch River,Lower Reach,3803.314,50.7529999999997,2980.9750582492657,19.79,346.3189637133249,1.6413657838972826,0.20527865545217536,96.40554180563872,58.73495277617644,1.6124610758367244,0.5217423696060727,12.0,1.0,0.25,0.3826098293621254,0.15,usgs-hecras-geometry-openlimno-builtin-1d,0.060000000000000005,8.02300850165915e-05
8,2021-12-15,clinch_lower_reach_3752_561,clinch_lower_reach,4,Clinch River,Lower Reach,3752.561,49.906499999999824,2959.9947393679263,19.79,347.2716290016623,1.6247361753512246,0.2053662713347092,96.36441208861383,59.310805994568575,1.6134951851624109,0.5268829708984906,12.0,1.0,0.25,0.3844090398144717,0.15,usgs-hecras-geometry-openlimno-builtin-1d,0.060000000000000005,8.02300850165915e-05
8,2021-12-15,clinch_lower_reach_3703_501,clinch_lower_reach,4,Clinch River,Lower Reach,3703.501,54.43600000000015,4186.341048343793,19.79,347.9391409005172,1.3887323750710452,0.185301456663451,106.79894457571955,76.90390639179553,1.3829062894460156,0.5639347557243911,12.0,1.0,0.25,0.3973771645035369,0.15,usgs-hecras-geometry-openlimno-builtin-1d,0.060000000000000005,8.02300850165915e-05
8,2021-12-15,clinch_lower_reach_3643_689,clinch_lower_reach,4,Clinch River,Lower Reach,3643.689,49.82600000000002,2561.471556621254,19.79,346.91320518892695,1.7763174512740385,0.21671636003400643,91.31751750026909,51.4083321282313,1.7490872855572115,0.49215285910568884,12.0,1.0,0.25,0.3722535006869911,0.15,usgs-hecras-geometry-openlimno-builtin-1d,0.060000000000000005,8.02300850165915e-05
8,2021-12-15,clinch_lower_reach_3603_849,clinch_lower_reach,4,Clinch River,Lower Reach,3603.849,44.821500000000015,2189.1776075453067,19.79,347.2712925506078,1.8287791411599164,0.22155926920546065,89.32147172614093,48.84213173466542,1.8080432804037483,0.47924522859129454,12.0,1.0,0.25,0.3677358300069531,0.15,usgs-hecras-geometry-openlimno-builtin-1d,0.060000000000000005,8.02300850165915e-05
8,2021-12-15,clinch_lower_reach_3554_046,clinch_lower_reach,4,Clinch River,Lower Reach,3554.046,49.03600000000006,3934.830924576914,19.79,348.07573603193816,1.3536923847270523,0.1821859027250754,108.62530911551247,80.24371736228301,1.3481742752088621,0.5679212078815083,12.0,1.0,0.25,0.3987724227585279,0.15,usgs-hecras-geometry-openlimno-builtin-1d,0.060000000000000005,8.02300850165915e-05
8,2021-12-15,clinch_lower_reach_3505_777,clinch_lower_reach,4,Clinch River,Lower Reach,3505.777,49.60149999999999,4185.933744088239,19.79,347.7535482676735,1.3134933287041521,0.17853377299807804,110.84737452007494,84.39127333020654,1.3078399643491003,0.5719728274911029,12.0,1.0,0.25,0.400190489621886,0.15,usgs-hecras-geometry-openlimno-builtin-1d,0.060000000000000005,8.02300850165915e-05
8,2021-12-15,clinch_lower_reach_3454_843,clinch_lower_reach,4,Clinch River,Lower Reach,3454.843,51.30250000000001,4061.6855331829443,19.79,348.0145296695509,1.3677477796877597,0.18275615345548493,108.28636752206745,79.17129834185359,1.3545091695991995,0.5653113544347171,12.0,1.0,0.25,0.397858974052151,0.15,usgs-hecras-geometry-openlimno-builtin-1d,0.060000000000000005,8.02300850165915e-05
8,2021-12-15,clinch_lower_reach_3403_172,clinch_lower_reach,4,Clinch River,Lower Reach,3403.172,49.798,1953.1814284639165,19.79,347.12273238598954,2.09670960877181,0.24064498937801718,82.23732416432273,39.22208579589374,2.046629224969859,0.38714839455030553,12.0,1.0,0.25,0.335501938092607,0.15,usgs-hecras-geometry-openlimno-builtin-1d,0.060000000000000005,8.02300850165915e-05
8,2021-12-15,clinch_lower_reach_3355_247,clinch_lower_reach,4,Clinch River,Lower Reach,3355.247,50.37799999999993,2338.215514339791,19.79,346.64599866317144,1.8940643074762928,0.225116567601523,87.9100112925945,46.41342479534309,1.8517586593702293,0.45898353919086027,12.0,1.0,0.25,0.36064423871680107,0.15,usgs-hecras-geometry-openlimno-builtin-1d,0.060000000000000005,8.02300850165915e-05
8,2021-12-15,clinch_lower_reach_3302_416,clinch_lower_reach,4,Clinch River,Lower Reach,3302.416,51.749000000000024,1619.6968425536375,19.79,345.3690986060734,2.421056245978455,0.26116149223366475,75.7768682922581,31.29909452460215,2.313863036894133,0.17844055758483757,12.0,1.0,0.25,0.26245419515469315,0.15,usgs-hecras-geometry-openlimno-builtin-1d,0.060000000000000005,8.02300850165915e-05
8,2021-12-15,clinch_lower_reach_3251_749,clinch_lower_reach,4,Clinch River,Lower Reach,3251.749,50.45950000000016,1698.3775780647131,19.79,345.3315040646479,2.3037322605416444,0.2552245726630161,77.53955582533027,33.65823240548772,2.2354123740645293,0.2781415154122491,12.0,1.0,0.25,0.2973495303942872,0.15,usgs-hecras-geometry-openlimno-builtin-1d,0.060000000000000005,8.02300850165915e-05
8,2021-12-15,clinch_lower_reach_3201_497,clinch_lower_reach,4,Clinch River,Lower Reach,3201.497,49.927999999999884,2235.3578555141085,19.79,346.4715043450295,1.9299114407285698,0.22903693561477484,86.40527758931199,44.77162825496943,1.9003439954477246,0.44905965524465496,12.0,1.0,0.25,0.35717087933562924,0.15,usgs-hecras-geometry-openlimno-builtin-1d,0.060000000000000005,8.02300850165915e-05
8,2021-12-15,clinch_lower_reach_3151_893,clinch_lower_reach,4,Clinch River,Lower Reach,3151.893,48.56549999999993,1972.5903041629879,19.79,346.29493224664026,2.0492541816453986,0.2377611728672715,83.23478455856889,40.617110997786305,2.009951954369066,0.40683324434687496,12.0,1.0,0.25,0.3423916355214062,0.15,usgs-hecras-geometry-openlimno-builtin-1d,0.060000000000000005,8.02300850165915e-05
8,2021-12-15,clinch_lower_reach_3104_366,clinch_lower_reach,4,Clinch River,Lower Reach,3104.366,50.80799999999999,2281.1382180272803,19.79,346.6445570024581,1.9283669058596085,0.22857915536701562,86.57832324309888,44.89722520129272,1.894649847032231,0.4492179559537503,12.0,1.0,0.25,0.3572262845838126,0.15,usgs-hecras-geometry-openlimno-builtin-1d,0.060000000000000005,8.02300850165915e-05
8,2021-12-15,clinch_lower_reach_3050_277,clinch_lower_reach,4,Clinch River,Lower Reach,3050.277,51.47399999999993,2803.5351347047654,19.79,347.4171745761913,1.7114374057878277,0.21230816143159892,93.21356214737844,54.46507236089616,1.695992664490471,0.5084889790128003,12.0,1.0,0.25,0.3779711426544801,0.15,usgs-hecras-geometry-openlimno-builtin-1d,0.060000000000000005,8.02300850165915e-05
8,2021-12-15,clinch_lower_reach_3001_418,clinch_lower_reach,4,Clinch River,Lower Reach,3001.418,49.3900000000001,3443.7715015846425,19.79,347.6394559584689,1.4733175114704102,0.19264340319862355,102.72866691207518,69.72608830906329,1.4659066117678106,0.5526819253160685,12.0,1.0,0.25,0.393438673860624,0.15,usgs-hecras-geometry-openlimno-builtin-1d,0.060000000000000005,8.02300850165915e-05
8,2021-12-15,clinch_lower_reach_2951_497,clinch_lower_reach,4,Clinch River,Lower Reach,2951.497,50.794000000000096,3291.895926359344,19.79,347.5650461890572,1.5406309666543085,0.1982044904230531,99.84637561822984,64.80875549000547,1.529829259045752,0.5419131708675778,12.0,1.0,0.25,0.3896696098036523,0.15,usgs-hecras-geometry-openlimno-builtin-1d,0.060000000000000005,8.02300850165915e-05
8,2021-12-15,clinch_lower_reach_2899_83,clinch_lower_reach,4,Clinch River,Lower Reach,2899.83,49.859500000000025,3116.305872433016,19.79,347.51398102098705,1.575296582484476,0.20099780017892332,98.45878901352863,62.50174735873834,1.5622818399819078,0.5357682792187961,12.0,1.0,0.25,0.38751889772657866,0.15,usgs-hecras-geometry-openlimno-builtin-1d,0.060000000000000005,8.02300850165915e-05
8,2021-12-15,clinch_lower_reach_2851_778,clinch_lower_reach,4,Clinch River,Lower Reach,2851.778,49.67899999999986,3305.546153855438,19.79,347.5870223544931,1.5161551411024456,0.19616962918568823,100.88207885262088,66.53809766411256,1.5063350898269923,0.5459580946852972,12.0,1.0,0.25,0.39108533313985405,0.15,usgs-hecras-geometry-openlimno-builtin-1d,0.060000000000000005,8.02300850165915e-05
8,2021-12-15,clinch_lower_reach_2800_472,clinch_lower_reach,4,Clinch River,Lower Reach,2800.472,47.763499999999794,3227.495426571434,19.79,347.7056655070552,1.5014360101330517,0.19506056344998177,101.45566920334788,67.5724230127911,1.4935787900230941,0.5484699032359837,12.0,1.0,0.25,0.3919644661325943,0.15,usgs-hecras-geometry-openlimno-builtin-1d,0.060000000000000005,8.02300850165915e-05
8,2021-12-15,clinch_lower_reach_2756_251,clinch_lower_reach,4,Clinch River,Lower Reach,2756.251,48.878000000000156,3272.1028250634467,19.79,347.615119487913,1.5096752625185295,0.19581625466913566,101.0641329722015,66.9442862855157,1.5022666309090356,0.5472594847319325,12.0,1.0,0.25,0.3915408196561764,0.15,usgs-hecras-geometry-openlimno-builtin-1d,0.060000000000000005,8.02300850165915e-05
8,2021-12-15,clinch_lower_reach_2702_716,clinch_lower_reach,4,Clinch River,Lower Reach,2702.716,52.79500000000007,3564.435996766487,19.79,347.56958022764275,1.5024890989303736,0.19509064195165823,101.440027066515,67.51465094737156,1.4939263939200798,0.5482228812082112,12.0,1.0,0.25,0.3918780084228739,0.15,usgs-hecras-geometry-openlimno-builtin-1d,0.060000000000000005,8.02300850165915e-05
8,2021-12-15,clinch_lower_reach_2650_661,clinch_lower_reach,4,Clinch River,Lower Reach,2650.661,50.19249999999988,3414.450916778233,19.79,347.65538372818617,1.496957899047473,0.19433640366987268,101.83372557216863,68.02711394686938,1.4852674258320497,0.5486770253900455,12.0,1.0,0.25,0.3920369588865159,0.15,usgs-hecras-geometry-openlimno-builtin-1d,0.060000000000000005,8.02300850165915e-05
8,2021-12-15,clinch_lower_reach_2602_331,clinch_lower_reach,4,Clinch River,Lower Reach,2602.331,48.43250000000012,2898.454776106847,19.79,347.58629393542276,1.6162708111676896,0.20459830094508422,96.7261209334861,59.84524391899736,1.6044560706699442,0.5284339659957717,12.0,1.0,0.25,0.3849518880985201,0.15,usgs-hecras-geometry-openlimno-builtin-1d,0.060000000000000005,8.02300850165915e-05
8,2021-12-15,clinch_lower_reach_2553_796,clinch_lower_reach,4,Clinch River,Lower Reach,2553.796,50.061500000000024,2649.9227489688187,19.79,347.2753332196944,1.740356839752093,0.2148216928492998,92.12291243735305,52.93334696261233,1.726200103117286,0.5020234418158008,12.0,1.0,0.25,0.3757082046355303,0.15,usgs-hecras-geometry-openlimno-builtin-1d,0.060000000000000005,8.02300850165915e-05
8,2021-12-15,clinch_lower_reach_2502_208,clinch_lower_reach,4,Clinch River,Lower Reach,2502.208,51.94899999999984,2949.360112789954,19.79,346.495352675687,1.6765667275570924,0.20790950313732057,95.18564424123053,56.774146043041505,1.6435598332626027,0.5141993101553483,12.0,1.0,0.25,0.3799697585543719,0.15,usgs-hecras-geometry-openlimno-builtin-1d,0.060000000000000005,8.02300850165915e-05
8,2021-12-15,clinch_lower_reach_2449_898,clinch_lower_reach,4,Clinch River,Lower Reach,2449.898,51.12049999999999,2835.3912860372916,19.79,345.98947556448866,1.698233842899241,0.2101021010519423,94.19229936737965,55.464858247421134,1.6696215402859276,0.5100575395797805,12.0,1.0,0.25,0.3785201388529232,0.15,usgs-hecras-geometry-openlimno-builtin-1d,0.060000000000000005,8.02300850165915e-05
8,2021-12-15,clinch_lower_reach_2399_967,clinch_lower_reach,4,Clinch River,Lower Reach,2399.967,50.17000000000007,2934.06315325386,19.79,346.9084723033514,1.6401447297536056,0.20631854434118246,95.91963758368662,58.48242282746374,1.6247290684834006,0.5234339949115661,12.0,1.0,0.25,0.38320189821904815,0.15,usgs-hecras-geometry-openlimno-builtin-1d,0.060000000000000005,8.02300850165915e-05
8,2021-12-15,clinch_lower_reach_2349_558,clinch_lower_reach,4,Clinch River,Lower Reach,2349.558,49.50649999999996,3095.5157699179085,19.79,347.30720920270824,1.5744439699504846,0.20102394298151322,98.44598462492574,62.52746144279864,1.5625919628660359,0.5360500792182707,12.0,1.0,0.25,0.3876175277263948,0.15,usgs-hecras-geometry-openlimno-builtin-1d,0.060000000000000005,8.02300850165915e-05
8,2021-12-15,clinch_lower_reach_2300_954,clinch_lower_reach,4,Clinch River,Lower Reach,2300.954,49.94699999999989,3066.062049774747,19.79,346.97616019070847,1.5967259074071967,0.20190352004275333,98.01711231091683,61.38631048460876,1.5728581349918271,0.5307155785005588,12.0,1.0,0.25,0.38575045247519557,0.15,usgs-hecras-geometry-openlimno-builtin-1d,0.060000000000000005,8.02300850165915e-05
8,2021-12-15,clinch_lower_reach_2249_664,clinch_lower_reach,4,Clinch River,Lower Reach,2249.664,51.33600000000001,3010.768693326831,19.79,346.4769405909064,1.6390232434506824,0.20587580794176208,96.12591298535753,58.648291517197094,1.619502998702647,0.5232129509892562,12.0,1.0,0.25,0.3831245328462397,0.15,usgs-hecras-geometry-openlimno-builtin-1d,0.060000000000000005,8.02300850165915e-05
8,2021-12-15,clinch_lower_reach_2198_282,clinch_lower_reach,4,Clinch River,Lower Reach,2198.282,49.81050000000005,2794.02761940391,19.79,346.19026090614165,1.6814075680859004,0.2098277881758183,94.31543920873635,56.09314540917894,1.6663572501760648,0.5150453582844398,12.0,1.0,0.25,0.3802658753995539,0.15,usgs-hecras-geometry-openlimno-builtin-1d,0.060000000000000005,8.02300850165915e-05
8,2021-12-15,clinch_lower_reach_2150_043,clinch_lower_reach,4,Clinch River,Lower Reach,2150.043,48.95600000000013,3094.4882966311015,19.79,346.88363397248503,1.5668087515120512,0.19982364979353887,99.03732626467067,63.20958200488384,1.5486178072146815,0.5366472223715989,12.0,1.0,0.25,0.3878265278300596,0.15,usgs-hecras-geometry-openlimno-builtin-1d,0.060000000000000005,8.02300850165915e-05
8,2021-12-15,clinch_lower_reach_2100_37,clinch_lower_reach,4,Clinch River,Lower Reach,2100.37,50.11350000000016,2857.672727644165,19.79,346.31833258540985,1.6654663751917207,0.20837814648709096,94.97157131698545,57.024010050069464,1.6491197499059713,0.5182366447402811,12.0,1.0,0.25,0.38138282565909837,0.15,usgs-hecras-geometry-openlimno-builtin-1d,0.060000000000000005,8.02300850165915e-05
8,2021-12-15,clinch_lower_reach_2049_816,clinch_lower_reach,4,Clinch River,Lower Reach,2049.816,50.17199999999991,3198.987476210021,19.79,347.06471012048655,1.5555430719609933,0.1995320327584674,99.18206979806446,63.76041370106886,1.5452272479529017,0.5394826789930321,12.0,1.0,0.25,0.38881893764756126,0.15,usgs-hecras-geometry-openlimno-builtin-1d,0.060000000000000005,8.02300850165915e-05
8,2021-12-15,clinch_lower_reach_2000_026,clinch_lower_reach,4,Clinch River,Lower Reach,2000.026,49.6579999999999,2928.4455072127516,19.79,346.85599476514557,1.6315777370028164,0.20567907031916635,96.21786003452124,58.972280543170434,1.6171828296045931,0.5252192536436897,12.0,1.0,0.25,0.3838267387752914,0.15,usgs-hecras-geometry-openlimno-builtin-1d,0.060000000000000005,8.02300850165915e-05
8,2021-12-15,clinch_lower_reach_1950_5,clinch_lower_reach,4,Clinch River,Lower Reach,1950.5,50.339500000000044,2859.895763479259,19.79,346.96989814059356,1.6685351208354144,0.20877050170033978,94.7930854158971,56.81216069844271,1.6537796329551206,0.5177697047280896,12.0,1.0,0.25,0.38121939665483134,0.15,usgs-hecras-geometry-openlimno-builtin-1d,0.060000000000000005,8.02300850165915e-05
8,2021-12-15,clinch_lower_reach_1899_347,clinch_lower_reach,4,Clinch River,Lower Reach,1899.347,50.96849999999995,2959.7220503890644,19.79,346.79575783329324,1.6464000210663259,0.2069957151997663,95.60584372918625,58.069632231458,1.632736005853642,0.5223817420016235,12.0,1.0,0.25,0.38283360970056823,0.15,usgs-hecras-geometry-openlimno-builtin-1d,0.060000000000000005,8.02300850165915e-05
8,2021-12-15,clinch_lower_reach_1848_563,clinch_lower_reach,4,Clinch River,Lower Reach,1848.563,50.57349999999997,3441.8978383203803,19.79,347.0743259200845,1.4949136156396132,0.19451573195426794,101.73984284547623,68.05733908707886,1.4873255420538227,0.5494892169867901,12.0,1.0,0.25,0.39232122594537655,0.15,usgs-hecras-geometry-openlimno-builtin-1d,0.060000000000000005,8.02300850165915e-05
8,2021-12-15,clinch_lower_reach_1798_2,clinch_lower_reach,4,Clinch River,Lower Reach,1798.2,50.66450000000009,3345.6130390216495,19.79,346.831254953278,1.5231944344545891,0.19675170429060018,100.58362681712977,66.0346601470782,1.5130445342294725,0.544807939353309,12.0,1.0,0.25,0.39068277877365815,0.15,usgs-hecras-geometry-openlimno-builtin-1d,0.060000000000000005,8.02300850165915e-05
8,2021-12-15,clinch_lower_reach_1747_234,clinch_lower_reach,4,Clinch River,Lower Reach,1747.234,50.704000000000065,3574.0048518108974,19.79,346.8644231635801,1.4661612028763373,0.191492229321843,103.34623013207882,70.48763118907567,1.4527839094628694,0.5529452150463557,12.0,1.0,0.25,0.3935308252662245,0.15,usgs-hecras-geometry-openlimno-builtin-1d,0.060000000000000005,8.02300850165915e-05
8,2021-12-15,clinch_lower_reach_1696_792,clinch_lower_reach,4,Clinch River,Lower Reach,1696.792,48.03399999999999,3339.077794613288,19.79,347.1216471653073,1.4754601329963395,0.1929481110168578,102.56643558573607,69.51488101372546,1.4693818812790334,0.5525413829954281,12.0,1.0,0.25,0.3933894840483998,0.15,usgs-hecras-geometry-openlimno-builtin-1d,0.060000000000000005,8.02300850165915e-05
8,2021-12-15,clinch_lower_reach_1651_166,clinch_lower_reach,4,Clinch River,Lower Reach,1651.166,47.878999999999905,3179.524431176031,19.79,346.84281237634593,1.5182112369246041,0.196289241786947,100.82060442966166,66.40749454199205,1.507713007261631,0.5455535560048341,12.0,1.0,0.25,0.39094374460169196,0.15,usgs-hecras-geometry-openlimno-builtin-1d,0.060000000000000005,8.02300850165915e-05
8,2021-12-15,clinch_lower_reach_1601_034,clinch_lower_reach,4,Clinch River,Lower Reach,1601.034,47.654499999999985,2771.7179956427194,19.79,346.90232536716496,1.6451508663975338,0.20682114558474585,95.68654087108787,58.16277572197212,1.6306709911523956,0.5225433452509793,12.0,1.0,0.25,0.38289017083784277,0.15,usgs-hecras-geometry-openlimno-builtin-1d,0.060000000000000005,8.02300850165915e-05
8,2021-12-15,clinch_lower_reach_1555_857,clinch_lower_reach,4,Clinch River,Lower Reach,1555.857,47.703500000000076,2858.0975197626058,19.79,347.0595149067983,1.6145478932046153,0.20458230302093872,96.73368472137358,59.91379080701838,1.6042647435206807,0.5289281523096515,12.0,1.0,0.25,0.38512485330837803,0.15,usgs-hecras-geometry-openlimno-builtin-1d,0.060000000000000005,8.02300850165915e-05
8,2021-12-15,clinch_lower_reach_1505_627,clinch_lower_reach,4,Clinch River,Lower Reach,1505.627,50.02350000000001,2914.838156760096,19.79,347.29997621169326,1.6414579344754356,0.20690722943821646,95.64673043920581,58.269376528233636,1.6316891672015799,0.5237797882851023,12.0,1.0,0.25,0.3833229258997858,0.15,usgs-hecras-geometry-openlimno-builtin-1d,0.060000000000000005,8.02300850165915e-05
8,2021-12-15,clinch_lower_reach_1455_81,clinch_lower_reach,4,Clinch River,Lower Reach,1455.81,49.34699999999998,3107.509791397033,19.79,347.4681871708301,1.5661321192655677,0.2006622360126557,98.62344003159544,62.97261822191895,1.5583763810558746,0.5379670255695139,12.0,1.0,0.25,0.38828845894932984,0.15,usgs-hecras-geometry-openlimno-builtin-1d,0.060000000000000005,8.02300850165915e-05
8,2021-12-15,clinch_lower_reach_1406_933,clinch_lower_reach,4,Clinch River,Lower Reach,1406.933,48.507999999999925,2750.947894353134,19.79,347.3667616149883,1.670084388178291,0.20894807879240332,94.71252434755337,56.71122071314295,1.6558901003950377,0.517507051637134,12.0,1.0,0.25,0.3811274680729969,0.15,usgs-hecras-geometry-openlimno-builtin-1d,0.060000000000000005,8.02300850165915e-05
8,2021-12-15,clinch_lower_reach_1358_794,clinch_lower_reach,4,Clinch River,Lower Reach,1358.794,50.120000000000005,2823.214439298881,19.79,347.35612313543726,1.6768182678831538,0.20952072745163716,94.4536621302446,56.32909894850122,1.6627020596974553,0.5161090473771869,12.0,1.0,0.25,0.38063816658201544,0.15,usgs-hecras-geometry-openlimno-builtin-1d,0.060000000000000005,8.02300850165915e-05
8,2021-12-15,clinch_lower_reach_1306_693,clinch_lower_reach,4,Clinch River,Lower Reach,1306.693,50.790500000000065,2710.71608800125,19.79,347.27230777552995,1.7334881285764212,0.21390620228451718,92.51718645201915,53.37053362343837,1.71518260076388,0.5032122964752407,12.0,1.0,0.25,0.3761243037663342,0.15,usgs-hecras-geometry-openlimno-builtin-1d,0.060000000000000005,8.02300850165915e-05
8,2021-12-15,clinch_lower_reach_1257_213,clinch_lower_reach,4,Clinch River,Lower Reach,1257.213,50.10649999999998,3031.901930547051,19.79,346.8412165462083,1.6054146672998708,0.20372179120382947,97.14228351840643,60.50915411268103,1.594153609315478,0.5305297510751126,12.0,1.0,0.25,0.38568541287628944,0.15,usgs-hecras-geometry-openlimno-builtin-1d,0.060000000000000005,8.02300850165915e-05
8,2021-12-15,clinch_lower_reach_1206_48,clinch_lower_reach,4,Clinch River,Lower Reach,1206.48,50.096000000000004,3320.3596799867805,19.79,346.81884307017833,1.5194982296207193,0.19650043430790418,100.71224559733174,66.27993612238063,1.5101469187651504,0.545489081275021,12.0,1.0,0.25,0.3909211784462574,0.15,usgs-hecras-geometry-openlimno-builtin-1d,0.060000000000000005,8.02300850165915e-05
8,2021-12-15,clinch_lower_reach_1157_021,clinch_lower_reach,4,Clinch River,Lower Reach,1157.021,49.730500000000006,3343.4390802969347,19.79,346.720216983937,1.5084326817731362,0.19514133519407573,101.41367527447768,67.23115754510681,1.4945113155886571,0.5466581808241135,12.0,1.0,0.25,0.39133036328843973,0.15,usgs-hecras-geometry-openlimno-builtin-1d,0.060000000000000005,8.02300850165915e-05
8,2021-12-15,clinch_lower_reach_1107_019,clinch_lower_reach,4,Clinch River,Lower Reach,1107.019,50.140499999999975,3168.3670807089156,19.79,346.90555195554697,1.5638499079427235,0.20026446438355117,98.81932903531867,63.18977833705123,1.5537426009025859,0.5380898530820886,12.0,1.0,0.25,0.38833144857873103,0.15,usgs-hecras-geometry-openlimno-builtin-1d,0.060000000000000005,8.02300850165915e-05
8,2021-12-15,clinch_lower_reach_1056_74,clinch_lower_reach,4,Clinch River,Lower Reach,1056.74,50.045500000000004,3532.4450723607038,19.79,346.96669705004064,1.4623022559133279,0.19173361440013073,103.21612129368226,70.58466939806183,1.4555302594092197,0.554325273018214,12.0,1.0,0.25,0.39401384555637486,0.15,usgs-hecras-geometry-openlimno-builtin-1d,0.060000000000000005,8.02300850165915e-05
8,2021-12-15,clinch_lower_reach_1006_928,clinch_lower_reach,4,Clinch River,Lower Reach,1006.928,49.81200000000001,3645.292351130093,19.79,346.8469059390009,1.4316180379693944,0.18889490656020244,104.76725053299812,73.18100761122002,1.4233257561182073,0.5582818525213195,12.0,1.0,0.25,0.3953986483824618,0.15,usgs-hecras-geometry-openlimno-builtin-1d,0.060000000000000005,8.02300850165915e-05
8,2021-12-15,clinch_lower_reach_957_116,clinch_lower_reach,4,Clinch River,Lower Reach,957.116,49.932799999999986,3547.1580939179153,19.79,346.85749670451366,1.4575148256983874,0.19113410534629416,103.53986780195375,71.0386378075717,1.4487061916897617,0.5547331907659027,12.0,1.0,0.25,0.3941566167680659,0.15,usgs-hecras-geometry-openlimno-builtin-1d,0.060000000000000005,8.02300850165915e-05
8,2021-12-15,clinch_lower_reach_907_062,clinch_lower_reach,4,Clinch River,Lower Reach,907.0624,49.853549999999984,3418.51178952981,19.79,346.7801173127872,1.488382487381929,0.19390555462006798,102.05999533523348,68.57108048533777,1.480331294906516,0.5504063151288469,12.0,1.0,0.25,0.3926422102950964,0.15,usgs-hecras-geometry-openlimno-builtin-1d,0.060000000000000005,8.02300850165915e-05
8,2021-12-15,clinch_lower_reach_857_409,clinch_lower_reach,4,Clinch River,Lower Reach,857.4089,50.186350000000004,3549.1937251389368,19.79,346.7693883232665,1.4614085126068304,0.19148293141364778,103.35124835356204,70.72029994488415,1.4526761126614358,0.5542012827927407,12.0,1.0,0.25,0.39397044897745925,0.15,usgs-hecras-geometry-openlimno-builtin-1d,0.060000000000000005,8.02300850165915e-05
8,2021-12-15,clinch_lower_reach_806_69,clinch_lower_reach,4,Clinch River,Lower Reach,806.6897,50.20685000000003,3625.0644158926552,19.79,346.6883315392444,1.4430679548229475,0.18993554954883765,104.19323842749851,72.20258621866644,1.4351038349969782,0.5568096779942657,12.0,1.0,0.25,0.394883387297993,0.15,usgs-hecras-geometry-openlimno-builtin-1d,0.060000000000000005,8.02300850165915e-05
8,2021-12-15,clinch_lower_reach_756_995,clinch_lower_reach,4,Clinch River,Lower Reach,756.9952,49.95240000000001,3824.372674551892,19.79,346.91031353457277,1.3923001961963442,0.1856560313014459,106.59497491825289,76.56033893370271,1.386875724387047,0.5635671679709444,12.0,1.0,0.25,0.39724850878983053,0.15,usgs-hecras-geometry-openlimno-builtin-1d,0.060000000000000005,8.02300850165915e-05
8,2021-12-15,clinch_lower_reach_706_785,clinch_lower_reach,4,Clinch River,Lower Reach,706.7849,50.15224999999998,4075.9979380683303,19.79,347.11001018629287,1.3426146508414685,0.1813639134242875,109.11762779237539,81.27248404744218,1.339060772881742,0.5693699508643063,12.0,1.0,0.25,0.39927948280250725,0.15,usgs-hecras-geometry-openlimno-builtin-1d,0.060000000000000005,8.02300850165915e-05
8,2021-12-15,clinch_lower_reach_656_691,clinch_lower_reach,4,Clinch River,Lower Reach,656.6907,50.47534999999999,3995.9973523675367,19.79,347.2575614357084,1.364221876034462,0.1832377422724832,108.0017672918679,79.1673034930424,1.3598665936527101,0.5669363840541176,12.0,1.0,0.25,0.3984277344189412,0.15,usgs-hecras-geometry-openlimno-builtin-1d,0.060000000000000005,8.02300850165915e-05
8,2021-12-15,clinch_lower_reach_605_834,clinch_lower_reach,4,Clinch River,Lower Reach,605.8342,50.57945000000001,3878.082474457055,19.79,347.080930910829,1.3910480201034663,0.1855499037405262,106.65594323171636,76.6730851058494,1.38568659651682,0.5637244228343075,12.0,1.0,0.25,0.3973035479920076,0.15,usgs-hecras-geometry-openlimno-builtin-1d,0.060000000000000005,8.02300850165915e-05
8,2021-12-15,clinch_lower_reach_555_532,clinch_lower_reach,4,Clinch River,Lower Reach,555.5318,49.75550000000001,3643.3913761631384,19.79,346.9280944233194,1.4311247716740174,0.1888441622378554,104.79540254505642,73.22590218494715,1.4227473076055146,0.5583357053708079,12.0,1.0,0.25,0.3954174968797828,0.15,usgs-hecras-geometry-openlimno-builtin-1d,0.060000000000000005,8.02300850165915e-05
8,2021-12-15,clinch_lower_reach_506_323,clinch_lower_reach,4,Clinch River,Lower Reach,506.3232,50.0881,3565.46316612268,19.79,346.94541189922575,1.4556611965255577,0.19098712563843176,103.61954992435217,71.18383740095312,1.4470339434651476,0.555012631625377,12.0,1.0,0.25,0.3942544210688819,0.15,usgs-hecras-geometry-openlimno-builtin-1d,0.060000000000000005,8.02300850165915e-05
8,2021-12-15,clinch_lower_reach_455_356,clinch_lower_reach,4,Clinch River,Lower Reach,455.3556,49.9751,3639.396295637632,19.79,346.9340352289951,1.435094526746337,0.18936059485790935,104.50959987134513,72.8241923605482,1.4285924234909826,0.5580594256876705,12.0,1.0,0.25,0.3953207989906847,0.15,usgs-hecras-geometry-openlimno-builtin-1d,0.060000000000000005,8.02300850165915e-05
8,2021-12-15,clinch_lower_reach_406_373,clinch_lower_reach,4,Clinch River,Lower Reach,406.373,49.43424999999999,3252.46397863034,19.79,346.8821621569877,1.5252853988824073,0.19720146431816257,100.35422438887696,65.79373569196136,1.5182354936758495,0.544846188677947,12.0,1.0,0.25,0.3906961660372814,0.15,usgs-hecras-geometry-openlimno-builtin-1d,0.060000000000000005,8.02300850165915e-05
8,2021-12-15,clinch_lower_reach_356_487,clinch_lower_reach,4,Clinch River,Lower Reach,356.4871,42.227149999999995,2750.7231873325427,19.79,346.712152538499,1.5344198116235142,0.19799146974911305,99.953801166672,65.14110441582118,1.5273678904751344,0.5433723392707908,12.0,1.0,0.25,0.39018031874477677,0.15,usgs-hecras-geometry-openlimno-builtin-1d,0.060000000000000005,8.02300850165915e-05
8,2021-12-15,clinch_lower_reach_321_919,clinch_lower_reach,4,Clinch River,Lower Reach,321.9187,50.02435,3327.335027158645,19.79,346.83998470335314,1.5160589411128305,0.1962522436536241,100.8396114692498,66.5143080751403,1.5072867810374762,0.5460997411684911,12.0,1.0,0.25,0.3911349094089719,0.15,usgs-hecras-geometry-openlimno-builtin-1d,0.060000000000000005,8.02300850165915e-05
8,2021-12-15,clinch_lower_reach_256_438,clinch_lower_reach,4,Clinch River,Lower Reach,256.4384,58.00505,4043.7406653067574,19.79,346.9025776649598,1.473767081208576,0.19261914578207437,102.74160400643676,69.71359675246823,1.4656258486542308,0.552526116283534,12.0,1.0,0.25,0.3933841406992369,0.15,usgs-hecras-geometry-openlimno-builtin-1d,0.060000000000000005,8.02300850165915e-05
8,2021-12-15,clinch_lower_reach_205_909,clinch_lower_reach,4,Clinch River,Lower Reach,205.9086,50.3267,3266.092891349746,19.79,346.8203375798146,1.538402063638238,0.19821926524593592,99.83893329160523,64.89781550051455,1.5300045462414302,0.5425625404338787,12.0,1.0,0.25,0.38989688915185755,0.15,usgs-hecras-geometry-openlimno-builtin-1d,0.060000000000000005,8.02300850165915e-05
8,2021-12-15,clinch_lower_reach_155_785,clinch_lower_reach,4,Clinch River,Lower Reach,155.785,49.922850000000004,3286.005872814225,19.79,347.0040734153916,1.524841967887943,0.19717506510652277,100.36766053206858,65.82168030900128,1.5179306336491782,0.5449336305744328,12.0,1.0,0.25,0.39072677070105144,0.15,usgs-hecras-geometry-openlimno-builtin-1d,0.060000000000000005,8.02300850165915e-05
8,2021-12-15,clinch_lower_reach_106_063,clinch_lower_reach,4,Clinch River,Lower Reach,106.0629,49.394099999999995,3114.4507751721753,19.79,346.880467493611,1.564461475451446,0.20062013879962048,98.64413472351478,63.0530928829997,1.5578852251588016,0.5383915250116404,12.0,1.0,0.25,0.3884370337540741,0.15,usgs-hecras-geometry-openlimno-builtin-1d,0.060000000000000005,8.02300850165915e-05
8,2021-12-15,clinch_lower_reach_56_997,clinch_lower_reach,4,Clinch River,Lower Reach,56.9968,46.54562,3032.811912832618,19.79,346.80576099867625,1.5357722735392578,0.19776631155923882,100.06759919811779,65.15783682401519,1.524763218428957,0.5426828264644521,12.0,1.0,0.25,0.3899389892625582,0.15,usgs-hecras-geometry-openlimno-builtin-1d,0.060000000000000005,8.02300850165915e-05
8,2021-12-15,clinch_lower_reach_12_972,clinch_lower_reach,4,Clinch River,Lower Reach,12.97166,44.02514,3205.6010924713923,19.79,347.0623592836856,1.4351369591561314,0.18938418680801714,104.49658091074706,72.81296760149752,1.4288560714859326,0.5580830691300527,12.0,1.0,0.25,0.39532907419551844,0.15,usgs-hecras-geometry-openlimno-builtin-1d,0.060000000000000005,8.02300850165915e-05
