{
  "type": "FeatureCollection",
  "features": [
    {
      "type": "Feature",
      "id": 188865,
      "geometry": {
        "type": "Polygon",
        "coordinates": [
          [
            [
              -119.42821092022754,
              46.379917247775616
            ],
            [
              -119.428884520221,
              46.379975047226445
            ],
            [
              -119.42994552137239,
              46.38016844763908
            ],
            [
              -119.43079372086491,
              46.380262847654826
            ],
            [
              -119.4316100550488,
              46.38036264703009
            ],
            [
              -119.43179225460707,
              46.380372180538764
            ],
            [
              -119.43252145448635,
              46.38021278028485
            ],
            [
              -119.43271945455115,
              46.38012298077991
            ],
            [
              -119.43338465431485,
              46.37969024728612
            ],
            [
              -119.43353585428868,
              46.37961058067823
            ],
            [
              -119.43385272181897,
              46.37936078019726
            ],
            [
              -119.43405805452582,
              46.37914484659162
            ],
            [
              -119.43435925473796,
              46.37873804708947
            ],
            [
              -119.43452585461276,
              46.37847784663465
            ],
            [
              -119.43464505504906,
              46.37825484652884
            ],
            [
              -119.43473952095522,
              46.37803678009099
            ],
            [
              -119.43475572102673,
              46.37796458042756
            ],
            [
              -119.43482712141902,
              46.37775604679591
            ],
            [
              -119.43487432107501,
              46.377723446384465
            ],
            [
              -119.43489372078812,
              46.377647446640054
            ],
            [
              -119.43490652143554,
              46.377596780324346
            ],
            [
              -119.43497752122231,
              46.37746024686384
            ],
            [
              -119.43502605484271,
              46.37731984661051
            ],
            [
              -119.43514412109714,
              46.377101179885656
            ],
            [
              -119.4351836540997,
              46.37705538025022
            ],
            [
              -119.43524765421525,
              46.376923646590285
            ],
            [
              -119.43528725485254,
              46.37687317989054
            ],
            [
              -119.43548465452933,
              46.376445846395015
            ],
            [
              -119.43556432092251,
              46.376336380019396
            ],
            [
              -119.43576225439317,
              46.37588657956388
            ],
            [
              -119.43588872087737,
              46.37554624645391
            ],
            [
              -119.43595272099292,
              46.375409846420254
            ],
            [
              -119.43622045451478,
              46.37486317966437
            ],
            [
              -119.43634572126344,
              46.3743530461806
            ],
            [
              -119.43640125455502,
              46.37409524635139
            ],
            [
              -119.43648105413658,
              46.37300917949797
            ],
            [
              -119.4366474542289,
              46.37245217988737
            ],
            [
              -119.43689272054387,
              46.37191124644357
            ],
            [
              -119.43711425332224,
              46.37166804598837
            ],
            [
              -119.43726505373107,
              46.37161077907551
            ],
            [
              -119.43734452034175,
              46.37154164588146
            ],
            [
              -119.4373918531861,
              46.37145064606642
            ],
            [
              -119.43738345399686,
              46.37137897974636
            ],
            [
              -119.43761312062834,
              46.37077097926795
            ],
            [
              -119.43789145302802,
              46.36945557899611
            ],
            [
              -119.4380732530213,
              46.36845717880594
            ],
            [
              -119.43820005351685,
              46.36804477903987
            ],
            [
              -119.43871485243675,
              46.36678737926239
            ],
            [
              -119.43901565308384,
              46.36623637913042
            ],
            [
              -119.43915771925155,
              46.36597237894172
            ],
            [
              -119.43936465229946,
              46.3654098455347
            ],
            [
              -119.43948265300025,
              46.364732445082595
            ],
            [
              -119.4396174520795,
              46.363662978626444
            ],
            [
              -119.43985445239358,
              46.362577978889185
            ],
            [
              -119.43994165225183,
              46.36241844555225
            ],
            [
              -119.44017111910084,
              46.3621301783999
            ],
            [
              -119.44024311884063,
              46.36209264484893
            ],
            [
              -119.44025025170019,
              46.36203384486679
            ],
            [
              -119.4401874523607,
              46.36200824488899
            ],
            [
              -119.44006065186515,
              46.36205604548299
            ],
            [
              -119.43999765170261,
              46.36208884553588
            ],
            [
              -119.43995805210587,
              46.36204017825825
            ],
            [
              -119.44006831851854,
              46.361916378274294
            ],
            [
              -119.4404335188462,
              46.36147217855524
            ],
            [
              -119.4406710519136,
              46.36122397828822
            ],
            [
              -119.44097931839109,
              46.361001378073354
            ],
            [
              -119.44135191899547,
              46.36078644469605
            ],
            [
              -119.44193045165423,
              46.36052197797993
            ],
            [
              -119.44271405168372,
              46.36031184461331
            ],
            [
              -119.4433236526022,
              46.360177178075425
            ],
            [
              -119.44353865186854,
              46.36012317794496
            ],
            [
              -119.44402871937986,
              46.359721178008975
            ],
            [
              -119.44436971897123,
              46.359394244565955
            ],
            [
              -119.44470245256167,
              46.35893277815711
            ],
            [
              -119.44493131902264,
              46.35846877791954
            ],
            [
              -119.44517751869647,
              46.3581800446923
            ],
            [
              -119.44535131906552,
              46.357991977478264
            ],
            [
              -119.44644431871384,
              46.35714057721677
            ],
            [
              -119.44684785230855,
              46.35675377777442
            ],
            [
              -119.44713285244914,
              46.35630657731839
            ],
            [
              -119.4472827184586,
              46.356181977252085
            ],
            [
              -119.44740205208325,
              46.356098377516396
            ],
            [
              -119.44756131827546,
              46.35595997769684
            ],
            [
              -119.448225652315,
              46.35519877709174
            ],
            [
              -119.44895451818287,
              46.35451717728716
            ],
            [
              -119.44953265231716,
              46.354072777369545
            ],
            [
              -119.45031651872333,
              46.353520443889074
            ],
            [
              -119.45114785220268,
              46.35317864348356
            ],
            [
              -119.45148051919897,
              46.35308144311359
            ],
            [
              -119.4527556518114,
              46.35282904352378
            ],
            [
              -119.45319065219032,
              46.352761243227086
            ],
            [
              -119.45422811958758,
              46.35267144311141
            ],
            [
              -119.45441031914586,
              46.35261804315657
            ],
            [
              -119.45471911941722,
              46.35257984304926
            ],
            [
              -119.45499645290441,
              46.35256937606154
            ],
            [
              -119.45563011928975,
              46.35262324289085
            ],
            [
              -119.45573265245486,
              46.35265264292612
            ],
            [
              -119.45589971952934,
              46.352770576150775
            ],
            [
              -119.45601771918962,
              46.35290744280869
            ],
            [
              -119.45610545284174,
              46.352932642708836
            ],
            [
              -119.45617685323404,
              46.35292657614709
            ],
            [
              -119.45677051941712,
              46.352954442681494
            ],
            [
              -119.45718271961829,
              46.352891442934464
            ],
            [
              -119.45752311986213,
              46.35278977632905
            ],
            [
              -119.45856852028949,
              46.352389042489705
            ],
            [
              -119.45939925338081,
              46.35203384267747
            ],
            [
              -119.45998552032766,
              46.351913175812676
            ],
            [
              -119.46049292001133,
              46.35168637565336
            ],
            [
              -119.46106205352781,
              46.351543575682
            ],
            [
              -119.46165585393975,
              46.35140017563109
            ],
            [
              -119.4619178530796,
              46.35131357578872
            ],
            [
              -119.46315252037115,
              46.35080104184917
            ],
            [
              -119.46500505354155,
              46.3498564417781
            ],
            [
              -119.46508465334058,
              46.34978717547222
            ],
            [
              -119.46536112006304,
              46.34961484175768
            ],
            [
              -119.46567025330525,
              46.34945064153438
            ],
            [
              -119.46585252049825,
              46.349284574832446
            ],
            [
              -119.46624805342817,
              46.34901064131328
            ],
            [
              -119.46667625391835,
              46.34871777487981
            ],
            [
              -119.4668419204343,
              46.348538841395296
            ],
            [
              -119.46738852014971,
              46.34807244155663
            ],
            [
              -119.46763345349387,
              46.34742364145695
            ],
            [
              -119.46776732025478,
              46.34693937447699
            ],
            [
              -119.46783851982406,
              46.34668117447787
            ],
            [
              -119.46836112066674,
              46.34590057452283
            ],
            [
              -119.4685739202445,
              46.34569797434344
            ],
            [
              -119.46916065335054,
              46.345298174721385
            ],
            [
              -119.46950852046531,
              46.344957774571576
            ],
            [
              -119.47046585322916,
              46.34390644052581
            ],
            [
              -119.47117825368939,
              46.34320697393376
            ],
            [
              -119.47179552022072,
              46.34254117432781
            ],
            [
              -119.47215171993057,
              46.34223637406785
            ],
            [
              -119.47276051963797,
              46.34155724029642
            ],
            [
              -119.47308591954584,
              46.34117704062888
            ],
            [
              -119.47324332006089,
              46.34099324007625
            ],
            [
              -119.47358305332256,
              46.340612373446746
            ],
            [
              -119.4740973194891,
              46.34027277382336
            ],
            [
              -119.47496072014064,
              46.339583573614405
            ],
            [
              -119.47525371990548,
              46.33932077363087
            ],
            [
              -119.47655092015982,
              46.33855917318013
            ],
            [
              -119.47673331950064,
              46.338487639716
            ],
            [
              -119.47758765294022,
              46.33832963947901
            ],
            [
              -119.47809485388193,
              46.338102573189005
            ],
            [
              -119.47875925347509,
              46.33788103970695
            ],
            [
              -119.47897291981756,
              46.337777572912835
            ],
            [
              -119.47983612068661,
              46.33740337286245
            ],
            [
              -119.47993045340444,
              46.337396839775295
            ],
            [
              -119.48006612028894,
              46.33744343918992
            ],
            [
              -119.48025591990647,
              46.33755623926419
            ],
            [
              -119.48031892006898,
              46.3375773729537
            ],
            [
              -119.48045332062381,
              46.337596972866514
            ],
            [
              -119.48059605377368,
              46.337575839184616
            ],
            [
              -119.48082592018766,
              46.33751237271602
            ],
            [
              -119.48115012035998,
              46.33738823914518
            ],
            [
              -119.48202872008952,
              46.33698223930088
            ],
            [
              -119.48223465422494,
              46.336869772818005
            ],
            [
              -119.48268585363479,
              46.33656743883963
            ],
            [
              -119.4841417207339,
              46.335878772405614
            ],
            [
              -119.48503632075241,
              46.335422838998404
            ],
            [
              -119.48522552102246,
              46.33536017179006
            ],
            [
              -119.48551872056979,
              46.33519637201685
            ],
            [
              -119.485890654192,
              46.335044371905965
            ],
            [
              -119.48686425466207,
              46.33442463879681
            ],
            [
              -119.48700645401806,
              46.334290838843
            ],
            [
              -119.48710045376505,
              46.334230371628436
            ],
            [
              -119.4872358542729,
              46.33418697155193
            ],
            [
              -119.4893325206169,
              46.332899238274095
            ],
            [
              -119.48955385465332,
              46.3327594383523
            ],
            [
              -119.4898072548214,
              46.33254683809874
            ],
            [
              -119.48998105414991,
              46.33234963796547
            ],
            [
              -119.49031305416402,
              46.33185197166305
            ],
            [
              -119.49043185399478,
              46.33157923829126
            ],
            [
              -119.49055012107225,
              46.33139663765924
            ],
            [
              -119.4906446546131,
              46.331304571579075
            ],
            [
              -119.49096172088537,
              46.33113123767458
            ],
            [
              -119.49109605380545,
              46.33103837148063
            ],
            [
              -119.49122252133019,
              46.33084203814489
            ],
            [
              -119.49157845362285,
              46.330271637747366
            ],
            [
              -119.49198152105838,
              46.32945283798451
            ],
            [
              -119.49211565419598,
              46.32931497136293
            ],
            [
              -119.4923604543518,
              46.329138637866016
            ],
            [
              -119.49268472111831,
              46.328834437573
            ],
            [
              -119.49281925382091,
              46.328629037345635
            ],
            [
              -119.49292105445018,
              46.32835963761531
            ],
            [
              -119.49325412101145,
              46.3276386377382
            ],
            [
              -119.49338765376103,
              46.32747803742586
            ],
            [
              -119.49355372088249,
              46.32733057060987
            ],
            [
              -119.49358545404334,
              46.327275770636895
            ],
            [
              -119.49356212007174,
              46.32708743756969
            ],
            [
              -119.49353685382879,
              46.32625537041092
            ],
            [
              -119.493434253029,
              46.32576257071175
            ],
            [
              -119.49325072054683,
              46.32540663741648
            ],
            [
              -119.49300712012655,
              46.3252552373955
            ],
            [
              -119.49283085369227,
              46.32514583730655
            ],
            [
              -119.49268865329572,
              46.32503183751048
            ],
            [
              -119.49256191939433,
              46.32487263720361
            ],
            [
              -119.4923721197768,
              46.324701237405144
            ],
            [
              -119.49224511949872,
              46.32471763714666
            ],
            [
              -119.49226092000524,
              46.32477103705083
            ],
            [
              -119.49230845263207,
              46.32482863760756
            ],
            [
              -119.49247512014159,
              46.32496457039845
            ],
            [
              -119.49257845347721,
              46.325110837135995
            ],
            [
              -119.49289512018447,
              46.32542337035499
            ],
            [
              -119.49299771994376,
              46.32560037042817
            ],
            [
              -119.4930773197428,
              46.32573883705921
            ],
            [
              -119.49306971968355,
              46.32588303734213
            ],
            [
              -119.492989920102,
              46.32586203709436
            ],
            [
              -119.4929111204735,
              46.32579203764736
            ],
            [
              -119.49268965324875,
              46.32550443740665
            ],
            [
              -119.49224585307509,
              46.325000970413996
            ],
            [
              -119.4921106533903,
              46.3248195708107
            ],
            [
              -119.49194445308046,
              46.324647570846004
            ],
            [
              -119.49161971911428,
              46.32438457046015
            ],
            [
              -119.49119151966464,
              46.324101437355665
            ],
            [
              -119.49078771969327,
              46.32378183731163
            ],
            [
              -119.49058211956923,
              46.323610837217004
            ],
            [
              -119.49036851878037,
              46.32349837054187
            ],
            [
              -119.48990865276406,
              46.32315743729671
            ],
            [
              -119.4896231188296,
              46.32292057117664
            ],
            [
              -119.48955662767602,
              46.3228153830871
            ],
            [
              -119.48896152867783,
              46.32228722489934
            ],
            [
              -119.48839706403675,
              46.32156738098235
            ],
            [
              -119.48813125758356,
              46.32104041370024
            ],
            [
              -119.48812370226726,
              46.32063782736334
            ],
            [
              -119.48795289447357,
              46.32022321338086
            ],
            [
              -119.48784980670392,
              46.319588724877306
            ],
            [
              -119.48767140301312,
              46.31939212623169
            ],
            [
              -119.48762553940257,
              46.31874874857144
            ],
            [
              -119.48744234821554,
              46.318126704336215
            ],
            [
              -119.48724590687043,
              46.317738506285544
            ],
            [
              -119.48707511364421,
              46.31732389261129
            ],
            [
              -119.48711206924445,
              46.317265813431
            ],
            [
              -119.48697390924083,
              46.3171448729127
            ],
            [
              -119.48680738948713,
              46.31699910590857
            ],
            [
              -119.48634606776396,
              46.31691374588848
            ],
            [
              -119.48605929975635,
              46.316808750351406
            ],
            [
              -119.48571517856347,
              46.31668275299749
            ],
            [
              -119.4854912858543,
              46.31655303552202
            ],
            [
              -119.48524464083197,
              46.31645676035922
            ],
            [
              -119.48498655305889,
              46.31636226158351
            ],
            [
              -119.48474111713689,
              46.316380037924496
            ],
            [
              -119.48458324942216,
              46.316356370631446
            ],
            [
              -119.48446431640305,
              46.31636817122034
            ],
            [
              -119.48410091619895,
              46.316223037454634
            ],
            [
              -119.48387753231084,
              46.31612327901327
            ],
            [
              -119.48357354034643,
              46.31600600050065
            ],
            [
              -119.48330928949134,
              46.31616916494356
            ],
            [
              -119.48279696287992,
              46.31648550141969
            ],
            [
              -119.48235591075613,
              46.31644932140105
            ],
            [
              -119.48198049550768,
              46.316365563161085
            ],
            [
              -119.48129846302788,
              46.31621726578745
            ],
            [
              -119.48078124694786,
              46.31605362644327
            ],
            [
              -119.47997110706198,
              46.31580281378836
            ],
            [
              -119.47957794238708,
              46.315587223311624
            ],
            [
              -119.47902088842807,
              46.31521016126554
            ],
            [
              -119.47886831494957,
              46.31505863816027
            ],
            [
              -119.47878911575604,
              46.31489823808488
            ],
            [
              -119.47868571478574,
              46.31482403822969
            ],
            [
              -119.47843991467693,
              46.31468543832561
            ],
            [
              -119.4778466480588,
              46.31440123807054
            ],
            [
              -119.47667424839395,
              46.31385957182303
            ],
            [
              -119.4763500482216,
              46.313691171902384
            ],
            [
              -119.47600964797776,
              46.313581371367704
            ],
            [
              -119.47587484785794,
              46.31359337163718
            ],
            [
              -119.47589904755371,
              46.313628838430006
            ],
            [
              -119.47593131450843,
              46.31365063826377
            ],
            [
              -119.4760813147467,
              46.313723971512715
            ],
            [
              -119.47608864738872,
              46.313746238467516
            ],
            [
              -119.4760656474285,
              46.31376483857646
            ],
            [
              -119.47570124831194,
              46.31366917156546
            ],
            [
              -119.47549644731787,
              46.31357457166904
            ],
            [
              -119.47523411416668,
              46.313521771739296
            ],
            [
              -119.4747350481186,
              46.313483038342575
            ],
            [
              -119.4745380480068,
              46.31338843812441
            ],
            [
              -119.4743473139899,
              46.31332497161779
            ],
            [
              -119.4741815142856,
              46.31329697204551
            ],
            [
              -119.47356371396039,
              46.31300443825832
            ],
            [
              -119.47344551347713,
              46.3129214387417
            ],
            [
              -119.47325504687737,
              46.31273657223395
            ],
            [
              -119.47310511427378,
              46.31255537201983
            ],
            [
              -119.47277971332538,
              46.31196837163395
            ],
            [
              -119.47261351301557,
              46.311445372046165
            ],
            [
              -119.47261324663891,
              46.31120243865525
            ],
            [
              -119.47262924692792,
              46.31108957201001
            ],
            [
              -119.47258111287255,
              46.31074417206483
            ],
            [
              -119.47264391325255,
              46.310306371675466
            ],
            [
              -119.4728335130876,
              46.30968557195776
            ],
            [
              -119.47318924663826,
              46.308921771966205
            ],
            [
              -119.47359291342131,
              46.30839563815257
            ],
            [
              -119.47383811314211,
              46.30815183803402
            ],
            [
              -119.47402764638298,
              46.308003771413595
            ],
            [
              -119.47429664623455,
              46.307750371617516
            ],
            [
              -119.47500824652425,
              46.30721757125169
            ],
            [
              -119.47529284605933,
              46.30701783806298
            ],
            [
              -119.47564871279835,
              46.30682097142668
            ],
            [
              -119.47621884626784,
              46.306543237634656
            ],
            [
              -119.47657411261885,
              46.30632403750892
            ],
            [
              -119.47676464685327,
              46.30624777096696
            ],
            [
              -119.47696204653009,
              46.3060591707173
            ],
            [
              -119.47714331272948,
              46.30588877078895
            ],
            [
              -119.47739644652093,
              46.305730171056524
            ],
            [
              -119.47758611295012,
              46.305541571180015
            ],
            [
              -119.47772871291166,
              46.3053720379702
            ],
            [
              -119.4779420462833,
              46.30507943738512
            ],
            [
              -119.47828984576338,
              46.30436077096668
            ],
            [
              -119.47839324673372,
              46.30417397063999
            ],
            [
              -119.47866164619725,
              46.30331323763434
            ],
            [
              -119.47880244603523,
              46.301649570923416
            ],
            [
              -119.47887291202814,
              46.30137343697509
            ],
            [
              -119.47892191284821,
              46.30123303746331
            ],
            [
              -119.47893671236116,
              46.30119203739664
            ],
            [
              -119.47894404604374,
              46.300539370630716
            ],
            [
              -119.47891204546569,
              46.300499770422796
            ],
            [
              -119.47885644557994,
              46.300347770230175
            ],
            [
              -119.4783419119962,
              46.299557970609285
            ],
            [
              -119.47805631146757,
              46.299280637058125
            ],
            [
              -119.47781091196426,
              46.29897557054235
            ],
            [
              -119.47784231215425,
              46.2988216373043
            ],
            [
              -119.47782711203578,
              46.2987411705436
            ],
            [
              -119.47738344505046,
              46.2981836375314
            ],
            [
              -119.47709024446259,
              46.29773117072065
            ],
            [
              -119.47647244413737,
              46.29649337045822
            ],
            [
              -119.47654371134132,
              46.29644237079549
            ],
            [
              -119.4765435105183,
              46.29629383682898
            ],
            [
              -119.47649604448564,
              46.29618677073833
            ],
            [
              -119.47640084396258,
              46.296094370771705
            ],
            [
              -119.47576711098307,
              46.29538803713457
            ],
            [
              -119.47549004387254,
              46.29513743748892
            ],
            [
              -119.47538704350775,
              46.294977837462305
            ],
            [
              -119.47528384336046,
              46.29489443747415
            ],
            [
              -119.4750387102338,
              46.29456683739312
            ],
            [
              -119.47488051058878,
              46.294399370280956
            ],
            [
              -119.47477764341232,
              46.29435643684485
            ],
            [
              -119.47469864400134,
              46.29424563699115
            ],
            [
              -119.4743976435717,
              46.2936266373346
            ],
            [
              -119.47427070988783,
              46.29342683730547
            ],
            [
              -119.47396170983394,
              46.293087037467465
            ],
            [
              -119.47371644351897,
              46.292822370501064
            ],
            [
              -119.47324110996698,
              46.292436637397905
            ],
            [
              -119.47302024313028,
              46.29218503707445
            ],
            [
              -119.47276670977385,
              46.29173143717278
            ],
            [
              -119.47276604279166,
              46.29165943695705
            ],
            [
              -119.47272710913656,
              46.29152083735376
            ],
            [
              -119.47267904271587,
              46.29129663754548
            ],
            [
              -119.47265470879125,
              46.29100037030797
            ],
            [
              -119.47259924209382,
              46.29069097021262
            ],
            [
              -119.47252024268282,
              46.29042257077868
            ],
            [
              -119.47229744149368,
              46.28917203741482
            ],
            [
              -119.4720759087153,
              46.28843877064416
            ],
            [
              -119.47195710784398,
              46.28807223676042
            ],
            [
              -119.47186164198479,
              46.287682836851864
            ],
            [
              -119.47180664144652,
              46.2872970373514
            ],
            [
              -119.47166344109694,
              46.28686803696616
            ],
            [
              -119.47163970756036,
              46.28654903704605
            ],
            [
              -119.47173424110119,
              46.285791170193036
            ],
            [
              -119.47198650812793,
              46.28462017019351
            ],
            [
              -119.47210544114704,
              46.28434297024638
            ],
            [
              -119.47230264104132,
              46.284059636448006
            ],
            [
              -119.47274524043893,
              46.28355943687981
            ],
            [
              -119.47304550729216,
              46.28336417003765
            ],
            [
              -119.47376504061194,
              46.28296603686712
            ],
            [
              -119.47405044135805,
              46.28278423617032
            ],
            [
              -119.47424784103484,
              46.28264496978248
            ],
            [
              -119.474405107321,
              46.28248416982101
            ],
            [
              -119.47462684092241,
              46.282303836685024
            ],
            [
              -119.47497490781971,
              46.281985769496586
            ],
            [
              -119.47558290735655,
              46.28146843642575
            ],
            [
              -119.47594630756065,
              46.28112763615309
            ],
            [
              -119.47612890772449,
              46.28099316938323
            ],
            [
              -119.47642930776607,
              46.28068523590024
            ],
            [
              -119.47740090728952,
              46.279494035710506
            ],
            [
              -119.47802490711541,
              46.27864816900515
            ],
            [
              -119.47829370718449,
              46.278237169375494
            ],
            [
              -119.47838824072535,
              46.27803716937326
            ],
            [
              -119.47853810673477,
              46.2774397691472
            ],
            [
              -119.47868024053714,
              46.27718923553201
            ],
            [
              -119.47906764065452,
              46.27676683584359
            ],
            [
              -119.47911544069854,
              46.276752369304255
            ],
            [
              -119.47927324077857,
              46.27677596885592
            ],
            [
              -119.4794321074058,
              46.27679496917022
            ],
            [
              -119.47964564055994,
              46.27674536869173
            ],
            [
              -119.4798271075824,
              46.27665136880438
            ],
            [
              -119.47986670717916,
              46.276605569134404
            ],
            [
              -119.47988170751513,
              46.27633056893561
            ],
            [
              -119.47988210708013,
              46.276150635558295
            ],
            [
              -119.47982690675937,
              46.275989969007526
            ],
            [
              -119.47975530658458,
              46.27568976907425
            ],
            [
              -119.47963670653628,
              46.275476568773634
            ],
            [
              -119.4794224398058,
              46.27498163533044
            ],
            [
              -119.47887503991983,
              46.27358036877373
            ],
            [
              -119.47875650646574,
              46.273101568733196
            ],
            [
              -119.47842330567558,
              46.27209156862539
            ],
            [
              -119.47836870574282,
              46.27194883558304
            ],
            [
              -119.47830490645033,
              46.271716035342074
            ],
            [
              -119.47822590599878,
              46.2715468354362
            ],
            [
              -119.47816963913081,
              46.27117003539113
            ],
            [
              -119.47794030547016,
              46.27022116851244
            ],
            [
              -119.47794810531192,
              46.27006336888855
            ],
            [
              -119.4777967055556,
              46.26975156897243
            ],
            [
              -119.47752830505152,
              46.268879968718984
            ],
            [
              -119.47750343837356,
              46.26863303490046
            ],
            [
              -119.47734523872852,
              46.26810083504005
            ],
            [
              -119.47716263856469,
              46.26739823546948
            ],
            [
              -119.4771391048106,
              46.267281835159416
            ],
            [
              -119.4769566378351,
              46.266835768232205
            ],
            [
              -119.47678290406022,
              46.26629056847353
            ],
            [
              -119.47671943773854,
              46.266201968648595
            ],
            [
              -119.47635483779892,
              46.26539956867891
            ],
            [
              -119.47622043724412,
              46.2652360349601
            ],
            [
              -119.47593530391518,
              46.264724835183536
            ],
            [
              -119.47568983677719,
              46.26432503507223
            ],
            [
              -119.4756029043361,
              46.26400303509462
            ],
            [
              -119.47550783700137,
              46.263536968317396
            ],
            [
              -119.47546823740463,
              46.26338036877803
            ],
            [
              -119.47509570339439,
              46.26316776874446
            ],
            [
              -119.47492250341338,
              46.26301863523168
            ],
            [
              -119.47454183659057,
              46.262500235378724
            ],
            [
              -119.47428090295742,
              46.26211896835692
            ],
            [
              -119.47411510325313,
              46.26190196869929
            ],
            [
              -119.47409883658744,
              46.261821435469656
            ],
            [
              -119.47390123608764,
              46.26155563547796
            ],
            [
              -119.47367130307948,
              46.26126363527808
            ],
            [
              -119.4733081026579,
              46.26081243537413
            ],
            [
              -119.47311763605815,
              46.26053756815316
            ],
            [
              -119.47288783623831,
              46.25981803520272
            ],
            [
              -119.4728799021677,
              46.259615768724856
            ],
            [
              -119.47291970258749,
              46.25938983548038
            ],
            [
              -119.47311663610512,
              46.258800434895974
            ],
            [
              -119.47331463512941,
              46.25835536803347
            ],
            [
              -119.47346403602016,
              46.25798743503033
            ],
            [
              -119.47383490205466,
              46.2572954349539
            ],
            [
              -119.47419083538783,
              46.256810634868316
            ],
            [
              -119.4742379018555,
              46.25671963473062
            ],
            [
              -119.47425343494484,
              46.25652583490662
            ],
            [
              -119.47424543532057,
              46.25632796801144
            ],
            [
              -119.47420570149495,
              46.25617583444451
            ],
            [
              -119.47417423471077,
              46.25595156841491
            ],
            [
              -119.47406310153342,
              46.25587296828317
            ],
            [
              -119.47400823522402,
              46.25584716823731
            ],
            [
              -119.47396883540978,
              46.25578956775656
            ],
            [
              -119.47397643546903,
              46.255649767986895
            ],
            [
              -119.47391290151265,
              46.25545316779729
            ],
            [
              -119.47396023539748,
              46.255245034456465
            ],
            [
              -119.47392890180166,
              46.25517376835879
            ],
            [
              -119.47373930196662,
              46.254957434790185
            ],
            [
              -119.47362823434288,
              46.25477076814036
            ],
            [
              -119.47358843496362,
              46.25436216808288
            ],
            [
              -119.4736194345481,
              46.2541859679557
            ],
            [
              -119.47375370087403,
              46.25403003457637
            ],
            [
              -119.47413290158465,
              46.25379223474367
            ],
            [
              -119.47486790139958,
              46.25333543465504
            ],
            [
              -119.47493930179185,
              46.25332036762472
            ],
            [
              -119.47508203494174,
              46.25330823470867
            ],
            [
              -119.4754536345526,
              46.25319216783005
            ],
            [
              -119.47571430180909,
              46.253159634149775
            ],
            [
              -119.47774610231338,
              46.25306596723321
            ],
            [
              -119.47812490241846,
              46.25309836786109
            ],
            [
              -119.4782754354101,
              46.25314003421161
            ],
            [
              -119.47916883569307,
              46.25325103376167
            ],
            [
              -119.47994323532227,
              46.253328967078296
            ],
            [
              -119.48096383566582,
              46.25361283390913
            ],
            [
              -119.48147770226734,
              46.25372756739493
            ],
            [
              -119.48210943638135,
              46.25376323413195
            ],
            [
              -119.48254463654273,
              46.253857433720846
            ],
            [
              -119.48320050271779,
              46.253883634020745
            ],
            [
              -119.48457623622402,
              46.25415076700249
            ],
            [
              -119.48533590293438,
              46.254327833503865
            ],
            [
              -119.48556490362422,
              46.25439923380558
            ],
            [
              -119.48602383732221,
              46.25460076694761
            ],
            [
              -119.48611043679246,
              46.25467096679897
            ],
            [
              -119.48624543669474,
              46.254744566825345
            ],
            [
              -119.48666450337876,
              46.25490196662848
            ],
            [
              -119.4867905037038,
              46.254989033522406
            ],
            [
              -119.48682243768768,
              46.25513696648751
            ],
            [
              -119.48687790438511,
              46.25518523318959
            ],
            [
              -119.48694963774822,
              46.255206367035846
            ],
            [
              -119.48710723700525,
              46.25523423371273
            ],
            [
              -119.4880007038824,
              46.25555683342677
            ],
            [
              -119.48856263794517,
              46.25568876676963
            ],
            [
              -119.48940883753164,
              46.2560031662378
            ],
            [
              -119.48997043758303,
              46.25620703317366
            ],
            [
              -119.49328430585794,
              46.25762443277728
            ],
            [
              -119.4938135057663,
              46.25776576639683
            ],
            [
              -119.49468770611868,
              46.25811336602416
            ],
            [
              -119.49471523968488,
              46.258124166200815
            ],
            [
              -119.49556950653032,
              46.25842936599691
            ],
            [
              -119.4969538400488,
              46.25904276624686
            ],
            [
              -119.4974757062746,
              46.25936896583466
            ],
            [
              -119.4978081068942,
              46.259519032288196
            ],
            [
              -119.49886064018109,
              46.26001363271089
            ],
            [
              -119.49920804009615,
              46.2602131661261
            ],
            [
              -119.49935144022825,
              46.26025503210219
            ],
            [
              -119.49952530719146,
              46.26026923249879
            ],
            [
              -119.49958784015428,
              46.260308232312696
            ],
            [
              -119.4997467067815,
              46.26048483218154
            ],
            [
              -119.49979364110136,
              46.26062323261491
            ],
            [
              -119.50001410733255,
              46.26074616556336
            ],
            [
              -119.50114930791226,
              46.261331365552785
            ],
            [
              -119.50159264088623,
              46.26154696537535
            ],
            [
              -119.50201110822276,
              46.261794232538456
            ],
            [
              -119.5029512420026,
              46.262286831979786
            ],
            [
              -119.5033857085876,
              46.26247063221623
            ],
            [
              -119.50443744170397,
              46.263019232310384
            ],
            [
              -119.50506170894704,
              46.2633160321356
            ],
            [
              -119.50571744193378,
              46.26373363232162
            ],
            [
              -119.50612810942856,
              46.263927165685004
            ],
            [
              -119.5068154423878,
              46.264123565004674
            ],
            [
              -119.50732970959487,
              46.2643329652389
            ],
            [
              -119.50765364235002,
              46.26451023193199
            ],
            [
              -119.50795444299715,
              46.264715031887015
            ],
            [
              -119.50807984293414,
              46.26483396543691
            ],
            [
              -119.50841964278997,
              46.26506956510645
            ],
            [
              -119.50894970946304,
              46.26539083156609
            ],
            [
              -119.50962104317378,
              46.26587103189435
            ],
            [
              -119.50989691054875,
              46.266130565012546
            ],
            [
              -119.51003971029282,
              46.26633896490749
            ],
            [
              -119.51029151011986,
              46.26711196482735
            ],
            [
              -119.5103548442937,
              46.26743903209367
            ],
            [
              -119.51037871101863,
              46.26770856483535
            ],
            [
              -119.51054331098739,
              46.268334965520985
            ],
            [
              -119.51059071042587,
              46.268662431893354
            ],
            [
              -119.51064531139916,
              46.26941283211031
            ],
            [
              -119.51070051067941,
              46.26958703188596
            ],
            [
              -119.51080404483805,
              46.26976476494752
            ],
            [
              -119.51158571155565,
              46.270661232181695
            ],
            [
              -119.51213011158251,
              46.27117123152877
            ],
            [
              -119.51286604475631,
              46.27180743207448
            ],
            [
              -119.51401191184851,
              46.272529565265096
            ],
            [
              -119.515520846174,
              46.273558165316835
            ],
            [
              -119.51639084589124,
              46.274290631547046
            ],
            [
              -119.51789204696914,
              46.2753646317749
            ],
            [
              -119.51820811328837,
              46.2755465649724
            ],
            [
              -119.51854844693806,
              46.27570563115266
            ],
            [
              -119.51877113574956,
              46.275776137694066
            ],
            [
              -119.51878378968169,
              46.27577416779285
            ],
            [
              -119.519056716508,
              46.275731684363805
            ],
            [
              -119.51947399763598,
              46.27542876800136
            ],
            [
              -119.51986967728116,
              46.275355277010625
            ],
            [
              -119.52030223032443,
              46.275371230525515
            ],
            [
              -119.52052954534943,
              46.275312048154625
            ],
            [
              -119.52050649960569,
              46.27525614460446
            ],
            [
              -119.5203694311221,
              46.275158500069885
            ],
            [
              -119.52066976769113,
              46.27513554351724
            ],
            [
              -119.52108485329265,
              46.27529699147838
            ],
            [
              -119.5218919839546,
              46.27556398201848
            ],
            [
              -119.52196112742898,
              46.27573169083666
            ],
            [
              -119.52196310236222,
              46.27578859287656
            ],
            [
              -119.52207102757374,
              46.275857360277286
            ],
            [
              -119.52215400182408,
              46.27605861101462
            ],
            [
              -119.52207273300874,
              46.276190245462324
            ],
            [
              -119.5221462446442,
              46.27632158040772
            ],
            [
              -119.52228792789543,
              46.27643040421017
            ],
            [
              -119.5225846361229,
              46.27658648245123
            ],
            [
              -119.52277112268067,
              46.2766331703408
            ],
            [
              -119.52290511430566,
              46.276739031173214
            ],
            [
              -119.52310324755882,
              46.276788764707796
            ],
            [
              -119.52373551442615,
              46.27686923135962
            ],
            [
              -119.52548311496038,
              46.276956630875965
            ],
            [
              -119.52769764881684,
              46.27702923080265
            ],
            [
              -119.52821984905401,
              46.277017764066805
            ],
            [
              -119.52838551556994,
              46.27698696410318
            ],
            [
              -119.52903424888547,
              46.27699063052668
            ],
            [
              -119.52974611555182,
              46.276938963994624
            ],
            [
              -119.53116211563699,
              46.276763630406876
            ],
            [
              -119.53151724984016,
              46.27675563011937
            ],
            [
              -119.53224504916085,
              46.27681156378428
            ],
            [
              -119.53289424967608,
              46.2769503631432
            ],
            [
              -119.5337869163827,
              46.27717782996046
            ],
            [
              -119.53570885003931,
              46.27781496331295
            ],
            [
              -119.53656265072557,
              46.27800736316365
            ],
            [
              -119.53718751731617,
              46.278065629991225
            ],
            [
              -119.53815185079172,
              46.27805316310033
            ],
            [
              -119.53847611755823,
              46.27805942926858
            ],
            [
              -119.53899071773616,
              46.27808402934787
            ],
            [
              -119.53909305111875,
              46.27811776292395
            ],
            [
              -119.53941731788527,
              46.27834896314489
            ],
            [
              -119.53956031741181,
              46.27842696291103
            ],
            [
              -119.53986885130651,
              46.27848756299568
            ],
            [
              -119.54038211856054,
              46.278534629705575
            ],
            [
              -119.54109391863275,
              46.27854136255895
            ],
            [
              -119.54134745198915,
              46.27846816269103
            ],
            [
              -119.54171125175827,
              46.27830702900134
            ],
            [
              -119.54239165164044,
              46.27807142941388
            ],
            [
              -119.54337991843514,
              46.277869562542335
            ],
            [
              -119.54421065152644,
              46.27780602896688
            ],
            [
              -119.54475625232938,
              46.277712629256
            ],
            [
              -119.54509631856185,
              46.277597162052196
            ],
            [
              -119.54635371839643,
              46.27733502871894
            ],
            [
              -119.5471363184729,
              46.277137628879686
            ],
            [
              -119.54769085225892,
              46.277035361880664
            ],
            [
              -119.54833911941529,
              46.276886028762796
            ],
            [
              -119.54943065295144,
              46.276712961899634
            ],
            [
              -119.55028445259715,
              46.27653196177397
            ],
            [
              -119.55075891938444,
              46.27635502810924
            ],
            [
              -119.55181925251307,
              46.27628176131204
            ],
            [
              -119.55432592041021,
              46.27627976122269
            ],
            [
              -119.55584432047212,
              46.276241361075144
            ],
            [
              -119.55703885333253,
              46.276178560633525
            ],
            [
              -119.55777432034716,
              46.276081160832284
            ],
            [
              -119.55873885360525,
              46.2758705605359
            ],
            [
              -119.55922092045179,
              46.27572016053919
            ],
            [
              -119.56068485376929,
              46.27506642711121
            ],
            [
              -119.56134832104415,
              46.27488516047154
            ],
            [
              -119.56231345469027,
              46.27458882676713
            ],
            [
              -119.56315132064111,
              46.27427762653685
            ],
            [
              -119.56434645493007,
              46.273724159871904
            ],
            [
              -119.56512812164767,
              46.27327475992213
            ],
            [
              -119.56572185442491,
              46.27285182659009
            ],
            [
              -119.5667340545387,
              46.27194255936576
            ],
            [
              -119.56707405417703,
              46.27170982598907
            ],
            [
              -119.56723965409881,
              46.2716206264304
            ],
            [
              -119.56749312086106,
              46.27153402613293
            ],
            [
              -119.56773792101689,
              46.27150595915444
            ],
            [
              -119.56837072167806,
              46.27150542618234
            ],
            [
              -119.56883745521777,
              46.27155775955637
            ],
            [
              -119.56937512195009,
              46.27168062626885
            ],
            [
              -119.56974652177844,
              46.27170395900221
            ],
            [
              -119.56996812219154,
              46.27175742573615
            ],
            [
              -119.57012685458989,
              46.27189782601241
            ],
            [
              -119.57017332171004,
              46.27201375907464
            ],
            [
              -119.57147832180617,
              46.27179095893797
            ],
            [
              -119.57166832224672,
              46.271656225426604
            ],
            [
              -119.57176085484099,
              46.27150422573643
            ],
            [
              -119.57203245498665,
              46.27105855927697
            ],
            [
              -119.57169225556582,
              46.27106175929323
            ],
            [
              -119.57142332230842,
              46.27100915931677
            ],
            [
              -119.5699048546118,
              46.27077782599185
            ],
            [
              -119.56907485509686,
              46.27068842567815
            ],
            [
              -119.5686075211691,
              46.270662826087644
            ],
            [
              -119.56818125399083,
              46.27067262616268
            ],
            [
              -119.56743752097528,
              46.2707433592762
            ],
            [
              -119.56697085402973,
              46.270861825888204
            ],
            [
              -119.5666312539564,
              46.27100435964734
            ],
            [
              -119.56624392147376,
              46.2712784263573
            ],
            [
              -119.56581705390744,
              46.27173376000929
            ],
            [
              -119.56527105458004,
              46.27238042629293
            ],
            [
              -119.56484372085458,
              46.27273655988251
            ],
            [
              -119.5647016546869,
              46.272838826273144
            ],
            [
              -119.56421932146371,
              46.27311055994697
            ],
            [
              -119.56383945481141,
              46.27335762679074
            ],
            [
              -119.56341292125646,
              46.27356062653428
            ],
            [
              -119.5621315204681,
              46.27401696037138
            ],
            [
              -119.56130972035989,
              46.2742559606231
            ],
            [
              -119.55926885368416,
              46.27472016051602
            ],
            [
              -119.55854125414596,
              46.27482656086068
            ],
            [
              -119.55744192076808,
              46.2751616272063
            ],
            [
              -119.55681765352499,
              46.27530156062447
            ],
            [
              -119.55586865335623,
              46.27546222775519
            ],
            [
              -119.55257005283454,
              46.27552236147589
            ],
            [
              -119.55231731964864,
              46.27550556149713
            ],
            [
              -119.55200151970608,
              46.275517161602885
            ],
            [
              -119.55128925243419,
              46.27560502788323
            ],
            [
              -119.55039571896283,
              46.27575556124885
            ],
            [
              -119.54949385289645,
              46.27598716196316
            ],
            [
              -119.54888451939517,
              46.27605476185172
            ],
            [
              -119.54867891927113,
              46.27611336158762
            ],
            [
              -119.54829991938354,
              46.276238761891996
            ],
            [
              -119.54720845244155,
              46.276353028741724
            ],
            [
              -119.54584765163666,
              46.27659956170967
            ],
            [
              -119.54523885192924,
              46.276747962097325
            ],
            [
              -119.54434545164624,
              46.27705136237284
            ],
            [
              -119.54344345135098,
              46.277238028682774
            ],
            [
              -119.54270825175354,
              46.27743436233151
            ],
            [
              -119.54228091802808,
              46.27756082903519
            ],
            [
              -119.5414505179076,
              46.27776836273164
            ],
            [
              -119.54064331752986,
              46.27790316248361
            ],
            [
              -119.54021691820378,
              46.27791736262385
            ],
            [
              -119.5397819178249,
              46.2778594293368
            ],
            [
              -119.53927505089455,
              46.2777221626934
            ],
            [
              -119.53819931786494,
              46.277547962883816
            ],
            [
              -119.53714825069024,
              46.277269829610695
            ],
            [
              -119.53682411711208,
              46.27714656333474
            ],
            [
              -119.53612085045798,
              46.27677076334835
            ],
            [
              -119.53564605069982,
              46.276605629546665
            ],
            [
              -119.53494211706354,
              46.27643236329986
            ],
            [
              -119.53386664937007,
              46.27625362987954
            ],
            [
              -119.5331629165568,
              46.276228629823315
            ],
            [
              -119.53249084926969,
              46.27615816342008
            ],
            [
              -119.53188144917426,
              46.27606816343898
            ],
            [
              -119.53156511647835,
              46.276061630219566
            ],
            [
              -119.53054451613482,
              46.2761787634477
            ],
            [
              -119.52973844889843,
              46.27619643057409
            ],
            [
              -119.52923224895027,
              46.27625283013108
            ],
            [
              -119.52906295825491,
              46.27625298907387
            ],
            [
              -119.52899247769456,
              46.27620747603132
            ],
            [
              -119.52815402592314,
              46.27605248054653
            ],
            [
              -119.52735196682313,
              46.2758918129888
            ],
            [
              -119.52660499150413,
              46.2758177522903
            ],
            [
              -119.52617264760818,
              46.2758939777898
            ],
            [
              -119.52543604849274,
              46.27582376411596
            ],
            [
              -119.52468511498293,
              46.2757367641092
            ],
            [
              -119.52442370062315,
              46.275728762952596
            ],
            [
              -119.52439659159472,
              46.2757213673656
            ],
            [
              -119.52389998432815,
              46.27564400815694
            ],
            [
              -119.52317969766186,
              46.27544679425477
            ],
            [
              -119.52239997778311,
              46.275199339105264
            ],
            [
              -119.52197653565426,
              46.27507026124
            ],
            [
              -119.52177989348611,
              46.27501031761507
            ],
            [
              -119.52070931213959,
              46.27485572941693
            ],
            [
              -119.51967075842495,
              46.27473184349814
            ],
            [
              -119.5184684558983,
              46.27463344069124
            ],
            [
              -119.51767614035728,
              46.274590194723736
            ],
            [
              -119.51756061092439,
              46.27459902314961
            ],
            [
              -119.51717304640268,
              46.2743319646165
            ],
            [
              -119.5169124467809,
              46.27408103128701
            ],
            [
              -119.51652551282271,
              46.273608164977546
            ],
            [
              -119.515672112742,
              46.2728484317635
            ],
            [
              -119.51427311185834,
              46.271479765117014
            ],
            [
              -119.51381544553061,
              46.27113856466256
            ],
            [
              -119.5127881118925,
              46.27037383205575
            ],
            [
              -119.51258191138041,
              46.27018476515072
            ],
            [
              -119.51208484419787,
              46.2695792319508
            ],
            [
              -119.51197451119103,
              46.26949143153427
            ],
            [
              -119.51183931150624,
              46.26926496499319
            ],
            [
              -119.51167404455529,
              46.26895823155818
            ],
            [
              -119.51157211073767,
              46.26862736539127
            ],
            [
              -119.51147651064963,
              46.2683910315004
            ],
            [
              -119.51135111071264,
              46.26794383205875
            ],
            [
              -119.51135124390096,
              46.26728663155826
            ],
            [
              -119.51139124410327,
              46.267092231766924
            ],
            [
              -119.51105184381242,
              46.26623136478728
            ],
            [
              -119.51089350993855,
              46.26602323135566
            ],
            [
              -119.51070444389735,
              46.26582483189673
            ],
            [
              -119.51032551060393,
              46.26555876501758
            ],
            [
              -119.50994570950529,
              46.26534656475352
            ],
            [
              -119.50973224294532,
              46.2652476314848
            ],
            [
              -119.50957410989446,
              46.26513876533484
            ],
            [
              -119.5090136429844,
              46.26464696482025
            ],
            [
              -119.50804984226214,
              46.26392556510895
            ],
            [
              -119.5060502421184,
              46.262767965190946
            ],
            [
              -119.50564724231756,
              46.26259203162587
            ],
            [
              -119.50500790814431,
              46.26214256557735
            ],
            [
              -119.50455684192276,
              46.262053565545045
            ],
            [
              -119.50451544220245,
              46.26202863238853
            ],
            [
              -119.50447770828292,
              46.26200583219787
            ],
            [
              -119.50429624126042,
              46.261811832363136
            ],
            [
              -119.50401904200213,
              46.26161983174696
            ],
            [
              -119.50373570775622,
              46.261491165764866
            ],
            [
              -119.50114944110061,
              46.25998496559924
            ],
            [
              -119.50001404073838,
              46.25939483256836
            ],
            [
              -119.49877963982351,
              46.258723965477756
            ],
            [
              -119.49837670661682,
              46.258539165622146
            ],
            [
              -119.49803630637295,
              46.2583981656544
            ],
            [
              -119.49755364017894,
              46.25824676589871
            ],
            [
              -119.4970794397683,
              46.25812656623977
            ],
            [
              -119.49662883970592,
              46.25795636609361
            ],
            [
              -119.49639103922132,
              46.257889432385625
            ],
            [
              -119.49628010582643,
              46.25784256593536
            ],
            [
              -119.49602790643443,
              46.25779836569139
            ],
            [
              -119.4955689061423,
              46.257651032726315
            ],
            [
              -119.49524463937576,
              46.257550032997464
            ],
            [
              -119.49498150605406,
              46.257414365894114
            ],
            [
              -119.49473243866892,
              46.25728583249359
            ],
            [
              -119.49378083924658,
              46.256794365866355
            ],
            [
              -119.49350503846577,
              46.256688032678866
            ],
            [
              -119.49325890538611,
              46.25663476636321
            ],
            [
              -119.49324590495618,
              46.25662603288976
            ],
            [
              -119.49303730497303,
              46.256486633112615
            ],
            [
              -119.49279310520524,
              46.256383832591595
            ],
            [
              -119.49257090544467,
              46.256267232626826
            ],
            [
              -119.4918748382443,
              46.25601243293315
            ],
            [
              -119.49122683850513,
              46.25572063272246
            ],
            [
              -119.49079930499718,
              46.25558143281461
            ],
            [
              -119.49026170485902,
              46.25536376623296
            ],
            [
              -119.49005610473496,
              46.255260166430084
            ],
            [
              -119.48983443772771,
              46.25522443303603
            ],
            [
              -119.48956563765866,
              46.25522116662305
            ],
            [
              -119.48951863778515,
              46.25519976657692
            ],
            [
              -119.48943943755111,
              46.25514763342802
            ],
            [
              -119.48917083726452,
              46.255027233436344
            ],
            [
              -119.48709103693372,
              46.254298633158186
            ],
            [
              -119.4865608370723,
              46.25415703302563
            ],
            [
              -119.48592870339331,
              46.25391883370644
            ],
            [
              -119.48433923590994,
              46.25344956722129
            ],
            [
              -119.48284450279046,
              46.253099433443715
            ],
            [
              -119.48109750264426,
              46.25280423389636
            ],
            [
              -119.47953210166831,
              46.25263583398884
            ],
            [
              -119.479302102066,
              46.252622833913776
            ],
            [
              -119.47896243539849,
              46.25255803423548
            ],
            [
              -119.47841683563608,
              46.2525609676743
            ],
            [
              -119.47747610146823,
              46.252486834438415
            ],
            [
              -119.47688323441515,
              46.252481634538555
            ],
            [
              -119.47633010118771,
              46.25251603430978
            ],
            [
              -119.47603823456423,
              46.25254056742773
            ],
            [
              -119.47591903516846,
              46.25256563441043
            ],
            [
              -119.47566570159452,
              46.25268796808652
            ],
            [
              -119.4754768342953,
              46.25274616757664
            ],
            [
              -119.47534703498121,
              46.252721567636506
            ],
            [
              -119.47520783444374,
              46.25270256761084
            ],
            [
              -119.47511250177288,
              46.25272716755949
            ],
            [
              -119.4744013010482,
              46.253021434326115
            ],
            [
              -119.47396730166287,
              46.25318383457039
            ],
            [
              -119.4736822349281,
              46.25332056764551
            ],
            [
              -119.47331083405925,
              46.25351763451933
            ],
            [
              -119.47320790132915,
              46.25361876830644
            ],
            [
              -119.47307383478572,
              46.25386463439771
            ],
            [
              -119.47296370156137,
              46.254101234528406
            ],
            [
              -119.4729006348047,
              46.254147568157485
            ],
            [
              -119.47282090077678,
              46.254176234723545
            ],
            [
              -119.47277350133828,
              46.25411876847106
            ],
            [
              -119.47280483493411,
              46.25382103460159
            ],
            [
              -119.47279763443991,
              46.25378536790211
            ],
            [
              -119.47274243411913,
              46.25378196829721
            ],
            [
              -119.47261590104077,
              46.253825168086486
            ],
            [
              -119.47256770143174,
              46.25387116810453
            ],
            [
              -119.47255170114272,
              46.253930034746354
            ],
            [
              -119.47265523426084,
              46.254260834929866
            ],
            [
              -119.47273483510043,
              46.25434016836987
            ],
            [
              -119.47280603466965,
              46.25445096835217
            ],
            [
              -119.47301090121736,
              46.25464476831416
            ],
            [
              -119.4731215016414,
              46.2547996351155
            ],
            [
              -119.47312990187116,
              46.25481903444526
            ],
            [
              -119.47324090186021,
              46.25508056822482
            ],
            [
              -119.47327290139773,
              46.25553003460758
            ],
            [
              -119.4733281017185,
              46.25591136831214
            ],
            [
              -119.47335210163175,
              46.25625723500252
            ],
            [
              -119.47331290160001,
              46.25639316829066
            ],
            [
              -119.47313103501254,
              46.256977767953074
            ],
            [
              -119.47249070192679,
              46.25786003537108
            ],
            [
              -119.47244463541217,
              46.25805443480692
            ],
            [
              -119.47235730236557,
              46.25823643481761
            ],
            [
              -119.47232543497584,
              46.25834976868514
            ],
            [
              -119.47217603512559,
              46.25861823531699
            ],
            [
              -119.47204910248223,
              46.25879656869358
            ],
            [
              -119.47193050243395,
              46.25900163531652
            ],
            [
              -119.47182850202218,
              46.25933243512262
            ],
            [
              -119.47185243534129,
              46.25947596863787
            ],
            [
              -119.4719073026912,
              46.2596681688457
            ],
            [
              -119.47196303576534,
              46.26001816859932
            ],
            [
              -119.47203423533458,
              46.260160568688434
            ],
            [
              -119.47204190198798,
              46.26038543547424
            ],
            [
              -119.47229623551495,
              46.26080283496849
            ],
            [
              -119.4723825030549,
              46.26088196830319
            ],
            [
              -119.47265990313623,
              46.261110035605206
            ],
            [
              -119.47292090232303,
              46.26148696883187
            ],
            [
              -119.47300810322183,
              46.26168303518335
            ],
            [
              -119.47319023618597,
              46.26193563526194
            ],
            [
              -119.473285235886,
              46.26219016859714
            ],
            [
              -119.47341970303495,
              46.26261016856926
            ],
            [
              -119.47357770289749,
              46.263043235588256
            ],
            [
              -119.47380010348108,
              46.263412035312584
            ],
            [
              -119.47440050399926,
              46.2641280350916
            ],
            [
              -119.47508163745779,
              46.265076235592474
            ],
            [
              -119.47515363719761,
              46.26529976869871
            ],
            [
              -119.47522423741934,
              46.2658516350359
            ],
            [
              -119.4752803045048,
              46.26597196881961
            ],
            [
              -119.4754064380182,
              46.26626163561472
            ],
            [
              -119.4755093041541,
              46.26646656857614
            ],
            [
              -119.475819304161,
              46.267755835016914
            ],
            [
              -119.47586670464001,
              46.2678627689424
            ],
            [
              -119.47618330475314,
              46.268112635241394
            ],
            [
              -119.47626250498718,
              46.268214368624186
            ],
            [
              -119.47640503835454,
              46.26853076857437
            ],
            [
              -119.47661063847859,
              46.26889523503446
            ],
            [
              -119.47667430458277,
              46.26908756837837
            ],
            [
              -119.47669810471355,
              46.26929396891507
            ],
            [
              -119.47678430565932,
              46.269539569076265
            ],
            [
              -119.4768085053551,
              46.26972803544701
            ],
            [
              -119.47700710580794,
              46.270479835168246
            ],
            [
              -119.47703070511567,
              46.271113635637946
            ],
            [
              -119.47698410584769,
              46.27149736902485
            ],
            [
              -119.47696903891755,
              46.272096235857134
            ],
            [
              -119.47705663938137,
              46.27280083584096
            ],
            [
              -119.47722230589729,
              46.273247169251256
            ],
            [
              -119.47728603963617,
              46.27354296862737
            ],
            [
              -119.47738850620708,
              46.27375663531999
            ],
            [
              -119.47752370693242,
              46.27473016915812
            ],
            [
              -119.47754843938154,
              46.274999768893956
            ],
            [
              -119.47761103997905,
              46.275349368699814
            ],
            [
              -119.47765864024056,
              46.27545643596772
            ],
            [
              -119.4777698400121,
              46.275642835850725
            ],
            [
              -119.47776223995285,
              46.27583216873205
            ],
            [
              -119.47771470732604,
              46.27635963600374
            ],
            [
              -119.4774156402083,
              46.277333569494466
            ],
            [
              -119.47709170745317,
              46.278105636214214
            ],
            [
              -119.4769489066686,
              46.27834276892685
            ],
            [
              -119.4765620403451,
              46.27883716931714
            ],
            [
              -119.47617530720994,
              46.27925976951313
            ],
            [
              -119.47615090669117,
              46.279341169598915
            ],
            [
              -119.47600150684089,
              46.27956496958952
            ],
            [
              -119.47562230717084,
              46.28001416981133
            ],
            [
              -119.475194840257,
              46.28044643628326
            ],
            [
              -119.47459390698552,
              46.28079703618115
            ],
            [
              -119.47449130722626,
              46.280839636498335
            ],
            [
              -119.47415884001248,
              46.280846769628326
            ],
            [
              -119.47387430707158,
              46.2809926365034
            ],
            [
              -119.47368510680154,
              46.28116323616507
            ],
            [
              -119.47351104005581,
              46.28127497002955
            ],
            [
              -119.47335290700495,
              46.28132343665197
            ],
            [
              -119.47292610707333,
              46.28151263628341
            ],
            [
              -119.4727830399121,
              46.28149303641277
            ],
            [
              -119.47264110693276,
              46.28151883661532
            ],
            [
              -119.47257830759327,
              46.281601036611
            ],
            [
              -119.47249844037704,
              46.28163876996693
            ],
            [
              -119.47230924010701,
              46.28161136976123
            ],
            [
              -119.47222970690216,
              46.2816311702262
            ],
            [
              -119.47218270702862,
              46.2817085698831
            ],
            [
              -119.47209564035872,
              46.281769169933945
            ],
            [
              -119.47207983985219,
              46.28181436985229
            ],
            [
              -119.47203204084869,
              46.28188743652659
            ],
            [
              -119.47192170680133,
              46.28212383662772
            ],
            [
              -119.47181910704207,
              46.28248603664737
            ],
            [
              -119.47166924103261,
              46.28298883696888
            ],
            [
              -119.4716932409459,
              46.28302876984364
            ],
            [
              -119.47165370690277,
              46.28318263673171
            ],
            [
              -119.4715904403636,
              46.28354403658141
            ],
            [
              -119.47141650784674,
              46.284213836976754
            ],
            [
              -119.47113244106502,
              46.28475997015619
            ],
            [
              -119.47105344061347,
              46.28507217006464
            ],
            [
              -119.47075330798909,
              46.286248837437086
            ],
            [
              -119.47067444072589,
              46.28666457023412
            ],
            [
              -119.47067544171945,
              46.28697037046186
            ],
            [
              -119.47071410795736,
              46.287064036980745
            ],
            [
              -119.47082590811691,
              46.28717417041857
            ],
            [
              -119.47080170842116,
              46.28730537045948
            ],
            [
              -119.47079450792691,
              46.28731777053039
            ],
            [
              -119.47075464091294,
              46.287387237480594
            ],
            [
              -119.47077004185446,
              46.287463436818705
            ],
            [
              -119.47081710832214,
              46.28752997057832
            ],
            [
              -119.47081010761039,
              46.28769663682394
            ],
            [
              -119.470833841147,
              46.28811903710041
            ],
            [
              -119.47087350837842,
              46.288217237367355
            ],
            [
              -119.47088124162602,
              46.288487170529855
            ],
            [
              -119.47084230797094,
              46.28860943699858
            ],
            [
              -119.47077850867842,
              46.28906077048824
            ],
            [
              -119.47077084202502,
              46.28930837083697
            ],
            [
              -119.47084250879396,
              46.28949597038612
            ],
            [
              -119.47089044202632,
              46.29052097039597
            ],
            [
              -119.47094630828877,
              46.29086623766209
            ],
            [
              -119.47115304259472,
              46.29175737060057
            ],
            [
              -119.47124784251224,
              46.29223237098475
            ],
            [
              -119.47121630913391,
              46.29253897055593
            ],
            [
              -119.47122430875815,
              46.29259277070089
            ],
            [
              -119.47114530934714,
              46.29278803772061
            ],
            [
              -119.47106604251894,
              46.292906837734705
            ],
            [
              -119.47092390975709,
              46.29304937095301
            ],
            [
              -119.47062364290386,
              46.29339337054776
            ],
            [
              -119.47055310927625,
              46.29352077102564
            ],
            [
              -119.47056824280057,
              46.293979570765195
            ],
            [
              -119.47059264227885,
              46.29419957091412
            ],
            [
              -119.47073450970454,
              46.29428643735525
            ],
            [
              -119.47093324334574,
              46.294601637818715
            ],
            [
              -119.47186704339602,
              46.29596303793024
            ],
            [
              -119.47204130992422,
              46.296161771150224
            ],
            [
              -119.47268244318049,
              46.29668357092993
            ],
            [
              -119.47281671054697,
              46.29680203753781
            ],
            [
              -119.47287284422661,
              46.29681877059664
            ],
            [
              -119.47295184363762,
              46.296772171082075
            ],
            [
              -119.47299910988778,
              46.29677997074134
            ],
            [
              -119.4731025108581,
              46.29696683727503
            ],
            [
              -119.47315704419667,
              46.297006171159836
            ],
            [
              -119.47317924398638,
              46.29701537053415
            ],
            [
              -119.47391691068955,
              46.297322837666755
            ],
            [
              -119.47411484416021,
              46.29735897065871
            ],
            [
              -119.47455784416333,
              46.297371970909396
            ],
            [
              -119.47489804462468,
              46.2973149705062
            ],
            [
              -119.47504051035737,
              46.29731637096582
            ],
            [
              -119.47512811082117,
              46.297346037264575
            ],
            [
              -119.47534924403458,
              46.29747183757779
            ],
            [
              -119.47521531067943,
              46.297546637529884
            ],
            [
              -119.47525464389953,
              46.297617770899066
            ],
            [
              -119.47545284478738,
              46.29764943706278
            ],
            [
              -119.47550791087927,
              46.29766177080826
            ],
            [
              -119.47570511077359,
              46.29779703707568
            ],
            [
              -119.47635444447712,
              46.29830043733895
            ],
            [
              -119.47648164453767,
              46.298374237596136
            ],
            [
              -119.47658411110861,
              46.298453037032225
            ],
            [
              -119.47659211177337,
              46.29849777027357
            ],
            [
              -119.4765523113536,
              46.29851223754123
            ],
            [
              -119.47640231111531,
              46.29849757041761
            ],
            [
              -119.47637111174835,
              46.29852517065988
            ],
            [
              -119.4764741110726,
              46.29862637094977
            ],
            [
              -119.4767672450663,
              46.29897543754583
            ],
            [
              -119.47686204498383,
              46.299144437013
            ],
            [
              -119.47696524513113,
              46.29943923750292
            ],
            [
              -119.47728124485619,
              46.30005337073796
            ],
            [
              -119.47740024550998,
              46.300406370581435
            ],
            [
              -119.47752791172972,
              46.30066923748776
            ],
            [
              -119.47754364564207,
              46.30083083737279
            ],
            [
              -119.47761464542884,
              46.30100483734739
            ],
            [
              -119.4776850458681,
              46.30121237065582
            ],
            [
              -119.47773364504212,
              46.30135763768085
            ],
            [
              -119.47777311249108,
              46.3014153707154
            ],
            [
              -119.47779684602766,
              46.30172537085901
            ],
            [
              -119.47769524622143,
              46.302299237607045
            ],
            [
              -119.47756044610163,
              46.302684570569426
            ],
            [
              -119.47755344538989,
              46.3029501710988
            ],
            [
              -119.47746671273131,
              46.303361637314374
            ],
            [
              -119.47725304638885,
              46.30393317082538
            ],
            [
              -119.4771264456758,
              46.30415197079046
            ],
            [
              -119.47696824603074,
              46.304299437543015
            ],
            [
              -119.47657311266582,
              46.30458243734005
            ],
            [
              -119.47632031288578,
              46.30492083746435
            ],
            [
              -119.47608251240115,
              46.305155571135714
            ],
            [
              -119.47586931221785,
              46.30524577132493
            ],
            [
              -119.47570351251359,
              46.30537983784207
            ],
            [
              -119.47565531290456,
              46.305470837702586
            ],
            [
              -119.47554511308603,
              46.30569817100585
            ],
            [
              -119.4754270457911,
              46.30576843768135
            ],
            [
              -119.47489624554166,
              46.30600943787756
            ],
            [
              -119.47487291261059,
              46.30604123791791
            ],
            [
              -119.47455591293252,
              46.30632277169595
            ],
            [
              -119.47424811261418,
              46.30658583805564
            ],
            [
              -119.47395504625517,
              46.30692063828668
            ],
            [
              -119.47363084608284,
              46.307274371585166
            ],
            [
              -119.473227846282,
              46.307553038247555
            ],
            [
              -119.47263464625809,
              46.308272371472846
            ],
            [
              -119.47216851310638,
              46.308961838313486
            ],
            [
              -119.47198651333059,
              46.309370971520494
            ],
            [
              -119.47171844683788,
              46.310272238888835
            ],
            [
              -119.47156064675787,
              46.31087423896296
            ],
            [
              -119.47155131316921,
              46.310902038526564
            ],
            [
              -119.47151351369601,
              46.31101477187259
            ],
            [
              -119.47153651365623,
              46.31120323861225
            ],
            [
              -119.47194911342238,
              46.3120494384981
            ],
            [
              -119.47208364716555,
              46.31226257193383
            ],
            [
              -119.47237684671286,
              46.31272403848683
            ],
            [
              -119.47259044750172,
              46.31298497183814
            ],
            [
              -119.47274091389917,
              46.31313477217764
            ],
            [
              -119.47308124754885,
              46.313347838858874
            ],
            [
              -119.47358771387367,
              46.313566371925596
            ],
            [
              -119.4737946479621,
              46.313669972205126
            ],
            [
              -119.47398571390934,
              46.31373603859059
            ],
            [
              -119.47491031459985,
              46.31405537174513
            ],
            [
              -119.47530564774729,
              46.31424023811022
            ],
            [
              -119.47661971505536,
              46.31476983805487
            ],
            [
              -119.47695244864585,
              46.31491563830755
            ],
            [
              -119.47800811498014,
              46.31561597129698
            ],
            [
              -119.47852891569927,
              46.315961571910364
            ],
            [
              -119.47903544861823,
              46.31617543825041
            ],
            [
              -119.4792490494071,
              46.316238238115815
            ],
            [
              -119.48004051587246,
              46.31650917153158
            ],
            [
              -119.4802545162263,
              46.31654503817089
            ],
            [
              -119.48118811649408,
              46.31679037118884
            ],
            [
              -119.4824149163092,
              46.31711463810067
            ],
            [
              -119.4828188494689,
              46.3172094381332
            ],
            [
              -119.48308031689592,
              46.317253237601534
            ],
            [
              -119.4842521172133,
              46.317349170718764
            ],
            [
              -119.48450531655834,
              46.31735717082702
            ],
            [
              -119.48472651636588,
              46.317325570680175
            ],
            [
              -119.48493991425063,
              46.31731717386747
            ],
            [
              -119.48515414976511,
              46.3173558564004
            ],
            [
              -119.48557823910605,
              46.31740068990045
            ],
            [
              -119.48606213000845,
              46.31754693517839
            ],
            [
              -119.48623655053564,
              46.31768589794206
            ],
            [
              -119.48649783378819,
              46.31781690343209
            ],
            [
              -119.48667848607266,
              46.31792722223985
            ],
            [
              -119.48680870680299,
              46.318133935376956
            ],
            [
              -119.48688605384623,
              46.31836546759383
            ],
            [
              -119.4869418722441,
              46.31852285285878
            ],
            [
              -119.48694705930536,
              46.31873238369132
            ],
            [
              -119.48682362285574,
              46.319089199776855
            ],
            [
              -119.48679113426732,
              46.319404215774554
            ],
            [
              -119.48672137687798,
              46.319503948112995
            ],
            [
              -119.48667585144094,
              46.31956903730542
            ],
            [
              -119.4866607179166,
              46.31985297070085
            ],
            [
              -119.48661285127845,
              46.31998003797259
            ],
            [
              -119.48650231744855,
              46.320221037396514
            ],
            [
              -119.48653451780909,
              46.32051717096555
            ],
            [
              -119.48647965149969,
              46.3209100375273
            ],
            [
              -119.48666131830467,
              46.321261571301804
            ],
            [
              -119.48712925157993,
              46.32175077111488
            ],
            [
              -119.48739831802564,
              46.321965571282554
            ],
            [
              -119.48748531810142,
              46.32208077105714
            ],
            [
              -119.48764345219283,
              46.322189637610585
            ],
            [
              -119.48803171803434,
              46.322649170805384
            ],
            [
              -119.48856325186014,
              46.32313717111275
            ],
            [
              -119.48885591865414,
              46.32335583754544
            ],
            [
              -119.48917231898476,
              46.32364583762865
            ],
            [
              -119.48962471917068,
              46.32395557103811
            ],
            [
              -119.49092311916058,
              46.32480483744226
            ],
            [
              -119.49167565301141,
              46.325377970741634
            ],
            [
              -119.49227865382367,
              46.326012970537434
            ],
            [
              -119.49239745365446,
              46.32622177067043
            ],
            [
              -119.4924529203519,
              46.32637797073888
            ],
            [
              -119.49254811983441,
              46.326524370938124
            ],
            [
              -119.49264271996942,
              46.32659897096064
            ],
            [
              -119.49270665349081,
              46.326629171071794
            ],
            [
              -119.49272972004519,
              46.32666443756642
            ],
            [
              -119.49272211998596,
              46.32680857074136
            ],
            [
              -119.49266692070573,
              46.32711137110712
            ],
            [
              -119.49213772079734,
              46.32795997059284
            ],
            [
              -119.49100732020028,
              46.32925377080392
            ],
            [
              -119.49092052094755,
              46.32939957126212
            ],
            [
              -119.49018445354487,
              46.33007257139128
            ],
            [
              -119.48951292109217,
              46.33106363822255
            ],
            [
              -119.48909372017928,
              46.3314194384333
            ],
            [
              -119.48895125340606,
              46.3314630382862
            ],
            [
              -119.48888025361931,
              46.33145103834333
            ],
            [
              -119.48882472032773,
              46.33145663812541
            ],
            [
              -119.48878472012541,
              46.331475638151524
            ],
            [
              -119.48827865440616,
              46.33213463860288
            ],
            [
              -119.48777272083467,
              46.33262263835424
            ],
            [
              -119.48757432016433,
              46.332748438066815
            ],
            [
              -119.48666532019786,
              46.333569371849805
            ],
            [
              -119.4855892541974,
              46.33427223852715
            ],
            [
              -119.4851701209192,
              46.33450637214638
            ],
            [
              -119.48450485352078,
              46.33483583894056
            ],
            [
              -119.4840058540669,
              46.3351031721918
            ],
            [
              -119.48346072046368,
              46.335358172421245
            ],
            [
              -119.48249492087591,
              46.33571203945033
            ],
            [
              -119.48197225343904,
              46.33592583936504
            ],
            [
              -119.48148185399741,
              46.336107572838046
            ],
            [
              -119.48047632058403,
              46.33652077258508
            ],
            [
              -119.47998585350771,
              46.33670263914094
            ],
            [
              -119.47887005368163,
              46.33698337293737
            ],
            [
              -119.47826805282241,
              46.33709977314121
            ],
            [
              -119.47714371957822,
              46.33740317314858
            ],
            [
              -119.47647945317338,
              46.33766503981849
            ],
            [
              -119.4758939198029,
              46.33796117306929
            ],
            [
              -119.47552931986324,
              46.33818957326894
            ],
            [
              -119.47534771965248,
              46.33826117321441
            ],
            [
              -119.47515751942939,
              46.3383732402884
            ],
            [
              -119.47509405310772,
              46.33843303985574
            ],
            [
              -119.47394631929777,
              46.339087840193244
            ],
            [
              -119.47322625322468,
              46.33969757397221
            ],
            [
              -119.47258585250424,
              46.340210973484844
            ],
            [
              -119.4717229200929,
              46.34099024025439
            ],
            [
              -119.47149332005557,
              46.34124264063821
            ],
            [
              -119.47105825308255,
              46.341585040793404
            ],
            [
              -119.47086005323523,
              46.3417513736852
            ],
            [
              -119.47068665347169,
              46.3418675740983
            ],
            [
              -119.47017165268825,
              46.34240537429084
            ],
            [
              -119.46979231982982,
              46.342926440896086
            ],
            [
              -119.46951525271933,
              46.34318897429226
            ],
            [
              -119.46901625326544,
              46.34355537407931
            ],
            [
              -119.46879492026956,
              46.34374004092264
            ],
            [
              -119.46857405343285,
              46.343906774539875
            ],
            [
              -119.4681379199126,
              46.34424477419267
            ],
            [
              -119.46782192018753,
              46.34457564118155
            ],
            [
              -119.46713345304639,
              46.34522504109868
            ],
            [
              -119.46684025349906,
              46.345645174527846
            ],
            [
              -119.46684811993495,
              46.34586557470431
            ],
            [
              -119.46673745291679,
              46.346268441536985
            ],
            [
              -119.46672225383881,
              46.34650297486879
            ],
            [
              -119.46677745311905,
              46.34697864156539
            ],
            [
              -119.46676992069449,
              46.34742884168543
            ],
            [
              -119.46668312040123,
              46.3476197744828
            ],
            [
              -119.46650872068466,
              46.347884441549645
            ],
            [
              -119.46601865317336,
              46.348358441374
            ],
            [
              -119.46577325367005,
              46.34856184187754
            ],
            [
              -119.46416552065546,
              46.349595442231156
            ],
            [
              -119.46354811989524,
              46.349883442254495
            ],
            [
              -119.46274885358811,
              46.350161775571635
            ],
            [
              -119.46245525343524,
              46.350285041972136
            ],
            [
              -119.4615771198649,
              46.350641375729886
            ],
            [
              -119.46122852021429,
              46.35075684261837
            ],
            [
              -119.46038192002229,
              46.35096864236456
            ],
            [
              -119.45998552032766,
              46.35103564263766
            ],
            [
              -119.45791871938624,
              46.35157064283662
            ],
            [
              -119.45688891968291,
              46.35183564269391
            ],
            [
              -119.4556302524781,
              46.352060976382134
            ],
            [
              -119.45433871897107,
              46.35206604330192
            ],
            [
              -119.45324631867024,
              46.352085043349234
            ],
            [
              -119.45261231827352,
              46.35210317651995
            ],
            [
              -119.45223991849213,
              46.35215604335418
            ],
            [
              -119.45157471872842,
              46.352345843557856
            ],
            [
              -119.45121065154214,
              46.35243464375905
            ],
            [
              -119.45022045143557,
              46.35279797665747
            ],
            [
              -119.45010151841646,
              46.352903843232404
            ],
            [
              -119.44914405142374,
              46.353527576887345
            ],
            [
              -119.44889865192044,
              46.35362264346283
            ],
            [
              -119.44832111817416,
              46.35393677688005
            ],
            [
              -119.44817745166544,
              46.353989376933114
            ],
            [
              -119.44801925202042,
              46.35419517744887
            ],
            [
              -119.44776645224034,
              46.35435804413559
            ],
            [
              -119.44753611862667,
              46.35454304362509
            ],
            [
              -119.44741811792588,
              46.35470304378492
            ],
            [
              -119.44737065189324,
              46.354758043933636
            ],
            [
              -119.44725985168667,
              46.35480544367006
            ],
            [
              -119.4471805182643,
              46.35486564395484
            ],
            [
              -119.44707771872255,
              46.35504784376129
            ],
            [
              -119.44699065205262,
              46.355099244131296
            ],
            [
              -119.44686345199204,
              46.355124377668034
            ],
            [
              -119.44651471811258,
              46.35538824427497
            ],
            [
              -119.44618305210987,
              46.35575097726868
            ],
            [
              -119.445953051467,
              46.35581444410976
            ],
            [
              -119.44577045130316,
              46.355984977261556
            ],
            [
              -119.44508931888515,
              46.3565439774975
            ],
            [
              -119.44470985179788,
              46.356808644439504
            ],
            [
              -119.44434531845243,
              46.35696937764836
            ],
            [
              -119.44389351865452,
              46.35728504443368
            ],
            [
              -119.44305431873924,
              46.35787437796
            ],
            [
              -119.4423496515266,
              46.35846564476852
            ],
            [
              -119.44200885171776,
              46.35882824459082
            ],
            [
              -119.44121685145848,
              46.35943024466042
            ],
            [
              -119.43984651832297,
              46.36079597874997
            ],
            [
              -119.4393799190121,
              46.361418178268515
            ],
            [
              -119.43899145234755,
              46.36208324530055
            ],
            [
              -119.43891225211354,
              46.36235057888355
            ],
            [
              -119.43862745175544,
              46.36304064526343
            ],
            [
              -119.43843751894958,
              46.363377779104916
            ],
            [
              -119.43841311843076,
              46.363562645376916
            ],
            [
              -119.43842171844304,
              46.36367957850896
            ],
            [
              -119.43839051907607,
              46.36396817855801
            ],
            [
              -119.43831031888901,
              46.36431197871946
            ],
            [
              -119.43788271878685,
              46.36511744538285
            ],
            [
              -119.43782771928915,
              46.36539784586181
            ],
            [
              -119.43763691867802,
              46.3657303791438
            ],
            [
              -119.43762711893024,
              46.36575524571233
            ],
            [
              -119.43756625290264,
              46.36590744549451
            ],
            [
              -119.43732025301131,
              46.36634004552141
            ],
            [
              -119.43712245272897,
              46.366627846011426
            ],
            [
              -119.43681385224012,
              46.36721497932454
            ],
            [
              -119.43667825299035,
              46.367559779329376
            ],
            [
              -119.4366554528126,
              46.36772217897413
            ],
            [
              -119.43670211971528,
              46.36801837916261
            ],
            [
              -119.4367504525126,
              46.36828724604771
            ],
            [
              -119.43672591984603,
              46.36841837948153
            ],
            [
              -119.43654451941774,
              46.36898464627789
            ],
            [
              -119.43634565258819,
              46.36963704592596
            ],
            [
              -119.43612392002733,
              46.370087179298324
            ],
            [
              -119.43608511956057,
              46.37020504617729
            ],
            [
              -119.43594965349912,
              46.370387979567035
            ],
            [
              -119.43568791969541,
              46.37075344604235
            ],
            [
              -119.43561752029669,
              46.37091244600885
            ],
            [
              -119.43560951963191,
              46.37107004622237
            ],
            [
              -119.43541151956708,
              46.371470379577616
            ],
            [
              -119.43529205379464,
              46.371801379699086
            ],
            [
              -119.43524485309811,
              46.37199584648622
            ],
            [
              -119.43520525350138,
              46.373054446235685
            ],
            [
              -119.43514185377384,
              46.37356417976383
            ],
            [
              -119.4350228541606,
              46.37382317958497
            ],
            [
              -119.43495985399805,
              46.37405857964582
            ],
            [
              -119.4347013208765,
              46.37486337995931
            ],
            [
              -119.43461385360102,
              46.37513698000205
            ],
            [
              -119.434533854237,
              46.37527817986251
            ],
            [
              -119.4344472537262,
              46.37550064652477
            ],
            [
              -119.43422505396563,
              46.37586978022807
            ],
            [
              -119.43408272038076,
              46.37615624692609
            ],
            [
              -119.43400332036424,
              46.37642357983857
            ],
            [
              -119.43384525390753,
              46.37675997997
            ],
            [
              -119.43364645471272,
              46.3770926465218
            ],
            [
              -119.43327452109052,
              46.377676580522056
            ],
            [
              -119.4330917211442,
              46.377900979950994
            ],
            [
              -119.43293385446998,
              46.37807098042715
            ],
            [
              -119.43267172110131,
              46.3783058467557
            ],
            [
              -119.43210165422593,
              46.378732180084285
            ],
            [
              -119.43165732129893,
              46.37900698036805
            ],
            [
              -119.43107985414686,
              46.37926664709598
            ],
            [
              -119.43053192046705,
              46.379363980345126
            ],
            [
              -119.43020825408857,
              46.379357447248054
            ],
            [
              -119.4296136535061,
              46.379316047020374
            ],
            [
              -119.42922565404123,
              46.37924324749402
            ],
            [
              -119.4284325206406,
              46.37907558080097
            ],
            [
              -119.4277824533607,
              46.37897684723238
            ],
            [
              -119.42715705297624,
              46.37890018091419
            ],
            [
              -119.42581771942521,
              46.37889718101927
            ],
            [
              -119.42484285262545,
              46.378949248088055
            ],
            [
              -119.42413771925364,
              46.379040780973
            ],
            [
              -119.42377425245537,
              46.37912944805972
            ],
            [
              -119.42275085307574,
              46.3794796478342
            ],
            [
              -119.42239491974257,
              46.37955018153799
            ],
            [
              -119.42159425287686,
              46.37961224822187
            ],
            [
              -119.42052511891292,
              46.37961238174025
            ],
            [
              -119.42019925284588,
              46.37956978147547
            ],
            [
              -119.41989085213953,
              46.37948624839378
            ],
            [
              -119.41955051848983,
              46.379313381663835
            ],
            [
              -119.41903571852941,
              46.37895078213198
            ],
            [
              -119.4185361186875,
              46.37851138196079
            ],
            [
              -119.41837765162526,
              46.37826264821347
            ],
            [
              -119.41830625227352,
              46.37826424831962
            ],
            [
              -119.4182195185744,
              46.378293048786446
            ],
            [
              -119.4181086517737,
              46.37828638203967
            ],
            [
              -119.41729245181868,
              46.37873118226984
            ],
            [
              -119.41721665204923,
              46.378772381942525
            ],
            [
              -119.41650025177691,
              46.37916204906742
            ],
            [
              -119.41660231878285,
              46.37926338233635
            ],
            [
              -119.41674505193274,
              46.37945818219148
            ],
            [
              -119.41692751890822,
              46.37959398204786
            ],
            [
              -119.41715725213388,
              46.379701448453076
            ],
            [
              -119.41786185171182,
              46.379938782150134
            ],
            [
              -119.41814765202295,
              46.38007218180826
            ],
            [
              -119.41862265260411,
              46.38044438204349
            ],
            [
              -119.41897131884888,
              46.380648782210386
            ],
            [
              -119.41954185292391,
              46.38090218170897
            ],
            [
              -119.41992231892371,
              46.3810020488266
            ],
            [
              -119.42067511915121,
              46.38109864824034
            ],
            [
              -119.42109525342296,
              46.38110324803727
            ],
            [
              -119.42144325268556,
              46.381086847979304
            ],
            [
              -119.42210945344281,
              46.38096938144214
            ],
            [
              -119.42313145330439,
              46.38068658152812
            ],
            [
              -119.42482745376498,
              46.38018258105612
            ],
            [
              -119.42555552050287,
              46.38003224794169
            ],
            [
              -119.4262933203944,
              46.379944448031495
            ],
            [
              -119.42702232049115,
              46.37990658072336
            ],
            [
              -119.42821092022754,
              46.379917247775616
            ]
          ],
          [
            [
              -119.47184124231865,
              46.29202597056288
            ],
            [
              -119.47197564287345,
              46.292144437180816
            ],
            [
              -119.47223684288328,
              46.292453837693294
            ],
            [
              -119.47258530934555,
              46.29285123757136
            ],
            [
              -119.47277504340946,
              46.2932837708713
            ],
            [
              -119.47289444258773,
              46.29345677101225
            ],
            [
              -119.47328964358738,
              46.293844037677516
            ],
            [
              -119.47344044295566,
              46.29403443715779
            ],
            [
              -119.47382030960793,
              46.29444923732844
            ],
            [
              -119.47425571059236,
              46.29481323736022
            ],
            [
              -119.474517243573,
              46.29505517081138
            ],
            [
              -119.4746354440563,
              46.2952326372203
            ],
            [
              -119.4749757100713,
              46.295549170913276
            ],
            [
              -119.47519784427823,
              46.29600343728479
            ],
            [
              -119.47542784388058,
              46.296187437192565
            ],
            [
              -119.4757995111261,
              46.29661143703304
            ],
            [
              -119.47629064414409,
              46.297437970696755
            ],
            [
              -119.47643384449367,
              46.29776337025437
            ],
            [
              -119.47648084436716,
              46.29794677042602
            ],
            [
              -119.4764495107713,
              46.29803283724393
            ],
            [
              -119.47611651080419,
              46.29785103694594
            ],
            [
              -119.47534084380479,
              46.2972378373332
            ],
            [
              -119.47519871104294,
              46.29716443742283
            ],
            [
              -119.47511171096716,
              46.29715737040179
            ],
            [
              -119.47501711083214,
              46.297190837016004
            ],
            [
              -119.47420971067189,
              46.29721283750605
            ],
            [
              -119.47390951041282,
              46.29717423779071
            ],
            [
              -119.47371964420111,
              46.29712903760524
            ],
            [
              -119.47352211029546,
              46.29700277064048
            ],
            [
              -119.47328351068087,
              46.29680543735069
            ],
            [
              -119.47285691053176,
              46.29650417098122
            ],
            [
              -119.47271431057021,
              46.29635877101722
            ],
            [
              -119.47266591013813,
              46.29614377112337
            ],
            [
              -119.47282424401205,
              46.296086371150075
            ],
            [
              -119.47286424317379,
              46.2960583706678
            ],
            [
              -119.47288784352205,
              46.29600857050905
            ],
            [
              -119.47283264320129,
              46.295960237660694
            ],
            [
              -119.4723579100373,
              46.29594797111231
            ],
            [
              -119.47234950980757,
              46.29602917098154
            ],
            [
              -119.47242944361795,
              46.29609497108476
            ],
            [
              -119.4724684438672,
              46.29617503769175
            ],
            [
              -119.47244510989562,
              46.296251971059796
            ],
            [
              -119.47240564348719,
              46.29624837062944
            ],
            [
              -119.47228664387391,
              46.29616083725115
            ],
            [
              -119.47216004316086,
              46.29601063745848
            ],
            [
              -119.47203310947695,
              46.29564903731129
            ],
            [
              -119.47139184303235,
              46.29462323745194
            ],
            [
              -119.47096430952438,
              46.294051970550974
            ],
            [
              -119.47096384232468,
              46.29387203785405
            ],
            [
              -119.47102744287523,
              46.29363657062614
            ],
            [
              -119.47113784247622,
              46.29340463757678
            ],
            [
              -119.47128844310257,
              46.29323037115547
            ],
            [
              -119.47138284241453,
              46.2930483708549
            ],
            [
              -119.47144544301204,
              46.29239903730185
            ],
            [
              -119.47162790894703,
              46.29217463761455
            ],
            [
              -119.47169104229788,
              46.292020170460354
            ],
            [
              -119.47184124231865,
              46.29202597056288
            ]
          ],
          [
            [
              -119.44458291811398,
              46.35778777760461
            ],
            [
              -119.4447092524504,
              46.35786157807535
            ],
            [
              -119.44471765163962,
              46.3579423780152
            ],
            [
              -119.44471745185713,
              46.35820797748759
            ],
            [
              -119.4446542519121,
              46.35834884481919
            ],
            [
              -119.44438485249553,
              46.358714444265985
            ],
            [
              -119.4442501189699,
              46.358865977865484
            ],
            [
              -119.44415531905237,
              46.359007444560014
            ],
            [
              -119.44399751897232,
              46.35917737817961
            ],
            [
              -119.44387851831853,
              46.359337244846635
            ],
            [
              -119.44371205267258,
              46.35949844456685
            ],
            [
              -119.44356925188801,
              46.35965897813016
            ],
            [
              -119.44339591871865,
              46.35982017833738
            ],
            [
              -119.44322911906136,
              46.35994077819477
            ],
            [
              -119.44311825226065,
              46.35999724445548
            ],
            [
              -119.44294345193856,
              46.36001437828063
            ],
            [
              -119.44281745161354,
              46.35998104487125
            ],
            [
              -119.44266631823389,
              46.35996184506524
            ],
            [
              -119.44227785156932,
              46.35997464445795
            ],
            [
              -119.44204845235502,
              46.3600065782977
            ],
            [
              -119.44189805151122,
              46.360005244789164
            ],
            [
              -119.44179551834611,
              46.35997584511896
            ],
            [
              -119.4418190521002,
              46.35984037850713
            ],
            [
              -119.44212825193657,
              46.35951884448863
            ],
            [
              -119.4424210519189,
              46.35922444447093
            ],
            [
              -119.44256325231544,
              46.35904157782084
            ],
            [
              -119.44276931859869,
              46.358834578353836
            ],
            [
              -119.44295991838673,
              46.35860997778493
            ],
            [
              -119.44315771866907,
              46.35841677821694
            ],
            [
              -119.44335491856333,
              46.35825044432872
            ],
            [
              -119.4436641183997,
              46.35808197782529
            ],
            [
              -119.44414771899315,
              46.35786917800724
            ],
            [
              -119.44433005173975,
              46.35781124456796
            ],
            [
              -119.44458291811398,
              46.35778777760461
            ]
          ],
          [
            [
              -119.52486025243797,
              46.27647016134699
            ],
            [
              -119.52475544570643,
              46.27645078406158
            ],
            [
              -119.5246057669931,
              46.276557376666894
            ],
            [
              -119.52346261361316,
              46.27646169353959
            ],
            [
              -119.5230023917343,
              46.27637866666864
            ],
            [
              -119.52240485476527,
              46.27615043921682
            ],
            [
              -119.52242207455997,
              46.275957386283366
            ],
            [
              -119.5223347342296,
              46.275792510382544
            ],
            [
              -119.52246622024911,
              46.27568875283665
            ],
            [
              -119.5228716070346,
              46.27573272505356
            ],
            [
              -119.52331387242084,
              46.27586614175078
            ],
            [
              -119.5238742852231,
              46.27595736542647
            ],
            [
              -119.52422970037043,
              46.27602101190239
            ],
            [
              -119.52473042919158,
              46.276014441278804
            ],
            [
              -119.52550918345494,
              46.27607166522704
            ],
            [
              -119.52569113224456,
              46.27604333518721
            ],
            [
              -119.52637866810792,
              46.27606716375005
            ],
            [
              -119.52666567023566,
              46.276105763957304
            ],
            [
              -119.52692550402453,
              46.276172389903664
            ],
            [
              -119.52705822203609,
              46.27630640390282
            ],
            [
              -119.52683601395124,
              46.276471885977585
            ],
            [
              -119.52657692102244,
              46.27654792429583
            ],
            [
              -119.526117434801,
              46.27660757065029
            ],
            [
              -119.52565333797406,
              46.276656034928585
            ],
            [
              -119.52534352838487,
              46.27660908599119
            ],
            [
              -119.52507010938604,
              46.276556470482106
            ],
            [
              -119.5248151338497,
              46.276548575885926
            ],
            [
              -119.52486025243797,
              46.27647016134699
            ]
          ],
          [
            [
              -119.4787176394048,
              46.27402036879087
            ],
            [
              -119.47878110676703,
              46.274059435779826
            ],
            [
              -119.47937490717896,
              46.27535156876351
            ],
            [
              -119.47956590653203,
              46.27577496898673
            ],
            [
              -119.47959690715705,
              46.27600836906113
            ],
            [
              -119.47962850712955,
              46.276129035832305
            ],
            [
              -119.47963690735934,
              46.27625496902669
            ],
            [
              -119.47965250704283,
              46.27652916914128
            ],
            [
              -119.47960570695183,
              46.27660216878681
            ],
            [
              -119.47954184002461,
              46.27663063590368
            ],
            [
              -119.4792968400863,
              46.27667623561712
            ],
            [
              -119.47898883998548,
              46.27665156874006
            ],
            [
              -119.47891690683986,
              46.27658563595999
            ],
            [
              -119.47849710657945,
              46.27518616889188
            ],
            [
              -119.47854464024684,
              46.2747035688647
            ],
            [
              -119.47863150609373,
              46.274553235429536
            ],
            [
              -119.47870943999807,
              46.274349169158555
            ],
            [
              -119.47867850700776,
              46.27426416913139
            ],
            [
              -119.47861530706275,
              46.27425656908702
            ],
            [
              -119.4785679065837,
              46.27420356869137
            ],
            [
              -119.47855983932479,
              46.27410023535754
            ],
            [
              -119.47860704002132,
              46.27401383532732
            ],
            [
              -119.4787176394048,
              46.27402036879087
            ]
          ],
          [
            [
              -119.49985684104638,
              46.26029783255687
            ],
            [
              -119.49965964011159,
              46.260117765968424
            ],
            [
              -119.49950090667267,
              46.260022165648394
            ],
            [
              -119.49915250680456,
              46.25984523263967
            ],
            [
              -119.49889970702452,
              46.259769766103645
            ],
            [
              -119.49809210708175,
              46.25934643288172
            ],
            [
              -119.49778404038678,
              46.25916403223984
            ],
            [
              -119.49745183954967,
              46.25901376625356
            ],
            [
              -119.49685823996076,
              46.25865336577617
            ],
            [
              -119.4967162393467,
              46.258588832937704
            ],
            [
              -119.49669223943341,
              46.25849943288836
            ],
            [
              -119.49681130668141,
              46.25846536565057
            ],
            [
              -119.49696930654395,
              46.25847543265716
            ],
            [
              -119.4975859060931,
              46.258646432636375
            ],
            [
              -119.4978233070127,
              46.258749232512805
            ],
            [
              -119.49819484002936,
              46.2588626322271
            ],
            [
              -119.49896230658149,
              46.25921483207885
            ],
            [
              -119.4991840401829,
              46.259358565900676
            ],
            [
              -119.49932630717362,
              46.259472565788634
            ],
            [
              -119.49976924058257,
              46.25984076580058
            ],
            [
              -119.50001404073838,
              46.259916566046364
            ],
            [
              -119.50006864067112,
              46.25995363233128
            ],
            [
              -119.5001336407397,
              46.26005303269898
            ],
            [
              -119.5001791068663,
              46.2602536321338
            ],
            [
              -119.50001410733255,
              46.26031263220876
            ],
            [
              -119.49985684104638,
              46.26029783255687
            ]
          ],
          [
            [
              -119.47401724104449,
              46.28138983620023
            ],
            [
              -119.474080640772,
              46.2814334363667
            ],
            [
              -119.47406530746518,
              46.281514969857724
            ],
            [
              -119.47400104097296,
              46.28161976989399
            ],
            [
              -119.47386670701233,
              46.28176223612194
            ],
            [
              -119.47376484082942,
              46.28187257006774
            ],
            [
              -119.47358230725976,
              46.28201143642943
            ],
            [
              -119.47344824071632,
              46.28214923670202
            ],
            [
              -119.47340930706125,
              46.282168169713124
            ],
            [
              -119.4732029078072,
              46.28230317006189
            ],
            [
              -119.47303764085625,
              46.282414636966394
            ],
            [
              -119.4729022403484,
              46.28257063631811
            ],
            [
              -119.4723727074692,
              46.282915036832215
            ],
            [
              -119.47221504057752,
              46.282994970256475
            ],
            [
              -119.47208844090498,
              46.28298877009167
            ],
            [
              -119.47208010726938,
              46.282755036597884
            ],
            [
              -119.47217490718691,
              46.282599836707945
            ],
            [
              -119.4722779075517,
              46.28216577000755
            ],
            [
              -119.47232470660215,
              46.28199356982343
            ],
            [
              -119.47242004031355,
              46.28187016963008
            ],
            [
              -119.47253884014431,
              46.28180456961225
            ],
            [
              -119.47264090715025,
              46.28179783644072
            ],
            [
              -119.47297350755238,
              46.28171843629999
            ],
            [
              -119.4731626401877,
              46.28165603621727
            ],
            [
              -119.47326664050553,
              46.28160423673077
            ],
            [
              -119.4734165075555,
              46.281569436676214
            ],
            [
              -119.47363704038084,
              46.281510770143065
            ],
            [
              -119.47386704102371,
              46.281375236403896
            ],
            [
              -119.47401724104449,
              46.28138983620023
            ]
          ],
          [
            [
              -119.53600205062719,
              46.27733582989
            ],
            [
              -119.53589065003261,
              46.277315830097045
            ],
            [
              -119.5343171162441,
              46.27682863018242
            ],
            [
              -119.53417551623559,
              46.27673743025204
            ],
            [
              -119.53416711704632,
              46.276598029827014
            ],
            [
              -119.53423825002143,
              46.27653796345257
            ],
            [
              -119.53437271612985,
              46.27653936300511
            ],
            [
              -119.53555124974177,
              46.27677422985108
            ],
            [
              -119.53578811686752,
              46.276850029697755
            ],
            [
              -119.53619905073896,
              46.277043429731
            ],
            [
              -119.53629445000401,
              46.27712682957187
            ],
            [
              -119.53629425022149,
              46.27718982957961
            ],
            [
              -119.53621465042245,
              46.277277163138784
            ],
            [
              -119.53611985050495,
              46.27732416328505
            ],
            [
              -119.53600205062719,
              46.27733582989
            ]
          ],
          [
            [
              -119.48411125182169,
              46.316377602346954
            ],
            [
              -119.4843362964018,
              46.31646442210419
            ],
            [
              -119.48464820162617,
              46.31654328533649
            ],
            [
              -119.484850074558,
              46.316661379104175
            ],
            [
              -119.48483352902922,
              46.31675251041068
            ],
            [
              -119.48481279639226,
              46.31685536227745
            ],
            [
              -119.48445239916886,
              46.31683384687443
            ],
            [
              -119.48427234935349,
              46.31685627641958
            ],
            [
              -119.48398585812791,
              46.31677346456729
            ],
            [
              -119.48378886425931,
              46.31679852517326
            ],
            [
              -119.48330712934307,
              46.31665747458221
            ],
            [
              -119.48306932781793,
              46.31656156396836
            ],
            [
              -119.48318958127449,
              46.31643772133877
            ],
            [
              -119.48331247040332,
              46.31642970528537
            ],
            [
              -119.48355347052953,
              46.31629264381399
            ],
            [
              -119.48411125182169,
              46.316377602346954
            ]
          ],
          [
            [
              -119.476818646398,
              46.30462657110477
            ],
            [
              -119.47681051254489,
              46.304694437561814
            ],
            [
              -119.47676331288889,
              46.304780771239145
            ],
            [
              -119.4764396465104,
              46.305210837494464
            ],
            [
              -119.475988845625,
              46.30561677126889
            ],
            [
              -119.4758541131399,
              46.30583117113869
            ],
            [
              -119.47571931302011,
              46.30596003780092
            ],
            [
              -119.47511031248968,
              46.30634677110248
            ],
            [
              -119.4749998462945,
              46.306452571643305
            ],
            [
              -119.47482644653097,
              46.30657337118596
            ],
            [
              -119.47455624590333,
              46.3067772383637
            ],
            [
              -119.47437451250421,
              46.30682163775143
            ],
            [
              -119.47438291273397,
              46.30674043807329
            ],
            [
              -119.47469931306456,
              46.30643203834689
            ],
            [
              -119.47533211268524,
              46.30598183781407
            ],
            [
              -119.47544264651513,
              46.30594357133843
            ],
            [
              -119.47548204632938,
              46.30590217154749
            ],
            [
              -119.47588484634772,
              46.305461437761885
            ],
            [
              -119.47619371321323,
              46.30523863777804
            ],
            [
              -119.47633604575758,
              46.30509617078968
            ],
            [
              -119.47655704578263,
              46.304812370722686
            ],
            [
              -119.47677084635397,
              46.30459177129964
            ],
            [
              -119.476818646398,
              46.30462657110477
            ]
          ],
          [
            [
              -119.46795592013679,
              46.344968640952914
            ],
            [
              -119.46799645309241,
              46.34503537419212
            ],
            [
              -119.46794825348336,
              46.34543224152236
            ],
            [
              -119.46788571948005,
              46.34553717422388
            ],
            [
              -119.46763152018198,
              46.34573604134972
            ],
            [
              -119.46747372010194,
              46.34596904127727
            ],
            [
              -119.46739505366176,
              46.346056241451606
            ],
            [
              -119.46729965335619,
              46.34611677460016
            ],
            [
              -119.46720531959785,
              46.3461279747516
            ],
            [
              -119.46715665278913,
              46.346043441671945
            ],
            [
              -119.46726771937234,
              46.34555057461106
            ],
            [
              -119.46741812021615,
              46.3453538415709
            ],
            [
              -119.46774231934796,
              46.34505884088528
            ],
            [
              -119.46785385313085,
              46.344979841339644
            ],
            [
              -119.46795592013679,
              46.344968640952914
            ]
          ],
          [
            [
              -119.51313411228955,
              46.27186016506644
            ],
            [
              -119.51262864487724,
              46.27143476525919
            ],
            [
              -119.51217831119153,
              46.270963165044634
            ],
            [
              -119.51202084512286,
              46.27076856538828
            ],
            [
              -119.51185504437805,
              46.27058783189939
            ],
            [
              -119.51175204505381,
              46.270432565177984
            ],
            [
              -119.51178324442077,
              46.2703462320124
            ],
            [
              -119.51191824432308,
              46.27037943161463
            ],
            [
              -119.51220204472814,
              46.270584764920926
            ],
            [
              -119.51254964546624,
              46.2709415654318
            ],
            [
              -119.51281091207025,
              46.271255231541474
            ],
            [
              -119.51291404562336,
              46.27145996529921
            ],
            [
              -119.51300804537037,
              46.27156596487252
            ],
            [
              -119.51317384507462,
              46.271692832080355
            ],
            [
              -119.5132299121601,
              46.27176356531575
            ],
            [
              -119.51322891220705,
              46.271862632114164
            ],
            [
              -119.51313411228955,
              46.27186016506644
            ]
          ],
          [
            [
              -119.47493770353188,
              46.26326123496753
            ],
            [
              -119.47524623742655,
              46.263412035312584
            ],
            [
              -119.4753734374871,
              46.263692835097885
            ],
            [
              -119.47546103691037,
              46.26398343543529
            ],
            [
              -119.4754608371279,
              46.264041968229705
            ],
            [
              -119.47539770377705,
              46.26409296856621
            ],
            [
              -119.47527863756962,
              46.26400543487629
            ],
            [
              -119.47500143727075,
              46.26365583536418
            ],
            [
              -119.47474010303205,
              46.26320263515756
            ],
            [
              -119.47479523675865,
              46.2631609685396
            ],
            [
              -119.47493770353188,
              46.26326123496753
            ]
          ],
          [
            [
              -119.50064724096458,
              46.26005103201737
            ],
            [
              -119.50025930705337,
              46.25985696555445
            ],
            [
              -119.50019610710837,
              46.25979536574557
            ],
            [
              -119.50019610710837,
              46.25974596570641
            ],
            [
              -119.50027530734238,
              46.259735165849186
            ],
            [
              -119.50035410697087,
              46.2597513656342
            ],
            [
              -119.50057570738396,
              46.259850032566845
            ],
            [
              -119.50078184026135,
              46.25998516559572
            ],
            [
              -119.50082144089865,
              46.26003816535236
            ],
            [
              -119.50076650695453,
              46.26007096545029
            ],
            [
              -119.50064724096458,
              46.26005103201737
            ]
          ],
          [
            [
              -119.53374764975679,
              46.276553363562726
            ],
            [
              -119.53362164943175,
              46.27651542964518
            ],
            [
              -119.53362891652014,
              46.27643456332012
            ],
            [
              -119.53387484981734,
              46.27640182982905
            ],
            [
              -119.53396964973487,
              46.276404363557575
            ],
            [
              -119.53403325028539,
              46.27645236341527
            ],
            [
              -119.53402444945009,
              46.27649763028973
            ],
            [
              -119.53387484981734,
              46.276572829991935
            ],
            [
              -119.53374764975679,
              46.276553363562726
            ]
          ],
          [
            [
              -119.47615870445182,
              46.267689968500534
            ],
            [
              -119.4762457045276,
              46.26789523563544
            ],
            [
              -119.4762066376842,
              46.267927435446204
            ],
            [
              -119.47609610489485,
              46.26791643507516
            ],
            [
              -119.47603223796763,
              46.26784116882704
            ],
            [
              -119.47600083777762,
              46.267724968706425
            ],
            [
              -119.47603223796763,
              46.26767936873791
            ],
            [
              -119.47610283818939,
              46.26765976895431
            ],
            [
              -119.47615870445182,
              46.267689968500534
            ]
          ]
        ]
      },
      "properties": {
        "OBJECTID": 188865,
        "PERMANENT_IDENTIFIER": "153011766",
        "FDATE": 1536624000000,
        "RESOLUTION": 2,
        "GNIS_ID": null,
        "GNIS_NAME": null,
        "AREASQKM": 2.46118216,
        "ELEVATION": null,
        "FTYPE": 460,
        "FCODE": 46006,
        "VISIBILITYFILTER": 5000000,
        "SHAPE_Length": 93966.18920543572,
        "SHAPE_Area": 5156662.951000246,
        "GLOBALID": "{E7261E0A-4CA9-11E1-BCF4-0021280458E6}"
      }
    }
  ]
}