{
  "type": "FeatureCollection",
  "features": [
    {
      "type": "Feature",
      "id": 23391,
      "geometry": {
        "type": "Polygon",
        "coordinates": [
          [
            [
              -116.30330703052566,
              43.66931805788383
            ],
            [
              -116.30345927207387,
              43.6691598191423
            ],
            [
              -116.30390443742793,
              43.669105349212614
            ],
            [
              -116.30362587923241,
              43.66904679831083
            ],
            [
              -116.30332187998424,
              43.668991443902215
            ],
            [
              -116.3030548082419,
              43.668808852644865
            ],
            [
              -116.30269313012133,
              43.66869463893203
            ],
            [
              -116.30242663067258,
              43.66857566514258
            ],
            [
              -116.30205067538705,
              43.66855187110907
            ],
            [
              -116.30171279219459,
              43.668356754861264
            ],
            [
              -116.30148436379837,
              43.66829488922564
            ],
            [
              -116.30126069376347,
              43.66820922860428
            ],
            [
              -116.3010084714797,
              43.66812356786063
            ],
            [
              -116.30078480248532,
              43.66805694358954
            ],
            [
              -116.30046119437674,
              43.667966523473666
            ],
            [
              -116.30018993656671,
              43.667880863136325
            ],
            [
              -116.2999281954793,
              43.667823755424166
            ],
            [
              -116.29963790110247,
              43.66772381811436
            ],
            [
              -116.29962838333932,
              43.667538220564474
            ],
            [
              -116.29969976708307,
              43.667500149297766
            ],
            [
              -116.29976639246551,
              43.66738117690406
            ],
            [
              -116.2996633754522,
              43.667354581670075
            ],
            [
              -116.29964741990611,
              43.66729075652286
            ],
            [
              -116.2995046513781,
              43.66725268509919
            ],
            [
              -116.2991144189276,
              43.66706232837128
            ],
            [
              -116.29886219664382,
              43.666933837389244
            ],
            [
              -116.29856238450388,
              43.66674348115559
            ],
            [
              -116.29836250939708,
              43.66668161536261
            ],
            [
              -116.29821498250774,
              43.66655788283262
            ],
            [
              -116.29804842113268,
              43.66651505242677
            ],
            [
              -116.2979770363484,
              43.66640083811273
            ],
            [
              -116.29774860899273,
              43.666300900691944
            ],
            [
              -116.29762163576855,
              43.666184749283794
            ],
            [
              -116.29744403745094,
              43.666091508249764
            ],
            [
              -116.2971727796409,
              43.66594874100944
            ],
            [
              -116.2970871187322,
              43.66578217905087
            ],
            [
              -116.29652556862642,
              43.66547108316506
            ],
            [
              -116.29620043509523,
              43.665213083226554
            ],
            [
              -116.2959887686588,
              43.66513068270685
            ],
            [
              -116.29561076872425,
              43.664900150032246
            ],
            [
              -116.29546716880968,
              43.664790349568044
            ],
            [
              -116.29538396876353,
              43.66462568274371
            ],
            [
              -116.29518756799925,
              43.6644884828775
            ],
            [
              -116.29398543507958,
              43.66388995003422
            ],
            [
              -116.2936378343415,
              43.66369774975203
            ],
            [
              -116.29294983440005,
              43.663472683168784
            ],
            [
              -116.292171150893,
              43.66342175268659
            ],
            [
              -116.2914287591256,
              43.66332657509847
            ],
            [
              -116.29015812682202,
              43.66318380730422
            ],
            [
              -116.28953946597534,
              43.66300772685816
            ],
            [
              -116.28921110054596,
              43.66288399578829
            ],
            [
              -116.28883038689915,
              43.66279357616027
            ],
            [
              -116.28828311083673,
              43.66271743360619
            ],
            [
              -116.28778818195126,
              43.66267936154021
            ],
            [
              -116.28725042365195,
              43.662584183527805
            ],
            [
              -116.28676025520886,
              43.66253659371227
            ],
            [
              -116.28636526439706,
              43.662441416226294
            ],
            [
              -116.28565142695959,
              43.662379550516015
            ],
            [
              -116.28539444423346,
              43.66232244283931
            ],
            [
              -116.28515649807412,
              43.66236051362616
            ],
            [
              -116.28492331131663,
              43.66239382629758
            ],
            [
              -116.28437603421365,
              43.662431898544696
            ],
            [
              -116.28380963209851,
              43.66226868407104
            ],
            [
              -116.2834718394325,
              43.662260577759184
            ],
            [
              -116.28319106281882,
              43.66227961317525
            ],
            [
              -116.28257716137394,
              43.662155880604736
            ],
            [
              -116.2819394660415,
              43.662003595287906
            ],
            [
              -116.28158730568406,
              43.66194172987922
            ],
            [
              -116.2812541808529,
              43.661775167341176
            ],
            [
              -116.28083539615352,
              43.66156577492045
            ],
            [
              -116.28040233324867,
              43.661227891370736
            ],
            [
              -116.28008348558245,
              43.66102801645248
            ],
            [
              -116.27985029882498,
              43.6609423559997
            ],
            [
              -116.27953145115875,
              43.660823383405834
            ],
            [
              -116.27934109381508,
              43.660713927778986
            ],
            [
              -116.27926019230819,
              43.66059019574549
            ],
            [
              -116.2791608317308,
              43.66064828441766
            ],
            [
              -116.27896436437233,
              43.66054948388368
            ],
            [
              -116.27879381775261,
              43.660371284947495
            ],
            [
              -116.27842023072215,
              43.66017608414559
            ],
            [
              -116.2782009642265,
              43.66008268397706
            ],
            [
              -116.27772476390982,
              43.65996175096189
            ],
            [
              -116.27726620376347,
              43.65990491123147
            ],
            [
              -116.27689976624109,
              43.65972883095471
            ],
            [
              -116.27683790026046,
              43.659628893718235
            ],
            [
              -116.27662895065794,
              43.65959300425712
            ],
            [
              -116.27665706067992,
              43.65970503642556
            ],
            [
              -116.27660471350296,
              43.65991918760148
            ],
            [
              -116.27646670437674,
              43.65995250012199
            ],
            [
              -116.2756243755762,
              43.65984780421194
            ],
            [
              -116.27511041116448,
              43.65971455453945
            ],
            [
              -116.27482963455078,
              43.65969075925184
            ],
            [
              -116.27459168839145,
              43.65960034083679
            ],
            [
              -116.27412531487643,
              43.659557510736356
            ],
            [
              -116.27351617179288,
              43.65940998317913
            ],
            [
              -116.27326394846857,
              43.65913396564899
            ],
            [
              -116.27299745006039,
              43.65886746660376
            ],
            [
              -116.27294986020419,
              43.65846771694727
            ],
            [
              -116.27273570897293,
              43.65813935088772
            ],
            [
              -116.27250252117489,
              43.65781098529077
            ],
            [
              -116.27226457501554,
              43.657577797975655
            ],
            [
              -116.27193620958623,
              43.65728274481514
            ],
            [
              -116.2717268167163,
              43.65706859402238
            ],
            [
              -116.27157453146566,
              43.656863960278905
            ],
            [
              -116.27132230814135,
              43.65669739795743
            ],
            [
              -116.27097490718575,
              43.65644517508033
            ],
            [
              -116.27070840669647,
              43.65623102280613
            ],
            [
              -116.27046570217584,
              43.65598831893324
            ],
            [
              -116.27021823825335,
              43.655674229492114
            ],
            [
              -116.27006595300274,
              43.655460078232615
            ],
            [
              -116.26964240786103,
              43.655126953620616
            ],
            [
              -116.26939494393856,
              43.6548223823277
            ],
            [
              -116.26907609627234,
              43.654455946155046
            ],
            [
              -116.26887622116551,
              43.654346490966
            ],
            [
              -116.26874016199977,
              43.65388275135313
            ],
            [
              -116.2685954445518,
              43.65365644717566
            ],
            [
              -116.26851930244679,
              43.6535041613811
            ],
            [
              -116.26826232076117,
              43.653418499981406
            ],
            [
              -116.26824804359623,
              43.65331380397122
            ],
            [
              -116.26833846390676,
              43.65329000991136
            ],
            [
              -116.26837177555745,
              43.65323290187054
            ],
            [
              -116.26837653391875,
              43.652880743076764
            ],
            [
              -116.26824804359623,
              43.65267134975181
            ],
            [
              -116.2681909359769,
              43.65250478784698
            ],
            [
              -116.26827659688561,
              43.652395332113166
            ],
            [
              -116.2680081610034,
              43.652120550927954
            ],
            [
              -116.26787216114808,
              43.65198335109385
            ],
            [
              -116.26776739187572,
              43.6517005295508
            ],
            [
              -116.2669959608896,
              43.651027950923975
            ],
            [
              -116.26676801842272,
              43.651043797665615
            ],
            [
              -116.26641585702475,
              43.6510342804359
            ],
            [
              -116.26609700935855,
              43.65102952219693
            ],
            [
              -116.26558304598731,
              43.651067592615476
            ],
            [
              -116.26509763590552,
              43.65096289702424
            ],
            [
              -116.26431276018154,
              43.65070308502274
            ],
            [
              -116.26381272643701,
              43.650487004441146
            ],
            [
              -116.26364140566012,
              43.65036327316729
            ],
            [
              -116.26317503110455,
              43.65009201377511
            ],
            [
              -116.26291804941899,
              43.64996828244044
            ],
            [
              -116.26263727280526,
              43.64975889025453
            ],
            [
              -116.26243263829663,
              43.64960660436457
            ],
            [
              -116.26245643322474,
              43.64940197154477
            ],
            [
              -116.2624136038109,
              43.64919733652193
            ],
            [
              -116.26230890737592,
              43.64875951613623
            ],
            [
              -116.2620519246498,
              43.64808374907491
            ],
            [
              -116.26192819268857,
              43.647864838610566
            ],
            [
              -116.2617330769836,
              43.64766972289148
            ],
            [
              -116.26165693383801,
              43.64741750049728
            ],
            [
              -116.26101448014428,
              43.6470177506647
            ],
            [
              -116.26061804715256,
              43.64687952044884
            ],
            [
              -116.26029112286261,
              43.646765527791715
            ],
            [
              -116.25981047218264,
              43.64659896607301
            ],
            [
              -116.2592060885009,
              43.6464324038924
            ],
            [
              -116.25887296366969,
              43.64640860861212
            ],
            [
              -116.25858742973526,
              43.64641336797008
            ],
            [
              -116.25829713431789,
              43.64642288593202
            ],
            [
              -116.2580115993429,
              43.64641812657476
            ],
            [
              -116.2579544917236,
              43.64650854601548
            ],
            [
              -116.25775937601863,
              43.646532341256176
            ],
            [
              -116.2574833577662,
              43.64639433204172
            ],
            [
              -116.25732155475244,
              43.64624204665663
            ],
            [
              -116.25719782383176,
              43.646127832929125
            ],
            [
              -116.2569884309618,
              43.64591368075773
            ],
            [
              -116.25689801065126,
              43.645728082796346
            ],
            [
              -116.25693608170378,
              43.6455520023614
            ],
            [
              -116.25668861778132,
              43.6451617710761
            ],
            [
              -116.25657440462373,
              43.64490478921546
            ],
            [
              -116.2555655123671,
              43.64441462053473
            ],
            [
              -116.25503251242908,
              43.64417667437394
            ],
            [
              -116.25469462923661,
              43.64402438939059
            ],
            [
              -116.25439957545794,
              43.64400535345817
            ],
            [
              -116.25386181715866,
              43.64397679992471
            ],
            [
              -116.25349062127498,
              43.64396252352936
            ],
            [
              -116.25303852492492,
              43.6438768620742
            ],
            [
              -116.25253127299706,
              43.64351898525882
            ],
            [
              -116.2522628204663,
              43.643329586373234
            ],
            [
              -116.25188686518074,
              43.64293459532456
            ],
            [
              -116.251477597204,
              43.642549124019475
            ],
            [
              -116.25130151702527,
              43.642263587929655
            ],
            [
              -116.2511064013203,
              43.64203516018906
            ],
            [
              -116.25089700845032,
              43.6418543205059
            ],
            [
              -116.25071616991035,
              43.64167824001152
            ],
            [
              -116.25056864302101,
              43.641478366285845
            ],
            [
              -116.25035449178978,
              43.641235661528434
            ],
            [
              -116.2499404654517,
              43.640854947404115
            ],
            [
              -116.249321804605,
              43.64049326942467
            ],
            [
              -116.24898868081436,
              43.64045043849806
            ],
            [
              -116.24861272552883,
              43.64045995740473
            ],
            [
              -116.24796075303142,
              43.64036953714303
            ],
            [
              -116.2473658871128,
              43.64038381439221
            ],
            [
              -116.24688523643283,
              43.640255322792676
            ],
            [
              -116.24649024562105,
              43.64014110973124
            ],
            [
              -116.2461856751198,
              43.63997454696454
            ],
            [
              -116.24593345179547,
              43.63980798448912
            ],
            [
              -116.24574785385364,
              43.63972232388736
            ],
            [
              -116.24551466605563,
              43.6395510030705
            ],
            [
              -116.24530527318565,
              43.639384440926975
            ],
            [
              -116.24507684478945,
              43.6391655303878
            ],
            [
              -116.24494359506508,
              43.63898469035047
            ],
            [
              -116.24486269459875,
              43.63881812889611
            ],
            [
              -116.2446916214689,
              43.63845568561202
            ],
            [
              -116.24446455409098,
              43.63797275232657
            ],
            [
              -116.24423715374222,
              43.63723195178397
            ],
            [
              -116.24398722063292,
              43.636705151651256
            ],
            [
              -116.24272926827487,
              43.6361212481942
            ],
            [
              -116.24172989378134,
              43.63624022077707
            ],
            [
              -116.24161568062375,
              43.63617359576811
            ],
            [
              -116.24152050091138,
              43.63605462305328
            ],
            [
              -116.24146339537313,
              43.635983238407675
            ],
            [
              -116.24139201058885,
              43.63581667691705
            ],
            [
              -116.24136345729946,
              43.63554541810628
            ],
            [
              -116.24125876086448,
              43.635369337949705
            ],
            [
              -116.24118261771889,
              43.63512187386754
            ],
            [
              -116.2409494309614,
              43.63476495554752
            ],
            [
              -116.240780553358,
              43.634116085353895
            ],
            [
              -116.24057641934614,
              43.63392395244303
            ],
            [
              -116.24014521899687,
              43.63341375190873
            ],
            [
              -116.23993102094161,
              43.632866144420966
            ],
            [
              -116.23966075267928,
              43.632464485757836
            ],
            [
              -116.23953603012981,
              43.63202381560434
            ],
            [
              -116.23845035167764,
              43.63087875172385
            ],
            [
              -116.23757335124867,
              43.63036328570777
            ],
            [
              -116.2372660233327,
              43.630282049931225
            ],
            [
              -116.23631423869536,
              43.6298061584514
            ],
            [
              -116.23563847231041,
              43.62934930227919
            ],
            [
              -116.23516733835305,
              43.6290685251987
            ],
            [
              -116.23512375143056,
              43.62866288552617
            ],
            [
              -116.2349344179722,
              43.62831155201806
            ],
            [
              -116.23479841707632,
              43.62821288582624
            ],
            [
              -116.23479081701707,
              43.628075552304026
            ],
            [
              -116.23474521770216,
              43.627861685259546
            ],
            [
              -116.23477234754122,
              43.62738862616391
            ],
            [
              -116.23485324904811,
              43.62668906417452
            ],
            [
              -116.23491775070097,
              43.62615995194718
            ],
            [
              -116.23496270488494,
              43.625613547515854
            ],
            [
              -116.2351578205899,
              43.62532325277139
            ],
            [
              -116.23513547096333,
              43.62524614982021
            ],
            [
              -116.23506264191805,
              43.62499488703151
            ],
            [
              -116.23508167744431,
              43.62484736119711
            ],
            [
              -116.2349599505918,
              43.62468368529592
            ],
            [
              -116.23492955035485,
              43.62448615178242
            ],
            [
              -116.23495954998629,
              43.62416775187823
            ],
            [
              -116.23489607950248,
              43.62400979110139
            ],
            [
              -116.23480801704164,
              43.62356955157141
            ],
            [
              -116.23446734938057,
              43.62272448474614
            ],
            [
              -116.23421774924209,
              43.62234035186562
            ],
            [
              -116.23401567756834,
              43.622006285057225
            ],
            [
              -116.23336321602002,
              43.621435084830935
            ],
            [
              -116.23311381566407,
              43.62122108493806
            ],
            [
              -116.2329702157495,
              43.62112228507964
            ],
            [
              -116.23256896508606,
              43.62100691103312
            ],
            [
              -116.2320121712605,
              43.620749929060274
            ],
            [
              -116.23163145761366,
              43.62064999250145
            ],
            [
              -116.23114874875775,
              43.62029968481794
            ],
            [
              -116.23009162255441,
              43.61992130804378
            ],
            [
              -116.22937933447184,
              43.61955192381059
            ],
            [
              -116.22907238322914,
              43.619219988369295
            ],
            [
              -116.22910450659019,
              43.61913075948451
            ],
            [
              -116.22914733704454,
              43.61903439006117
            ],
            [
              -116.22900214823478,
              43.618939351543375
            ],
            [
              -116.22885094826096,
              43.61881868521508
            ],
            [
              -116.22870734834638,
              43.61864295153184
            ],
            [
              -116.22857269702291,
              43.61838479787397
            ],
            [
              -116.22850314774035,
              43.61826435190195
            ],
            [
              -116.22841922140157,
              43.61798147858755
            ],
            [
              -116.22824433159356,
              43.61788868023014
            ],
            [
              -116.22815867068485,
              43.61793864894192
            ],
            [
              -116.22784101234883,
              43.61802074057584
            ],
            [
              -116.22766969157196,
              43.618006463286704
            ],
            [
              -116.22752821434642,
              43.61795188518593
            ],
            [
              -116.22738474762018,
              43.61787508540076
            ],
            [
              -116.22730315623937,
              43.61779740490697
            ],
            [
              -116.2269808373522,
              43.61776732779438
            ],
            [
              -116.22673308103975,
              43.617641083908666
            ],
            [
              -116.2262955521636,
              43.617435392293984
            ],
            [
              -116.22596004867205,
              43.61735687054055
            ],
            [
              -116.22553888323121,
              43.61726050279394
            ],
            [
              -116.22526405534956,
              43.617214103453456
            ],
            [
              -116.22494639701354,
              43.61712487385183
            ],
            [
              -116.22476436914334,
              43.61707133527401
            ],
            [
              -116.22445027983842,
              43.61701779815518
            ],
            [
              -116.22423255957607,
              43.616999952187165
            ],
            [
              -116.2238542245896,
              43.61688573786663
            ],
            [
              -116.22316180133879,
              43.61662875635889
            ],
            [
              -116.2229512180981,
              43.6165109728636
            ],
            [
              -116.22265140699868,
              43.616336082181505
            ],
            [
              -116.2223194714977,
              43.616089808330095
            ],
            [
              -116.22222310349566,
              43.61596488677506
            ],
            [
              -116.22221416635044,
              43.61572925216684
            ],
            [
              -116.22214101161806,
              43.61567221237983
            ],
            [
              -116.22211602735979,
              43.61587922608718
            ],
            [
              -116.22215528878303,
              43.61602199408367
            ],
            [
              -116.22218384207241,
              43.616089808330095
            ],
            [
              -116.22220525834014,
              43.61612906929363
            ],
            [
              -116.22215528878303,
              43.616146914766766
            ],
            [
              -116.22208747407038,
              43.616100516073615
            ],
            [
              -116.22206605884321,
              43.61605054734096
            ],
            [
              -116.22210175123537,
              43.616014855578904
            ],
            [
              -116.2220375055538,
              43.615929194962156
            ],
            [
              -116.2219125842624,
              43.61577215043234
            ],
            [
              -116.22178450599127,
              43.615408999394575
            ],
            [
              -116.22190901523128,
              43.61530815523156
            ],
            [
              -116.22198396800614,
              43.61526889373205
            ],
            [
              -116.22164132541184,
              43.61485843675053
            ],
            [
              -116.22152354218262,
              43.61480489916816
            ],
            [
              -116.2214628655322,
              43.61473351565083
            ],
            [
              -116.22138434580728,
              43.614583752069
            ],
            [
              -116.22134181294564,
              43.61446708554417
            ],
            [
              -116.22127841217758,
              43.61429288576302
            ],
            [
              -116.22127670362102,
              43.6142497129773
            ],
            [
              -116.22122911376482,
              43.614216995114745
            ],
            [
              -116.22118747264064,
              43.61423186694114
            ],
            [
              -116.22115475617532,
              43.61423781461598
            ],
            [
              -116.22112501251519,
              43.61425268643723
            ],
            [
              -116.2211488074433,
              43.61429730112554
            ],
            [
              -116.22111014120541,
              43.61430622526459
            ],
            [
              -116.22106255238978,
              43.61434786495143
            ],
            [
              -116.22098988982991,
              43.614311263643394
            ],
            [
              -116.22089004020161,
              43.61425863561668
            ],
            [
              -116.22075714633982,
              43.614172285445036
            ],
            [
              -116.22039434548323,
              43.61387595233707
            ],
            [
              -116.22004661259733,
              43.613497285778074
            ],
            [
              -116.2197318074051,
              43.613316546295934
            ],
            [
              -116.21952479423611,
              43.613130947846635
            ],
            [
              -116.2193855957797,
              43.61303101067822
            ],
            [
              -116.21899621240482,
              43.612751152575115
            ],
            [
              -116.21848241135689,
              43.612487752022744
            ],
            [
              -116.21640888960734,
              43.61174253294997
            ],
            [
              -116.21635775049019,
              43.611728579629705
            ],
            [
              -116.21617332314891,
              43.61164259648793
            ],
            [
              -116.21590563332947,
              43.61156764271396
            ],
            [
              -116.21533456233895,
              43.61143915128134
            ],
            [
              -116.21457789340658,
              43.611214293438884
            ],
            [
              -116.21292748705825,
              43.610782428324136
            ],
            [
              -116.21231859474332,
              43.610596822807636
            ],
            [
              -116.21144414258175,
              43.61029344138678
            ],
            [
              -116.21096230153104,
              43.61011498185465
            ],
            [
              -116.21011820590402,
              43.609554305997975
            ],
            [
              -116.20934545760208,
              43.60905136342186
            ],
            [
              -116.20918484391851,
              43.609037086263406
            ],
            [
              -116.20896355358451,
              43.60886933429479
            ],
            [
              -116.20878152467378,
              43.60888004106369
            ],
            [
              -116.20869943279615,
              43.60879081190389
            ],
            [
              -116.20869943279615,
              43.60868373643604
            ],
            [
              -116.20750732229857,
              43.607687932236374
            ],
            [
              -116.20706640856584,
              43.60734735271355
            ],
            [
              -116.20594074135724,
              43.60651328646106
            ],
            [
              -116.20520020798328,
              43.60600835270568
            ],
            [
              -116.20436180823854,
              43.60547055270162
            ],
            [
              -116.20398414127484,
              43.605245686107565
            ],
            [
              -116.20368194110969,
              43.60514148631709
            ],
            [
              -116.20338847414517,
              43.60512882214424
            ],
            [
              -116.2030779549119,
              43.60515023776529
            ],
            [
              -116.20280669606133,
              43.605164513585954
            ],
            [
              -116.20252473011745,
              43.605182359298844
            ],
            [
              -116.20226417940076,
              43.60522518974167
            ],
            [
              -116.20179007159761,
              43.60531204100067
            ],
            [
              -116.20077999105129,
              43.6055583145344
            ],
            [
              -116.19996978353072,
              43.605665391045214
            ],
            [
              -116.19977704648613,
              43.605683236609515
            ],
            [
              -116.1996485561636,
              43.60564040649282
            ],
            [
              -116.19948437344891,
              43.60557259176512
            ],
            [
              -116.19934874402364,
              43.60545480846586
            ],
            [
              -116.19951292673832,
              43.60527277975651
            ],
            [
              -116.19867416696889,
              43.60528705630157
            ],
            [
              -116.19797460461528,
              43.60523708762561
            ],
            [
              -116.1974820564713,
              43.6052049653678
            ],
            [
              -116.19703947684384,
              43.6050978887909
            ],
            [
              -116.19649860630778,
              43.6048786868551
            ],
            [
              -116.19595087345101,
              43.604783800769155
            ],
            [
              -116.19490153044089,
              43.604384051375966
            ],
            [
              -116.19435544474922,
              43.60398073312711
            ],
            [
              -116.19393053858919,
              43.60369875406348
            ],
            [
              -116.19376420613159,
              43.603594486794144
            ],
            [
              -116.19292593853467,
              43.60290835390988
            ],
            [
              -116.19162015387602,
              43.60193367495556
            ],
            [
              -116.19128367540425,
              43.60194762904112
            ],
            [
              -116.19093972693996,
              43.601746418333896
            ],
            [
              -116.19071843660598,
              43.60131811564545
            ],
            [
              -116.19020673743644,
              43.60081188744795
            ],
            [
              -116.18976120477393,
              43.6003891541583
            ],
            [
              -116.18917200456211,
              43.59968115422322
            ],
            [
              -116.18905880384399,
              43.599494553698555
            ],
            [
              -116.18880193765763,
              43.59928048702808
            ],
            [
              -116.18849980408667,
              43.59907195357165
            ],
            [
              -116.18735193708838,
              43.59777655383441
            ],
            [
              -116.18711773685094,
              43.59754608744161
            ],
            [
              -116.1869667366596,
              43.59715635376336
            ],
            [
              -116.18686093621822,
              43.59702468692906
            ],
            [
              -116.18631720317354,
              43.59672815404146
            ],
            [
              -116.18612840350904,
              43.5966514869097
            ],
            [
              -116.18581133619622,
              43.596585487191206
            ],
            [
              -116.18437633596298,
              43.596431753827964
            ],
            [
              -116.18395340265515,
              43.59642075396533
            ],
            [
              -116.18367400266774,
              43.59650308747762
            ],
            [
              -116.18333413621777,
              43.596656754344686
            ],
            [
              -116.18288100245546,
              43.59677755406065
            ],
            [
              -116.18254873606472,
              43.59683235408638
            ],
            [
              -116.18223913562282,
              43.59684335462736
            ],
            [
              -116.18180093560234,
              43.59677195431375
            ],
            [
              -116.18130260209013,
              43.59666768785026
            ],
            [
              -116.18105333596303,
              43.596711554480436
            ],
            [
              -116.1809778025703,
              43.59674448758899
            ],
            [
              -116.18090993583094,
              43.59671695453789
            ],
            [
              -116.18023780194966,
              43.59558075399456
            ],
            [
              -116.18020013462429,
              43.59545455396655
            ],
            [
              -116.18021533474278,
              43.59525148731942
            ],
            [
              -116.18037393499333,
              43.595020953982775
            ],
            [
              -116.1807741347176,
              43.59469715456727
            ],
            [
              -116.18088753521822,
              43.59454348721753
            ],
            [
              -116.18094040162157,
              43.59409888716444
            ],
            [
              -116.18099320143074,
              43.59393428730124
            ],
            [
              -116.18099333461909,
              43.593835487829125
            ],
            [
              -116.18073660162106,
              43.59337988740212
            ],
            [
              -116.18069880110734,
              43.59312195387849
            ],
            [
              -116.18091793441467,
              43.59257855384535
            ],
            [
              -116.18143153463954,
              43.591903487445755
            ],
            [
              -116.18159773494935,
              43.591601553675794
            ],
            [
              -116.18165813481777,
              43.5912283539368
            ],
            [
              -116.1816129340273,
              43.590734487238926
            ],
            [
              -116.18146940070689,
              43.59050935379326
            ],
            [
              -116.18123533469829,
              43.590339153564244
            ],
            [
              -116.18095600130503,
              43.590190954109005
            ],
            [
              -116.18041993387327,
              43.58996048730285
            ],
            [
              -116.18035953400485,
              43.58985608694572
            ],
            [
              -116.18034440048052,
              43.5897627538107
            ],
            [
              -116.1801857336358,
              43.58960368748548
            ],
            [
              -116.17996693433983,
              43.58945535357563
            ],
            [
              -116.1796497338387,
              43.5893950873328
            ],
            [
              -116.17921180019489,
              43.58921388729475
            ],
            [
              -116.179000333541,
              43.589158953716264
            ],
            [
              -116.17876619989767,
              43.58913148728506
            ],
            [
              -116.17807913331512,
              43.58912048759532
            ],
            [
              -116.17777713397301,
              43.589093087468825
            ],
            [
              -116.17752793339953,
              43.58900515390006
            ],
            [
              -116.17688613316108,
              43.58854948751276
            ],
            [
              -116.17628959926671,
              43.588049953807925
            ],
            [
              -116.17566293255254,
              43.58768768753279
            ],
            [
              -116.17489279911216,
              43.587358287229954
            ],
            [
              -116.1744775990519,
              43.58724848748217
            ],
            [
              -116.17400179934073,
              43.587204487334766
            ],
            [
              -116.17375259876728,
              43.58726475426368
            ],
            [
              -116.17355633223185,
              43.58734715456786
            ],
            [
              -116.17343553249502,
              43.58735808750383
            ],
            [
              -116.17326179872012,
              43.587336087474235
            ],
            [
              -116.17242373194625,
              43.58694628767187
            ],
            [
              -116.17235579861276,
              43.58699568743034
            ],
            [
              -116.1723029322094,
              43.58704508790195
            ],
            [
              -116.1725143988633,
              43.587154954345216
            ],
            [
              -116.17304293283001,
              43.587368954113614
            ],
            [
              -116.1733977319813,
              43.58747328793863
            ],
            [
              -116.17350339923438,
              43.58747335426267
            ],
            [
              -116.17407739932766,
              43.58733075440656
            ],
            [
              -116.17422079945973,
              43.58731975438779
            ],
            [
              -116.17446239893341,
              43.58736368737301
            ],
            [
              -116.17507399975796,
              43.58755588768286
            ],
            [
              -116.17555719974584,
              43.58781948709412
            ],
            [
              -116.17594240017465,
              43.58798955426459
            ],
            [
              -116.17665199951774,
              43.58857148709886
            ],
            [
              -116.17685579951825,
              43.58867028767605
            ],
            [
              -116.17708993316155,
              43.58888975441499
            ],
            [
              -116.17739193354421,
              43.58909295407067
            ],
            [
              -116.17754293373551,
              43.589147887709395
            ],
            [
              -116.17791293404585,
              43.58921375389686
            ],
            [
              -116.17827539985052,
              43.58925215363611
            ],
            [
              -116.17871333349433,
              43.58924675366252
            ],
            [
              -116.1789852000167,
              43.589274287116815
            ],
            [
              -116.17918913424604,
              43.58932368722573
            ],
            [
              -116.17953633437861,
              43.589477353584314
            ],
            [
              -116.18015560081602,
              43.58980128734996
            ],
            [
              -116.18032173453167,
              43.589998887319354
            ],
            [
              -116.18084273399275,
              43.590284287333674
            ],
            [
              -116.18128813450747,
              43.59064655380731
            ],
            [
              -116.18142413436279,
              43.59084415401616
            ],
            [
              -116.18146940174745,
              43.59103628744312
            ],
            [
              -116.18147680098362,
              43.591321687059995
            ],
            [
              -116.18144673475804,
              43.59146988749908
            ],
            [
              -116.18130320143761,
              43.5917113537727
            ],
            [
              -116.18073660162106,
              43.59249075423778
            ],
            [
              -116.18055540097525,
              43.59286395443845
            ],
            [
              -116.18050253457193,
              43.59318228722894
            ],
            [
              -116.18052513496716,
              43.59337988740212
            ],
            [
              -116.18076680207554,
              43.59389588753483
            ],
            [
              -116.18078933483606,
              43.59404955427738
            ],
            [
              -116.18075913542211,
              43.59425255414227
            ],
            [
              -116.18056273465784,
              43.594554487423316
            ],
            [
              -116.18011713540115,
              43.595026487576895
            ],
            [
              -116.17998113554583,
              43.59550948782747
            ],
            [
              -116.18001880183068,
              43.59564115420932
            ],
            [
              -116.18034353475633,
              43.5962120877654
            ],
            [
              -116.18075873585714,
              43.59686515450149
            ],
            [
              -116.18087960218814,
              43.59690368801471
            ],
            [
              -116.18115153530462,
              43.596843287560105
            ],
            [
              -116.18139320241303,
              43.59682675434459
            ],
            [
              -116.18179353532561,
              43.59689268748478
            ],
            [
              -116.1821484021116,
              43.59694215443609
            ],
            [
              -116.18255620293563,
              43.59694215443609
            ],
            [
              -116.1828507354068,
              43.59690928774937
            ],
            [
              -116.1833492021074,
              43.596804954456545
            ],
            [
              -116.18400633565267,
              43.59662388750207
            ],
            [
              -116.18430840262951,
              43.59657455442427
            ],
            [
              -116.18469353646411,
              43.596585487191206
            ],
            [
              -116.18527500342832,
              43.59664588715106
            ],
            [
              -116.18591700344928,
              43.5967392872291
            ],
            [
              -116.18643053603947,
              43.596909354063015
            ],
            [
              -116.1867477365406,
              43.5971069540551
            ],
            [
              -116.18683080339845,
              43.59737048752209
            ],
            [
              -116.18689873673193,
              43.59751308695169
            ],
            [
              -116.18822793756435,
              43.59909935367626
            ],
            [
              -116.18851493761098,
              43.599395753559584
            ],
            [
              -116.18865840433723,
              43.59946708746309
            ],
            [
              -116.18883220366575,
              43.59951095355949
            ],
            [
              -116.1890285378359,
              43.59975795388336
            ],
            [
              -116.18963273734312,
              43.60045508716259
            ],
            [
              -116.19044093767391,
              43.60119048693848
            ],
            [
              -116.19055420498621,
              43.60137168708519
            ],
            [
              -116.19075769698867,
              43.601614359172025
            ],
            [
              -116.19038650110498,
              43.60157509777511
            ],
            [
              -116.19014736561546,
              43.6014965756579
            ],
            [
              -116.19000459812796,
              43.60144660684749
            ],
            [
              -116.1895870027588,
              43.60121104043883
            ],
            [
              -116.18936571242479,
              43.60103614972107
            ],
            [
              -116.18927020390375,
              43.600844754263534
            ],
            [
              -116.18880534956813,
              43.60037584999958
            ],
            [
              -116.18844486181828,
              43.59999751514486
            ],
            [
              -116.18826640193866,
              43.59982262466717
            ],
            [
              -116.18795613763619,
              43.59963175432719
            ],
            [
              -116.18767577411442,
              43.59953526097244
            ],
            [
              -116.18748474874802,
              43.59956921206262
            ],
            [
              -116.18683515595153,
              43.599458567276066
            ],
            [
              -116.1863775364478,
              43.59942315427028
            ],
            [
              -116.18599233705956,
              43.59946155427727
            ],
            [
              -116.18545613643943,
              43.59958788756532
            ],
            [
              -116.18519332776425,
              43.5996477344347
            ],
            [
              -116.18470791664193,
              43.599901146708525
            ],
            [
              -116.18450804153512,
              43.60010102231426
            ],
            [
              -116.18342300717342,
              43.60105399590515
            ],
            [
              -116.18294830522547,
              43.60127528618849
            ],
            [
              -116.18273772302533,
              43.601407346094575
            ],
            [
              -116.1822737281707,
              43.60152512978344
            ],
            [
              -116.18210082474181,
              43.60152130347866
            ],
            [
              -116.18202349226605,
              43.6014915595643
            ],
            [
              -116.1819164182112,
              43.60146776532643
            ],
            [
              -116.18180041845704,
              43.60142612425728
            ],
            [
              -116.18168739358914,
              43.601381509816704
            ],
            [
              -116.18153570352385,
              43.60131012694437
            ],
            [
              -116.18144349869777,
              43.60127443396939
            ],
            [
              -116.18130073121026,
              43.60120305021647
            ],
            [
              -116.18112524621691,
              43.60110489713534
            ],
            [
              -116.18101222134898,
              43.60106028321009
            ],
            [
              -116.1808991975216,
              43.60103351393481
            ],
            [
              -116.18078319880794,
              43.60097700198591
            ],
            [
              -116.18061961127864,
              43.60091454099214
            ],
            [
              -116.18042033135721,
              43.60086100305355
            ],
            [
              -116.18029243517951,
              43.600831260319765
            ],
            [
              -116.18016156411552,
              43.600813414069655
            ],
            [
              -116.18000095043195,
              43.60075690191403
            ],
            [
              -116.17980167051049,
              43.60073013325729
            ],
            [
              -116.17967972306481,
              43.600727157621805
            ],
            [
              -116.17961428805309,
              43.60070633796481
            ],
            [
              -116.17957260218596,
              43.600679754650706
            ],
            [
              -116.17835660207172,
              43.60004835472633
            ],
            [
              -116.17792620189297,
              43.599817887992764
            ],
            [
              -116.17771480183322,
              43.59968615464365
            ],
            [
              -116.17633293542049,
              43.598472955019524
            ],
            [
              -116.1761970011188,
              43.598308287998194
            ],
            [
              -116.17592770367457,
              43.598073721318976
            ],
            [
              -116.1756778610917,
              43.597845293669906
            ],
            [
              -116.17545656971718,
              43.59758831218751
            ],
            [
              -116.17545656971718,
              43.59747409792678
            ],
            [
              -116.17534949462183,
              43.597177855114076
            ],
            [
              -116.17528524894028,
              43.59656038432551
            ],
            [
              -116.17512106518508,
              43.59593934579981
            ],
            [
              -116.1748712226022,
              43.595414673626536
            ],
            [
              -116.17452144090517,
              43.59493997113431
            ],
            [
              -116.17395473391362,
              43.594581288217704
            ],
            [
              -116.17336502279971,
              43.5942475487487
            ],
            [
              -116.17290459697618,
              43.594065519288215
            ],
            [
              -116.17265613310069,
              43.5938510881532
            ],
            [
              -116.17218033338952,
              43.59353815472144
            ],
            [
              -116.1721086676611,
              43.59331242058655
            ],
            [
              -116.17202657578352,
              43.593116114142894
            ],
            [
              -116.17189094635823,
              43.59276276500017
            ],
            [
              -116.17168979971906,
              43.59244035516738
            ],
            [
              -116.1714331333152,
              43.59203968798941
            ],
            [
              -116.17069333247709,
              43.5911997549821
            ],
            [
              -116.17032333216677,
              43.59099668829664
            ],
            [
              -116.16994579943191,
              43.59075508802216
            ],
            [
              -116.1689570695997,
              43.59028931566629
            ],
            [
              -116.1684502442907,
              43.590146547634966
            ],
            [
              -116.16806834131368,
              43.5900394713893
            ],
            [
              -116.16795259857135,
              43.58998088863354
            ],
            [
              -116.1678256357525,
              43.58994310358502
            ],
            [
              -116.16785419008242,
              43.59000378001872
            ],
            [
              -116.1678149286592,
              43.5901108563279
            ],
            [
              -116.16765431497564,
              43.5900715949613
            ],
            [
              -116.16739379859654,
              43.590024688541355
            ],
            [
              -116.16733339872812,
              43.589964288718654
            ],
            [
              -116.1672295805037,
              43.58979319763758
            ],
            [
              -116.1667369314279,
              43.58961835512756
            ],
            [
              -116.16621593196679,
              43.58941515498468
            ],
            [
              -116.16569839852397,
              43.58927923413857
            ],
            [
              -116.16532006353752,
              43.589129328045
            ],
            [
              -116.1650229973664,
              43.58903068875147
            ],
            [
              -116.16430641187901,
              43.588890193047696
            ],
            [
              -116.16357829727657,
              43.588633210252354
            ],
            [
              -116.16318925623733,
              43.588347675038484
            ],
            [
              -116.16269019747301,
              43.58793255524892
            ],
            [
              -116.16226753054187,
              43.587498755608536
            ],
            [
              -116.16201839656256,
              43.58730668851839
            ],
            [
              -116.16166877926987,
              43.5869806747136
            ],
            [
              -116.16141179654372,
              43.58656307941096
            ],
            [
              -116.16133684480941,
              43.586502403277166
            ],
            [
              -116.1612012143436,
              43.58649169629416
            ],
            [
              -116.16102632453561,
              43.58628468244043
            ],
            [
              -116.16054091445379,
              43.58584924066561
            ],
            [
              -116.16025180940717,
              43.58562438213825
            ],
            [
              -116.16022972927887,
              43.5854510884469
            ],
            [
              -116.16022972927887,
              43.58529735528107
            ],
            [
              -116.16037332919342,
              43.58507235525546
            ],
            [
              -116.16033390024424,
              43.584853436115544
            ],
            [
              -116.1604909448967,
              43.58464999301773
            ],
            [
              -116.16053377535106,
              43.58453220946066
            ],
            [
              -116.16060872812592,
              43.584328765277206
            ],
            [
              -116.16070152709683,
              43.58424667363605
            ],
            [
              -116.16070866619957,
              43.584000399548266
            ],
            [
              -116.16077291188111,
              43.58397898393659
            ],
            [
              -116.16074792762282,
              43.583836216765846
            ],
            [
              -116.1607800489028,
              43.58372914135404
            ],
            [
              -116.16078718800554,
              43.58353640498214
            ],
            [
              -116.16083715652212,
              43.58342219043301
            ],
            [
              -116.16085857174929,
              43.58340434429591
            ],
            [
              -116.16096207885406,
              43.58341862150747
            ],
            [
              -116.16105839899154,
              43.58337583734774
            ],
            [
              -116.16087259606451,
              43.58309655507069
            ],
            [
              -116.16075939638691,
              43.582876954902304
            ],
            [
              -116.16034103830644,
              43.58229789532262
            ],
            [
              -116.15993139053482,
              43.581897399566664
            ],
            [
              -116.15968787647884,
              43.58174467037093
            ],
            [
              -116.1596303953079,
              43.58167035471036
            ],
            [
              -116.15945392909111,
              43.5815264883639
            ],
            [
              -116.15895559557887,
              43.58126835479768
            ],
            [
              -116.1585857284569,
              43.58114748852421
            ],
            [
              -116.15824599519523,
              43.58110895547515
            ],
            [
              -116.1577929946213,
              43.58095515544221
            ],
            [
              -116.15714392833493,
              43.580658688852566
            ],
            [
              -116.15663072767504,
              43.58032915511121
            ],
            [
              -116.1562155276148,
              43.58014248854945
            ],
            [
              -116.15533346186704,
              43.57978161591102
            ],
            [
              -116.15470579415934,
              43.57954928886751
            ],
            [
              -116.15461519383643,
              43.579477888388475
            ],
            [
              -116.15440412778806,
              43.57898388834358
            ],
            [
              -116.1541399945133,
              43.578588555134026
            ],
            [
              -116.15408732685192,
              43.57843488886868
            ],
            [
              -116.15371019368207,
              43.57785288894747
            ],
            [
              -116.15329532659267,
              43.577276555066504
            ],
            [
              -116.15294819305426,
              43.576892155283346
            ],
            [
              -116.15279732709179,
              43.57677135560639
            ],
            [
              -116.15221632628675,
              43.57610708836288
            ],
            [
              -116.15190703696449,
              43.57569489194375
            ],
            [
              -116.15149939326106,
              43.575525088557015
            ],
            [
              -116.15083627976772,
              43.575180927931086
            ],
            [
              -116.14999751895776,
              43.57496320761077
            ],
            [
              -116.14922300382935,
              43.57475976350671
            ],
            [
              -116.14840922727763,
              43.574670533499074
            ],
            [
              -116.1483271374811,
              43.574691949406464
            ],
            [
              -116.14801661720729,
              43.57460628799258
            ],
            [
              -116.14768825177794,
              43.57451705851134
            ],
            [
              -116.1471314579524,
              43.574242230335585
            ],
            [
              -116.146770969162,
              43.57399238654763
            ],
            [
              -116.14627485094636,
              43.57355694632575
            ],
            [
              -116.14590365506265,
              43.57310365904211
            ],
            [
              -116.14559039090108,
              43.5725151552243
            ],
            [
              -116.14519695464686,
              43.57212570047417
            ],
            [
              -116.14501492573612,
              43.57161530577978
            ],
            [
              -116.14491855773409,
              43.571076357801786
            ],
            [
              -116.14488643437303,
              43.570751561845036
            ],
            [
              -116.14485431205254,
              43.570344673141676
            ],
            [
              -116.14483289682538,
              43.5699592015416
            ],
            [
              -116.144746723974,
              43.56983648887548
            ],
            [
              -116.1443401905202,
              43.569891888658
            ],
            [
              -116.14398699795319,
              43.56993778545897
            ],
            [
              -116.14401198221145,
              43.570051999955105
            ],
            [
              -116.14412012385401,
              43.57009415578348
            ],
            [
              -116.14436879063362,
              43.57058828907023
            ],
            [
              -116.14442139066031,
              43.570912088511626
            ],
            [
              -116.14439112465219,
              43.57101635586746
            ],
            [
              -116.14430039114096,
              43.57117548864651
            ],
            [
              -116.1442321914308,
              43.57141695566295
            ],
            [
              -116.14427752436906,
              43.57154315558104
            ],
            [
              -116.14445092413257,
              43.571740888609106
            ],
            [
              -116.14454022378817,
              43.571840164612375
            ],
            [
              -116.1446687141107,
              43.572079300244305
            ],
            [
              -116.14477935927769,
              43.57228988277438
            ],
            [
              -116.14481148159821,
              43.57248618929073
            ],
            [
              -116.14489714250692,
              43.57256827962846
            ],
            [
              -116.14517197038857,
              43.57292876805745
            ],
            [
              -116.14538612161981,
              43.57329282536233
            ],
            [
              -116.14573233324523,
              43.57387103451044
            ],
            [
              -116.14603928448793,
              43.57416370873853
            ],
            [
              -116.14646758799095,
              43.574409982356244
            ],
            [
              -116.14715644221069,
              43.57474905594295
            ],
            [
              -116.14759679197408,
              43.57488695525777
            ],
            [
              -116.14807232530859,
              43.57495855567122
            ],
            [
              -116.14815938469481,
              43.57497748380873
            ],
            [
              -116.14822719940743,
              43.574991760757165
            ],
            [
              -116.14839495219373,
              43.57498819208577
            ],
            [
              -116.1485627039395,
              43.57497748380873
            ],
            [
              -116.14878199228639,
              43.57500268915242
            ],
            [
              -116.14968342965285,
              43.57520948172805
            ],
            [
              -116.14995199248021,
              43.57528308846638
            ],
            [
              -116.15041999234963,
              43.57539295526815
            ],
            [
              -116.15077479254144,
              43.57553575527593
            ],
            [
              -116.15134832647556,
              43.57590928825706
            ],
            [
              -116.15187652643093,
              43.57635948863138
            ],
            [
              -116.1521104811024,
              43.57645869822304
            ],
            [
              -116.15211761916463,
              43.57650509809398
            ],
            [
              -116.15204980445195,
              43.57650509809398
            ],
            [
              -116.15214617245401,
              43.57667641916691
            ],
            [
              -116.1522603866521,
              43.57670497300858
            ],
            [
              -116.1522889399415,
              43.57674066472625
            ],
            [
              -116.15224967851825,
              43.57679777158134
            ],
            [
              -116.15229607904426,
              43.57685487838223
            ],
            [
              -116.15236032472579,
              43.576883432139276
            ],
            [
              -116.15238173891244,
              43.57695481534195
            ],
            [
              -116.1525102302755,
              43.577118998799136
            ],
            [
              -116.15276007389889,
              43.57736884167611
            ],
            [
              -116.15332757481775,
              43.57809695768992
            ],
            [
              -116.1533596981788,
              43.578257571062835
            ],
            [
              -116.15318892680376,
              43.578434555691125
            ],
            [
              -116.15316849488109,
              43.57856119921005
            ],
            [
              -116.15323477584684,
              43.578739411626124
            ],
            [
              -116.1531716216853,
              43.578879379247624
            ],
            [
              -116.15316696113419,
              43.578999962881
            ],
            [
              -116.15326399403733,
              43.579065755748324
            ],
            [
              -116.15346320528359,
              43.57924623631829
            ],
            [
              -116.15348462051075,
              43.57919983780585
            ],
            [
              -116.1535310199962,
              43.57917128363971
            ],
            [
              -116.15365594128762,
              43.579206976156826
            ],
            [
              -116.15375587832077,
              43.579285497961756
            ],
            [
              -116.15387009355943,
              43.579367589583946
            ],
            [
              -116.15361707838885,
              43.57935632503945
            ],
            [
              -116.15368672756267,
              43.57940615540634
            ],
            [
              -116.15419232712279,
              43.579675288575146
            ],
            [
              -116.15458479463999,
              43.5798345552596
            ],
            [
              -116.15533959477357,
              43.580224488550435
            ],
            [
              -116.15568692809447,
              43.58041668828783
            ],
            [
              -116.15657739511252,
              43.58097688871028
            ],
            [
              -116.15717372818386,
              43.5814654883141
            ],
            [
              -116.15728937935923,
              43.581569780361995
            ],
            [
              -116.1573877961724,
              43.58160849250997
            ],
            [
              -116.15761060672637,
              43.581659010698694
            ],
            [
              -116.15785688027809,
              43.5816233188814
            ],
            [
              -116.15794967924903,
              43.58155550421947
            ],
            [
              -116.1577035971555,
              43.58153065814559
            ],
            [
              -116.15752137678652,
              43.581484119687204
            ],
            [
              -116.15731079354588,
              43.581359197871144
            ],
            [
              -116.15703953573583,
              43.58114861539751
            ],
            [
              -116.15692175250663,
              43.58107009376108
            ],
            [
              -116.15675399972031,
              43.58095231073756
            ],
            [
              -116.15671830836872,
              43.580898773128965
            ],
            [
              -116.15677184591638,
              43.58084880455082
            ],
            [
              -116.15680753830851,
              43.58082381949244
            ],
            [
              -116.15696815199212,
              43.58088092624383
            ],
            [
              -116.15699761158648,
              43.58091869587564
            ],
            [
              -116.15704667379806,
              43.580888064395495
            ],
            [
              -116.15712876567565,
              43.580938033694835
            ],
            [
              -116.15718230322335,
              43.58099870940701
            ],
            [
              -116.15710735044848,
              43.5810593865656
            ],
            [
              -116.15727153316314,
              43.58110221684353
            ],
            [
              -116.15746070013611,
              43.58112363121728
            ],
            [
              -116.15786401938085,
              43.581309228921405
            ],
            [
              -116.15828875385276,
              43.58147341256535
            ],
            [
              -116.15846721269185,
              43.5814698427706
            ],
            [
              -116.15859213502381,
              43.58149482680711
            ],
            [
              -116.158677794892,
              43.58151267351027
            ],
            [
              -116.15871348728416,
              43.58153765752901
            ],
            [
              -116.15870991825304,
              43.58158048822043
            ],
            [
              -116.15864924160262,
              43.58158405725491
            ],
            [
              -116.15859927204549,
              43.5816126102768
            ],
            [
              -116.15852075023955,
              43.58158762628916
            ],
            [
              -116.15846007462967,
              43.5816126102768
            ],
            [
              -116.15838868984538,
              43.58174110209975
            ],
            [
              -116.1585564426317,
              43.58178393189267
            ],
            [
              -116.15903471465127,
              43.58186602312334
            ],
            [
              -116.15919245021821,
              43.58193125432886
            ],
            [
              -116.15940059548807,
              43.58207535487806
            ],
            [
              -116.15987619541673,
              43.58253648818665
            ],
            [
              -116.1602761287643,
              43.58299768806075
            ],
            [
              -116.1603817294232,
              43.58321175537003
            ],
            [
              -116.16039679635335,
              43.58332155494372
            ],
            [
              -116.16036652930472,
              43.58344228871805
            ],
            [
              -116.16033033121312,
              43.58365061856087
            ],
            [
              -116.1603481774092,
              43.58385406352867
            ],
            [
              -116.16024467134494,
              43.58406821447113
            ],
            [
              -116.16013759520906,
              43.58436445699805
            ],
            [
              -116.15987512991008,
              43.584616688491046
            ],
            [
              -116.15984863895876,
              43.5847820773515
            ],
            [
              -116.15974855312929,
              43.58484272959296
            ],
            [
              -116.15973152999547,
              43.58501188865875
            ],
            [
              -116.1596861960167,
              43.585236888910366
            ],
            [
              -116.15967003132334,
              43.58536740047402
            ],
            [
              -116.16006339682126,
              43.58580228874778
            ],
            [
              -116.16022939630801,
              43.585955955052036
            ],
            [
              -116.16063277694425,
              43.58665514979685
            ],
            [
              -116.16090344060945,
              43.587056684891365
            ],
            [
              -116.16094587774202,
              43.58706369267661
            ],
            [
              -116.16098349512177,
              43.58706990456724
            ],
            [
              -116.16105844789664,
              43.587027074012816
            ],
            [
              -116.16110841537265,
              43.587027074012816
            ],
            [
              -116.1612181303024,
              43.5871747551855
            ],
            [
              -116.16140822855316,
              43.58742682416662
            ],
            [
              -116.16156170313397,
              43.58750891599315
            ],
            [
              -116.16183699717482,
              43.58769088840959
            ],
            [
              -116.1620333303044,
              43.58782255531665
            ],
            [
              -116.16282579776336,
              43.58848695558604
            ],
            [
              -116.16343733095317,
              43.58894255537063
            ],
            [
              -116.16370913088133,
              43.589074355198896
            ],
            [
              -116.16425273073767,
              43.58926108827391
            ],
            [
              -116.1651889978937,
              43.58950275483815
            ],
            [
              -116.16558159755873,
              43.58962915500768
            ],
            [
              -116.1664649983114,
              43.589986088823856
            ],
            [
              -116.16743899834647,
              43.590348555301276
            ],
            [
              -116.16903979932452,
              43.59067255522046
            ],
            [
              -116.16948519879874,
              43.59096355458921
            ],
            [
              -116.16983253211961,
              43.59111735467652
            ],
            [
              -116.17031573210753,
              43.59143568841568
            ],
            [
              -116.1706952668295,
              43.59178837537461
            ],
            [
              -116.17092369522572,
              43.59208818750825
            ],
            [
              -116.17104861755769,
              43.59230947760676
            ],
            [
              -116.17109858607427,
              43.59245938331591
            ],
            [
              -116.17117710788021,
              43.59247365988709
            ],
            [
              -116.17121636930347,
              43.592577166434126
            ],
            [
              -116.1713127373055,
              43.59278061137731
            ],
            [
              -116.17150547330955,
              43.593148237579975
            ],
            [
              -116.17159113421826,
              43.593319558771356
            ],
            [
              -116.17163039564151,
              43.59339451192184
            ],
            [
              -116.17160184235215,
              43.59340521918416
            ],
            [
              -116.17143409060634,
              43.593241036430804
            ],
            [
              -116.17149558095424,
              43.59340830596215
            ],
            [
              -116.17161611847655,
              43.59351586455139
            ],
            [
              -116.1717446098396,
              43.59355512593201
            ],
            [
              -116.17177507354917,
              43.59364298955039
            ],
            [
              -116.17203680006912,
              43.5938400885724
            ],
            [
              -116.17239933350852,
              43.594059687933765
            ],
            [
              -116.17300096601876,
              43.59448311529124
            ],
            [
              -116.1734471146773,
              43.594707974636556
            ],
            [
              -116.17371123442514,
              43.59482218811893
            ],
            [
              -116.1739789242446,
              43.59496852460353
            ],
            [
              -116.17416809121754,
              43.59508987782703
            ],
            [
              -116.17428944451838,
              43.59525762978883
            ],
            [
              -116.17452501097681,
              43.59561454831066
            ],
            [
              -116.17484266827228,
              43.59614635809791
            ],
            [
              -116.17495688351094,
              43.596624629766154
            ],
            [
              -116.1749997139653,
              43.59713502497049
            ],
            [
              -116.17500575946698,
              43.597549863510984
            ],
            [
              -116.17537380149255,
              43.59804475487074
            ],
            [
              -116.17596280192187,
              43.59848395526056
            ],
            [
              -116.17625733543359,
              43.59873648853222
            ],
            [
              -116.17670280150195,
              43.599274354765264
            ],
            [
              -116.17703500233905,
              43.59959275461862
            ],
            [
              -116.17851513572809,
              43.60070168801435
            ],
            [
              -116.17930059102943,
              43.60101830503875
            ],
            [
              -116.17933628238103,
              43.601175349665596
            ],
            [
              -116.17945406665079,
              43.60126457881947
            ],
            [
              -116.17968573630993,
              43.60129995457298
            ],
            [
              -116.17989684918231,
              43.601449919265136
            ],
            [
              -116.18009315525802,
              43.6016551486507
            ],
            [
              -116.18111313648393,
              43.601777687965985
            ],
            [
              -116.18172493605044,
              43.601810555007475
            ],
            [
              -116.18195153622867,
              43.60179415501984
            ],
            [
              -116.18241233664438,
              43.60171188827429
            ],
            [
              -116.18288902184985,
              43.60163730113795
            ],
            [
              -116.18365143661015,
              43.60132525438766
            ],
            [
              -116.18405880353156,
              43.6009544877638
            ],
            [
              -116.18425462992114,
              43.60074704592585
            ],
            [
              -116.18431173649992,
              43.600761322037876
            ],
            [
              -116.18436093710254,
              43.60080628807645
            ],
            [
              -116.18437598218146,
              43.60071849218455
            ],
            [
              -116.18451518063786,
              43.60061855473678
            ],
            [
              -116.18460115058511,
              43.600634690560284
            ],
            [
              -116.18479900393467,
              43.60049335464512
            ],
            [
              -116.18476145418961,
              43.60041511067207
            ],
            [
              -116.18476145418961,
              43.60034015722387
            ],
            [
              -116.18483997703609,
              43.60015455942209
            ],
            [
              -116.1850362831118,
              43.59994754734999
            ],
            [
              -116.1852361571781,
              43.59983690250563
            ],
            [
              -116.18553596931804,
              43.59978693307034
            ],
            [
              -116.18572870532212,
              43.599715549059596
            ],
            [
              -116.18583221138636,
              43.599715549059596
            ],
            [
              -116.18633546870477,
              43.59972268723841
            ],
            [
              -116.18659601942146,
              43.59972982616993
            ],
            [
              -116.18669595645463,
              43.599744103276876
            ],
            [
              -116.18683158587989,
              43.599819055207035
            ],
            [
              -116.18671023361956,
              43.59982619337358
            ],
            [
              -116.18661029658645,
              43.59983333229281
            ],
            [
              -116.18661029658645,
              43.59988330093607
            ],
            [
              -116.18669952548572,
              43.59991542377481
            ],
            [
              -116.18683515595153,
              43.59988687114592
            ],
            [
              -116.18703860008944,
              43.599933269537786
            ],
            [
              -116.18736339544715,
              43.60010102156072
            ],
            [
              -116.1874883177791,
              43.60017597455329
            ],
            [
              -116.18764893146268,
              43.60025449688704
            ],
            [
              -116.18771337900779,
              43.60028620961182
            ],
            [
              -116.18787379082778,
              43.60036514171694
            ],
            [
              -116.18808437302792,
              43.600450801896244
            ],
            [
              -116.18834492374462,
              43.60058286210506
            ],
            [
              -116.18840560039504,
              43.60067566154719
            ],
            [
              -116.18884461099138,
              43.60087910473087
            ],
            [
              -116.18881635321362,
              43.60110427247432
            ],
            [
              -116.18941373826468,
              43.60148148744
            ],
            [
              -116.18967800472775,
              43.60162968697116
            ],
            [
              -116.19011524329497,
              43.60179638764876
            ],
            [
              -116.19027228794742,
              43.60185349484819
            ],
            [
              -116.19033296459784,
              43.60184278758207
            ],
            [
              -116.1906740016484,
              43.602075125786556
            ],
            [
              -116.1907862513186,
              43.60212118416996
            ],
            [
              -116.19090479829967,
              43.602250804656116
            ],
            [
              -116.19137516850519,
              43.60253164142883
            ],
            [
              -116.19156433547816,
              43.602742223692054
            ],
            [
              -116.1916678415424,
              43.60269225516278
            ],
            [
              -116.19160359690139,
              43.60254591711741
            ],
            [
              -116.19162144309747,
              43.6024852412733
            ],
            [
              -116.19194980852681,
              43.60259588652174
            ],
            [
              -116.19238881912315,
              43.60284215987271
            ],
            [
              -116.19318831850988,
              43.603559568245686
            ],
            [
              -116.1932846854714,
              43.60382725675756
            ],
            [
              -116.19363089813734,
              43.60410565471095
            ],
            [
              -116.19404135440377,
              43.60436620467282
            ],
            [
              -116.194080615827,
              43.6043626362357
            ],
            [
              -116.194127016353,
              43.60439475894329
            ],
            [
              -116.19411987725023,
              43.60447328104517
            ],
            [
              -116.19448036500008,
              43.6047623850177
            ],
            [
              -116.19459101120762,
              43.60470527907259
            ],
            [
              -116.19473020966402,
              43.60479450826527
            ],
            [
              -116.19489082230704,
              43.60491586126191
            ],
            [
              -116.19496934619407,
              43.60490872219228
            ],
            [
              -116.19502645173232,
              43.604958691141
            ],
            [
              -116.195015744639,
              43.60504078316428
            ],
            [
              -116.19508355935166,
              43.6051121661309
            ],
            [
              -116.19524651631744,
              43.605146933086004
            ],
            [
              -116.19528700348957,
              43.60516570405375
            ],
            [
              -116.1952873520684,
              43.60516587132201
            ],
            [
              -116.19559233982372,
              43.605312287381736
            ],
            [
              -116.19619674015402,
              43.60553188706922
            ],
            [
              -116.197014491545,
              43.60567966749709
            ],
            [
              -116.19722150575456,
              43.60570822114412
            ],
            [
              -116.19718581440297,
              43.605618991046335
            ],
            [
              -116.19708601888242,
              43.60554044406899
            ],
            [
              -116.19698237026503,
              43.605540468933036
            ],
            [
              -116.19692883167681,
              43.60549050046758
            ],
            [
              -116.19691098548074,
              43.605444100333784
            ],
            [
              -116.19668977214627,
              43.6054402298243
            ],
            [
              -116.19649339115212,
              43.605390563412186
            ],
            [
              -116.19647911398715,
              43.60532988666985
            ],
            [
              -116.19646483682219,
              43.60525136493262
            ],
            [
              -116.19655406676202,
              43.6052049653678
            ],
            [
              -116.19664686573296,
              43.6052049653678
            ],
            [
              -116.19687529412916,
              43.60520139622701
            ],
            [
              -116.19693240174848,
              43.60523351848672
            ],
            [
              -116.19721436665182,
              43.60529062543728
            ],
            [
              -116.1973143047255,
              43.60532274840282
            ],
            [
              -116.19739282653144,
              43.60535843972942
            ],
            [
              -116.19734999607711,
              43.605451239339885
            ],
            [
              -116.19728218136446,
              43.60553333069101
            ],
            [
              -116.19741676193162,
              43.6055791008672
            ],
            [
              -116.1975998397005,
              43.60553333069101
            ],
            [
              -116.19793534423258,
              43.605451239339885
            ],
            [
              -116.19826014063084,
              43.605504777714394
            ],
            [
              -116.19830297004465,
              43.60552262332639
            ],
            [
              -116.19824943249697,
              43.605554746167996
            ],
            [
              -116.19786039145774,
              43.60557259176512
            ],
            [
              -116.19796032849086,
              43.60562969839384
            ],
            [
              -116.19821731017646,
              43.60564754547562
            ],
            [
              -116.19834937057063,
              43.60571536011882
            ],
            [
              -116.19858136695743,
              43.605740343886616
            ],
            [
              -116.1988062263225,
              43.605736774024116
            ],
            [
              -116.1989771870747,
              43.60591932347113
            ],
            [
              -116.1994201277674,
              43.605861696482094
            ],
            [
              -116.19958431152261,
              43.60579031289796
            ],
            [
              -116.19970923177347,
              43.60576889750484
            ],
            [
              -116.19988412262204,
              43.6057653283975
            ],
            [
              -116.19995193733463,
              43.60580458856673
            ],
            [
              -116.20316080741974,
              43.60547075312115
            ],
            [
              -116.20336474060856,
              43.6054927533027
            ],
            [
              -116.20351574079989,
              43.60554208660293
            ],
            [
              -116.20366687105796,
              43.605528571109055
            ],
            [
              -116.20456273948723,
              43.606063949761555
            ],
            [
              -116.2051802089227,
              43.606692128126326
            ],
            [
              -116.20652936407274,
              43.60770220896164
            ],
            [
              -116.20745021676034,
              43.60843032348492
            ],
            [
              -116.20808910246348,
              43.60888361149307
            ],
            [
              -116.20829666087224,
              43.608987468779276
            ],
            [
              -116.20839962065621,
              43.60900496302119
            ],
            [
              -116.208613772928,
              43.60909776227993
            ],
            [
              -116.20871727899224,
              43.60915130117598
            ],
            [
              -116.20885290841753,
              43.60926908401795
            ],
            [
              -116.2089599845534,
              43.60935831322166
            ],
            [
              -116.20913487540196,
              43.60935831322166
            ],
            [
              -116.20938114895368,
              43.60946538899541
            ],
            [
              -116.20974874250918,
              43.60971795302021
            ],
            [
              -116.21025917014634,
              43.609947229878706
            ],
            [
              -116.21053042899693,
              43.6101649509989
            ],
            [
              -116.21080525687859,
              43.61037196407618
            ],
            [
              -116.21155835677986,
              43.61072174421305
            ],
            [
              -116.21257557642892,
              43.61108580200476
            ],
            [
              -116.21432804978319,
              43.611531950551324
            ],
            [
              -116.21500262787846,
              43.61171397990729
            ],
            [
              -116.21601270946535,
              43.61197096207706
            ],
            [
              -116.2162625520482,
              43.61208517518521
            ],
            [
              -116.21665873219017,
              43.612185113171996
            ],
            [
              -116.21749035389739,
              43.612567016174786
            ],
            [
              -116.21792189866338,
              43.6127708854776
            ],
            [
              -116.21832592859272,
              43.61304472337388
            ],
            [
              -116.21850400451538,
              43.61303101067822
            ],
            [
              -116.21869934497568,
              43.61322117027596
            ],
            [
              -116.21909649073305,
              43.613448606135975
            ],
            [
              -116.21932848816037,
              43.6136413431457
            ],
            [
              -116.21932491912928,
              43.613766265007506
            ],
            [
              -116.2195144201136,
              43.613926483369774
            ],
            [
              -116.21958903887709,
              43.613912601371176
            ],
            [
              -116.21970325411573,
              43.61395186300284
            ],
            [
              -116.21978177592167,
              43.61406607611575
            ],
            [
              -116.21975679166339,
              43.61411247637861
            ],
            [
              -116.21990779497632,
              43.614200218068945
            ],
            [
              -116.21997451192574,
              43.61416958318634
            ],
            [
              -116.220124418516,
              43.614219551975275
            ],
            [
              -116.22014940277427,
              43.61428736674768
            ],
            [
              -116.22028503219956,
              43.614315920075306
            ],
            [
              -116.22033500071613,
              43.61435875004129
            ],
            [
              -116.2203064463862,
              43.61441585736847
            ],
            [
              -116.22049204432805,
              43.61444798073411
            ],
            [
              -116.22065979711437,
              43.61458717827138
            ],
            [
              -116.22071333570257,
              43.614719239087854
            ],
            [
              -116.22080256460185,
              43.61475850019288
            ],
            [
              -116.22081684176682,
              43.61489055987976
            ],
            [
              -116.22094890216098,
              43.61523677080493
            ],
            [
              -116.22116455904474,
              43.61547775448997
            ],
            [
              -116.22124871430097,
              43.615486614420654
            ],
            [
              -116.22142003611836,
              43.61561867552195
            ],
            [
              -116.22165917160791,
              43.615861380534604
            ],
            [
              -116.22176395752878,
              43.61602832803699
            ],
            [
              -116.22201252129553,
              43.61613620778484
            ],
            [
              -116.2223159024666,
              43.616450296039446
            ],
            [
              -116.22258359228606,
              43.616657309328076
            ],
            [
              -116.22319881312785,
              43.61704768580811
            ],
            [
              -116.22400734746999,
              43.617305352542914
            ],
            [
              -116.22447169506559,
              43.61739970135391
            ],
            [
              -116.22486073714538,
              43.61747465388557
            ],
            [
              -116.22491401351905,
              43.61751368569318
            ],
            [
              -116.22547463754971,
              43.61763883755502
            ],
            [
              -116.22597181398828,
              43.61772188554022
            ],
            [
              -116.22613136944892,
              43.617735205448604
            ],
            [
              -116.22626342984309,
              43.617838711476836
            ],
            [
              -116.22676534799444,
              43.61821555182475
            ],
            [
              -116.22694187352164,
              43.6183522916774
            ],
            [
              -116.22708193562113,
              43.61846078420378
            ],
            [
              -116.22755154831805,
              43.618824551834294
            ],
            [
              -116.22773393621294,
              43.61887020794246
            ],
            [
              -116.22791596616422,
              43.61904866785948
            ],
            [
              -116.22816937777817,
              43.619309218628246
            ],
            [
              -116.22841208333934,
              43.61943414076824
            ],
            [
              -116.22872617264427,
              43.6197303832108
            ],
            [
              -116.22879881543396,
              43.619856085623645
            ],
            [
              -116.22895754783234,
              43.6199492854536
            ],
            [
              -116.2291540151908,
              43.62011388495228
            ],
            [
              -116.2295319485312,
              43.620338751701965
            ],
            [
              -116.2318408504836,
              43.62131624112369
            ],
            [
              -116.23218461581394,
              43.621446485371976
            ],
            [
              -116.23236433161794,
              43.62150659748532
            ],
            [
              -116.23262131434407,
              43.6216208120675
            ],
            [
              -116.23299251022776,
              43.62174930283653
            ],
            [
              -116.23311624114847,
              43.621839722492545
            ],
            [
              -116.23327294970849,
              43.621857751570715
            ],
            [
              -116.23353754914243,
              43.6220826848633
            ],
            [
              -116.23377194916237,
              43.622373484865726
            ],
            [
              -116.23401394924161,
              43.62276848528407
            ],
            [
              -116.2343059729857,
              43.623381613592
            ],
            [
              -116.23436783896632,
              43.62376232694488
            ],
            [
              -116.23445825823632,
              43.62420014797314
            ],
            [
              -116.23445349883447,
              43.624818808351144
            ],
            [
              -116.23443446330822,
              43.62498061139847
            ],
            [
              -116.23438795040455,
              43.62515035209392
            ],
            [
              -116.23438687449257,
              43.625865771063175
            ],
            [
              -116.23441066942065,
              43.62607992163301
            ],
            [
              -116.23437735672944,
              43.626898456933255
            ],
            [
              -116.2342536247682,
              43.62818336599929
            ],
            [
              -116.23409182175446,
              43.62849269606966
            ],
            [
              -116.23412454134139,
              43.62851559916318
            ],
            [
              -116.23413941161061,
              43.62852600869876
            ],
            [
              -116.23421742563607,
              43.62858544793333
            ],
            [
              -116.2342393486438,
              43.628602150920855
            ],
            [
              -116.23428693745943,
              43.628635463489296
            ],
            [
              -116.23438687449257,
              43.628640221995724
            ],
            [
              -116.23446635046807,
              43.62865768566602
            ],
            [
              -116.23453435039573,
              43.62873988543014
            ],
            [
              -116.23478186530437,
              43.62911135520048
            ],
            [
              -116.23570509665231,
              43.62975381060294
            ],
            [
              -116.23685541826997,
              43.63039648583474
            ],
            [
              -116.23750561873821,
              43.63071455224369
            ],
            [
              -116.23773241869894,
              43.630840685079455
            ],
            [
              -116.23824160289814,
              43.63114817361515
            ],
            [
              -116.23866038863805,
              43.63163834283372
            ],
            [
              -116.23893164748861,
              43.631961950189066
            ],
            [
              -116.23938374487919,
              43.63252350311711
            ],
            [
              -116.23959313774913,
              43.63297084142876
            ],
            [
              -116.23966928089472,
              43.63339438576601
            ],
            [
              -116.239959574231,
              43.63380365282745
            ],
            [
              -116.24018324426589,
              43.63421767893212
            ],
            [
              -116.24023083308155,
              43.63432237509151
            ],
            [
              -116.24028794070088,
              43.63445562537515
            ],
            [
              -116.24035932444463,
              43.63463170519666
            ],
            [
              -116.24043070818837,
              43.6347839906423
            ],
            [
              -116.24053064626204,
              43.6349029636135
            ],
            [
              -116.24077335078269,
              43.63514090960237
            ],
            [
              -116.2409494309614,
              43.63533126661874
            ],
            [
              -116.24105888679819,
              43.63556921241788
            ],
            [
              -116.24095894872451,
              43.6357072216491
            ],
            [
              -116.24092563707384,
              43.63581191822572
            ],
            [
              -116.24099226141577,
              43.6358833023218
            ],
            [
              -116.24105412739637,
              43.63607365849264
            ],
            [
              -116.24136441979326,
              43.63625628529218
            ],
            [
              -116.24174893034814,
              43.63639250666483
            ],
            [
              -116.24209633130374,
              43.636373470573446
            ],
            [
              -116.24234855462804,
              43.63634491642505
            ],
            [
              -116.24248656271371,
              43.636373470573446
            ],
            [
              -116.24261981347858,
              43.63640678335292
            ],
            [
              -116.24286095407685,
              43.63648608525528
            ],
            [
              -116.24303859817796,
              43.636592381495134
            ],
            [
              -116.2435049727335,
              43.63684936276559
            ],
            [
              -116.24360942048087,
              43.63684808556957
            ],
            [
              -116.24368515365612,
              43.63694128541315
            ],
            [
              -116.24382857980154,
              43.63698737206903
            ],
            [
              -116.24395707116462,
              43.63721104084126
            ],
            [
              -116.24400941834156,
              43.63741567527886
            ],
            [
              -116.24415694627142,
              43.637744039432285
            ],
            [
              -116.24428067719212,
              43.638181860281506
            ],
            [
              -116.24434730257457,
              43.63849595008394
            ],
            [
              -116.24448531170076,
              43.63863871783859
            ],
            [
              -116.24454213213275,
              43.63872561948933
            ],
            [
              -116.24456621320765,
              43.63876244916638
            ],
            [
              -116.24442820408143,
              43.63883383352252
            ],
            [
              -116.244543845892,
              43.63896565508025
            ],
            [
              -116.2448579351969,
              43.63940347606449
            ],
            [
              -116.24512134009797,
              43.63954904293386
            ],
            [
              -116.24521961331747,
              43.63960335142164
            ],
            [
              -116.24573833609053,
              43.63997930607926
            ],
            [
              -116.24588586193931,
              43.64020773410622
            ],
            [
              -116.24649024562105,
              43.64042664461333
            ],
            [
              -116.24702155573206,
              43.640540152307665
            ],
            [
              -116.24725643231652,
              43.6405932061267
            ],
            [
              -116.24758955714773,
              43.640645555075814
            ],
            [
              -116.248036896177,
              43.64068362605178
            ],
            [
              -116.24839381489573,
              43.64071218039743
            ],
            [
              -116.24884115392501,
              43.64076452773686
            ],
            [
              -116.24895060872129,
              43.640783563190176
            ],
            [
              -116.24917427875619,
              43.640783563190176
            ],
            [
              -116.24941698431738,
              43.640778804139146
            ],
            [
              -116.24961210002235,
              43.64086446549371
            ],
            [
              -116.24992618828674,
              43.641164277013814
            ],
            [
              -116.25009750906362,
              43.64137842879719
            ],
            [
              -116.2501533399479,
              43.64156440916931
            ],
            [
              -116.25026883088104,
              43.64168775797065
            ],
            [
              -116.25041417264929,
              43.64175171123767
            ],
            [
              -116.25067333945597,
              43.64203040048416
            ],
            [
              -116.25104929370099,
              43.642492016307706
            ],
            [
              -116.25127296373589,
              43.642630024698555
            ],
            [
              -116.25157753423713,
              43.6431154355209
            ],
            [
              -116.25189638294388,
              43.643615121914415
            ],
            [
              -116.25210577581385,
              43.64371030062855
            ],
            [
              -116.25234848033446,
              43.64374837192138
            ],
            [
              -116.25241034631509,
              43.643872104021206
            ],
            [
              -116.25273395234261,
              43.6441100498824
            ],
            [
              -116.25329074720868,
              43.64435275507538
            ],
            [
              -116.2538468241064,
              43.64442050875093
            ],
            [
              -116.25423301304235,
              43.64459070053869
            ],
            [
              -116.25437102320909,
              43.64453835276822
            ],
            [
              -116.25470890640158,
              43.644609736285624
            ],
            [
              -116.25489926374526,
              43.644481245441426
            ],
            [
              -116.2550039591397,
              43.644509799488105
            ],
            [
              -116.25525142306216,
              43.64459070053869
            ],
            [
              -116.25549888802517,
              43.644643048263546
            ],
            [
              -116.2558510483826,
              43.64484768298998
            ],
            [
              -116.25604140468577,
              43.64503803937369
            ],
            [
              -116.25617941381195,
              43.64539971709969
            ],
            [
              -116.25635073458884,
              43.64558055665204
            ],
            [
              -116.25675815769907,
              43.645990285096076
            ],
            [
              -116.25716926950183,
              43.646460957011634
            ],
            [
              -116.25731203698932,
              43.64664179638089
            ],
            [
              -116.25742149282611,
              43.64678456435539
            ],
            [
              -116.25767232079454,
              43.6466886654305
            ],
            [
              -116.25767847451174,
              43.64661324259471
            ],
            [
              -116.25778317094668,
              43.64660848400549
            ],
            [
              -116.25778823106279,
              43.64664434960357
            ],
            [
              -116.25797828665168,
              43.646670349400594
            ],
            [
              -116.25795925112541,
              43.646713179657624
            ],
            [
              -116.25794598431881,
              43.646772806456404
            ],
            [
              -116.258035394271,
              43.646813117307175
            ],
            [
              -116.25821623281102,
              43.64682263520578
            ],
            [
              -116.25824954446172,
              43.646736974817266
            ],
            [
              -116.25840183179339,
              43.64671793899146
            ],
            [
              -116.25843038404226,
              43.646756009884115
            ],
            [
              -116.25858267033341,
              43.646775046450756
            ],
            [
              -116.25876795819617,
              43.6468145516556
            ],
            [
              -116.25923662504779,
              43.64682028453116
            ],
            [
              -116.25978075869797,
              43.64688648512459
            ],
            [
              -116.26023877568565,
              43.64708913500052
            ],
            [
              -116.26038436822255,
              43.64720050156289
            ],
            [
              -116.26046720408185,
              43.647284250346736
            ],
            [
              -116.260567141115,
              43.64725569686595
            ],
            [
              -116.2606290070956,
              43.64740322341378
            ],
            [
              -116.26070242612356,
              43.64741375165262
            ],
            [
              -116.26081460503745,
              43.64748888360509
            ],
            [
              -116.26095737252494,
              43.647541232569054
            ],
            [
              -116.26101448014428,
              43.647707793933755
            ],
            [
              -116.26112535943139,
              43.64782015170584
            ],
            [
              -116.26135202620377,
              43.6479080843834
            ],
            [
              -116.2616013235469,
              43.64804926896222
            ],
            [
              -116.26173783638542,
              43.64812657982996
            ],
            [
              -116.26178542520105,
              43.64824079427459
            ],
            [
              -116.2620281297217,
              43.64850253460866
            ],
            [
              -116.2620328901641,
              43.64890704275519
            ],
            [
              -116.26205668405161,
              43.64936389931755
            ],
            [
              -116.26193771045169,
              43.6496161225734
            ],
            [
              -116.26188427487635,
              43.64965244112922
            ],
            [
              -116.2617292717513,
              43.649757791770725
            ],
            [
              -116.26188060491343,
              43.65019195182621
            ],
            [
              -116.26210903226914,
              43.650567906476404
            ],
            [
              -116.26219038328661,
              43.650594169592836
            ],
            [
              -116.26222310183302,
              43.650647706923586
            ],
            [
              -116.26226176703038,
              43.650728013959515
            ],
            [
              -116.26238668936234,
              43.65083211517831
            ],
            [
              -116.26249079165247,
              43.65097488298056
            ],
            [
              -116.26254730304588,
              43.65109385551341
            ],
            [
              -116.26260976421187,
              43.651126573633874
            ],
            [
              -116.26266810382326,
              43.651168225461134
            ],
            [
              -116.26272278803926,
              43.65122472638255
            ],
            [
              -116.2627793004732,
              43.65130503264694
            ],
            [
              -116.26291314538294,
              43.65143292992934
            ],
            [
              -116.26298155528093,
              43.65146862099
            ],
            [
              -116.26303509282862,
              43.65146267248136
            ],
            [
              -116.26305591287043,
              43.65148944114203
            ],
            [
              -116.26311242426384,
              43.65154595380729
            ],
            [
              -116.26319570547166,
              43.65162031190203
            ],
            [
              -116.26335334530945,
              43.65170359300941
            ],
            [
              -116.26350206256953,
              43.65174820776014
            ],
            [
              -116.26364483005702,
              43.65180769404297
            ],
            [
              -116.26378462265822,
              43.65189394950014
            ],
            [
              -116.26385898128827,
              43.65194153871674
            ],
            [
              -116.26397795384766,
              43.65196235945772
            ],
            [
              -116.26419210611944,
              43.6520783576927
            ],
            [
              -116.26437056599906,
              43.652102152232686
            ],
            [
              -116.26461148704468,
              43.652122972165095
            ],
            [
              -116.26474830580017,
              43.65211404912269
            ],
            [
              -116.26483456085369,
              43.65216758811006
            ],
            [
              -116.26499814838301,
              43.652247893866594
            ],
            [
              -116.26528070951227,
              43.65236984222807
            ],
            [
              -116.26561383330291,
              43.652473942859665
            ],
            [
              -116.26591721447394,
              43.652566147265595
            ],
            [
              -116.26606890557976,
              43.65259886458401
            ],
            [
              -116.2662622367692,
              43.652646454747796
            ],
            [
              -116.2664972090828,
              43.6526791720224
            ],
            [
              -116.26661023395071,
              43.652685120410545
            ],
            [
              -116.26668756642646,
              43.65268809422801
            ],
            [
              -116.26669351515848,
              43.652705940893746
            ],
            [
              -116.2667500265519,
              43.65274460651825
            ],
            [
              -116.26704151129945,
              43.652866554624
            ],
            [
              -116.26721402140653,
              43.652967681343995
            ],
            [
              -116.26733596989276,
              43.65302419261832
            ],
            [
              -116.26755606985603,
              43.65315506379822
            ],
            [
              -116.26755606985603,
              43.653211576401915
            ],
            [
              -116.26762745255921,
              43.65328890848064
            ],
            [
              -116.26774345231343,
              43.653348394743105
            ],
            [
              -116.26783877561947,
              43.65337091193511
            ],
            [
              -116.26787208831067,
              43.65349464378844
            ],
            [
              -116.26797678578619,
              43.65375162503651
            ],
            [
              -116.26793871369314,
              43.65386108055693
            ],
            [
              -116.26801485579819,
              43.654079990999314
            ],
            [
              -116.2683479816699,
              43.65442739156655
            ],
            [
              -116.26865255217115,
              43.654551124254496
            ],
            [
              -116.26884804767099,
              43.65460480109768
            ],
            [
              -116.26930452466854,
              43.655288757879696
            ],
            [
              -116.26947584648597,
              43.65545531883864
            ],
            [
              -116.26966144442781,
              43.6555933283128
            ],
            [
              -116.26972142912325,
              43.65578215101229
            ],
            [
              -116.26994822908397,
              43.65594148424208
            ],
            [
              -116.2703990767934,
              43.65633096042841
            ],
            [
              -116.2705132909915,
              43.65633096042841
            ],
            [
              -116.27085593462634,
              43.65664505019853
            ],
            [
              -116.27112696247838,
              43.65679815160626
            ],
            [
              -116.27111291527139,
              43.65690203151575
            ],
            [
              -116.27122713051006,
              43.65705907624182
            ],
            [
              -116.27139845128694,
              43.657168531756284
            ],
            [
              -116.2716411568481,
              43.65734936975194
            ],
            [
              -116.27205518214564,
              43.65773960240603
            ],
            [
              -116.2727023962817,
              43.65874849290958
            ],
            [
              -116.27279281659226,
              43.65910065342714
            ],
            [
              -116.27291178915168,
              43.65908637761531
            ],
            [
              -116.27304503783549,
              43.65909113596867
            ],
            [
              -116.27313069978473,
              43.65915300130362
            ],
            [
              -116.27314497590916,
              43.65931956358845
            ],
            [
              -116.27325919010728,
              43.65941950133985
            ],
            [
              -116.2732925027985,
              43.65952895631542
            ],
            [
              -116.27348761850348,
              43.65958130457123
            ],
            [
              -116.27373508242593,
              43.65967648358031
            ],
            [
              -116.2740967605465,
              43.65960985821453
            ],
            [
              -116.27437277775839,
              43.6597669018807
            ],
            [
              -116.27465355437208,
              43.659762143580835
            ],
            [
              -116.27488198380883,
              43.65986683964021
            ],
            [
              -116.27520558983632,
              43.659895393900506
            ],
            [
              -116.2753673928501,
              43.660014366827674
            ],
            [
              -116.27556250855507,
              43.660042919512236
            ],
            [
              -116.2756529288656,
              43.65997153626985
            ],
            [
              -116.27586232069501,
              43.65995250012199
            ],
            [
              -116.27630965972429,
              43.66001912510755
            ],
            [
              -116.27635249017864,
              43.66011906244723
            ],
            [
              -116.27655236528548,
              43.66014761658758
            ],
            [
              -116.27661423022553,
              43.66009050904615
            ],
            [
              -116.27687121295166,
              43.660100027098935
            ],
            [
              -116.27699494491291,
              43.66014761658758
            ],
            [
              -116.2772483638106,
              43.66020315078346
            ],
            [
              -116.27760356460794,
              43.66034595126006
            ],
            [
              -116.2779362305637,
              43.660395484202134
            ],
            [
              -116.27835183122947,
              43.6605273510362
            ],
            [
              -116.27867484519324,
              43.66061399067664
            ],
            [
              -116.27899369285944,
              43.66079482883414
            ],
            [
              -116.27930302276252,
              43.66106132911054
            ],
            [
              -116.27948386130257,
              43.66127548071817
            ],
            [
              -116.27979795060747,
              43.66143728421718
            ],
            [
              -116.27998830795114,
              43.66142776637634
            ],
            [
              -116.2803196607532,
              43.66160086453092
            ],
            [
              -116.28060220835548,
              43.66176089065973
            ],
            [
              -116.28095436975347,
              43.66189889994356
            ],
            [
              -116.28114472605662,
              43.662055943644404
            ],
            [
              -116.2813112884722,
              43.662122568554004
            ],
            [
              -116.28169676152088,
              43.662227265013826
            ],
            [
              -116.2819442244028,
              43.66233196129102
            ],
            [
              -116.28210127009578,
              43.66236527397833
            ],
            [
              -116.28220120712894,
              43.662431898544696
            ],
            [
              -116.28242011776202,
              43.66241286317691
            ],
            [
              -116.28266282332318,
              43.66251279954311
            ],
            [
              -116.28296263442259,
              43.662603219594025
            ],
            [
              -116.28320533998378,
              43.66258418428057
            ],
            [
              -116.28335237886273,
              43.6626332328694
            ],
            [
              -116.28358793075368,
              43.66271180763157
            ],
            [
              -116.2839715266793,
              43.66264129095554
            ],
            [
              -116.28427821258585,
              43.66271316482082
            ],
            [
              -116.28475674786051,
              43.66271743360619
            ],
            [
              -116.28501848894793,
              43.66268412111433
            ],
            [
              -116.2852849894372,
              43.662665085826525
            ],
            [
              -116.28584178326274,
              43.66267936154021
            ],
            [
              -116.28596075582215,
              43.66263177330563
            ],
            [
              -116.28619394362018,
              43.662665085826525
            ],
            [
              -116.28634146946898,
              43.66270791596835
            ],
            [
              -116.28649851412143,
              43.66273646887739
            ],
            [
              -116.28646044306892,
              43.66275550414257
            ],
            [
              -116.28633195170583,
              43.662760263710666
            ],
            [
              -116.28596551522398,
              43.66273646887739
            ],
            [
              -116.28596048944549,
              43.66276545008127
            ],
            [
              -116.2861653903308,
              43.66289351415097
            ],
            [
              -116.28628912125147,
              43.662917308922
            ],
            [
              -116.28637002379891,
              43.662874477424054
            ],
            [
              -116.28673778071823,
              43.66286857219857
            ],
            [
              -116.28704103182254,
              43.662936344129776
            ],
            [
              -116.28709813840135,
              43.66286495981111
            ],
            [
              -116.2872551830538,
              43.66287923698272
            ],
            [
              -116.28733132619939,
              43.66296965648172
            ],
            [
              -116.28747409368688,
              43.66296489693024
            ],
            [
              -116.28754071906933,
              43.66290778981034
            ],
            [
              -116.28796756686548,
              43.662944749939555
            ],
            [
              -116.2880734328605,
              43.66293928356643
            ],
            [
              -116.2884212333811,
              43.663043683529665
            ],
            [
              -116.28978203418602,
              43.66332388332957
            ],
            [
              -116.29025806385518,
              43.66344078999267
            ],
            [
              -116.2907194334429,
              43.66346675015106
            ],
            [
              -116.29095762516823,
              43.663545485659064
            ],
            [
              -116.29121460685381,
              43.66352644989167
            ],
            [
              -116.29136689210445,
              43.663574038169806
            ],
            [
              -116.29170953469875,
              43.663559762668875
            ],
            [
              -116.29246620363112,
              43.6637310835105
            ],
            [
              -116.29292306042353,
              43.663826261210076
            ],
            [
              -116.29329901570907,
              43.663945235380496
            ],
            [
              -116.29377014966646,
              43.664164145943296
            ],
            [
              -116.29421748765519,
              43.664416368762424
            ],
            [
              -116.29522637991188,
              43.66508737557018
            ],
            [
              -116.29566420117801,
              43.66530152787079
            ],
            [
              -116.29619300984568,
              43.665620029728046
            ],
            [
              -116.29626858277868,
              43.66569175927179
            ],
            [
              -116.29637079025669,
              43.66566614029709
            ],
            [
              -116.29667785075546,
              43.665872597941
            ],
            [
              -116.29696383524106,
              43.666173683147136
            ],
            [
              -116.2970620356232,
              43.66630548309575
            ],
            [
              -116.29718705576533,
              43.66629138286952
            ],
            [
              -116.29733934205649,
              43.666548365050886
            ],
            [
              -116.29775336839455,
              43.66681962387204
            ],
            [
              -116.29831967998324,
              43.66714322990388
            ],
            [
              -116.2989954463682,
              43.6677571308203
            ],
            [
              -116.29914103578348,
              43.66780408274444
            ],
            [
              -116.2992714646206,
              43.667880863136325
            ],
            [
              -116.29955224019376,
              43.66790465818848
            ],
            [
              -116.2997568747024,
              43.667937970041464
            ],
            [
              -116.29989012338622,
              43.667980800937315
            ],
            [
              -116.30013282894738,
              43.668075978673045
            ],
            [
              -116.30051830199606,
              43.66825681843887
            ],
            [
              -116.3014224967772,
              43.66857566514258
            ],
            [
              -116.30174610488581,
              43.668689879834446
            ],
            [
              -116.30196977388019,
              43.668780299613374
            ],
            [
              -116.30211730076952,
              43.66883264732914
            ],
            [
              -116.30230137016713,
              43.668946149514426
            ],
            [
              -116.30246023679437,
              43.66902834910495
            ],
            [
              -116.3027021702794,
              43.66912174965677
            ],
            [
              -116.30299770062257,
              43.669251432680674
            ],
            [
              -116.30306956821455,
              43.66920284711538
            ],
            [
              -116.30330703052566,
              43.66931805788383
            ]
          ],
          [
            [
              -116.26677753618584,
              43.6512056023858
            ],
            [
              -116.26703451787144,
              43.65133409315108
            ],
            [
              -116.26746757973577,
              43.65172432424046
            ],
            [
              -116.26761034722327,
              43.651938476023155
            ],
            [
              -116.26787208831067,
              43.652276359146974
            ],
            [
              -116.2680386507263,
              43.652652315053906
            ],
            [
              -116.26812907103682,
              43.65306158118658
            ],
            [
              -116.2680141149381,
              43.65302121881755
            ],
            [
              -116.26788324595516,
              43.65297065514747
            ],
            [
              -116.2677583236232,
              43.65292306599342
            ],
            [
              -116.26736273866659,
              43.65273865738311
            ],
            [
              -116.26704746003148,
              43.65260778755438
            ],
            [
              -116.26688684634792,
              43.65254532748683
            ],
            [
              -116.26668459258073,
              43.652494763416065
            ],
            [
              -116.26644069768936,
              43.65241148265296
            ],
            [
              -116.26610757181764,
              43.65234307320692
            ],
            [
              -116.26585475434852,
              43.65231332958518
            ],
            [
              -116.26567034573685,
              43.65231332958518
            ],
            [
              -116.26548296327945,
              43.652247893866594
            ],
            [
              -116.2653193747096,
              43.6521794849871
            ],
            [
              -116.26514389075678,
              43.652140818245925
            ],
            [
              -116.26472153598579,
              43.652015897074534
            ],
            [
              -116.26429323352329,
              43.65190584718424
            ],
            [
              -116.26414451626326,
              43.65181066790383
            ],
            [
              -116.26403446628161,
              43.65172143921481
            ],
            [
              -116.26394821122807,
              43.65168872141845
            ],
            [
              -116.2639630835784,
              43.65174523389619
            ],
            [
              -116.26398687746595,
              43.65179579709228
            ],
            [
              -116.26389764752614,
              43.65177497629355
            ],
            [
              -116.26374000768831,
              43.65171548997837
            ],
            [
              -116.26350503641527,
              43.6516619528466
            ],
            [
              -116.26345447271333,
              43.651632208887484
            ],
            [
              -116.26345149886758,
              43.65159056792234
            ],
            [
              -116.26337119150554,
              43.65150133890632
            ],
            [
              -116.26326709025594,
              43.651424006031526
            ],
            [
              -116.26300534916848,
              43.651254469037674
            ],
            [
              -116.26272278803926,
              43.65100165185864
            ],
            [
              -116.26257704670601,
              43.650852935551
            ],
            [
              -116.26241643302245,
              43.65069232095292
            ],
            [
              -116.26226607692158,
              43.65052031692423
            ],
            [
              -116.26232403985972,
              43.65023822934111
            ],
            [
              -116.26240884440907,
              43.64982551525704
            ],
            [
              -116.2626991387859,
              43.650058702560244
            ],
            [
              -116.2630037103277,
              43.650177675402176
            ],
            [
              -116.26331779859207,
              43.650368031459045
            ],
            [
              -116.263527191462,
              43.6504203794195
            ],
            [
              -116.26361761073201,
              43.65052031692423
            ],
            [
              -116.26392694167562,
              43.650629772310836
            ],
            [
              -116.26411689633271,
              43.6507748293771
            ],
            [
              -116.26418868172252,
              43.65082964721001
            ],
            [
              -116.26450277102745,
              43.65101048697864
            ],
            [
              -116.26479306540428,
              43.65100096823789
            ],
            [
              -116.26481210093054,
              43.651134217672016
            ],
            [
              -116.26488221106085,
              43.65116623257661
            ],
            [
              -116.26510239426683,
              43.65111994222481
            ],
            [
              -116.26527847548608,
              43.65111042350145
            ],
            [
              -116.26547656087467,
              43.6511754847702
            ],
            [
              -116.26588476022316,
              43.65116475090044
            ],
            [
              -116.26651579509841,
              43.651143735638755
            ],
            [
              -116.26677753618584,
              43.6512056023858
            ]
          ],
          [
            [
              -116.22715929619133,
              43.61813852412703
            ],
            [
              -116.22721283477951,
              43.61815636975713
            ],
            [
              -116.22723425000672,
              43.61820990736886
            ],
            [
              -116.2273484642048,
              43.61823489121978
            ],
            [
              -116.22751621699112,
              43.618324121434036
            ],
            [
              -116.22764113724203,
              43.61843476617346
            ],
            [
              -116.22812297933324,
              43.61871316356073
            ],
            [
              -116.22834426862671,
              43.618731009020216
            ],
            [
              -116.22855485082685,
              43.61885950069214
            ],
            [
              -116.22866192696273,
              43.619127189663466
            ],
            [
              -116.22881183251243,
              43.61927352729383
            ],
            [
              -116.2289688771649,
              43.61939844875473
            ],
            [
              -116.22920444466386,
              43.619648291651195
            ],
            [
              -116.22931151975922,
              43.61978035189863
            ],
            [
              -116.22935078118246,
              43.6198731511029
            ],
            [
              -116.22932579588365,
              43.6199159808771
            ],
            [
              -116.22920801265445,
              43.61982675076538
            ],
            [
              -116.22902955381532,
              43.619812474658374
            ],
            [
              -116.22881897161518,
              43.61966613758644
            ],
            [
              -116.22859411225011,
              43.619384171792724
            ],
            [
              -116.22832999146175,
              43.61924854236787
            ],
            [
              -116.2282264853975,
              43.619087929150965
            ],
            [
              -116.22789811996816,
              43.61889876135384
            ],
            [
              -116.22773036718183,
              43.61879168655612
            ],
            [
              -116.22721640381066,
              43.618499012360296
            ],
            [
              -116.22717499160395,
              43.61843149988876
            ],
            [
              -116.22705567254674,
              43.618346709004534
            ],
            [
              -116.2270093906416,
              43.618263445686175
            ],
            [
              -116.2270093906416,
              43.618188492631184
            ],
            [
              -116.22705222109597,
              43.61815636975713
            ],
            [
              -116.22708791348813,
              43.618127816746465
            ],
            [
              -116.22715929619133,
              43.61813852412703
            ]
          ],
          [
            [
              -116.17963213424918,
              43.600825311319134
            ],
            [
              -116.17976002938633,
              43.60082828468927
            ],
            [
              -116.17986710552223,
              43.600849105811086
            ],
            [
              -116.17998013039013,
              43.600872900293616
            ],
            [
              -116.18014074407368,
              43.60090264300678
            ],
            [
              -116.18029540902523,
              43.60094428368472
            ],
            [
              -116.18041735647091,
              43.60097105299971
            ],
            [
              -116.18058094400023,
              43.60100079641787
            ],
            [
              -116.18070289144592,
              43.6010305390678
            ],
            [
              -116.18087540259351,
              43.60110489713534
            ],
            [
              -116.18104791374114,
              43.60117925586451
            ],
            [
              -116.18120257869268,
              43.60125361374825
            ],
            [
              -116.18132452613837,
              43.60128930598205
            ],
            [
              -116.1814762162036,
              43.601375560870494
            ],
            [
              -116.18161006111335,
              43.601423150916744
            ],
            [
              -116.18177662352893,
              43.60147668835515
            ],
            [
              -116.18185098215896,
              43.601524277567876
            ],
            [
              -116.18187565009498,
              43.60157839360854
            ],
            [
              -116.18176690286172,
              43.601592944552806
            ],
            [
              -116.18146352169065,
              43.601617928525684
            ],
            [
              -116.18132460313787,
              43.60160748795847
            ],
            [
              -116.1809576255784,
              43.60157248989214
            ],
            [
              -116.18095704496052,
              43.60157243413274
            ],
            [
              -116.18061762281845,
              43.601475160996756
            ],
            [
              -116.17991092240266,
              43.601193195808385
            ],
            [
              -116.1797181863986,
              43.60102901245161
            ],
            [
              -116.17951066857066,
              43.60081830513628
            ],
            [
              -116.17957264692893,
              43.600813414069655
            ],
            [
              -116.17963213424918,
              43.600825311319134
            ]
          ],
          [
            [
              -116.22979527539219,
              43.62004733622519
            ],
            [
              -116.23002892726834,
              43.62016939364223
            ],
            [
              -116.23051433839065,
              43.620294315501624
            ],
            [
              -116.23085697994443,
              43.620419237101466
            ],
            [
              -116.23106399311347,
              43.620633388242055
            ],
            [
              -116.2313566671912,
              43.62071904893668
            ],
            [
              -116.23164577223785,
              43.62087966231599
            ],
            [
              -116.23181709301474,
              43.62105455258823
            ],
            [
              -116.23178853972534,
              43.621093814076396
            ],
            [
              -116.23154583416418,
              43.62103313811047
            ],
            [
              -116.23128171441637,
              43.62090821627961
            ],
            [
              -116.23088910330549,
              43.62075830989066
            ],
            [
              -116.23062498355768,
              43.620547728178664
            ],
            [
              -116.23028947902557,
              43.62039068290557
            ],
            [
              -116.2299004369458,
              43.62018723942281
            ],
            [
              -116.22979148056523,
              43.620046650745664
            ],
            [
              -116.22978979177879,
              43.620044471523286
            ],
            [
              -116.22979527539219,
              43.62004733622519
            ]
          ],
          [
            [
              -116.19652908250373,
              43.60509075049635
            ],
            [
              -116.19640416017177,
              43.60516213491063
            ],
            [
              -116.196282808952,
              43.60521567278901
            ],
            [
              -116.19617216274446,
              43.60526921137317
            ],
            [
              -116.19601154906091,
              43.60523351848672
            ],
            [
              -116.19559395369171,
              43.605130011859316
            ],
            [
              -116.19524060400411,
              43.60491586126191
            ],
            [
              -116.19488368424483,
              43.604751677515814
            ],
            [
              -116.19491580760585,
              43.60467315577732
            ],
            [
              -116.19498362127796,
              43.604648171566296
            ],
            [
              -116.19521918877693,
              43.60473740159718
            ],
            [
              -116.19532626491281,
              43.60482663074227
            ],
            [
              -116.19546903240031,
              43.604887307238776
            ],
            [
              -116.19556896943345,
              43.60490515303391
            ],
            [
              -116.19564392324881,
              43.60489087639821
            ],
            [
              -116.19589376583168,
              43.60487659975912
            ],
            [
              -116.19595444248213,
              43.60487659975912
            ],
            [
              -116.19652908250373,
              43.60509075049635
            ]
          ],
          [
            [
              -116.15349532760408,
              43.57839320020166
            ],
            [
              -116.15355243418286,
              43.578453876217104
            ],
            [
              -116.153588126575,
              43.578514552171356
            ],
            [
              -116.15376658645462,
              43.57884648762079
            ],
            [
              -116.15389267314396,
              43.57892798962457
            ],
            [
              -116.153973594421,
              43.57908795553887
            ],
            [
              -116.1539961937757,
              43.57918128864235
            ],
            [
              -116.15396599436176,
              43.57922515520378
            ],
            [
              -116.15385938542556,
              43.579260513762186
            ],
            [
              -116.15370947987584,
              43.579214114506954
            ],
            [
              -116.15345963521192,
              43.579032085560385
            ],
            [
              -116.15331329869333,
              43.5789071639332
            ],
            [
              -116.1532776073417,
              43.578732273219714
            ],
            [
              -116.15334185198272,
              43.57857165960549
            ],
            [
              -116.15338111340597,
              43.578332524125074
            ],
            [
              -116.15344892811859,
              43.57830753953007
            ],
            [
              -116.15349532760408,
              43.57839320020166
            ]
          ],
          [
            [
              -116.18805581973852,
              43.60021166667292
            ],
            [
              -116.18793446643768,
              43.60014742054097
            ],
            [
              -116.18781311417736,
              43.60011172913683
            ],
            [
              -116.18768127645744,
              43.6001018248174
            ],
            [
              -116.18758215936495,
              43.60004727793946
            ],
            [
              -116.18737410358099,
              43.5999118543202
            ],
            [
              -116.18723490512461,
              43.599847609375196
            ],
            [
              -116.18703860008944,
              43.59982262466717
            ],
            [
              -116.18707072240996,
              43.59972982616993
            ],
            [
              -116.18720635183524,
              43.59973339488185
            ],
            [
              -116.18738837970545,
              43.59976551780067
            ],
            [
              -116.18760253197722,
              43.599815486500205
            ],
            [
              -116.18773816140249,
              43.59983333229281
            ],
            [
              -116.1879059131483,
              43.599901146708525
            ],
            [
              -116.18805581973852,
              43.60000465404376
            ],
            [
              -116.18814861870946,
              43.60005462179115
            ],
            [
              -116.18822357044377,
              43.60012957484157
            ],
            [
              -116.18822714051541,
              43.600190251554366
            ],
            [
              -116.18817360296772,
              43.60019738967692
            ],
            [
              -116.18808590781535,
              43.600188107028025
            ],
            [
              -116.18805581973852,
              43.60021166667292
            ]
          ],
          [
            [
              -116.14640691134053,
              43.574045925020236
            ],
            [
              -116.14673672519298,
              43.57421715584323
            ],
            [
              -116.14693158284558,
              43.574417121275054
            ],
            [
              -116.14683738955931,
              43.57444271583747
            ],
            [
              -116.14662463160288,
              43.574306476230475
            ],
            [
              -116.14634266565899,
              43.574192261510134
            ],
            [
              -116.14623915959476,
              43.57412087880191
            ],
            [
              -116.14614636062382,
              43.574010233966845
            ],
            [
              -116.14604285351905,
              43.57388174223036
            ],
            [
              -116.14603571545682,
              43.57381035840014
            ],
            [
              -116.14640691134053,
              43.574045925020236
            ]
          ],
          [
            [
              -116.14749908376447,
              43.57473834837724
            ],
            [
              -116.14746696040342,
              43.574766901630255
            ],
            [
              -116.14725994827492,
              43.57464554964613
            ],
            [
              -116.14703151987872,
              43.57456702706728
            ],
            [
              -116.14703865898149,
              43.57449207459472
            ],
            [
              -116.14718856349063,
              43.57455988892004
            ],
            [
              -116.14725994827492,
              43.57456345761687
            ],
            [
              -116.14744197718566,
              43.574677672387004
            ],
            [
              -116.14749908376447,
              43.57473834837724
            ]
          ]
        ]
      },
      "properties": {
        "OBJECTID": 23391,
        "PERMANENT_IDENTIFIER": "120008049",
        "FDATE": 1444867200000,
        "RESOLUTION": 2,
        "GNIS_ID": null,
        "GNIS_NAME": null,
        "AREASQKM": 0.75165456,
        "ELEVATION": null,
        "FTYPE": 460,
        "FCODE": 46006,
        "VISIBILITYFILTER": 5000000,
        "SHAPE_Length": 67720.22762685269,
        "SHAPE_Area": 1434593.434250402,
        "GLOBALID": "{F90319A8-4CA9-11E1-BCF4-0021280458E6}"
      }
    }
  ]
}