{
"type": "FeatureCollection",
"name": "hydraulic_cells",
"crs": { "type": "name", "properties": { "name": "urn:ogc:def:crs:OGC:1.3:CRS84" } },
"features": [
{ "type": "Feature", "properties": { "cell_id": "gis-hydro-001", "station_m": 1098.47, "center_x_m": 520365.088, "center_y_m": 4449867.524, "length_m": 2196.94, "width_m": 315.884, "area_m2": 693978.252, "cross_section_source": "synthetic-boundary-width", "mean_depth_m": 0.609532, "mean_velocity_ms": 0.649463, "mean_water_surface_m": 21.59053, "flow_area_m2": 128.107176, "hydraulic_radius_m": 0.609499 }, "geometry": { "type": "Polygon", "coordinates": [ [ [ -74.76045719734735, 40.189230116331778 ], [ -74.760448517974808, 40.1892350643312 ], [ -74.760262518386881, 40.189349864242438 ], [ -74.760014318806981, 40.189450531007431 ], [ -74.759840585032094, 40.189512864616255 ], [ -74.759610851806443, 40.189575397682106 ], [ -74.759368718538894, 40.189628330959202 ], [ -74.759195051358176, 40.189728797797038 ], [ -74.759114851171105, 40.189881531460379 ], [ -74.759146718560814, 40.190086398057815 ], [ -74.759216051412338, 40.190334064561505 ], [ -74.759360118526601, 40.190643530965168 ], [ -74.759429251595634, 40.19083879808575 ], [ -74.75952191841877, 40.191112864704671 ], [ -74.759666185315552, 40.191465198108311 ], [ -74.759734918819575, 40.191560397903736 ], [ -74.759853518867871, 40.191693597907559 ], [ -74.759978518199304, 40.191874398105234 ], [ -74.760028985131612, 40.192064931537914 ], [ -74.76004191896736, 40.1921935983327 ], [ -74.760123051472775, 40.192288731133409 ], [ -74.760191784976797, 40.192383931362563 ], [ -74.760303851513029, 40.1924313319211 ], [ -74.760416052278131, 40.192526398416376 ], [ -74.76047845205261, 40.192592998297215 ], [ -74.760528719202398, 40.192740597993321 ], [ -74.760743252309567, 40.193569398773057 ], [ -74.760843519191937, 40.193802732138522 ], [ -74.760931052021036, 40.193926465325703 ], [ -74.761000452507261, 40.194193198346539 ], [ -74.761100919172137, 40.194474198935438 ], [ -74.761208119131553, 40.194864732015894 ], [ -74.761302452889907, 40.195150532079204 ], [ -74.761396452636902, 40.195355265128654 ], [ -74.761446652151989, 40.19549333223943 ], [ -74.761484719042386, 40.195683865837154 ], [ -74.761497719472302, 40.195831598691669 ], [ -74.76148558580708, 40.195912665521227 ], [ -74.761485852183739, 40.195988932440841 ], [ -74.761529652415632, 40.196050799055207 ], [ -74.761517385562072, 40.196107998540377 ], [ -74.761486585760096, 40.196174799167537 ], [ -74.761462252876001, 40.196313065693808 ], [ -74.761500052349191, 40.196436932595333 ], [ -74.761531385945048, 40.196498798800953 ], [ -74.761543919175267, 40.196536865576427 ], [ -74.761612652679304, 40.196636799205017 ], [ -74.761669252518089, 40.196808265686762 ], [ -74.761738318992954, 40.196989266047439 ], [ -74.761757119358563, 40.19702733254752 ], [ -74.761819919738571, 40.197189199380908 ], [ -74.761895319942994, 40.197398732346983 ], [ -74.761952119564285, 40.197622666143964 ], [ -74.76200865280893, 40.197784532350923 ], [ -74.762115252380326, 40.198022599221432 ], [ -74.762196653343437, 40.19818446606326 ], [ -74.762328252781117, 40.198460599609348 ], [ -74.762465852977513, 40.198679532378918 ], [ -74.762578453307611, 40.198879466291856 ], [ -74.762715852680984, 40.199045999548488 ], [ -74.762878252961158, 40.199260066470494 ], [ -74.76300312014483, 40.199393266451416 ], [ -74.763190186279942, 40.199545333003492 ], [ -74.763333386629512, 40.199616533215519 ], [ -74.763532519835692, 40.199668466000773 ], [ -74.763750520001651, 40.199801399730212 ], [ -74.763956520731242, 40.200020199419981 ], [ -74.764037653236642, 40.200101066527047 ], [ -74.764187387098261, 40.200243665986882 ], [ -74.764280920686076, 40.200319733321003 ], [ -74.764380587180426, 40.20037666614239 ], [ -74.76448645421597, 40.200428866176352 ], [ -74.764523920718332, 40.20047646615707 ], [ -74.764499187228708, 40.200519399335249 ], [ -74.764449520466954, 40.20052906666789 ], [ -74.764381053339577, 40.20050539982077 ], [ -74.764312587252746, 40.200476932675365 ], [ -74.764225387394475, 40.200434199747399 ], [ -74.764169386903191, 40.200420065902442 ], [ -74.764125854088476, 40.200410666385302 ], [ -74.764069853597178, 40.200401199312985 ], [ -74.764051254054593, 40.200410799903423 ], [ -74.764046587260282, 40.200463066670117 ], [ -74.764063987067331, 40.200491799267809 ], [ -74.764107787299238, 40.200563199557443 ], [ -74.764207453793574, 40.200620132969156 ], [ -74.764232720036532, 40.200710666667341 ], [ -74.764226853506685, 40.200805999717034 ], [ -74.76425232057268, 40.200972733285717 ], [ -74.764271786879931, 40.201177666515392 ], [ -74.764346987301863, 40.201330000071692 ], [ -74.764478320362869, 40.20154893311279 ], [ -74.764565987420838, 40.201715532928318 ], [ -74.764728387701027, 40.201901066858845 ], [ -74.764834386884388, 40.202000866219038 ], [ -74.764971654109956, 40.202124466826831 ], [ -74.765115187430339, 40.202281466493311 ], [ -74.765156387368165, 40.202373999892437 ], [ -74.765177587204832, 40.202410400005107 ], [ -74.765199054458705, 40.202432399644479 ], [ -74.765213254624157, 40.20245993295962 ], [ -74.765256187050838, 40.202525799883688 ], [ -74.765263387545076, 40.2025313335607 ], [ -74.765270586998795, 40.202542333361713 ], [ -74.765277654304697, 40.202558800078698 ], [ -74.765291987658529, 40.202580733707727 ], [ -74.765306387606458, 40.202608333719532 ], [ -74.76531345387184, 40.202624733663583 ], [ -74.765320654366079, 40.202635733449391 ], [ -74.765327853819784, 40.202646733233472 ], [ -74.765402921053379, 40.202733532998373 ], [ -74.765571520834243, 40.202942866839614 ], [ -74.765827654484752, 40.203261600123739 ], [ -74.766014988037071, 40.203480466528774 ], [ -74.766246054186567, 40.203761133792504 ], [ -74.766452121510341, 40.204008466643437 ], [ -74.766620787885358, 40.204222533791246 ], [ -74.766677054753345, 40.204298666595179 ], [ -74.766776854436017, 40.204384266625723 ], [ -74.766932787798325, 40.204512533356187 ], [ -74.767094855107672, 40.204640867393579 ], [ -74.767207254614746, 40.204764533916396 ], [ -74.767550922134888, 40.20522126699786 ], [ -74.767713054997898, 40.205359133623666 ], [ -74.767993922138018, 40.205639667548347 ], [ -74.768193722326387, 40.205863200624123 ], [ -74.768387654944391, 40.206186867080191 ], [ -74.768581655197082, 40.206505733717002 ], [ -74.768700455027883, 40.20667706716462 ], [ -74.768810589292741, 40.206817467434469 ], [ -74.768916521881934, 40.206952467603102 ], [ -74.768987789085884, 40.207043333759785 ], [ -74.769069189008476, 40.207181400910407 ], [ -74.769125322688112, 40.207233667225289 ], [ -74.76919385536911, 40.207276400635301 ], [ -74.769237522412681, 40.207304934061938 ], [ -74.769287655333599, 40.20741920115249 ], [ -74.769306722075882, 40.207519267344161 ], [ -74.769363321914668, 40.207690667365824 ], [ -74.769532122518584, 40.207928600913903 ], [ -74.769634322712832, 40.208039267931852 ], [ -74.768919988940723, 40.208387134030964 ], [ -74.767922255369058, 40.208842668208284 ], [ -74.767445788675715, 40.209059601488875 ], [ -74.766853988169828, 40.209368268048067 ], [ -74.766738855180321, 40.209415801359043 ], [ -74.766684455030088, 40.209282534453401 ], [ -74.766631588626737, 40.209186467944079 ], [ -74.766592255406678, 40.209126668277115 ], [ -74.766467055252164, 40.208926801137636 ], [ -74.766397987736767, 40.208833467727274 ], [ -74.766384254771012, 40.208815067556117 ], [ -74.766329788026596, 40.208680134669493 ], [ -74.76630692125471, 40.208623401127689 ], [ -74.76638905475366, 40.208593934536651 ], [ -74.766363454499327, 40.208549800979831 ], [ -74.766342387851012, 40.208550801450947 ], [ -74.766324988043934, 40.208539000817488 ], [ -74.766297721894929, 40.208515867596738 ], [ -74.76626705528129, 40.20848433485294 ], [ -74.766242188603329, 40.208452934802132 ], [ -74.766084721494124, 40.208178401076495 ], [ -74.766130388443756, 40.208160267733305 ], [ -74.765996254265616, 40.207928067695235 ], [ -74.765914188401354, 40.207953868003642 ], [ -74.76589925465953, 40.207928201198584 ], [ -74.765978654676061, 40.207898468093184 ], [ -74.765922121431444, 40.207802734175765 ], [ -74.765817654954446, 40.207634134046344 ], [ -74.765585654405527, 40.207208467414105 ], [ -74.765574454099166, 40.20720100068386 ], [ -74.765568321192646, 40.207201000683852 ], [ -74.765510187606949, 40.207219134283676 ], [ -74.765502854964907, 40.207220067227439 ], [ -74.765496521235349, 40.207218200545256 ], [ -74.765415788294973, 40.207107200808437 ], [ -74.765406454706323, 40.207101000774806 ], [ -74.765389988258136, 40.207101000774813 ], [ -74.76535098800889, 40.207110534458685 ], [ -74.765323254660174, 40.207081601229952 ], [ -74.765113787912327, 40.206790467527419 ], [ -74.765057521044355, 40.206712467647236 ], [ -74.764874654503856, 40.206471734146874 ], [ -74.764842987937186, 40.206436533797941 ], [ -74.764622787042128, 40.206191800472652 ], [ -74.764150920548957, 40.20563486762353 ], [ -74.763712120140426, 40.205122067605387 ], [ -74.763680054008759, 40.205079600649746 ], [ -74.763661453425641, 40.205037066913 ], [ -74.763644853789131, 40.204999333914436 ], [ -74.763626186611845, 40.204970933821194 ], [ -74.763591120621086, 40.204931667019004 ], [ -74.763383186579603, 40.204714667282197 ], [ -74.763379787155529, 40.2047038673035 ], [ -74.763379720561346, 40.204693400302652 ], [ -74.763383053391266, 40.204681333567599 ], [ -74.763383387402627, 40.204680066814582 ], [ -74.763383320808458, 40.204664867366169 ], [ -74.763379587373009, 40.204656400621865 ], [ -74.763363453895664, 40.204642200107507 ], [ -74.763355920430584, 40.204636467132744 ], [ -74.763336053517776, 40.204634600379471 ], [ -74.763320053228753, 40.204630866872648 ], [ -74.763288987050117, 40.204609067416783 ], [ -74.763239253694195, 40.204571267424996 ], [ -74.76320205356852, 40.204541934171829 ], [ -74.763154853912511, 40.204490733862258 ], [ -74.763139920170687, 40.204470867079557 ], [ -74.763132386705607, 40.204445267300102 ], [ -74.763132386705607, 40.204432866745357 ], [ -74.763127386940454, 40.204418666978938 ], [ -74.763117319775446, 40.204399733952378 ], [ -74.763107386839309, 40.204377933627455 ], [ -74.763087519926515, 40.204358000056502 ], [ -74.76307505329045, 40.204351400829715 ], [ -74.763058919813091, 40.204342867291011 ], [ -74.763050319800811, 40.204337267006679 ], [ -74.763040320270505, 40.204325866965689 ], [ -74.763039053940815, 40.204319266941049 ], [ -74.763040253676351, 40.204308800675513 ], [ -74.763043920517646, 40.204306867157982 ], [ -74.763057520295064, 40.204302067138784 ], [ -74.763066253495666, 40.204296400095799 ], [ -74.7630723864022, 40.204286933566138 ], [ -74.763075986649312, 40.204274533777095 ], [ -74.763075986649312, 40.204262200741113 ], [ -74.763072253213863, 40.204254600175751 ], [ -74.763064719748769, 40.204248000144183 ], [ -74.763046120206198, 40.204241334151391 ], [ -74.763037520193919, 40.204239467387232 ], [ -74.76301398643983, 40.204244333371413 ], [ -74.762985520555276, 40.204246266890799 ], [ -74.762976853948828, 40.204245333906087 ], [ -74.762968187342395, 40.204242467402011 ], [ -74.762959519695443, 40.204237734133557 ], [ -74.762948253835418, 40.204224467311228 ], [ -74.762938386452902, 40.204211200486242 ], [ -74.762932053763905, 40.204193200387152 ], [ -74.762924586892993, 40.204179933556098 ], [ -74.762897319703441, 40.204152466900176 ], [ -74.76286245349516, 40.204108866879011 ], [ -74.762827587286921, 40.204056800010591 ], [ -74.762763186565834, 40.203966067335195 ], [ -74.762556586488728, 40.203711000191589 ], [ -74.762522653639337, 40.203672400218167 ], [ -74.762466786336361, 40.20360873337993 ], [ -74.762433786845847, 40.203572533383856 ], [ -74.762406920261824, 40.203544200243527 ], [ -74.762369720136121, 40.203506467208669 ], [ -74.76233885373999, 40.203482933323585 ], [ -74.762246053728532, 40.203398067266995 ], [ -74.762221187050571, 40.203371267061115 ], [ -74.762200586561391, 40.203338267261621 ], [ -74.762194319426015, 40.203311400275908 ], [ -74.762181786195796, 40.203286200596061 ], [ -74.762165253153427, 40.203261066868379 ], [ -74.762134386757296, 40.203224933442932 ], [ -74.762103386132281, 40.203198133963333 ], [ -74.761967053306122, 40.203063400496085 ], [ -74.761513252561642, 40.20261480039688 ], [ -74.761462786669867, 40.202569199857436 ], [ -74.761444119492594, 40.202558200060835 ], [ -74.761421519097354, 40.202544066658675 ], [ -74.761392652607299, 40.202533066857988 ], [ -74.761363852711369, 40.202519000207573 ], [ -74.761337052721515, 40.202503267013277 ], [ -74.761318586367267, 40.202485933236161 ], [ -74.761306186325371, 40.20246546664201 ], [ -74.761297786095597, 40.202435600010503 ], [ -74.7612935199068, 40.202399400182706 ], [ -74.761289385865808, 40.202370999794972 ], [ -74.761287186177256, 40.202353666778784 ], [ -74.761278919135805, 40.202341067159381 ], [ -74.761266586728624, 40.202329999773838 ], [ -74.761243853145047, 40.202312733504371 ], [ -74.761173919905502, 40.202286133141143 ], [ -74.761145120009587, 40.202276799845173 ], [ -74.761120386519949, 40.202267333828203 ], [ -74.761103852437046, 40.202254733398064 ], [ -74.761091452395164, 40.20223586652439 ], [ -74.761084252941473, 40.202220133264348 ], [ -74.761071786305394, 40.202209133411095 ], [ -74.761063585858139, 40.202202866966942 ], [ -74.761049185910153, 40.202199666589927 ], [ -74.761016253013807, 40.202207667134765 ], [ -74.760995785712936, 40.202204600272573 ], [ -74.760979319264777, 40.202192066588076 ], [ -74.760968985723096, 40.202176266560571 ], [ -74.760968919128942, 40.202155799872891 ], [ -74.760974986481827, 40.202136800251722 ], [ -74.760983052700226, 40.202111666892641 ], [ -74.760980919605842, 40.202087999803204 ], [ -74.760976718970682, 40.202073800340358 ], [ -74.760968519563932, 40.202059600079743 ], [ -74.760949852386659, 40.202043933536302 ], [ -74.760733052996756, 40.201784333146705 ], [ -74.760540052697095, 40.201553133300152 ], [ -74.760476985940414, 40.201469733504346 ], [ -74.760460452898059, 40.201444533139956 ], [ -74.760439785814725, 40.201403533353279 ], [ -74.760417052231162, 40.201367399732511 ], [ -74.76039771911222, 40.201343400182004 ], [ -74.76039425205343, 40.201339066465344 ], [ -74.76023958606136, 40.201172399761155 ], [ -74.760167318904379, 40.201096866656052 ], [ -74.760023652395645, 40.200947333255669 ], [ -74.759978519239851, 40.200900266879522 ], [ -74.759941319114162, 40.200872000175721 ], [ -74.759900052582182, 40.200842199600871 ], [ -74.759848519102704, 40.200798066560239 ], [ -74.75979285262278, 40.200741533055655 ], [ -74.759710251924105, 40.200655000159919 ], [ -74.759536918754762, 40.20043539982067 ], [ -74.759509451782705, 40.200393666663324 ], [ -74.759478518792392, 40.20036340015394 ], [ -74.759395118963738, 40.200279066650104 ], [ -74.759293185146134, 40.200154733093981 ], [ -74.759250918661138, 40.200111333164095 ], [ -74.75922351828325, 40.200080999769277 ], [ -74.759183718904012, 40.200027066106209 ], [ -74.759134118736412, 40.19998539945702 ], [ -74.759083252239122, 40.199955132765325 ], [ -74.759037385507, 40.199941932659193 ], [ -74.759023719135413, 40.199938199688738 ], [ -74.75900311864622, 40.19980479970463 ], [ -74.758990652010169, 40.199706466621301 ], [ -74.758982918762598, 40.199698666060627 ], [ -74.758964918567514, 40.199688866679516 ], [ -74.758955985584436, 40.199681999959097 ], [ -74.758951985772299, 40.19967213302106 ], [ -74.75892791822433, 40.199565999964143 ], [ -74.758885385362646, 40.199331132667098 ], [ -74.758848118642788, 40.19914433279493 ], [ -74.758762718908088, 40.198793465899612 ], [ -74.758689052233066, 40.198517932967903 ], [ -74.758579052197049, 40.198177399701422 ], [ -74.758575051344408, 40.198155799249001 ], [ -74.758576318714631, 40.198148932373314 ], [ -74.75858391877388, 40.198139999075664 ], [ -74.75858645143326, 40.198127199184007 ], [ -74.758573385449708, 40.19803886595723 ], [ -74.758550452083639, 40.19791846563335 ], [ -74.758520918611353, 40.197782732965386 ], [ -74.758511252051889, 40.197760599088639 ], [ -74.758495852150901, 40.197740065895857 ], [ -74.758475584632563, 40.197722932775676 ], [ -74.758463117996499, 40.197705932379819 ], [ -74.758445451812776, 40.197678132471381 ], [ -74.758418385446248, 40.197640532874452 ], [ -74.758383651385799, 40.197603065985483 ], [ -74.758367584502608, 40.19759019923066 ], [ -74.758342584636324, 40.197575199273004 ], [ -74.758317784552531, 40.197560065788352 ], [ -74.758299185009946, 40.197545866171914 ], [ -74.758261918290088, 40.197503198953342 ], [ -74.758231985252806, 40.197467265924196 ], [ -74.758218251246518, 40.197446399627424 ], [ -74.758212718728046, 40.19742839932178 ], [ -74.758196251239312, 40.197375599298411 ], [ -74.758150851706887, 40.197262999433391 ], [ -74.757984518208772, 40.196817598940775 ], [ -74.757823051287417, 40.196359466034153 ], [ -74.757629117628895, 40.195695399269162 ], [ -74.75762725091117, 40.195652799239546 ], [ -74.757630851158297, 40.195628998752369 ], [ -74.757629385046087, 40.195569199047682 ], [ -74.75755251768895, 40.195206732450558 ], [ -74.757518584839545, 40.194993798854043 ], [ -74.757508384486229, 40.194962665175801 ], [ -74.757499584691445, 40.194944932063457 ], [ -74.75748711805538, 40.19493073189944 ], [ -74.757474051031281, 40.194902465091417 ], [ -74.757474518230978, 40.1948775984931 ], [ -74.757465717395675, 40.19483299898701 ], [ -74.757451917835752, 40.194793131790206 ], [ -74.757353784047766, 40.194331332203888 ], [ -74.757342651376106, 40.194196865662903 ], [ -74.757331717446391, 40.19409573222719 ], [ -74.757296450632609, 40.193931598317072 ], [ -74.757272584948211, 40.193843398719515 ], [ -74.757260517877143, 40.193819798688807 ], [ -74.757250317523813, 40.193805798585842 ], [ -74.757241517729057, 40.193798865298902 ], [ -74.757230384016836, 40.193796998247159 ], [ -74.75722165081622, 40.19379319896764 ], [ -74.757209584785699, 40.193685664962025 ], [ -74.757202584073937, 40.193634798230832 ], [ -74.757187450549637, 40.193579664809434 ], [ -74.757175983866603, 40.193499998863885 ], [ -74.757167117477664, 40.193468664996978 ], [ -74.757129983946129, 40.193371464900309 ], [ -74.756995917402705, 40.193090931875055 ], [ -74.756767383912575, 40.192702398732841 ], [ -74.756740650516889, 40.192653798152755 ], [ -74.756726250568931, 40.192631865286565 ], [ -74.756699517173246, 40.192603731848664 ], [ -74.756660584558674, 40.192575598399088 ], [ -74.756644050475799, 40.192556732011454 ], [ -74.756635851069063, 40.192541131628722 ], [ -74.756585984524804, 40.192340398488753 ], [ -74.756573651077076, 40.19231219816286 ], [ -74.756561317629348, 40.19229179844411 ], [ -74.756481250630614, 40.192208864959625 ], [ -74.756474250959414, 40.192192598414998 ], [ -74.756468717400395, 40.19215553150363 ], [ -74.756468584212044, 40.192122598576361 ], [ -74.756470517523937, 40.192097531451807 ], [ -74.756478583742364, 40.192077131668448 ], [ -74.756492850501971, 40.1920566651117 ], [ -74.756511250262065, 40.192034665285057 ], [ -74.756547851040239, 40.191995398144122 ], [ -74.756572383706853, 40.191971798265179 ], [ -74.7565994511139, 40.191934065148722 ], [ -74.756636583604887, 40.191925531636834 ], [ -74.756536850516383, 40.191622264584041 ], [ -74.756345450557774, 40.191066264443869 ], [ -74.756234583757077, 40.190723531724693 ], [ -74.756061317181889, 40.190188664599084 ], [ -74.755949117457334, 40.189845064211198 ], [ -74.755929650109508, 40.189789597835684 ], [ -74.755917450890635, 40.189758264639167 ], [ -74.755859953122965, 40.189655868574363 ], [ -74.75854567018294, 40.188556240196206 ], [ -74.758606984287752, 40.188695864455681 ], [ -74.75871345171133, 40.188910130977781 ], [ -74.758813251394002, 40.18906719780643 ], [ -74.758847117649225, 40.189095864488408 ], [ -74.758925717495231, 40.189162264248019 ], [ -74.759155784732243, 40.189204597300069 ], [ -74.759398051188143, 40.189180264363216 ], [ -74.759624185207201, 40.189133264538185 ], [ -74.759706851459484, 40.189116064062993 ], [ -74.759745785114575, 40.189107997587946 ], [ -74.759882385357969, 40.189064797257458 ], [ -74.760025118507826, 40.1890167973879 ], [ -74.760149185520945, 40.18896413071483 ], [ -74.760229092717779, 40.188902462334482 ], [ -74.76045719734735, 40.189230116331778 ] ] ] } },
{ "type": "Feature", "properties": { "cell_id": "gis-hydro-002", "station_m": 3295.41, "center_x_m": 521047.279, "center_y_m": 4448269.612, "length_m": 2196.94, "width_m": 379.601, "area_m2": 833960.455, "cross_section_source": "synthetic-boundary-width", "mean_depth_m": 0.564251, "mean_velocity_ms": 0.616893, "mean_water_surface_m": 19.318877, "flow_area_m2": 134.870114, "hydraulic_radius_m": 0.564231 }, "geometry": { "type": "Polygon", "coordinates": [ [ [ -74.760502632412795, 40.182896761142665 ], [ -74.76057425192316, 40.183105596160622 ], [ -74.760680984682878, 40.183386529804842 ], [ -74.760719317949935, 40.18367246329737 ], [ -74.760788452059487, 40.183867663042825 ], [ -74.760857385346029, 40.184029596263585 ], [ -74.760913851996477, 40.184162929503003 ], [ -74.760945518563176, 40.184310596831068 ], [ -74.761002251590298, 40.184524929671362 ], [ -74.761059052252136, 40.184753596886502 ], [ -74.76107851855943, 40.184977530307727 ], [ -74.761166984747376, 40.185358663209811 ], [ -74.761212451914503, 40.185873263754701 ], [ -74.761226518891633, 40.186287863969376 ], [ -74.76130198569021, 40.186535530034824 ], [ -74.761320918203609, 40.186602263779449 ], [ -74.761359585482055, 40.186959596741765 ], [ -74.761373251853641, 40.187278930591837 ], [ -74.761343385410512, 40.187593530892883 ], [ -74.761319252308937, 40.187784263947847 ], [ -74.76125178513459, 40.188017930406055 ], [ -74.761184118177752, 40.188199197466254 ], [ -74.76110425200207, 40.188432930855633 ], [ -74.760993185418855, 40.188652397575055 ], [ -74.760894585471718, 40.188857530992372 ], [ -74.760752251886842, 40.189029463868827 ], [ -74.760591185571045, 40.189153731182266 ], [ -74.760448517974808, 40.1892350643312 ], [ -74.760262518386881, 40.189349864242438 ], [ -74.760014318806981, 40.189450531007431 ], [ -74.759840585032094, 40.189512864616255 ], [ -74.759610851806443, 40.189575397682106 ], [ -74.759368718538894, 40.189628330959202 ], [ -74.759195051358176, 40.189728797797038 ], [ -74.759114851171105, 40.189881531460379 ], [ -74.759146718560814, 40.190086398057815 ], [ -74.759216051412338, 40.190334064561505 ], [ -74.759360118526601, 40.190643530965168 ], [ -74.759429251595634, 40.19083879808575 ], [ -74.75952191841877, 40.191112864704671 ], [ -74.759666185315552, 40.191465198108311 ], [ -74.759734918819575, 40.191560397903736 ], [ -74.759853518867871, 40.191693597907559 ], [ -74.759978518199304, 40.191874398105234 ], [ -74.760028985131612, 40.192064931537914 ], [ -74.76004191896736, 40.1921935983327 ], [ -74.760123051472775, 40.192288731133409 ], [ -74.760191784976797, 40.192383931362563 ], [ -74.760303851513029, 40.1924313319211 ], [ -74.760354442205355, 40.192474196914169 ], [ -74.759662387629945, 40.193275679447417 ], [ -74.756562967239432, 40.191701680237927 ], [ -74.756536850516383, 40.191622264584041 ], [ -74.756345450557774, 40.191066264443869 ], [ -74.756234583757077, 40.190723531724693 ], [ -74.756061317181889, 40.190188664599084 ], [ -74.755949117457334, 40.189845064211198 ], [ -74.755929650109508, 40.189789597835684 ], [ -74.755917450890635, 40.189758264639167 ], [ -74.755838650221619, 40.18961793078531 ], [ -74.755731716638863, 40.189409264042638 ], [ -74.755692784024305, 40.189326130697815 ], [ -74.75558391712967, 40.189104664642223 ], [ -74.755478249876603, 40.188883597691174 ], [ -74.755444317027198, 40.188817597486725 ], [ -74.755429250097052, 40.188786064324475 ], [ -74.755410517366144, 40.188768864556145 ], [ -74.755391783594703, 40.188763131034101 ], [ -74.755372983229094, 40.188766064168277 ], [ -74.755339316756363, 40.188763264575215 ], [ -74.755309317124926, 40.188754730664336 ], [ -74.755286783323839, 40.18874326441226 ], [ -74.755271850622549, 40.188731797363417 ], [ -74.755256850286571, 40.188714597581324 ], [ -74.755102050065616, 40.188399064507806 ], [ -74.75509145014729, 40.188377131060562 ], [ -74.755076917010982, 40.188353130886732 ], [ -74.75506231624, 40.188340197195657 ], [ -74.755033383155777, 40.188316264574567 ], [ -74.754997049794753, 40.188281263856183 ], [ -74.754870982875588, 40.188089264340896 ], [ -74.754856516333462, 40.188067130479773 ], [ -74.754851516568294, 40.188050463904155 ], [ -74.75485144997414, 40.188037530950275 ], [ -74.754856316550942, 40.188022730783146 ], [ -74.754875516481562, 40.188013463884936 ], [ -74.754911583465883, 40.187998597736254 ], [ -74.754933250502248, 40.187983730789362 ], [ -74.754945249938615, 40.187961530917441 ], [ -74.754945183344461, 40.187944931087159 ], [ -74.75494031676763, 40.187922731202548 ], [ -74.7549354501908, 40.18790973065795 ], [ -74.754925783631336, 40.187898730867879 ], [ -74.754911182860354, 40.187889463952722 ], [ -74.754887116352918, 40.187876597739482 ], [ -74.754843650132415, 40.187865597149113 ], [ -74.75483171624964, 40.187863663957536 ], [ -74.754789582952981, 40.187851397887471 ], [ -74.75474758284463, 40.187830664559463 ], [ -74.754718250195396, 40.187801797823248 ], [ -74.754564782898299, 40.187616063948688 ], [ -74.754537450155112, 40.187577597099789 ], [ -74.754531116425582, 40.18755513080287 ], [ -74.754531049831414, 40.187537464115167 ], [ -74.754535516843234, 40.187509197405177 ], [ -74.754536583390419, 40.187493530679447 ], [ -74.754529650313373, 40.187472530949769 ], [ -74.754401450299795, 40.187317264066188 ], [ -74.754362516644704, 40.187277130927534 ], [ -74.75432591690705, 40.187252730527234 ], [ -74.754296250246441, 40.187242330783953 ], [ -74.754266716774154, 40.187235397620881 ], [ -74.754177716792327, 40.187216331021375 ], [ -74.754141182608294, 40.187205997249713 ], [ -74.754106916788061, 40.187186797097752 ], [ -74.754081716098739, 40.187165864045213 ], [ -74.754058915920993, 40.187132730763395 ], [ -74.754049583372918, 40.187083863872815 ], [ -74.754029982836755, 40.187026130547352 ], [ -74.754000116393655, 40.186965064121928 ], [ -74.753965849532875, 40.186917930807041 ], [ -74.753922316718175, 40.186876063734637 ], [ -74.753865183085509, 40.186828997130341 ], [ -74.75385818341428, 40.186820730860831 ], [ -74.753833115913309, 40.186790664174971 ], [ -74.753817050070637, 40.186759197637841 ], [ -74.753794116704583, 40.186701597581212 ], [ -74.75376871623277, 40.186647464087443 ], [ -74.753750449661027, 40.186621330551581 ], [ -74.753711582600104, 40.186586397321122 ], [ -74.753665849056304, 40.186555131007403 ], [ -74.75360658232924, 40.186528997435957 ], [ -74.753516449206032, 40.186515196941116 ], [ -74.753448049713384, 40.186504863857579 ], [ -74.753393383186463, 40.186496263684695 ], [ -74.753329849230084, 40.186480664292752 ], [ -74.753322583182211, 40.186478863812312 ], [ -74.753286048998191, 40.186459730227341 ], [ -74.753251849772113, 40.186428330309532 ], [ -74.753226649082791, 40.186400463774532 ], [ -74.753208315916865, 40.186372530455202 ], [ -74.753185382550811, 40.186335864180236 ], [ -74.753171582990888, 40.186300930802773 ], [ -74.753166849602408, 40.186262530776027 ], [ -74.753157449419604, 40.186206597239178 ], [ -74.753143648819133, 40.186161197113023 ], [ -74.753120716493612, 40.186131530773579 ], [ -74.753077382420855, 40.186103664116644 ], [ -74.753015716222748, 40.186081063785259 ], [ -74.752948448830921, 40.186056797295997 ], [ -74.752891382832956, 40.186028930608344 ], [ -74.752882782820677, 40.186023997338559 ], [ -74.752802249662778, 40.185978397565329 ], [ -74.752763449196024, 40.185946997424757 ], [ -74.752745116030113, 40.185920796845686 ], [ -74.752735849035645, 40.185892864123701 ], [ -74.752719315993289, 40.185723397096858 ], [ -74.752705249016174, 40.185646530388972 ], [ -74.752677782044103, 40.185592396848186 ], [ -74.752636582106305, 40.185548796816114 ], [ -74.75258411526795, 40.185512196869666 ], [ -74.752545182653392, 40.185491264095219 ], [ -74.75249278240922, 40.185482730567642 ], [ -74.752460849465891, 40.1854827973414 ], [ -74.752422115593305, 40.185486330786382 ], [ -74.752309448669024, 40.185514530770632 ], [ -74.752277515725694, 40.185518063419011 ], [ -74.752252449265256, 40.185511130079696 ], [ -74.752231915370231, 40.185493730749528 ], [ -74.752222582822128, 40.185451796819237 ], [ -74.752210981910224, 40.185369663411812 ], [ -74.752201715956289, 40.185346930082979 ], [ -74.75218111546711, 40.185322530578198 ], [ -74.752102382432781, 40.185287797000797 ], [ -74.752047649311706, 40.185275664012806 ], [ -74.752020248933846, 40.185275664012813 ], [ -74.751954248912199, 40.185282863677102 ], [ -74.751847115546965, 40.185291797078634 ], [ -74.751844782670076, 40.185291663530734 ], [ -74.751806115391673, 40.185290130114552 ], [ -74.751774182448315, 40.185279730070413 ], [ -74.751751249082261, 40.185260596942143 ], [ -74.751737581670127, 40.185239597316084 ], [ -74.751735515169898, 40.185234597214894 ], [ -74.751714515115722, 40.185181996764008 ], [ -74.751691715978538, 40.185152330791261 ], [ -74.75164818212329, 40.185112197166632 ], [ -74.751591115084793, 40.185072130292433 ], [ -74.750914182261383, 40.184743263534621 ], [ -74.750246381163052, 40.184407397340308 ], [ -74.750197248195164, 40.184379529975097 ], [ -74.750174514611601, 40.184359863983865 ], [ -74.750162914740244, 40.184349863651406 ], [ -74.750146914451221, 40.184307930603893 ], [ -74.75012858128531, 40.184283529930497 ], [ -74.750110248119412, 40.184267863254682 ], [ -74.750082847741524, 40.18425393033975 ], [ -74.750001582047773, 40.184240463257034 ], [ -74.749865048398604, 40.184169063269316 ], [ -74.749801248065538, 40.184125930543068 ], [ -74.749779181464177, 40.184103529878072 ], [ -74.749759114768864, 40.18407459716542 ], [ -74.749754514568707, 40.184067863209151 ], [ -74.749751915315159, 40.184033997066763 ], [ -74.749749381615217, 40.184007730563501 ], [ -74.749737114761658, 40.183981530030323 ], [ -74.749717381037186, 40.183970263297148 ], [ -74.749665981786578, 40.183955330281997 ], [ -74.749614381712931, 40.183950330086191 ], [ -74.749560514316016, 40.183938663491055 ], [ -74.74948944793509, 40.183914397030364 ], [ -74.749420914213559, 40.183897596678712 ], [ -74.74936944836881, 40.183897730229361 ], [ -74.749308181735671, 40.183909197300522 ], [ -74.749283847811029, 40.183935463841948 ], [ -74.749269248080566, 40.183963730451246 ], [ -74.749268514504209, 40.183965197122099 ], [ -74.749257181009526, 40.183986263917916 ], [ -74.749235181002305, 40.183991997048764 ], [ -74.749221847601547, 40.183993330168541 ], [ -74.749198381482159, 40.183995796877326 ], [ -74.74915184776782, 40.18399593042777 ], [ -74.749095514305679, 40.183988463525949 ], [ -74.749046447931988, 40.183962330555559 ], [ -74.748958114932336, 40.183915530620723 ], [ -74.748923781477401, 40.183908130485356 ], [ -74.748862581438431, 40.183902596878447 ], [ -74.748815981129937, 40.183885797318808 ], [ -74.748722714959328, 40.18383719678058 ], [ -74.748688448098548, 40.183827863330116 ], [ -74.748649181472643, 40.183818529878323 ], [ -74.748631981448099, 40.18380732989349 ], [ -74.748619781188694, 40.183792263291636 ], [ -74.748607381146797, 40.183769796535984 ], [ -74.748582780845496, 40.183743529930396 ], [ -74.748523914723975, 40.183698597174391 ], [ -74.748452780708362, 40.18366686369059 ], [ -74.748393847992659, 40.183648196741451 ], [ -74.748308114246584, 40.183633397206634 ], [ -74.748237047865658, 40.183625997040501 ], [ -74.748139248089046, 40.183635663601706 ], [ -74.747983847480072, 40.183692263833883 ], [ -74.74788604770346, 40.183713130387957 ], [ -74.747815047916703, 40.183718930317376 ], [ -74.747756247348818, 40.183719063868381 ], [ -74.747694980715693, 40.183709730401617 ], [ -74.747587246962411, 40.18369499686078 ], [ -74.747489247403294, 40.183691396546969 ], [ -74.747423114193353, 40.183680330092272 ], [ -74.747383914161603, 40.183663463702018 ], [ -74.74735438068933, 40.183639130367297 ], [ -74.747334713559013, 40.183610997173972 ], [ -74.74732718113448, 40.183580996635982 ], [ -74.747314914280921, 40.183552796642871 ], [ -74.747295180556449, 40.183517130479309 ], [ -74.747280381043495, 40.183505930444753 ], [ -74.747258314442107, 40.18350033002929 ], [ -74.747236314434929, 40.183504129885385 ], [ -74.747206980745133, 40.183517330011483 ], [ -74.747162914136567, 40.183526863831766 ], [ -74.747131180975714, 40.183526930607457 ], [ -74.747106647268595, 40.183517597114275 ], [ -74.747060046960115, 40.183506397079739 ], [ -74.747030647716684, 40.183510263711206 ], [ -74.747011113774704, 40.183519663981095 ], [ -74.746989113767512, 40.183538463722002 ], [ -74.746981847719624, 40.183559196772045 ], [ -74.746981914313793, 40.183576063983153 ], [ -74.746989380144171, 40.183609863578532 ], [ -74.747016580739555, 40.183671797131815 ], [ -74.747009313651148, 40.183713130387943 ], [ -74.746992381043796, 40.183750730552269 ], [ -74.746975314207575, 40.18376766369628 ], [ -74.746938513646896, 40.183773396845609 ], [ -74.746894447038343, 40.183768263880417 ], [ -74.746858980442028, 40.183764130161798 ], [ -74.746825846722615, 40.1837548634767 ], [ -74.746807446962535, 40.183743663481401 ], [ -74.74678531376702, 40.183721129934149 ], [ -74.746758313994661, 40.183704330329562 ], [ -74.746746047141087, 40.183683663304478 ], [ -74.746726380010784, 40.18365179705755 ], [ -74.746652914158801, 40.183655730456287 ], [ -74.746640514116905, 40.183635063416453 ], [ -74.746611047238787, 40.183595663426019 ], [ -74.746571714018742, 40.183563797137744 ], [ -74.746529913692868, 40.18351133053261 ], [ -74.746522446821956, 40.183490663448751 ], [ -74.74651758024514, 40.183473797011324 ], [ -74.746505180203243, 40.183460663652511 ], [ -74.74649164701998, 40.183441929870902 ], [ -74.746480579901942, 40.183426929963673 ], [ -74.746463379877397, 40.183400663225356 ], [ -74.746438847210797, 40.183381863446265 ], [ -74.746402046650104, 40.183368863621325 ], [ -74.746364980753285, 40.183366463665593 ], [ -74.746311380773577, 40.183348330045789 ], [ -74.746196180149397, 40.183324263701614 ], [ -74.746088313207764, 40.183298130475364 ], [ -74.746024580509427, 40.183277596878412 ], [ -74.745980513900847, 40.183268330126914 ], [ -74.745936380698126, 40.183260863939971 ], [ -74.745884913812802, 40.183257196827185 ], [ -74.745862847211441, 40.183253597285116 ], [ -74.745828580350675, 40.183242330431035 ], [ -74.7457917131958, 40.18322173004119 ], [ -74.745762313952412, 40.183197396548103 ], [ -74.745747513398911, 40.183176796939584 ], [ -74.74573771365111, 40.183156130548724 ], [ -74.745722913097623, 40.183141130578292 ], [ -74.745703247007839, 40.183122396708448 ], [ -74.745605179814021, 40.18308312997253 ], [ -74.745553712928725, 40.183066330209932 ], [ -74.74551451289696, 40.18306086331053 ], [ -74.745463047052183, 40.183055330429411 ], [ -74.745396913842256, 40.183053529858078 ], [ -74.745352913827844, 40.183061197191229 ], [ -74.745326046203274, 40.183076263955464 ], [ -74.745317313002687, 40.183076996903011 ], [ -74.745292913524409, 40.183074463384685 ], [ -74.745221779508796, 40.183052063167523 ], [ -74.745101846536642, 40.183039196831722 ], [ -74.745047913586106, 40.183037397054932 ], [ -74.745028313049957, 40.183029996823791 ], [ -74.745018446707988, 40.18302246383444 ], [ -74.745006246448625, 40.18301306349565 ], [ -74.744979246676237, 40.183003729931769 ], [ -74.744922846619943, 40.182994397161586 ], [ -74.744893512930176, 40.182994463937789 ], [ -74.744876312905618, 40.182994529919078 ], [ -74.744839579979626, 40.18298899703256 ], [ -74.744824913655023, 40.182983396574407 ], [ -74.744810113101508, 40.182972197246684 ], [ -74.744787979905979, 40.182943997000493 ], [ -74.744783113329163, 40.182925263871134 ], [ -74.74478144639393, 40.182900796719039 ], [ -74.744780513035067, 40.182885863468485 ], [ -74.744765512699075, 40.182831397022646 ], [ -74.744733579755732, 40.182771330057427 ], [ -74.744721113119667, 40.182722529981305 ], [ -74.744711246777712, 40.182694397202823 ], [ -74.744696446224211, 40.182683130255882 ], [ -74.744664646469204, 40.182677663325514 ], [ -74.744632780120028, 40.182683263808912 ], [ -74.744604313194955, 40.182699730578769 ], [ -74.744593246076917, 40.182720397108639 ], [ -74.744581046858045, 40.182760863645626 ], [ -74.744570112928358, 40.182770996970191 ], [ -74.744554846215692, 40.182777397173076 ], [ -74.744527913037516, 40.182783063629735 ], [ -74.744483846428949, 40.182785063742529 ], [ -74.744437312714609, 40.182783263164026 ], [ -74.744402912665521, 40.182777730260284 ], [ -74.744368646845288, 40.182758997084996 ], [ -74.744314579665883, 40.182725263842187 ], [ -74.744290045958749, 40.182702796733182 ], [ -74.744272912528359, 40.182691596564126 ], [ -74.744258246203742, 40.182691596564126 ], [ -74.744228845919793, 40.182695463242084 ], [ -74.744199446676376, 40.182697396580956 ], [ -74.744147979791066, 40.182689930331208 ], [ -74.744106246059388, 40.1826619302973 ], [ -74.744071912604454, 40.182637529826778 ], [ -74.74402284623072, 40.182622596518272 ], [ -74.743963979068667, 40.18261519703686 ], [ -74.743866179292084, 40.182615396571691 ], [ -74.743822112683489, 40.18263053021149 ], [ -74.743773246092275, 40.182660729909443 ], [ -74.743745179772731, 40.182686996934265 ], [ -74.74371824659454, 40.1826927301749 ], [ -74.743691245781662, 40.182694730290393 ], [ -74.743639913125193, 40.182691063941974 ], [ -74.743512445647454, 40.182664930471844 ], [ -74.743465846379493, 40.182648130605692 ], [ -74.743429112412954, 40.182629530152809 ], [ -74.743409446323184, 40.182616396630529 ], [ -74.743401979452287, 40.182599463199161 ], [ -74.743394579175529, 40.18258639724268 ], [ -74.743384846021883, 40.182578930185713 ], [ -74.743367712591507, 40.182573330488694 ], [ -74.743325978859829, 40.182573397265315 ], [ -74.743281912251263, 40.182584730212106 ], [ -74.743208579587602, 40.182597996498785 ], [ -74.743164446384881, 40.182598063275393 ], [ -74.743055446301895, 40.182577663814762 ], [ -74.742964712790652, 40.18254966373452 ], [ -74.742913312499525, 40.182532929821576 ], [ -74.742876445344649, 40.182512330011299 ], [ -74.742835978983209, 40.182482330577386 ], [ -74.742805245775401, 40.182467397234703 ], [ -74.742758712061075, 40.18245993016469 ], [ -74.742731778882884, 40.182465663424544 ], [ -74.742712245981465, 40.18248639680241 ], [ -74.742678045714854, 40.182493929851276 ], [ -74.742619179593305, 40.18248279721945 ], [ -74.742548045577678, 40.182449129821109 ], [ -74.742395978839184, 40.182372463708433 ], [ -74.742251312377405, 40.18230326380224 ], [ -74.742180245996465, 40.182284596477906 ], [ -74.742116445663441, 40.18226592994337 ], [ -74.742091911956308, 40.18225286312768 ], [ -74.742066178513653, 40.182234129807469 ], [ -74.742024312634172, 40.182217463388596 ], [ -74.741972978937198, 40.182196796705526 ], [ -74.741923979157633, 40.182189397177666 ], [ -74.741907245292253, 40.182189929803783 ], [ -74.741867645695507, 40.182191396513026 ], [ -74.741811312233381, 40.182180197054542 ], [ -74.741759778753874, 40.18215592996485 ], [ -74.741730245281602, 40.182125930373381 ], [ -74.741717845239705, 40.182117797084913 ], [ -74.741695978420836, 40.182103463860855 ], [ -74.741668978648491, 40.182095996750753 ], [ -74.741643378394173, 40.182093730304189 ], [ -74.741589911602787, 40.182089463724303 ], [ -74.741531511640417, 40.182071663648799 ], [ -74.741452178218069, 40.182018330171296 ], [ -74.741375112118959, 40.181970130548549 ], [ -74.741305112285232, 40.181923863457506 ], [ -74.741256179099835, 40.181907863145284 ], [ -74.741202511485426, 40.181900863454707 ], [ -74.741123312291933, 40.181893930540703 ], [ -74.741044045463724, 40.181870796973136 ], [ -74.740999711437965, 40.181851263809278 ], [ -74.740950778252568, 40.181837063288675 ], [ -74.740904111349906, 40.181829996813377 ], [ -74.740873778747627, 40.181819329924245 ], [ -74.740848045304972, 40.181796197126232 ], [ -74.740822311862331, 40.181771263714957 ], [ -74.740782645671416, 40.181748063328115 ], [ -74.74073597876874, 40.181732129751907 ], [ -74.740694111848725, 40.181716130189486 ], [ -74.74067531148313, 40.181689396936221 ], [ -74.740675111700611, 40.181635730065466 ], [ -74.740672578000698, 40.181580330114407 ], [ -74.740660844941004, 40.181557130457279 ], [ -74.74063751200994, 40.181532196958138 ], [ -74.740609511244031, 40.181517930388047 ], [ -74.740572245564707, 40.181516196553567 ], [ -74.740544311392938, 40.181519863760464 ], [ -74.740518712179167, 40.181532463273797 ], [ -74.740511911249897, 40.18156246312769 ], [ -74.740511911249897, 40.181594996541989 ], [ -74.740511978884612, 40.181619930018059 ], [ -74.740535378409831, 40.181652063534521 ], [ -74.740561045258318, 40.181677063767161 ], [ -74.740591512089452, 40.181705596837411 ], [ -74.740593911560524, 40.181737730313351 ], [ -74.740591711871971, 40.181764530324983 ], [ -74.74060117864893, 40.181784263846019 ], [ -74.740636111451366, 40.18179479718583 ], [ -74.740692111942678, 40.181826863842183 ], [ -74.74073637833375, 40.181857129880292 ], [ -74.74078544470747, 40.181871330396675 ], [ -74.740860044741339, 40.181906996630552 ], [ -74.74089284548991, 40.181933663815748 ], [ -74.740909311938097, 40.181965797183679 ], [ -74.74090471173794, 40.181992597105214 ], [ -74.740890711355007, 40.182005130548511 ], [ -74.740848778881329, 40.182008863711182 ], [ -74.740788244784042, 40.181996463822969 ], [ -74.740599445119557, 40.181971796799225 ], [ -74.74052251220877, 40.181970196530784 ], [ -74.740431712103359, 40.181973930490365 ], [ -74.74035017795191, 40.181982997087047 ], [ -74.740308245478275, 40.181983129846536 ], [ -74.740266311964092, 40.181977863191399 ], [ -74.74022897865008, 40.181965463297566 ], [ -74.740186978541729, 40.181949463790154 ], [ -74.740121778690664, 40.181935263290065 ], [ -74.74004951153367, 40.181915796922084 ], [ -74.740009711113871, 40.181896196993883 ], [ -74.739976044641153, 40.181876663837386 ], [ -74.739954911398641, 40.181846330235679 ], [ -74.739939711280158, 40.181826596732741 ], [ -74.73992097854925, 40.181815996620443 ], [ -74.739886044706282, 40.181808863365582 ], [ -74.739851045309692, 40.181810729952339 ], [ -74.7397811110296, 40.181801997219559 ], [ -74.739692644841625, 40.181800396947153 ], [ -74.739627378396378, 40.181791596640672 ], [ -74.739576111293559, 40.181775663869665 ], [ -74.739531778308333, 40.181757796934349 ], [ -74.739489778199982, 40.181736463131706 ], [ -74.739452444885984, 40.181718663758524 ], [ -74.739426844631637, 40.181709796663952 ], [ -74.739356844797911, 40.181702796952919 ], [ -74.739314911283728, 40.18169753027604 ], [ -74.739279978481306, 40.181685063553417 ], [ -74.739258844198275, 40.181665463558616 ], [ -74.7392378441441, 40.181640530099294 ], [ -74.739212178336146, 40.181622663128373 ], [ -74.739186511487659, 40.181597730448296 ], [ -74.739183977787718, 40.181563797090213 ], [ -74.739186245111, 40.18152266365253 ], [ -74.739214111648039, 40.181492263114841 ], [ -74.739253644650617, 40.181483263230241 ], [ -74.739295444976463, 40.181481329856759 ], [ -74.739335244355701, 40.181495596434573 ], [ -74.739384177541098, 40.181507996414332 ], [ -74.739435378049734, 40.181507930431636 ], [ -74.739474911052326, 40.18150066358902 ], [ -74.739530844949471, 40.18148799649714 ], [ -74.739605245200835, 40.181471796544017 ], [ -74.739700777654193, 40.181473396824202 ], [ -74.739787111788317, 40.181501796424733 ], [ -74.739850045356675, 40.181528396991595 ], [ -74.739917711272966, 40.181547997025987 ], [ -74.739982977718199, 40.181563929850469 ], [ -74.740045977880712, 40.181574530002131 ], [ -74.740062244546394, 40.181576263835126 ], [ -74.740120444726259, 40.181570730037954 ], [ -74.740133778127031, 40.181561463848247 ], [ -74.740146044980577, 40.181552863843649 ], [ -74.740148311263326, 40.181540330316807 ], [ -74.740134245326729, 40.18152432991414 ], [ -74.740108578478228, 40.181502930055402 ], [ -74.740050245110041, 40.18148339678568 ], [ -74.740015311267072, 40.18147806331406 ], [ -74.739971044876, 40.181479929909912 ], [ -74.739922178284772, 40.181476463828957 ], [ -74.739856911839539, 40.181462330007641 ], [ -74.739789244882701, 40.181444663323006 ], [ -74.739719311643142, 40.181426863078315 ], [ -74.739649378403584, 40.181414596639243 ], [ -74.739595778423904, 40.181414663417016 ], [ -74.739511911395539, 40.181423796866255 ], [ -74.739448244250823, 40.181418063518365 ], [ -74.73938957791178, 40.181400796693929 ], [ -74.739340578132229, 40.18137233027327 ], [ -74.739296245146988, 40.181350930366577 ], [ -74.739235511267211, 40.181324196969427 ], [ -74.739193577753028, 40.181313596778644 ], [ -74.739149311361956, 40.181297663100395 ], [ -74.73911891112499, 40.181278063788611 ], [ -74.73906051116262, 40.181231663464693 ], [ -74.7390114447889, 40.181188997111768 ], [ -74.738988044223134, 40.181147863446839 ], [ -74.738976244569272, 40.181092529875492 ], [ -74.738968644510024, 40.180944196505195 ], [ -74.738954510938754, 40.180899663359753 ], [ -74.738942578096541, 40.180806730195755 ], [ -74.738923644542595, 40.180731730098159 ], [ -74.738907311282745, 40.180712129827953 ], [ -74.738876977639933, 40.180692530347031 ], [ -74.738851244197264, 40.18067466312646 ], [ -74.738841978243329, 40.180658596536126 ], [ -74.73883011095478, 40.180635396563801 ], [ -74.738827778077876, 40.18060506320213 ], [ -74.738811311629689, 40.180562196914323 ], [ -74.738799577529463, 40.180547930140243 ], [ -74.73877397727513, 40.180531863519903 ], [ -74.738748178278868, 40.180510463348078 ], [ -74.738720044324594, 40.18047126346908 ], [ -74.738708311264901, 40.180437330342528 ], [ -74.738708178076564, 40.180414130294544 ], [ -74.738696510570492, 40.180398063642521 ], [ -74.738684844104952, 40.180387329749479 ], [ -74.738677844433752, 40.180367730174723 ], [ -74.738677777839584, 40.180351663511715 ], [ -74.738687044834052, 40.180331996352869 ], [ -74.738693844722775, 40.180312329983288 ], [ -74.738682177216702, 40.180294463457585 ], [ -74.738661244797242, 40.180292663607979 ], [ -74.738633310625488, 40.180301729634394 ], [ -74.738607844600025, 40.180332129910532 ], [ -74.738603710559033, 40.18033626304328 ], [ -74.738570711068505, 40.180369729563758 ], [ -74.738445244537331, 40.180478930299145 ], [ -74.738364044397244, 40.180570329594268 ], [ -74.738275844585928, 40.180650862947928 ], [ -74.738206111128889, 40.180708130275036 ], [ -74.73814117765447, 40.180777930428825 ], [ -74.738101711246046, 40.180806663417393 ], [ -74.738043444472027, 40.18082646320039 ], [ -74.738020777482632, 40.180830196427905 ], [ -74.738010844546494, 40.180831796723204 ], [ -74.737985244292162, 40.180824796921605 ], [ -74.737952577772461, 40.180808796350178 ], [ -74.737715577458403, 40.180646597072311 ], [ -74.73765011123065, 40.180600329873599 ], [ -74.737617510264585, 40.18058606310754 ], [ -74.737582577462177, 40.180582662964547 ], [ -74.737545244148137, 40.180582729743151 ], [ -74.737515043693662, 40.180584463601484 ], [ -74.737493977045318, 40.180577396995709 ], [ -74.737468310196832, 40.180561396366016 ], [ -74.737414577028787, 40.18050612989002 ], [ -74.737405176845982, 40.180477530331558 ], [ -74.737401511045221, 40.18045306309169 ], [ -74.737400376863334, 40.180445397053724 ], [ -74.737400376863334, 40.18044093003401 ], [ -74.737400310269152, 40.180432597002373 ], [ -74.737400243674998, 40.180416863453452 ], [ -74.737411776952186, 40.180388130299846 ], [ -74.737458310666511, 40.180343463231736 ], [ -74.737488511121015, 40.18031119633271 ], [ -74.737504576963644, 40.180284329763118 ], [ -74.737516110240861, 40.180248596692287 ], [ -74.737516043646679, 40.180225396579772 ], [ -74.737513777363958, 40.180209329883048 ], [ -74.737515910458342, 40.180187863625505 ], [ -74.73753451104146, 40.180169996272042 ], [ -74.737555376866766, 40.180153796799196 ], [ -74.73756924406139, 40.180116329789385 ], [ -74.737566843549786, 40.180080529851054 ], [ -74.737559777284403, 40.180060930187672 ], [ -74.737541043512977, 40.180051996892281 ], [ -74.737517777176066, 40.180046663308175 ], [ -74.737489777450691, 40.180048529943427 ], [ -74.737475910256066, 40.180064663457323 ], [ -74.737457377307663, 40.180087996387982 ], [ -74.737411044416362, 40.180164863034214 ], [ -74.737373977478995, 40.180216729626871 ], [ -74.737325177481949, 40.180248996570818 ], [ -74.737266977302085, 40.180266996666255 ], [ -74.737185510785324, 40.180277863341111 ], [ -74.737103977674408, 40.180281663377706 ], [ -74.737064377037129, 40.180285263077444 ], [ -74.737024777440382, 40.180283596785351 ], [ -74.737001510062939, 40.180274730298223 ], [ -74.736922177681095, 40.180237330134169 ], [ -74.736854510724285, 40.180219596351598 ], [ -74.73681491008702, 40.180208930004291 ], [ -74.736779844096233, 40.18018939636201 ], [ -74.736768177630694, 40.180178663230919 ], [ -74.736765777119103, 40.180159063595887 ], [ -74.736760910542287, 40.180132196966049 ], [ -74.736749244076748, 40.18011086344724 ], [ -74.736721176716671, 40.180084063577354 ], [ -74.736676910325599, 40.180050196241289 ], [ -74.736621977422047, 40.18001099689134 ], [ -74.736542710593824, 40.179984396524553 ], [ -74.736493710814273, 40.179954129651001 ], [ -74.736444576805852, 40.179911329731191 ], [ -74.73641424316304, 40.179884529782527 ], [ -74.736383910560761, 40.179864930062521 ], [ -74.736332643457942, 40.179852596561773 ], [ -74.736306976609441, 40.179838329638486 ], [ -74.736276577413008, 40.179816996822289 ], [ -74.736269510107107, 40.179809863357256 ], [ -74.736264843312782, 40.179788396973336 ], [ -74.736260109924302, 40.179772330173137 ], [ -74.736250777376185, 40.179759863096749 ], [ -74.736234376481633, 40.179745596948983 ], [ -74.736220377139219, 40.179736729596527 ], [ -74.736190043496407, 40.179727863037947 ], [ -74.736127109928063, 40.179717263392703 ], [ -74.736082843536991, 40.179719130037007 ], [ -74.736054910405755, 40.179726330291011 ], [ -74.73603164302834, 40.179728196935073 ], [ -74.73599204343158, 40.179728262919483 ], [ -74.735952443834833, 40.179713996765052 ], [ -74.735919709680445, 40.17969079646975 ], [ -74.735723576333342, 40.179550063370165 ], [ -74.735659354950883, 40.179490555021204 ], [ -74.738875574788494, 40.175767006131821 ], [ -74.73901737791293, 40.175907595326741 ], [ -74.739173110452185, 40.176021662507566 ], [ -74.73931651058426, 40.176164396078121 ], [ -74.739441177985441, 40.176278528815153 ], [ -74.739528311249529, 40.176325995485669 ], [ -74.739671511599127, 40.176397195429104 ], [ -74.739777510782474, 40.176497062533841 ], [ -74.739902244777824, 40.176644529504223 ], [ -74.739939844468495, 40.176725462646623 ], [ -74.740052178421934, 40.176868195531817 ], [ -74.740257644317111, 40.176986996268909 ], [ -74.740488177713303, 40.177167595569571 ], [ -74.740619244397649, 40.177338929213235 ], [ -74.740731445162737, 40.177433996190899 ], [ -74.740912045420515, 40.177547995614361 ], [ -74.741036711781149, 40.177657329684024 ], [ -74.741099311338132, 40.177795463032552 ], [ -74.741174378571714, 40.177943062333647 ], [ -74.741193578502333, 40.178095529174286 ], [ -74.741200777956038, 40.178367196268326 ], [ -74.741257178012333, 40.178514795915724 ], [ -74.7413009116501, 40.178581462819871 ], [ -74.741431645363576, 40.178652662781758 ], [ -74.74157471148429, 40.178695263154204 ], [ -74.741724045780941, 40.178733062465774 ], [ -74.741867245089963, 40.178828063094862 ], [ -74.74187837880217, 40.178842529776468 ], [ -74.741929644864442, 40.178908996017896 ], [ -74.7420045789097, 40.179008929385937 ], [ -74.742067245060838, 40.179080596359711 ], [ -74.742104445186541, 40.179123062903436 ], [ -74.742235178900046, 40.179199063298526 ], [ -74.742378178426577, 40.179227396276183 ], [ -74.742514978452462, 40.179250929834467 ], [ -74.742726445106371, 40.179298129691297 ], [ -74.742850778496162, 40.17932172920986 ], [ -74.742993712469087, 40.179330929720656 ], [ -74.743124311953721, 40.179368796252831 ], [ -74.743187845910114, 40.179415196260834 ], [ -74.743273846032849, 40.179478129773543 ], [ -74.743479178739705, 40.179558729613213 ], [ -74.743653312079587, 40.179601196652726 ], [ -74.743713046006349, 40.179608729226935 ], [ -74.74380251214734, 40.179619995889446 ], [ -74.744001513205731, 40.179667196284491 ], [ -74.744156912774187, 40.179676395953472 ], [ -74.744237712308731, 40.179680996582455 ], [ -74.744343246373447, 40.179652196337685 ], [ -74.744803113430308, 40.179675062748814 ], [ -74.744884380164549, 40.179689396485898 ], [ -74.744954045986916, 40.179701729221371 ], [ -74.744989646812073, 40.179707996154903 ], [ -74.745107713066503, 40.179707796611524 ], [ -74.745393912942632, 40.179802462774063 ], [ -74.745642712910552, 40.179868662547946 ], [ -74.745748446757787, 40.179897062820253 ], [ -74.745841712928424, 40.179930196456269 ], [ -74.746003446226396, 40.17996326329687 ], [ -74.746071780165423, 40.179963129738482 ], [ -74.746189779825656, 40.179948529737331 ], [ -74.746264180077077, 40.179905529476237 ], [ -74.746378647124871, 40.179892129899557 ], [ -74.746450513676322, 40.179890795904178 ], [ -74.746829980763621, 40.17999959594043 ], [ -74.747277980531891, 40.180174995951525 ], [ -74.74759544740968, 40.180322063000517 ], [ -74.747869247243926, 40.180431129460132 ], [ -74.748068580232584, 40.180559396187675 ], [ -74.748317647617725, 40.180706595960309 ], [ -74.748454580831918, 40.180772995982231 ], [ -74.748508714605492, 40.180847263062532 ], [ -74.74854824760807, 40.180901529971528 ], [ -74.748641781195914, 40.180991863426335 ], [ -74.748717580965319, 40.181049663100694 ], [ -74.748722780512949, 40.181053663428479 ], [ -74.748772914474401, 40.18115839609051 ], [ -74.748885047604816, 40.181239196652882 ], [ -74.749043781043696, 40.181329996308115 ], [ -74.74910918067728, 40.181367396664839 ], [ -74.749301914600267, 40.181442396059758 ], [ -74.749389247646889, 40.181476396256322 ], [ -74.749687914159082, 40.181590129727333 ], [ -74.75004258116256, 40.181727596834449 ], [ -74.750384848124156, 40.181860329627419 ], [ -74.750484314836015, 40.181874396588519 ], [ -74.750559114652361, 40.181931396568828 ], [ -74.750677514918152, 40.182021729447406 ], [ -74.750827047956733, 40.182135796684562 ], [ -74.750964048805656, 40.182216530100845 ], [ -74.751188181878106, 40.182325663471737 ], [ -74.751430848939535, 40.18241566353133 ], [ -74.751636248240558, 40.182500996257417 ], [ -74.751903781979919, 40.182600530034904 ], [ -74.752215115951202, 40.182761862907412 ], [ -74.752445515118552, 40.182894863166965 ], [ -74.752669915608195, 40.183075463436829 ], [ -74.75291904958749, 40.183236930321776 ], [ -74.75323664965363, 40.183412597016215 ], [ -74.753585382492574, 40.183626330123523 ], [ -74.753903049152854, 40.183816263489312 ], [ -74.754086983281084, 40.183905263121503 ], [ -74.754126183312835, 40.183924197101113 ], [ -74.754128582783892, 40.183925396671633 ], [ -74.754226716571878, 40.183972863557258 ], [ -74.754612982507354, 40.184229330116864 ], [ -74.754955849856955, 40.184514597079591 ], [ -74.755354516874831, 40.184771063180982 ], [ -74.755462716787278, 40.184858596498891 ], [ -74.755465383675542, 40.184860730099238 ], [ -74.755473316705633, 40.184867196879338 ], [ -74.755479650435163, 40.184869596781979 ], [ -74.755486849888882, 40.184869530007617 ], [ -74.755544050115716, 40.184902530051303 ], [ -74.755547650362843, 40.184902530051303 ], [ -74.755609916948984, 40.184951597246297 ], [ -74.755859116481929, 40.185108330626448 ], [ -74.756089649878092, 40.185274663993169 ], [ -74.756282849960257, 40.185421996621905 ], [ -74.756367383970826, 40.185467063373849 ], [ -74.756531917345399, 40.185554863683365 ], [ -74.756693917020058, 40.185664130000696 ], [ -74.756850116759026, 40.185887797297305 ], [ -74.756975117131049, 40.186073396793411 ], [ -74.757074983407861, 40.186192330062205 ], [ -74.757212450415921, 40.186396930377214 ], [ -74.757312317733295, 40.186515863873694 ], [ -74.757493184367718, 40.186677530836803 ], [ -74.757605517280624, 40.18680119753239 ], [ -74.757774251290371, 40.187062997560723 ], [ -74.757980717138594, 40.187429530688043 ], [ -74.758205784610468, 40.187781663833846 ], [ -74.758299717763279, 40.187976863678522 ], [ -74.758362317320248, 40.188095931126782 ], [ -74.758449984378245, 40.188272063764309 ], [ -74.758525451176808, 40.188510197415418 ], [ -74.758606984287752, 40.188695864455681 ], [ -74.75871345171133, 40.188910130977781 ], [ -74.758813251394002, 40.18906719780643 ], [ -74.758847117649225, 40.189095864488408 ], [ -74.758925717495231, 40.189162264248019 ], [ -74.759155784732243, 40.189204597300069 ], [ -74.759398051188143, 40.189180264363216 ], [ -74.759624185207201, 40.189133264538185 ], [ -74.759706851459484, 40.189116064062993 ], [ -74.759745785114575, 40.189107997587946 ], [ -74.759882385357969, 40.189064797257458 ], [ -74.760025118507826, 40.1890167973879 ], [ -74.760149185520945, 40.18896413071483 ], [ -74.76029171888834, 40.188854130469039 ], [ -74.760409251348889, 40.188701397671629 ], [ -74.760495585483, 40.188529597505088 ], [ -74.760538518950199, 40.188381731099525 ], [ -74.760544252291723, 40.18826259738195 ], [ -74.76051891841405, 40.188133997054791 ], [ -74.760458851516475, 40.188090730922553 ], [ -74.760461185433911, 40.188084930571975 ], [ -74.760468384887602, 40.18807393081029 ], [ -74.760504252089447, 40.187991530312999 ], [ -74.760507851296026, 40.187977797681945 ], [ -74.760511384948984, 40.187964131024565 ], [ -74.760518585443222, 40.187947597171402 ], [ -74.760525784896956, 40.187942130665299 ], [ -74.760540051656562, 40.187892730981631 ], [ -74.76055011882157, 40.187808330299596 ], [ -74.760610851660829, 40.187804863747054 ], [ -74.760672985058633, 40.187804730999012 ], [ -74.760703784860638, 40.187728397642459 ], [ -74.760727985596901, 40.187556796916382 ], [ -74.760739851844946, 40.187408997546726 ], [ -74.760776584770937, 40.18725639742398 ], [ -74.760807385613447, 40.187184863886827 ], [ -74.760813051320255, 40.187056130356673 ], [ -74.760818651473429, 40.18688459708698 ], [ -74.760799251760332, 40.18669873033538 ], [ -74.760735852032809, 40.186369997059934 ], [ -74.760679117965154, 40.186146130239024 ], [ -74.760590984748006, 40.185865130120611 ], [ -74.760547051327777, 40.185746063526018 ], [ -74.760465251840174, 40.185484130431909 ], [ -74.76038351790622, 40.185231729907109 ], [ -74.760385584406464, 40.185150996899296 ], [ -74.760377451593868, 40.185124529711231 ], [ -74.760348851480458, 40.185031130145525 ], [ -74.760327451861286, 40.184937730451203 ], [ -74.760306184389933, 40.18486093042236 ], [ -74.760291851036143, 40.18478953029274 ], [ -74.760270451416972, 40.184657596576308 ], [ -74.760263385151589, 40.184641130281626 ], [ -74.760263385151589, 40.184597196559935 ], [ -74.760234851632333, 40.184426929768193 ], [ -74.760206184924755, 40.184349996406219 ], [ -74.76018478426505, 40.184300596491347 ], [ -74.760170585140116, 40.18422372976115 ], [ -74.760163384645878, 40.184207196586129 ], [ -74.760149184480426, 40.18411379655236 ], [ -74.760149184480426, 40.184108329737292 ], [ -74.760127784861254, 40.184003929940644 ], [ -74.760127651672917, 40.183998529891944 ], [ -74.760113451507451, 40.183932596479202 ], [ -74.760084984582377, 40.18380079623693 ], [ -74.760070784416911, 40.183696396761938 ], [ -74.760070651228588, 40.183674396608403 ], [ -74.760034984849796, 40.183542596659414 ], [ -74.76000645133054, 40.183471129956352 ], [ -74.75997065176341, 40.183394329857087 ], [ -74.759934851155776, 40.183311930034762 ], [ -74.759906384230661, 40.183196530049777 ], [ -74.759899251371124, 40.183185529495411 ], [ -74.759884984611489, 40.183114129987267 ], [ -74.759863450763461, 40.183070196071561 ], [ -74.759863450763461, 40.18306472996737 ], [ -74.759834851690584, 40.182982329744718 ], [ -74.759827784384669, 40.182960329359616 ], [ -74.759827850978823, 40.182954796470312 ], [ -74.759806384765497, 40.182888929614464 ], [ -74.759784850917455, 40.182833996531429 ], [ -74.759770650752003, 40.182751596028574 ], [ -74.759749251132817, 40.182691196700056 ], [ -74.759727784919491, 40.182641796372188 ], [ -74.759727851513674, 40.182636329438502 ], [ -74.759715518065931, 40.182599595957434 ], [ -74.759763940061305, 40.182521590588379 ], [ -74.760502632412795, 40.182896761142665 ] ] ] } },
{ "type": "Feature", "properties": { "cell_id": "gis-hydro-003", "station_m": 5492.351, "center_x_m": 522986.338, "center_y_m": 4446734.432, "length_m": 2196.94, "width_m": 593.025, "area_m2": 1302839.589, "cross_section_source": "synthetic-boundary-width", "mean_depth_m": 0.463344, "mean_velocity_ms": 0.540964, "mean_water_surface_m": 16.960601, "flow_area_m2": 153.798435, "hydraulic_radius_m": 0.463338 }, "geometry": { "type": "Polygon", "coordinates": [ [ [ -74.738457245064978, 40.172628497831511 ], [ -74.738384377469217, 40.172755194992376 ], [ -74.738258576926697, 40.172989595388124 ], [ -74.738177310192441, 40.173161128807465 ], [ -74.738088509993105, 40.173315462082165 ], [ -74.737903177387366, 40.173550061694449 ], [ -74.737777110468173, 40.173681661617323 ], [ -74.737636177441871, 40.173841862062346 ], [ -74.737614776782166, 40.174104662196712 ], [ -74.737615510358523, 40.174315928943557 ], [ -74.737645977189672, 40.17451579554556 ], [ -74.737743510589624, 40.174732595367857 ], [ -74.737930376942217, 40.174937795523888 ], [ -74.738348243890727, 40.175199662005078 ], [ -74.7385275778188, 40.175387795925339 ], [ -74.738684644322475, 40.175593062473737 ], [ -74.738830310737285, 40.175722129412215 ], [ -74.73901737791293, 40.175907595326741 ], [ -74.739173110452185, 40.176021662507566 ], [ -74.73931651058426, 40.176164396078121 ], [ -74.739441177985441, 40.176278528815153 ], [ -74.739528311249529, 40.176325995485669 ], [ -74.739671511599127, 40.176397195429104 ], [ -74.739777510782474, 40.176497062533841 ], [ -74.739902244777824, 40.176644529504223 ], [ -74.739939844468495, 40.176725462646623 ], [ -74.740052178421934, 40.176868195531817 ], [ -74.740257644317111, 40.176986996268909 ], [ -74.740488177713303, 40.177167595569571 ], [ -74.740619244397649, 40.177338929213235 ], [ -74.740731445162737, 40.177433996190899 ], [ -74.740912045420515, 40.177547995614361 ], [ -74.741036711781149, 40.177657329684024 ], [ -74.741099311338132, 40.177795463032552 ], [ -74.741174378571714, 40.177943062333647 ], [ -74.741193578502333, 40.178095529174286 ], [ -74.741200777956038, 40.178367196268326 ], [ -74.741257178012333, 40.178514795915724 ], [ -74.7413009116501, 40.178581462819871 ], [ -74.741431645363576, 40.178652662781758 ], [ -74.74157471148429, 40.178695263154204 ], [ -74.741724045780941, 40.178733062465774 ], [ -74.741867245089963, 40.178828063094862 ], [ -74.74187837880217, 40.178842529776468 ], [ -74.741929644864442, 40.178908996017896 ], [ -74.7420045789097, 40.179008929385937 ], [ -74.742067245060838, 40.179080596359711 ], [ -74.742104445186541, 40.179123062903436 ], [ -74.74222420233906, 40.179192682225477 ], [ -74.738952539834514, 40.180884312386105 ], [ -74.738942578096541, 40.180806730195755 ], [ -74.738923644542595, 40.180731730098159 ], [ -74.738907311282745, 40.180712129827953 ], [ -74.738876977639933, 40.180692530347031 ], [ -74.738851244197264, 40.18067466312646 ], [ -74.738841978243329, 40.180658596536126 ], [ -74.73883011095478, 40.180635396563801 ], [ -74.738827778077876, 40.18060506320213 ], [ -74.738811311629689, 40.180562196914323 ], [ -74.738799577529463, 40.180547930140243 ], [ -74.73877397727513, 40.180531863519903 ], [ -74.738748178278868, 40.180510463348078 ], [ -74.738720044324594, 40.18047126346908 ], [ -74.738708311264901, 40.180437330342528 ], [ -74.738708178076564, 40.180414130294544 ], [ -74.738696510570492, 40.180398063642521 ], [ -74.738684844104952, 40.180387329749479 ], [ -74.738677844433752, 40.180367730174723 ], [ -74.738677777839584, 40.180351663511715 ], [ -74.738687044834052, 40.180331996352869 ], [ -74.738693844722775, 40.180312329983288 ], [ -74.738682177216702, 40.180294463457585 ], [ -74.738661244797242, 40.180292663607979 ], [ -74.738633310625488, 40.180301729634394 ], [ -74.738607844600025, 40.180332129910532 ], [ -74.738603710559033, 40.18033626304328 ], [ -74.738570711068505, 40.180369729563758 ], [ -74.738445244537331, 40.180478930299145 ], [ -74.738364044397244, 40.180570329594268 ], [ -74.738275844585928, 40.180650862947928 ], [ -74.738206111128889, 40.180708130275036 ], [ -74.73814117765447, 40.180777930428825 ], [ -74.738101711246046, 40.180806663417393 ], [ -74.738043444472027, 40.18082646320039 ], [ -74.738020777482632, 40.180830196427905 ], [ -74.738010844546494, 40.180831796723204 ], [ -74.737985244292162, 40.180824796921605 ], [ -74.737952577772461, 40.180808796350178 ], [ -74.737715577458403, 40.180646597072311 ], [ -74.73765011123065, 40.180600329873599 ], [ -74.737617510264585, 40.18058606310754 ], [ -74.737582577462177, 40.180582662964547 ], [ -74.737545244148137, 40.180582729743151 ], [ -74.737515043693662, 40.180584463601484 ], [ -74.737493977045318, 40.180577396995709 ], [ -74.737468310196832, 40.180561396366016 ], [ -74.737414577028787, 40.18050612989002 ], [ -74.737405176845982, 40.180477530331558 ], [ -74.737401511045221, 40.18045306309169 ], [ -74.737400376863334, 40.180445397053724 ], [ -74.737400376863334, 40.18044093003401 ], [ -74.737400310269152, 40.180432597002373 ], [ -74.737400243674998, 40.180416863453452 ], [ -74.737411776952186, 40.180388130299846 ], [ -74.737458310666511, 40.180343463231736 ], [ -74.737488511121015, 40.18031119633271 ], [ -74.737504576963644, 40.180284329763118 ], [ -74.737516110240861, 40.180248596692287 ], [ -74.737516043646679, 40.180225396579772 ], [ -74.737513777363958, 40.180209329883048 ], [ -74.737515910458342, 40.180187863625505 ], [ -74.73753451104146, 40.180169996272042 ], [ -74.737555376866766, 40.180153796799196 ], [ -74.73756924406139, 40.180116329789385 ], [ -74.737566843549786, 40.180080529851054 ], [ -74.737559777284403, 40.180060930187672 ], [ -74.737541043512977, 40.180051996892281 ], [ -74.737517777176066, 40.180046663308175 ], [ -74.737489777450691, 40.180048529943427 ], [ -74.737475910256066, 40.180064663457323 ], [ -74.737457377307663, 40.180087996387982 ], [ -74.737411044416362, 40.180164863034214 ], [ -74.737373977478995, 40.180216729626871 ], [ -74.737325177481949, 40.180248996570818 ], [ -74.737266977302085, 40.180266996666255 ], [ -74.737185510785324, 40.180277863341111 ], [ -74.737103977674408, 40.180281663377706 ], [ -74.737064377037129, 40.180285263077444 ], [ -74.737024777440382, 40.180283596785351 ], [ -74.737001510062939, 40.180274730298223 ], [ -74.736922177681095, 40.180237330134169 ], [ -74.736854510724285, 40.180219596351598 ], [ -74.73681491008702, 40.180208930004291 ], [ -74.736779844096233, 40.18018939636201 ], [ -74.736768177630694, 40.180178663230919 ], [ -74.736765777119103, 40.180159063595887 ], [ -74.736760910542287, 40.180132196966049 ], [ -74.736749244076748, 40.18011086344724 ], [ -74.736721176716671, 40.180084063577354 ], [ -74.736676910325599, 40.180050196241289 ], [ -74.736621977422047, 40.18001099689134 ], [ -74.736542710593824, 40.179984396524553 ], [ -74.736493710814273, 40.179954129651001 ], [ -74.736444576805852, 40.179911329731191 ], [ -74.73641424316304, 40.179884529782527 ], [ -74.736383910560761, 40.179864930062521 ], [ -74.736332643457942, 40.179852596561773 ], [ -74.736306976609441, 40.179838329638486 ], [ -74.736276577413008, 40.179816996822289 ], [ -74.736269510107107, 40.179809863357256 ], [ -74.736264843312782, 40.179788396973336 ], [ -74.736260109924302, 40.179772330173137 ], [ -74.736250777376185, 40.179759863096749 ], [ -74.736234376481633, 40.179745596948983 ], [ -74.736220377139219, 40.179736729596527 ], [ -74.736190043496407, 40.179727863037947 ], [ -74.736127109928063, 40.179717263392703 ], [ -74.736082843536991, 40.179719130037007 ], [ -74.736054910405755, 40.179726330291011 ], [ -74.73603164302834, 40.179728196935073 ], [ -74.73599204343158, 40.179728262919483 ], [ -74.735952443834833, 40.179713996765052 ], [ -74.735919709680445, 40.17969079646975 ], [ -74.735723576333342, 40.179550063370165 ], [ -74.735658176699758, 40.179489463237438 ], [ -74.735604376937559, 40.179432396810839 ], [ -74.735578576900735, 40.179368196824797 ], [ -74.735582909683714, 40.179303796438496 ], [ -74.735606110466961, 40.179244796418509 ], [ -74.735633843815677, 40.179198263529145 ], [ -74.735652376764079, 40.17918219658921 ], [ -74.735687309566515, 40.17915346291273 ], [ -74.735694110495771, 40.179132129881161 ], [ -74.735698709655381, 40.179098130099838 ], [ -74.735686976595687, 40.179057062742345 ], [ -74.735647109581748, 40.17901426305167 ], [ -74.735586443336658, 40.178969663449244 ], [ -74.735445176298953, 40.178877063133022 ], [ -74.735179176306474, 40.178720396447162 ], [ -74.734959776622503, 40.178617196768698 ], [ -74.734852443474779, 40.178563796180164 ], [ -74.734797309748146, 40.178522862855509 ], [ -74.734765976152303, 40.17849966294785 ], [ -74.734737976426914, 40.178476463032332 ], [ -74.734733309632588, 40.178460396716446 ], [ -74.734733243038434, 40.178442596483791 ], [ -74.734747176827227, 40.178426396598518 ], [ -74.734804776619043, 40.178362396002917 ], [ -74.734826043049893, 40.178338729369891 ], [ -74.734696510112457, 40.178263796505071 ], [ -74.7342569095334, 40.178014662857059 ], [ -74.733500176087944, 40.17720006271928 ], [ -74.732808709087706, 40.176534462374491 ], [ -74.732748509001794, 40.17651332966232 ], [ -74.732669909155788, 40.176527595694701 ], [ -74.732605375246379, 40.176588062522626 ], [ -74.732573109332208, 40.176644929403984 ], [ -74.732573309114713, 40.176698129565416 ], [ -74.733028175365874, 40.177165596086219 ], [ -74.732534242271285, 40.177453996508056 ], [ -74.731531241517303, 40.176389262597084 ], [ -74.731429375334372, 40.176278262478881 ], [ -74.731378375648788, 40.176242796019814 ], [ -74.731318108968694, 40.176207396325097 ], [ -74.731271775036859, 40.176161462399115 ], [ -74.731257574871407, 40.176115329683142 ], [ -74.731285041843449, 40.175983996046895 ], [ -74.731298575026699, 40.175881129302795 ], [ -74.73127977466109, 40.175817262258136 ], [ -74.731247241329726, 40.175771129308195 ], [ -74.731196308238282, 40.175739329308335 ], [ -74.73112677456372, 40.175725329448682 ], [ -74.73105277491787, 40.175707729643747 ], [ -74.730950975329137, 40.175686595879014 ], [ -74.730872174660107, 40.175644129569719 ], [ -74.730751641299918, 40.17558059621954 ], [ -74.730487108460167, 40.175311462907842 ], [ -74.73042224157993, 40.175268929579893 ], [ -74.730352774499536, 40.17524079609592 ], [ -74.730278708259519, 40.175223129381379 ], [ -74.730199907590489, 40.175173662397377 ], [ -74.730125708162134, 40.175120529414855 ], [ -74.730113574496897, 40.175108796107459 ], [ -74.729972508282259, 40.174971795799785 ], [ -74.729963640852787, 40.174959062294967 ], [ -74.729950174263692, 40.174939662299671 ], [ -74.729935774315734, 40.174918796227466 ], [ -74.729888907630581, 40.174851329084312 ], [ -74.729874841693984, 40.174798195849412 ], [ -74.729879174476935, 40.17472359617674 ], [ -74.729920241226424, 40.174567396138158 ], [ -74.729915441243762, 40.174500062214811 ], [ -74.729896775107022, 40.174461062397484 ], [ -74.72981317445533, 40.174347662030677 ], [ -74.729743640780768, 40.174301729231011 ], [ -74.729674108146753, 40.174273462571485 ], [ -74.729514241566477, 40.174188595737483 ], [ -74.729412174560551, 40.174100061984653 ], [ -74.729194307582915, 40.173940862335925 ], [ -74.729092240576989, 40.173841729286984 ], [ -74.729017907960312, 40.173767328918764 ], [ -74.728939107291282, 40.173700129362359 ], [ -74.728902041394448, 40.173682462246795 ], [ -74.728860374256939, 40.173671862452309 ], [ -74.72875857466822, 40.173668461962805 ], [ -74.728684573981823, 40.173668729104413 ], [ -74.728624440490066, 40.173658129307739 ], [ -74.72851330731271, 40.173633529218208 ], [ -74.728397640529352, 40.173615995656185 ], [ -74.728342173831891, 40.17362672903031 ], [ -74.728305241123422, 40.173644595721598 ], [ -74.728272840980367, 40.173651795825108 ], [ -74.728240507431508, 40.173651795825108 ], [ -74.728198840293999, 40.173634128696953 ], [ -74.728180174157245, 40.173598662446054 ], [ -74.728184506940224, 40.173534862423949 ], [ -74.728175240986261, 40.173499329335613 ], [ -74.728151973608846, 40.173453329176148 ], [ -74.728105440935039, 40.173393062297144 ], [ -74.72801724008319, 40.173269061878415 ], [ -74.727980107592188, 40.173230062148683 ], [ -74.727956041084781, 40.173201928614553 ], [ -74.727963640103496, 40.173141062029231 ], [ -74.727896974140222, 40.173156728889182 ], [ -74.727822040094978, 40.173187062400352 ], [ -74.727754240990322, 40.173225528663224 ], [ -74.727699040669577, 40.173270861914318 ], [ -74.727645707066557, 40.173339528796319 ], [ -74.727617240141441, 40.173386195299486 ], [ -74.727597707240008, 40.173440995305057 ], [ -74.727590774162962, 40.173502662252965 ], [ -74.727601707052131, 40.173560195599585 ], [ -74.727628840012798, 40.173641062454955 ], [ -74.727633506807123, 40.173658062522335 ], [ -74.727630907553589, 40.173729795572449 ], [ -74.727607773364468, 40.173805929218311 ], [ -74.727546907336901, 40.173924728956059 ], [ -74.727491906798633, 40.174025529124634 ], [ -74.727439574189148, 40.174097262581363 ], [ -74.727448373983904, 40.174126329143441 ], [ -74.727474706774075, 40.174144195703192 ], [ -74.727530306659844, 40.17417319546027 ], [ -74.727559573755443, 40.174193329513265 ], [ -74.727565440285289, 40.17421339598036 ], [ -74.727551574131212, 40.174229328937024 ], [ -74.727547973884072, 40.17423359601117 ], [ -74.727495573639899, 40.174262729299656 ], [ -74.72745770757254, 40.174274062839622 ], [ -74.727393506633987, 40.174276395537099 ], [ -74.727367240437971, 40.174269795768005 ], [ -74.727346707583521, 40.174251862456558 ], [ -74.72733217340668, 40.174251929241365 ], [ -74.72729717401009, 40.174260929290107 ], [ -74.727281107126913, 40.174272196045514 ], [ -74.727156173349073, 40.174437995465439 ], [ -74.727080573362173, 40.17450086283462 ], [ -74.727005039969413, 40.174583795708116 ], [ -74.726940973259715, 40.174626462239374 ], [ -74.726868374172426, 40.174747462833565 ], [ -74.72678123986779, 40.174850596047925 ], [ -74.72671724079278, 40.174911129564279 ], [ -74.726551373453788, 40.17503899568699 ], [ -74.72646066077904, 40.175094685489078 ], [ -74.726316091960243, 40.174930119360042 ], [ -74.726319440539584, 40.174928395655023 ], [ -74.726352639812617, 40.174914329638973 ], [ -74.726375907190047, 40.174904062367652 ], [ -74.726397373403373, 40.174888662252826 ], [ -74.726500173985684, 40.174790329614765 ], [ -74.726539173194396, 40.174744929004206 ], [ -74.726605306404323, 40.17465679588868 ], [ -74.726626773658211, 40.174627395631525 ], [ -74.726636773188503, 40.17460452910948 ], [ -74.726646640571019, 40.174575129624756 ], [ -74.726658240442376, 40.17455599586274 ], [ -74.726673173143681, 40.174540595668866 ], [ -74.726698039821628, 40.174530329136068 ], [ -74.726767773278695, 40.174502129356391 ], [ -74.72679924006286, 40.174484262890871 ], [ -74.726827440611288, 40.174465062318646 ], [ -74.726862707425084, 40.174430195973663 ], [ -74.727017107040496, 40.174245729383756 ], [ -74.727075773379511, 40.174175729310996 ], [ -74.727101307039661, 40.174142395690453 ], [ -74.727151907160291, 40.174053862672388 ], [ -74.727155440813263, 40.174047596011711 ], [ -74.727159840190367, 40.174030462471841 ], [ -74.727159773596199, 40.174015128943815 ], [ -74.727156374172097, 40.174004062500856 ], [ -74.727138706947855, 40.173987462435576 ], [ -74.727112707128541, 40.173970328880529 ], [ -74.727076040796703, 40.173957662767911 ], [ -74.727039373424361, 40.173951396098346 ], [ -74.726986240644337, 40.173945062643085 ], [ -74.726849906777645, 40.173938928747518 ], [ -74.726631973205855, 40.173935529066483 ], [ -74.726525640011133, 40.173935729421871 ], [ -74.726354439936188, 40.173943796110926 ], [ -74.726098372879832, 40.173951928789137 ], [ -74.726029372999136, 40.173956529011221 ], [ -74.725979506454905, 40.173966795630854 ], [ -74.725931373440034, 40.173979596106953 ], [ -74.725902306126912, 40.173991862299999 ], [ -74.725869173448046, 40.174012262751951 ], [ -74.725773039566121, 40.174085195967216 ], [ -74.725728172787029, 40.174119662574817 ], [ -74.725713240085739, 40.174131195698372 ], [ -74.725699973279148, 40.174147795728551 ], [ -74.725685173766195, 40.174174595557901 ], [ -74.725673158289055, 40.1741982408236 ], [ -74.725498631917418, 40.173999566754887 ], [ -74.725548973087825, 40.173963195595896 ], [ -74.725565640359022, 40.17394766249236 ], [ -74.725572440247745, 40.173932196170384 ], [ -74.725572440247745, 40.173921795975261 ], [ -74.725568973188956, 40.173910262816086 ], [ -74.725557106940911, 40.173897328756595 ], [ -74.725391573613322, 40.173825529098337 ], [ -74.725355373440649, 40.173806395920003 ], [ -74.725319173268005, 40.173770262701318 ], [ -74.725291306730952, 40.17373839577354 ], [ -74.725263506788068, 40.173719262570657 ], [ -74.725240706379054, 40.173705951695815 ], [ -74.725129537942323, 40.173579399767043 ], [ -74.725126839950534, 40.173546929135952 ], [ -74.725131773121547, 40.173380729210173 ], [ -74.725131639933196, 40.173344528979094 ], [ -74.725128839856595, 40.173306195560073 ], [ -74.72510923932046, 40.173267862119481 ], [ -74.725084106265825, 40.173242329272313 ], [ -74.725059439370369, 40.173221995374774 ], [ -74.724979105994976, 40.17317539554459 ], [ -74.72463003446677, 40.173010767857221 ], [ -74.724326808266923, 40.172665571192788 ], [ -74.724330439273615, 40.172663529155528 ], [ -74.724356439092929, 40.172638262431569 ], [ -74.72437697298794, 40.172606395767332 ], [ -74.724426839532214, 40.172492128846663 ], [ -74.724449105916079, 40.172421728630582 ], [ -74.724461039798797, 40.172388595303538 ], [ -74.724474839358734, 40.172356662530504 ], [ -74.724490305853877, 40.172332729041202 ], [ -74.724507505878435, 40.172303462145813 ], [ -74.724531638980039, 40.172260928522697 ], [ -74.724543639456925, 40.172230395827306 ], [ -74.724556505657986, 40.172189928575335 ], [ -74.724572572541163, 40.172083062379386 ], [ -74.724575839817462, 40.172032595276839 ], [ -74.724575773223293, 40.172008728460291 ], [ -74.7245738399114, 40.171962262166254 ], [ -74.724570239664274, 40.17191446248323 ], [ -74.724570106475937, 40.171881262121403 ], [ -74.724571772370638, 40.171846795172023 ], [ -74.724580305788749, 40.171812262213088 ], [ -74.724588839206845, 40.171771062437173 ], [ -74.724591173124281, 40.171727129127454 ], [ -74.724598839777698, 40.171675328398436 ], [ -74.724609172278832, 40.171651328676596 ], [ -74.724627172473902, 40.171627461725954 ], [ -74.724645305857322, 40.171601528332211 ], [ -74.724666039534824, 40.17156366223599 ], [ -74.724689305871735, 40.171531662287308 ], [ -74.724792705801519, 40.171425862066229 ], [ -74.724819372603022, 40.171404195052389 ], [ -74.724825839520918, 40.171394328770909 ], [ -74.724825772926764, 40.17138539512964 ], [ -74.724820639973274, 40.171377528499406 ], [ -74.724812905685155, 40.171374528620859 ], [ -74.72479610626614, 40.171376528274855 ], [ -74.724775439182793, 40.171378528723942 ], [ -74.7247277723271, 40.171376661850154 ], [ -74.724704505990218, 40.171373795546906 ], [ -74.724687706571189, 40.17136786178191 ], [ -74.724571306211473, 40.171258262353973 ], [ -74.724558372375739, 40.171248395256129 ], [ -74.724548106468731, 40.171245528947416 ], [ -74.724539039256783, 40.171246461591032 ], [ -74.724531372603352, 40.171254395024235 ], [ -74.724514639778505, 40.171285128521966 ], [ -74.724508239454792, 40.171291062294138 ], [ -74.724499239877517, 40.171294062176379 ], [ -74.724482506012137, 40.171291128286818 ], [ -74.724474772764566, 40.171285195309693 ], [ -74.724466906328644, 40.171275262223148 ], [ -74.724463039704858, 40.171255528826102 ], [ -74.724462906516521, 40.171216928666155 ], [ -74.724461439363793, 40.17117239549723 ], [ -74.724454972445912, 40.171151661842472 ], [ -74.7244458396803, 40.171134862306012 ], [ -74.724419973049336, 40.171111128749565 ], [ -74.724399305965989, 40.171087461972732 ], [ -74.724386238941889, 40.171068661962252 ], [ -74.724378505694318, 40.171052928627425 ], [ -74.724369372928706, 40.171031128713615 ], [ -74.724351239545314, 40.170985661980531 ], [ -74.72433203961468, 40.170937861609772 ], [ -74.724309973013334, 40.170896461733761 ], [ -74.72420763963072, 40.170765994990646 ], [ -74.724135705444553, 40.170680795394439 ], [ -74.724093505553725, 40.170630795562992 ], [ -74.724082639258725, 40.17060812885456 ], [ -74.724079905776293, 40.170577328261821 ], [ -74.724074438811442, 40.170547595475476 ], [ -74.724066439187197, 40.170527128783782 ], [ -74.724058305334083, 40.170513728150233 ], [ -74.724039439414852, 40.170482995098304 ], [ -74.724028706308175, 40.170459394891061 ], [ -74.72402197301362, 40.170435795470645 ], [ -74.724011105678102, 40.170397861935513 ], [ -74.724000305977256, 40.170375328726543 ], [ -74.723988305500356, 40.170362995091132 ], [ -74.723978838723383, 40.170356794878288 ], [ -74.723961438916334, 40.17035479519425 ], [ -74.723950639215502, 40.170354795194243 ], [ -74.723937372408912, 40.170359995167757 ], [ -74.723914638825349, 40.170376394959355 ], [ -74.723894638724204, 40.170391862091698 ], [ -74.72386530607497, 40.17040326147643 ], [ -74.723814439577666, 40.170411528156123 ], [ -74.723778305999176, 40.170414661654398 ], [ -74.723759505633581, 40.170413662210791 ], [ -74.723723372055076, 40.17040959526225 ], [ -74.723697906029614, 40.170403595419451 ], [ -74.723681839146437, 40.170393328260793 ], [ -74.723662972186645, 40.170376861684687 ], [ -74.723640172008928, 40.170337995460486 ], [ -74.723626638825678, 40.170302061556328 ], [ -74.723621171860813, 40.170270262174128 ], [ -74.723622372636882, 40.17024359517557 ], [ -74.723631705184985, 40.170212728423792 ], [ -74.723651705286116, 40.170169528782473 ], [ -74.723664905498538, 40.170139728233487 ], [ -74.723675572011047, 40.17010999525543 ], [ -74.723690838723712, 40.170069394751479 ], [ -74.723696039311889, 40.170040595197925 ], [ -74.723699972529843, 40.170014928353744 ], [ -74.723699905935675, 40.169993328473602 ], [ -74.72369050575287, 40.169971795375609 ], [ -74.723585638670357, 40.169845728578451 ], [ -74.723564239051186, 40.169820128449764 ], [ -74.723556105198085, 40.169801595245019 ], [ -74.723546639461631, 40.169783194818514 ], [ -74.723545238903071, 40.169761661653851 ], [ -74.723549172121025, 40.169741061941714 ], [ -74.723558505709661, 40.169708195258274 ], [ -74.723570371957692, 40.169684594781607 ], [ -74.723586438840869, 40.169665062085208 ], [ -74.723603772053778, 40.169647528292984 ], [ -74.723626439043159, 40.169632128575543 ], [ -74.723645838756269, 40.16962279476121 ], [ -74.723647905256499, 40.169621795305943 ], [ -74.723671905169766, 40.169617594731193 ], [ -74.723696638659391, 40.169617062006374 ], [ -74.723723505243427, 40.169616995217005 ], [ -74.723747506197213, 40.169622128457718 ], [ -74.723770371928566, 40.169634394643218 ], [ -74.723786438811771, 40.169647661871686 ], [ -74.723799838806684, 40.169663128374992 ], [ -74.723814705954339, 40.1696845947816 ], [ -74.723825439061017, 40.169710261750708 ], [ -74.723834905837975, 40.16974099515248 ], [ -74.723844372614948, 40.169766728094388 ], [ -74.723857905798226, 40.169788262052521 ], [ -74.723869905234579, 40.169803594945343 ], [ -74.72389950530102, 40.169834328304916 ], [ -74.72392763925528, 40.169855861446521 ], [ -74.72397590545846, 40.169875262100021 ], [ -74.724014772519382, 40.169886528788403 ], [ -74.724055572892198, 40.169891061701833 ], [ -74.724087705618032, 40.169892061948268 ], [ -74.724121105714119, 40.16988686193887 ], [ -74.724147905703973, 40.169877528159596 ], [ -74.724167238822901, 40.169861594976297 ], [ -74.724179239299801, 40.169843061782899 ], [ -74.724184572035782, 40.169822528089512 ], [ -74.724184505441627, 40.169807061622578 ], [ -74.724181772999728, 40.169786594707567 ], [ -74.724172239628587, 40.169758928065761 ], [ -74.724141239003572, 40.169687062010588 ], [ -74.724137172597281, 40.16966659505934 ], [ -74.724137172597281, 40.169653195051012 ], [ -74.724142438739108, 40.169638861579273 ], [ -74.724153172886304, 40.16962439532081 ], [ -74.72419050620033, 40.169597661279141 ], [ -74.724213839131394, 40.169585795028304 ], [ -74.724232639497018, 40.16957959474442 ], [ -74.724260639222393, 40.169575394962195 ], [ -74.724312906278243, 40.169573328465709 ], [ -74.724331572414982, 40.169574195137947 ], [ -74.724377106176277, 40.169577261885493 ], [ -74.724417239566904, 40.169583328590718 ], [ -74.72444803936888, 40.169592528036581 ], [ -74.724476238876747, 40.169605861267549 ], [ -74.724501705942757, 40.169624261742079 ], [ -74.724523239790784, 40.169644728706039 ], [ -74.724540639597819, 40.169664261408322 ], [ -74.724551439298665, 40.169686794853313 ], [ -74.724554239375252, 40.169712461821561 ], [ -74.724552906451393, 40.169728928558911 ], [ -74.724546306345175, 40.169752528225068 ], [ -74.724538305680412, 40.169769928411661 ], [ -74.724526439432367, 40.169788528414266 ], [ -74.724462306128501, 40.169852261988616 ], [ -74.724448972727728, 40.169867661656127 ], [ -74.724438372809388, 40.169894394796387 ], [ -74.724435772515307, 40.169912928770913 ], [ -74.724435839109475, 40.16993132836712 ], [ -74.724439905515766, 40.169943662080918 ], [ -74.724447906180544, 40.169959061727702 ], [ -74.724462705693497, 40.169973395131848 ], [ -74.724477506246998, 40.169982662108971 ], [ -74.724500238790029, 40.16999279495662 ], [ -74.724568639323209, 40.170010195081623 ], [ -74.724620772150189, 40.170023395447636 ], [ -74.724651706181035, 40.170032594833856 ], [ -74.724687239371491, 40.170051795069945 ], [ -74.724743972398628, 40.170102328048984 ], [ -74.724759105922971, 40.170122528508337 ], [ -74.724766639388022, 40.170147128280355 ], [ -74.724766705982205, 40.170167394720124 ], [ -74.724763105735079, 40.170189128122502 ], [ -74.724746239721895, 40.170212328486109 ], [ -74.724721772608916, 40.170229795343602 ], [ -74.724691639789157, 40.170245728440442 ], [ -74.724659572616929, 40.170255862043923 ], [ -74.724619906426028, 40.170260328143954 ], [ -74.724587905847997, 40.170261861899782 ], [ -74.724533106132768, 40.170261928688511 ], [ -74.724486039665095, 40.170257662159763 ], [ -74.724302839113236, 40.170229128250938 ], [ -74.724268972857999, 40.170224794931336 ], [ -74.724250039304053, 40.170224861720122 ], [ -74.72423117234429, 40.170230728796277 ], [ -74.724218038726008, 40.170240861606885 ], [ -74.724210439707306, 40.170253928350554 ], [ -74.724186105782678, 40.170298862059269 ], [ -74.724182372347244, 40.170320528630839 ], [ -74.724182438941384, 40.17033212839366 ], [ -74.724184372253276, 40.170355261919681 ], [ -74.724195772342156, 40.170385661881419 ], [ -74.72428490551232, 40.170524462014988 ], [ -74.724662239505207, 40.171059195564631 ], [ -74.724692573148033, 40.171102595003433 ], [ -74.724720972438405, 40.171142995320757 ], [ -74.7247436394278, 40.171167595517971 ], [ -74.724773973070612, 40.171193595070299 ], [ -74.724794772301749, 40.171210928894745 ], [ -74.724825039350392, 40.171226794973407 ], [ -74.724860906552237, 40.171238328588665 ], [ -74.724900572743152, 40.171246928310381 ], [ -74.724968506076635, 40.171249661838552 ], [ -74.725017572450369, 40.171243728857796 ], [ -74.725105839896358, 40.171230395153536 ], [ -74.725194706689877, 40.171208728872394 ], [ -74.725894239908499, 40.171038061942497 ], [ -74.725937572940708, 40.171026395512342 ], [ -74.725967706801015, 40.171010328227709 ], [ -74.725988306249647, 40.170994328522333 ], [ -74.725999573150176, 40.170979928545762 ], [ -74.726003306585653, 40.170961061717392 ], [ -74.72600137327376, 40.170936528233412 ], [ -74.725993839808666, 40.170921995463502 ], [ -74.725978706284351, 40.17090899484144 ], [ -74.725954105983064, 40.17089599501206 ], [ -74.725908773044793, 40.170878795478558 ], [ -74.72575570635324, 40.170822594827513 ], [ -74.725680439337154, 40.170778661698868 ], [ -74.725628973492391, 40.170748595059408 ], [ -74.725485639954456, 40.17065446170394 ], [ -74.725413906591356, 40.170601928664063 ], [ -74.725376639871499, 40.170569195179276 ], [ -74.725336373292564, 40.170523061842076 ], [ -74.725202772908276, 40.170335728621225 ], [ -74.725156706393648, 40.17025892876066 ], [ -74.725145572681456, 40.170239994943103 ], [ -74.725070439894225, 40.170112061735622 ], [ -74.724985506318674, 40.169966328216191 ], [ -74.724948106410494, 40.169887394661565 ], [ -74.724922038956464, 40.169810528299628 ], [ -74.724884639048284, 40.169720728585368 ], [ -74.724850039216705, 40.169648261385639 ], [ -74.724803972702063, 40.169580328632868 ], [ -74.724740772757059, 40.169508061651698 ], [ -74.724683372747705, 40.169440127963526 ], [ -74.724509638972805, 40.169237395127155 ], [ -74.724488972930018, 40.169215395056014 ], [ -74.724452172369325, 40.169176128222965 ], [ -74.724434972344767, 40.169154194921809 ], [ -74.724423305879242, 40.169119127864079 ], [ -74.72439743924825, 40.169055527976305 ], [ -74.724371572617258, 40.169015994685992 ], [ -74.724345772580449, 40.168996328217212 ], [ -74.724318772808076, 40.168987928580322 ], [ -74.72429563965953, 40.168986661160581 ], [ -74.724254706098378, 40.168990861774368 ], [ -74.724179972876158, 40.169008728095818 ], [ -74.724155039604042, 40.16901152850415 ], [ -74.72414083943859, 40.16901152850415 ], [ -74.724103506124564, 40.169008861675763 ], [ -74.72407670613471, 40.16900619484732 ], [ -74.724055372069159, 40.169006261637307 ], [ -74.72403043879703, 40.169010394664788 ], [ -74.723989572870593, 40.16902272854599 ], [ -74.723796572570947, 40.169096195081487 ], [ -74.723762839504019, 40.169104527915152 ], [ -74.723741438844314, 40.169104527915152 ], [ -74.723721905942881, 40.169103261292662 ], [ -74.723702305406732, 40.169099128270851 ], [ -74.723686306158243, 40.169088261396006 ], [ -74.723661238657257, 40.169062328622246 ], [ -74.723639839038086, 40.169047327921419 ], [ -74.72361490576597, 40.169040528069104 ], [ -74.72357570573422, 40.169036594618184 ], [ -74.72354897233852, 40.16903666140815 ], [ -74.723508105371565, 40.169040728438944 ], [ -74.723440506049414, 40.169055927920787 ], [ -74.723344372167503, 40.169079328246347 ], [ -74.723058105697206, 40.169185061359904 ], [ -74.722986104916899, 40.169214528379129 ], [ -74.722962971768325, 40.169229595037685 ], [ -74.722950638320597, 40.169245995102393 ], [ -74.722945372178771, 40.169273394794473 ], [ -74.722945372178771, 40.169288394650209 ], [ -74.722950905737804, 40.169323928353009 ], [ -74.72295910514454, 40.169347795318558 ], [ -74.722968838298172, 40.169375795280992 ], [ -74.723065705756468, 40.169587195220551 ], [ -74.723123905936319, 40.169702528504871 ], [ -74.723161372438668, 40.169751661555068 ], [ -74.723193638352839, 40.169789795023931 ], [ -74.723316838601278, 40.169931594728261 ], [ -74.723366039203867, 40.169986861866008 ], [ -74.723394705911446, 40.170029128168146 ], [ -74.723423372619024, 40.170079595170215 ], [ -74.723446638955934, 40.170139661444615 ], [ -74.723466572462897, 40.17021466211834 ], [ -74.723483839081624, 40.170332795485308 ], [ -74.72348397226996, 40.170384728430932 ], [ -74.723478772722302, 40.170428462243905 ], [ -74.723470038481167, 40.170472128445034 ], [ -74.723452372297444, 40.17053499551259 ], [ -74.723401105194625, 40.170683261792149 ], [ -74.723396905600012, 40.170695595369303 ], [ -74.723350172103181, 40.170854795474995 ], [ -74.723339638779009, 40.170902661897358 ], [ -74.723334505825534, 40.170947661964654 ], [ -74.723334639013885, 40.170990062039628 ], [ -74.723341906102263, 40.171045995400064 ], [ -74.723354572520819, 40.171097861807141 ], [ -74.723504439570789, 40.171473862455997 ], [ -74.723528639266561, 40.171529129132992 ], [ -74.723562638710121, 40.171584995261725 ], [ -74.723627106025347, 40.171684661930485 ], [ -74.723652105891645, 40.171724128469265 ], [ -74.723668305963173, 40.171759662487062 ], [ -74.723679105664019, 40.171799261761556 ], [ -74.723735772096973, 40.171960928809995 ], [ -74.723743383810046, 40.172001381089188 ], [ -74.723199356318716, 40.171382027491532 ], [ -74.723158171756552, 40.171231595743592 ], [ -74.723121438830546, 40.171114595359995 ], [ -74.723125238860177, 40.170830328740827 ], [ -74.723194839128908, 40.170603395623793 ], [ -74.723208505500494, 40.170475595088121 ], [ -74.723210372218219, 40.170338795334345 ], [ -74.723184372398919, 40.170248861946391 ], [ -74.723146505291012, 40.170158928439264 ], [ -74.723118172594795, 40.170103261503364 ], [ -74.723089905452213, 40.170087062012549 ], [ -74.723041839031538, 40.170088994915552 ], [ -74.722980905369241, 40.170090861824725 ], [ -74.722940905166965, 40.170087395162049 ], [ -74.722868238444974, 40.170078528137665 ], [ -74.722850772043785, 40.170074728324757 ], [ -74.7228353055486, 40.170071462028027 ], [ -74.722816638371313, 40.170060662097811 ], [ -74.722809105946794, 40.170053595191192 ], [ -74.72280717159434, 40.170051661492039 ], [ -74.722802439246394, 40.170035461988853 ], [ -74.7228032383764, 40.170026795324674 ], [ -74.722804705529128, 40.17000846174821 ], [ -74.722814039117765, 40.169990528105778 ], [ -74.722827238289653, 40.169981661863886 ], [ -74.722895971793676, 40.169936262011937 ], [ -74.722942771884675, 40.169916461436515 ], [ -74.722975639227414, 40.169912795192751 ], [ -74.722996705875758, 40.169907328823633 ], [ -74.722996705875758, 40.169894728741902 ], [ -74.722984905181377, 40.169873128823511 ], [ -74.72294477179075, 40.169828261622115 ], [ -74.722881305469059, 40.169761795232311 ], [ -74.722815372041637, 40.1696701285329 ], [ -74.722751505114417, 40.169535261664691 ], [ -74.722678239044924, 40.169355461815158 ], [ -74.722654372320008, 40.169247528086053 ], [ -74.722629105036518, 40.169044261945075 ], [ -74.722619238694563, 40.168894928214428 ], [ -74.7226306387834, 40.168792261431946 ], [ -74.722660838197342, 40.168684194816827 ], [ -74.722674439015307, 40.168572661289573 ], [ -74.72266003906735, 40.168444928491461 ], [ -74.722631572142262, 40.168369394717871 ], [ -74.722506371987762, 40.168097861732242 ], [ -74.722458771726238, 40.167871194594873 ], [ -74.722442038901391, 40.167783061299303 ], [ -74.72243943860731, 40.16769846146552 ], [ -74.722437771672077, 40.167563527863891 ], [ -74.722451371449509, 40.167423128220015 ], [ -74.722444238589944, 40.167378128201364 ], [ -74.722430038424491, 40.167352994683213 ], [ -74.722385438022073, 40.167322461370162 ], [ -74.722340705471836, 40.167300928219987 ], [ -74.722312638111745, 40.167295594428751 ], [ -74.722256304649605, 40.167293861026018 ], [ -74.722220971241654, 40.167283261028864 ], [ -74.722122371294489, 40.167250994280622 ], [ -74.722042505118836, 40.167204394326326 ], [ -74.722011771910999, 40.167136061557308 ], [ -74.722002038757367, 40.167006461447222 ], [ -74.721998438510226, 40.166612328172761 ], [ -74.721952237766729, 40.166128327711306 ], [ -74.721961105196215, 40.165968260933404 ], [ -74.721963371478935, 40.16596472806232 ], [ -74.721975104538629, 40.165946594562797 ], [ -74.722010104975766, 40.165912261366358 ], [ -74.722103838346086, 40.165845527945322 ], [ -74.722141238254281, 40.165836460782643 ], [ -74.722184637880673, 40.16583819422258 ], [ -74.722205772163704, 40.165836327991613 ], [ -74.72223623795432, 40.165823661156168 ], [ -74.722402305075775, 40.165739461229819 ], [ -74.722399105434178, 40.165733260594621 ], [ -74.72238537142789, 40.165700727526961 ], [ -74.722382905362679, 40.165685327709234 ], [ -74.722375037886238, 40.165638193924082 ], [ -74.722331371883186, 40.165539261055372 ], [ -74.722280171374535, 40.165461194643392 ], [ -74.722205171775656, 40.165376594301222 ], [ -74.722156837937774, 40.165326594538222 ], [ -74.722114837829437, 40.165282994205931 ], [ -74.722095304927976, 40.165259260988726 ], [ -74.722081971527246, 40.165242994343281 ], [ -74.722060304490853, 40.165216594134819 ], [ -74.721998838075237, 40.165132061076775 ], [ -74.72196130497872, 40.165074727328467 ], [ -74.721932571676973, 40.165034527756617 ], [ -74.721856437896207, 40.164927727425514 ], [ -74.721781238514822, 40.164830127812856 ], [ -74.721711371869418, 40.164758527691681 ], [ -74.721663638419557, 40.164700060511699 ], [ -74.721612437910906, 40.164632393959678 ], [ -74.72157650515544, 40.164562127131511 ], [ -74.721515771275662, 40.164417594334274 ], [ -74.721476304867238, 40.164278127284291 ], [ -74.721452371548168, 40.164232660798682 ], [ -74.72128870493826, 40.164040127253273 ], [ -74.720991371349939, 40.163761727267371 ], [ -74.72094890404189, 40.163731927085855 ], [ -74.720907971521285, 40.163712394266845 ], [ -74.720820437651653, 40.163678727097448 ], [ -74.720786370573379, 40.163656594019763 ], [ -74.720687704032073, 40.163616393608137 ], [ -74.720594304673142, 40.163586660953321 ], [ -74.720486970484814, 40.163565726980877 ], [ -74.720414970745054, 40.163532527306359 ], [ -74.720332304492757, 40.163501060320044 ], [ -74.720266304471153, 40.163450593993041 ], [ -74.720217037274395, 40.163395994259453 ], [ -74.720183370801649, 40.163330594276118 ], [ -74.72011657060952, 40.1630397935945 ], [ -74.720104150049565, 40.162941040957101 ], [ -74.724914744933116, 40.160454106598138 ], [ -74.724950372693215, 40.160605659840336 ], [ -74.725047972687321, 40.160856726945674 ], [ -74.725152772135147, 40.161033593502864 ], [ -74.725250105752608, 40.161216126266531 ], [ -74.725392705714142, 40.161564260388232 ], [ -74.725565172118792, 40.161946593555122 ], [ -74.725797239261894, 40.162334526731748 ], [ -74.72609603896241, 40.162648060243228 ], [ -74.726260372554492, 40.162813326654515 ], [ -74.726499239586275, 40.163007060438808 ], [ -74.726715572817014, 40.163149393570016 ], [ -74.726954306660488, 40.163303126979983 ], [ -74.72720043974013, 40.163456860041833 ], [ -74.727551040337332, 40.16366752696905 ], [ -74.7276779729807, 40.163775794004515 ], [ -74.727691372975627, 40.163824660188602 ], [ -74.727715640306087, 40.163912793852525 ], [ -74.727842840366648, 40.164112393694595 ], [ -74.7278826397459, 40.164130593683652 ], [ -74.727917440400532, 40.164146527417017 ], [ -74.728044306449718, 40.164237660857175 ], [ -74.728193840528846, 40.164437260539287 ], [ -74.728410573324567, 40.164693860576705 ], [ -74.728567573234088, 40.16490486081603 ], [ -74.728679707405021, 40.165041727183223 ], [ -74.728776973387752, 40.16517859406968 ], [ -74.728777174210791, 40.165247127599933 ], [ -74.728777640369941, 40.165384193657694 ], [ -74.728778106529134, 40.165515527132627 ], [ -74.728755773551086, 40.165589193868385 ], [ -74.728748640691549, 40.165612727385401 ], [ -74.728771240046242, 40.165692593860022 ], [ -74.728875573334889, 40.165720993704063 ], [ -74.728949906992113, 40.165692260688999 ], [ -74.728968173563857, 40.165675793767541 ], [ -74.728994440800378, 40.165652194274223 ], [ -74.729038973568109, 40.165612127040674 ], [ -74.729143440045092, 40.165680460548678 ], [ -74.729188306824227, 40.165737460614565 ], [ -74.729248107345128, 40.165811593866202 ], [ -74.729248640098476, 40.165977194492527 ], [ -74.729249107298159, 40.166108594408179 ], [ -74.729242107626945, 40.166245661111979 ], [ -74.729222040931646, 40.166297527211533 ], [ -74.729219973390869, 40.166302794288541 ], [ -74.729227840867324, 40.166422727525187 ], [ -74.729339707621051, 40.166485327197812 ], [ -74.729357706775602, 40.166494527858724 ], [ -74.729406840784023, 40.166519460522245 ], [ -74.729585840700736, 40.166621927184906 ], [ -74.729720307849703, 40.1667644610651 ], [ -74.729854907146475, 40.166941261342423 ], [ -74.729959641040651, 40.167100927460247 ], [ -74.73010917407926, 40.167277660864691 ], [ -74.730206307914202, 40.167397461181146 ], [ -74.730266508000128, 40.167580061118805 ], [ -74.730454107929091, 40.16801372744208 ], [ -74.730603707561869, 40.168219060821635 ], [ -74.730716041515294, 40.168424461165714 ], [ -74.730902708085395, 40.168595394673062 ], [ -74.731141575117206, 40.168771994581519 ], [ -74.73128364128489, 40.168948727610591 ], [ -74.731353174959452, 40.169036328253526 ], [ -74.731433174323499, 40.169136928157066 ], [ -74.731530308158426, 40.169239527628498 ], [ -74.731739174518239, 40.169370461652811 ], [ -74.731742508388706, 40.169371795059895 ], [ -74.731955374560641, 40.169455728093162 ], [ -74.732313375434572, 40.16963772775037 ], [ -74.732574508850249, 40.169802861059303 ], [ -74.732813175059007, 40.169945128259776 ], [ -74.733051842308299, 40.170070328206371 ], [ -74.733231042007503, 40.170218461128307 ], [ -74.733231374978331, 40.170315528225267 ], [ -74.733186975398937, 40.170395595098185 ], [ -74.733097775634604, 40.17043006119431 ], [ -74.733001108999346, 40.170470194757819 ], [ -74.732971575527074, 40.170544527976737 ], [ -74.733001774941016, 40.170664394881307 ], [ -74.733121241753977, 40.170755528317152 ], [ -74.73316184234433, 40.170792195061466 ], [ -74.733203375252941, 40.170829594865879 ], [ -74.733397109128987, 40.170874928127184 ], [ -74.733635442366918, 40.170914395136826 ], [ -74.733911042324692, 40.170953861328393 ], [ -74.734041909226548, 40.170989194590355 ], [ -74.734142042920581, 40.171016195235914 ], [ -74.734328909273202, 40.171227128117323 ], [ -74.734471642423074, 40.171428661579739 ], [ -74.734658576410396, 40.171615394672671 ], [ -74.734765976152303, 40.171746995166821 ], [ -74.73494137582189, 40.171887728548491 ], [ -74.73524757579915, 40.172076262036121 ], [ -74.735516242679878, 40.172269862048715 ], [ -74.73573224293979, 40.172390462149444 ], [ -74.735822109686325, 40.172440595052883 ], [ -74.736053110282214, 40.17249152856278 ], [ -74.736328576011132, 40.172490995065488 ], [ -74.736477376513875, 40.172467795480799 ], [ -74.736502710391548, 40.17246079481631 ], [ -74.736663309507648, 40.172416062103736 ], [ -74.736908176257614, 40.172164261748883 ], [ -74.737190243133284, 40.171923795187354 ], [ -74.73736630978506, 40.171809728274141 ], [ -74.737472243414786, 40.171641595210673 ], [ -74.737498103751619, 40.171536944738087 ], [ -74.738457245064978, 40.172628497831511 ] ], [ [ -74.726304639986097, 40.171636928839419 ], [ -74.72628290635555, 40.171636928839419 ], [ -74.726267840465923, 40.171640261848168 ], [ -74.726254773441838, 40.171651928967847 ], [ -74.726246240023741, 40.171666995085339 ], [ -74.726241972794412, 40.17169019573884 ], [ -74.726242173617436, 40.171753528393978 ], [ -74.726246772777074, 40.171828395300047 ], [ -74.726253706894653, 40.171959928594099 ], [ -74.726253773488793, 40.171993195704495 ], [ -74.726247506353431, 40.172048128818716 ], [ -74.726238906341152, 40.172078195677571 ], [ -74.726213039710146, 40.172131462230652 ], [ -74.726202240009329, 40.172154728717196 ], [ -74.726204439697881, 40.172179728473751 ], [ -74.726217573316148, 40.172203061730585 ], [ -74.726224106828198, 40.172219662232344 ], [ -74.726224173422366, 40.172232928955438 ], [ -74.726219839598869, 40.172244661964982 ], [ -74.726193906373723, 40.172279662211245 ], [ -74.726159439730452, 40.172329662418171 ], [ -74.726150773124004, 40.17234799536763 ], [ -74.726148706623789, 40.172372929061368 ], [ -74.726158572965744, 40.172418728798199 ], [ -74.726154306776962, 40.172443728457488 ], [ -74.726145773358851, 40.172462062171178 ], [ -74.726128506740153, 40.172481995577058 ], [ -74.72602897343414, 40.17258712867239 ], [ -74.725852773594028, 40.17279972871281 ], [ -74.725419440150375, 40.173319195722947 ], [ -74.725393506925215, 40.173365795454401 ], [ -74.725382772778019, 40.173399128661309 ], [ -74.725376373494839, 40.173425729224505 ], [ -74.72538090606028, 40.173478995515083 ], [ -74.725389706895584, 40.173518929304237 ], [ -74.7253984400962, 40.173540528857416 ], [ -74.725420239280368, 40.173560528732047 ], [ -74.725537706187282, 40.173653529065419 ], [ -74.725589840054795, 40.173685062106166 ], [ -74.725624706263062, 40.173699929006283 ], [ -74.72569417334347, 40.173713129449759 ], [ -74.725781040230885, 40.173724595857102 ], [ -74.725868907071373, 40.173728662607012 ], [ -74.726780373103082, 40.173733462405124 ], [ -74.726887773885551, 40.173734128668265 ], [ -74.727000573998126, 40.17372726250013 ], [ -74.727076640144219, 40.173717062629677 ], [ -74.727130773917779, 40.173703662625918 ], [ -74.727167706626275, 40.173695261981493 ], [ -74.727230507006283, 40.173688462594797 ], [ -74.72725657341978, 40.173681795983136 ], [ -74.727289040156975, 40.173660062109043 ], [ -74.72731497338215, 40.173631662406486 ], [ -74.727334374135779, 40.173588395770743 ], [ -74.727345107242456, 40.173536729238329 ], [ -74.72734930683707, 40.173486795911195 ], [ -74.727354574019429, 40.173467662637435 ], [ -74.727367640002981, 40.173450995655273 ], [ -74.727374040326708, 40.173429329287963 ], [ -74.727373973732526, 40.173409395365248 ], [ -74.727369506720706, 40.173371128768601 ], [ -74.727354040225563, 40.173306195560073 ], [ -74.727336573824346, 40.173259662573507 ], [ -74.727314707005476, 40.173213061974089 ], [ -74.727288507403657, 40.173174795266746 ], [ -74.727271106556074, 40.173143195202982 ], [ -74.727242574077366, 40.173079995826463 ], [ -74.727218640758252, 40.173045061983863 ], [ -74.727207706828565, 40.173028462479081 ], [ -74.727194640844999, 40.172993528609958 ], [ -74.727181374038409, 40.172938595465929 ], [ -74.727163840002476, 40.172877062372912 ], [ -74.727148440101516, 40.172830462305797 ], [ -74.727132973606359, 40.172745595257346 ], [ -74.727118640252584, 40.172674928953811 ], [ -74.727105240257643, 40.172548395696793 ], [ -74.727087506439219, 40.172458528842988 ], [ -74.727063439931783, 40.172391995062092 ], [ -74.727039506612684, 40.172343728969942 ], [ -74.727013307010864, 40.172298861811655 ], [ -74.726967440278742, 40.172235728435645 ], [ -74.726809440416204, 40.172042062333738 ], [ -74.726454706818558, 40.171736461857321 ], [ -74.726328573305182, 40.171648462384908 ], [ -74.726304639986097, 40.171636928839419 ] ], [ [ -74.726538373023857, 40.17070766179107 ], [ -74.726533439852872, 40.170725995178614 ], [ -74.726536840317493, 40.170751928111855 ], [ -74.726536973505844, 40.170779328786132 ], [ -74.72652344032258, 40.17082752840755 ], [ -74.726494040038631, 40.170883661471265 ], [ -74.726450106618387, 40.170956728444544 ], [ -74.726400973650499, 40.171010262234752 ], [ -74.726370573413533, 40.171053328560092 ], [ -74.726318306357683, 40.171175928892382 ], [ -74.726295040020787, 40.17133492830343 ], [ -74.72629517320911, 40.171374061902384 ], [ -74.726300306162614, 40.171392262329768 ], [ -74.726316506234113, 40.171407928798367 ], [ -74.726381173331873, 40.171453328460942 ], [ -74.726549773112737, 40.171576795512436 ], [ -74.726757439737028, 40.171713195227383 ], [ -74.726909040316372, 40.171819795651956 ], [ -74.727026640411623, 40.171944662180387 ], [ -74.727132373218296, 40.172056528871984 ], [ -74.727220306652953, 40.172200995314057 ], [ -74.72728784042144, 40.172340262422345 ], [ -74.727351640754492, 40.172626861832008 ], [ -74.727430107412161, 40.172969395782097 ], [ -74.727442240036865, 40.173017595438289 ], [ -74.727464373232394, 40.173050195760368 ], [ -74.72750350666999, 40.173083995829018 ], [ -74.727619173453334, 40.173133262388411 ], [ -74.727631373712754, 40.173136462546942 ], [ -74.727658373485085, 40.17314352913256 ], [ -74.727680373492305, 40.173142195799556 ], [ -74.72771270704115, 40.173133062030594 ], [ -74.727761773414883, 40.173102928853126 ], [ -74.727844840272724, 40.173062395335428 ], [ -74.728000840229171, 40.173009395862074 ], [ -74.728005640211833, 40.172992395632214 ], [ -74.72811884092998, 40.172808395818052 ], [ -74.728181307298627, 40.172711861806562 ], [ -74.728211774129761, 40.172659728692281 ], [ -74.72822864014293, 40.1726127953389 ], [ -74.728228506954608, 40.172577595700098 ], [ -74.728199374087851, 40.172529461722903 ], [ -74.728101373488215, 40.172412328413273 ], [ -74.727961640197421, 40.172300462308179 ], [ -74.727905440964165, 40.172251128357473 ], [ -74.727850907625594, 40.172188662010477 ], [ -74.727823573841874, 40.172137928633909 ], [ -74.727799573928607, 40.172061061640441 ], [ -74.72775677364973, 40.171973861648397 ], [ -74.727720840894264, 40.17188786212278 ], [ -74.727708640634887, 40.171817595649394 ], [ -74.727704973793578, 40.171723728540492 ], [ -74.727692906722524, 40.171653395109807 ], [ -74.727663840449935, 40.171599995401706 ], [ -74.727626240759264, 40.171549261585156 ], [ -74.727564773303101, 40.171446462062114 ], [ -74.727520373723692, 40.171367061920172 ], [ -74.727400707128226, 40.17116272875051 ], [ -74.727315373987665, 40.171035128836941 ], [ -74.727289640545024, 40.17097526212897 ], [ -74.727268239885319, 40.170916728744906 ], [ -74.727188906462942, 40.170794328309107 ], [ -74.727101906387162, 40.170695528580993 ], [ -74.727030239618216, 40.170613528378773 ], [ -74.726977439809033, 40.170565461387213 ], [ -74.726946839789562, 40.170540728189891 ], [ -74.726887240091685, 40.170518728541211 ], [ -74.726846506313024, 40.170505728637025 ], [ -74.726793773098009, 40.17050186205956 ], [ -74.726753040359895, 40.170501994841452 ], [ -74.726749972866116, 40.170502661931451 ], [ -74.726665306707758, 40.170566661988993 ], [ -74.726589706720844, 40.170646395418942 ], [ -74.726582373038269, 40.170654128557231 ], [ -74.726538373023857, 40.17070766179107 ] ], [ [ -74.722585437992933, 40.166530861352534 ], [ -74.722668171879917, 40.166628728074727 ], [ -74.722726238871459, 40.166723527779446 ], [ -74.722765771874037, 40.166823060846482 ], [ -74.722791038116995, 40.166981128210701 ], [ -74.722782971898582, 40.167061794578075 ], [ -74.722781438151699, 40.16712579469953 ], [ -74.722781105180871, 40.167136061557294 ], [ -74.722799838952298, 40.167180261030303 ], [ -74.722824772224428, 40.167214994335801 ], [ -74.722868105256637, 40.16724339433808 ], [ -74.722959905315065, 40.167270060925091 ], [ -74.723048572326078, 40.167295194473894 ], [ -74.723164104880567, 40.167339261055162 ], [ -74.723230239131027, 40.167381861373627 ], [ -74.723294305840739, 40.167441794862086 ], [ -74.723339905155669, 40.167509728164887 ], [ -74.723375171969479, 40.167583927862701 ], [ -74.723396105429487, 40.167700927971545 ], [ -74.723408971630548, 40.167825728130403 ], [ -74.723433972537364, 40.167918994740063 ], [ -74.723452771862469, 40.167985394553156 ], [ -74.723475572040172, 40.168029595063359 ], [ -74.723516905166321, 40.168073794749574 ], [ -74.723606771912856, 40.168141527842529 ], [ -74.723625372495974, 40.168154195040565 ], [ -74.723691439111732, 40.168185661460228 ], [ -74.723765705134255, 40.168207727860803 ], [ -74.723897705177464, 40.168232728276081 ], [ -74.724000772136421, 40.168253128073779 ], [ -74.724074039246446, 40.16828146164611 ], [ -74.72414210576828, 40.168316061601949 ], [ -74.724228972655709, 40.16835546171869 ], [ -74.724288772136106, 40.168397927818233 ], [ -74.724332305991339, 40.168478528096784 ], [ -74.724377838712101, 40.168551194531297 ], [ -74.724396572483556, 40.168600194834241 ], [ -74.724417372755227, 40.168633394415714 ], [ -74.724444172745095, 40.168655461465818 ], [ -74.724479306370554, 40.168669527984029 ], [ -74.724504038819646, 40.168672661562724 ], [ -74.724565905840777, 40.168678927924638 ], [ -74.724605105872541, 40.168686728077375 ], [ -74.724609905855189, 40.168688595025124 ], [ -74.724638106403617, 40.168699328383369 ], [ -74.724658772446418, 40.168715061468653 ], [ -74.724675238894605, 40.168724461402967 ], [ -74.724702038884445, 40.168727594979188 ], [ -74.724722639373624, 40.168727594979188 ], [ -74.724774106258948, 40.168699061222256 ], [ -74.724858506040633, 40.168641928472297 ], [ -74.724934505592529, 40.168580128297677 ], [ -74.724979972759655, 40.168519461119274 ], [ -74.724909106161249, 40.168429794868196 ], [ -74.724697706101495, 40.168176127869728 ], [ -74.724537438915718, 40.168008261715251 ], [ -74.724373838899993, 40.167845728098847 ], [ -74.724196572512696, 40.16765972808534 ], [ -74.724155572357361, 40.167605060970118 ], [ -74.724111172777967, 40.167538661580068 ], [ -74.724048106021286, 40.167464527829161 ], [ -74.723973038787705, 40.167368194542995 ], [ -74.723944105703467, 40.167338327562724 ], [ -74.723927105461414, 40.167324061188893 ], [ -74.723875972587464, 40.167282461119058 ], [ -74.723748238733037, 40.167182327599647 ], [ -74.723639172055883, 40.167075727842743 ], [ -74.723514705477783, 40.166939127973734 ], [ -74.723424372572069, 40.166846727519932 ], [ -74.723377038687204, 40.166806660991455 ], [ -74.723208104894951, 40.166663460867326 ], [ -74.723129772466166, 40.166607594663361 ], [ -74.723071905257143, 40.166572461087881 ], [ -74.723025971930838, 40.166540061212118 ], [ -74.722979972010364, 40.166491927723911 ], [ -74.722908305241418, 40.166399461459143 ], [ -74.722841704831779, 40.166314927488727 ], [ -74.722727505201149, 40.166160061446092 ], [ -74.72266617197387, 40.166106794182319 ], [ -74.72254850528445, 40.165960994016935 ], [ -74.722527838201103, 40.165934127331802 ], [ -74.722476838515504, 40.165867727897606 ], [ -74.722456171432171, 40.165840660796263 ], [ -74.722433838454123, 40.165843327749066 ], [ -74.722400837923061, 40.165856127371825 ], [ -74.722322705276753, 40.165890994145833 ], [ -74.722271238391428, 40.165919594285917 ], [ -74.722250772131133, 40.165951194532347 ], [ -74.722240638371957, 40.165987594314792 ], [ -74.722206571293697, 40.166018127433112 ], [ -74.722203571434605, 40.166020861171859 ], [ -74.722176771444737, 40.166036794461547 ], [ -74.722168705226323, 40.16606519416159 ], [ -74.722171104697409, 40.16617586111758 ], [ -74.722175371926724, 40.166224927542508 ], [ -74.722196104563693, 40.166258127490586 ], [ -74.722227105188693, 40.166280194517725 ], [ -74.722311704752897, 40.166328994491906 ], [ -74.722419172129506, 40.166401528052297 ], [ -74.722424504865472, 40.166405661238379 ], [ -74.722585437992933, 40.166530861352534 ] ], [ [ -74.725245772969643, 40.173063462321132 ], [ -74.725265506694129, 40.173063395535145 ], [ -74.725310306879052, 40.173057795847811 ], [ -74.725338905951944, 40.173046796034804 ], [ -74.72536390685876, 40.173028862400116 ], [ -74.725403240078847, 40.172990262453666 ], [ -74.725727106239816, 40.172590395643176 ], [ -74.725755639759072, 40.172550528889182 ], [ -74.725768039800968, 40.172516062279747 ], [ -74.725778639719323, 40.172480395879973 ], [ -74.725789306231803, 40.172456929145326 ], [ -74.725799972744312, 40.172439062141365 ], [ -74.725841172682124, 40.172407395743484 ], [ -74.725857172971146, 40.172389461939886 ], [ -74.7258661069948, 40.172367462095359 ], [ -74.725886373472591, 40.172284328538368 ], [ -74.725898773514515, 40.17224986179373 ], [ -74.725914906991861, 40.172223795064134 ], [ -74.725934506487448, 40.172197662332799 ], [ -74.725958572994884, 40.172165261961823 ], [ -74.725972773160336, 40.172136395715583 ], [ -74.725979839425705, 40.172096528694901 ], [ -74.725980639596244, 40.17207386247599 ], [ -74.725978706284351, 40.172033995418602 ], [ -74.725980439813753, 40.172006528463839 ], [ -74.725983973466697, 40.171976195220068 ], [ -74.725991039732079, 40.171940528536545 ], [ -74.726000706291558, 40.171895795481014 ], [ -74.726020107045187, 40.171792728538811 ], [ -74.726027106716401, 40.171758328331791 ], [ -74.726037706634727, 40.171719795245117 ], [ -74.726044772900138, 40.171684061639468 ], [ -74.726049040129453, 40.171629795309521 ], [ -74.726069572983903, 40.171307061929568 ], [ -74.726073707024909, 40.171240061890607 ], [ -74.726070040183615, 40.171213995568323 ], [ -74.726059239442236, 40.171192062130586 ], [ -74.726041306881868, 40.171179728643665 ], [ -74.726005506274205, 40.17117419558874 ], [ -74.725944573652455, 40.171178528847769 ], [ -74.725872906883495, 40.171189661744151 ], [ -74.72577803933126, 40.171213194909726 ], [ -74.725656372829732, 40.171242261911942 ], [ -74.725616906421337, 40.171254794955757 ], [ -74.725582972531399, 40.171269928744209 ], [ -74.72553103948691, 40.171294728463515 ], [ -74.725486373530842, 40.171311395180098 ], [ -74.72540403920884, 40.171337595040349 ], [ -74.725154372476226, 40.171411594961384 ], [ -74.725116772785526, 40.171428195656738 ], [ -74.725075639441883, 40.171450195010607 ], [ -74.725007706108386, 40.171494328862252 ], [ -74.724968372888299, 40.171527461830756 ], [ -74.724922039997011, 40.171575595723581 ], [ -74.724893373289433, 40.171607328501871 ], [ -74.724875572876854, 40.171633395468263 ], [ -74.724865839723208, 40.171650662392956 ], [ -74.724833639362672, 40.171704262423205 ], [ -74.724815973178949, 40.171757928403238 ], [ -74.72480183960765, 40.171817062146772 ], [ -74.724798505737198, 40.1718926620511 ], [ -74.724802305766843, 40.171959995381165 ], [ -74.724803373354561, 40.172004662402415 ], [ -74.724794639113412, 40.172084395733165 ], [ -74.724787706036366, 40.172144928536618 ], [ -74.724770039852658, 40.172219128732863 ], [ -74.724719439732027, 40.172375195832629 ], [ -74.724580839582615, 40.172698462399431 ], [ -74.724577305929657, 40.17271906200898 ], [ -74.724577372523811, 40.172736928939244 ], [ -74.724584639612232, 40.172763062257985 ], [ -74.724600839683745, 40.17278366264302 ], [ -74.724633106638478, 40.172805595566381 ], [ -74.725008973478609, 40.172985595380048 ], [ -74.725096973507419, 40.173029395893224 ], [ -74.725148973146062, 40.173048529290625 ], [ -74.725195706642893, 40.173059395531382 ], [ -74.725245772969643, 40.173063462321132 ] ], [ [ -74.724912305802832, 40.16873826154103 ], [ -74.72480637217312, 40.168787528074553 ], [ -74.724754906328329, 40.168819194571121 ], [ -74.724742572880601, 40.168835127999074 ], [ -74.72473523919804, 40.168878994800536 ], [ -74.724731505762577, 40.168901528506211 ], [ -74.724707039690131, 40.168972728288111 ], [ -74.724707106284313, 40.169001195140027 ], [ -74.724765373058332, 40.169179728511864 ], [ -74.724808972467201, 40.169261861640464 ], [ -74.724902039895895, 40.169375461332869 ], [ -74.724985839289516, 40.169455928461758 ], [ -74.725058306229002, 40.169552327959785 ], [ -74.725114172491431, 40.169656528157262 ], [ -74.725228572945099, 40.169947194745006 ], [ -74.72539743910265, 40.170214128603099 ], [ -74.725496772626144, 40.170359328076358 ], [ -74.725641706505115, 40.170528261802687 ], [ -74.725716040162325, 40.170599195109816 ], [ -74.725796706508561, 40.170657595191003 ], [ -74.725831773539852, 40.170678061843361 ], [ -74.725881172884414, 40.170689062040296 ], [ -74.726095572803246, 40.170691794795857 ], [ -74.726175972772808, 40.170688461740482 ], [ -74.726274973325474, 40.170678794924839 ], [ -74.726338707064357, 40.170669194896156 ], [ -74.726400439856633, 40.170643795443205 ], [ -74.726453973242172, 40.170605728447455 ], [ -74.726571573337438, 40.170487928703082 ], [ -74.726523573510903, 40.170465928242166 ], [ -74.726436773217642, 40.170407528791159 ], [ -74.726358373154113, 40.17035026151666 ], [ -74.726307373468529, 40.170307395111308 ], [ -74.72628344014943, 40.170284061997869 ], [ -74.726259706612822, 40.170268395269908 ], [ -74.726177106954708, 40.170221728213072 ], [ -74.726083506772696, 40.170177528335302 ], [ -74.725988306249647, 40.170125662020006 ], [ -74.725926973022368, 40.170080128686514 ], [ -74.72586557320092, 40.170024195325155 ], [ -74.725774305895811, 40.169926661878236 ], [ -74.725704505844604, 40.169842061535725 ], [ -74.725648039194127, 40.169744461832899 ], [ -74.725589840054795, 40.169598661529839 ], [ -74.725565772506826, 40.169508794745795 ], [ -74.725563905789102, 40.169465795025069 ], [ -74.725568773406451, 40.169367995207395 ], [ -74.725585373042975, 40.169262461952897 ], [ -74.725586905749338, 40.169218194660679 ], [ -74.725562905836085, 40.169160795188397 ], [ -74.725527106268956, 40.169119194653959 ], [ -74.72544530574082, 40.169033395061469 ], [ -74.725410439532567, 40.169012594758392 ], [ -74.725379706324745, 40.168982661711659 ], [ -74.725241706563352, 40.168835728315301 ], [ -74.725183772760161, 40.168782394770737 ], [ -74.725108638932412, 40.168686061764625 ], [ -74.725056439511292, 40.1686164614703 ], [ -74.725029373144764, 40.168621061258897 ], [ -74.724994439301781, 40.16864959504862 ], [ -74.724947239645786, 40.168701861643306 ], [ -74.724912305802832, 40.16873826154103 ] ], [ [ -74.723265439350669, 40.168875461285786 ], [ -74.723289305035067, 40.168857128193473 ], [ -74.723334305002496, 40.168840794824888 ], [ -74.723390105711317, 40.168838594725784 ], [ -74.723448638861996, 40.168836394626538 ], [ -74.723483038911084, 40.168842461397986 ], [ -74.723499105794275, 40.168860794494265 ], [ -74.723520438819278, 40.168874994550137 ], [ -74.72357877218748, 40.168885061568197 ], [ -74.723632039196346, 40.168884994778097 ], [ -74.723663905545521, 40.168880861742977 ], [ -74.723714305883632, 40.168866461318018 ], [ -74.723785906058424, 40.168858195245242 ], [ -74.723878839258219, 40.168849861586295 ], [ -74.724030305608707, 40.168859728237642 ], [ -74.724056905816056, 40.168859661447527 ], [ -74.724094039347591, 40.168851461368973 ], [ -74.724160305745883, 40.168812661856634 ], [ -74.724199972977303, 40.168765728228259 ], [ -74.724218372737383, 40.168710594471847 ], [ -74.724210172290114, 40.168645461204044 ], [ -74.724178106158433, 40.168580327873727 ], [ -74.724103506124564, 40.168503061674109 ], [ -74.723995705777114, 40.168448194866457 ], [ -74.723881506146483, 40.168425994963009 ], [ -74.723482639346088, 40.168302461750095 ], [ -74.723426905231463, 40.168284328079991 ], [ -74.72337617192251, 40.168241594746455 ], [ -74.723245371614823, 40.168015661199298 ], [ -74.723188571993532, 40.167701995041526 ], [ -74.723150972302818, 40.167594061068463 ], [ -74.723102972476326, 40.167524861198146 ], [ -74.723033705178409, 40.167469994394942 ], [ -74.722943372272709, 40.167435527590861 ], [ -74.722882172233767, 40.167427460923321 ], [ -74.722805238282447, 40.167429661068212 ], [ -74.722757438238432, 40.167442061233047 ], [ -74.722704438646758, 40.167478794968616 ], [ -74.7226780382219, 40.167529795017877 ], [ -74.722662571726744, 40.167670394814998 ], [ -74.722679238997969, 40.167894461746727 ], [ -74.722714105206222, 40.16802479486185 ], [ -74.722842571596487, 40.168311861741557 ], [ -74.722882905810138, 40.168432061771156 ], [ -74.722896372399219, 40.168527794818814 ], [ -74.722897838511429, 40.168572594499182 ], [ -74.722895505634511, 40.168637794627266 ], [ -74.722874572174504, 40.168743861584716 ], [ -74.722882972404292, 40.168866061372398 ], [ -74.722883172186783, 40.168925128460081 ], [ -74.722907172100037, 40.168957661572598 ], [ -74.722939105043395, 40.168967794573256 ], [ -74.722984171604992, 40.168969795093282 ], [ -74.723069105180542, 40.168949195140883 ], [ -74.723191172287628, 40.168904194543671 ], [ -74.723265439350669, 40.168875461285786 ] ], [ [ -74.722242305307191, 40.166504661227094 ], [ -74.722227905359233, 40.166506194272671 ], [ -74.722219638317782, 40.166509394743684 ], [ -74.722211437870499, 40.166531527686445 ], [ -74.722214971523456, 40.166979060840042 ], [ -74.722244238619083, 40.167100727879841 ], [ -74.722271038608937, 40.167127528106555 ], [ -74.722306238828551, 40.167144861379107 ], [ -74.722347372172194, 40.167149528059262 ], [ -74.722438038048736, 40.167138260916509 ], [ -74.722487438433816, 40.167125594324055 ], [ -74.722512105329287, 40.167114461556167 ], [ -74.722525372135891, 40.167102928035298 ], [ -74.722542971725431, 40.167087460948657 ], [ -74.722571705027164, 40.167046328277159 ], [ -74.722581838786368, 40.167006794611794 ], [ -74.722589971598936, 40.166946661158335 ], [ -74.722589838410585, 40.166907128230093 ], [ -74.722575238680136, 40.166858127500106 ], [ -74.72254403827263, 40.166791794171601 ], [ -74.722525305541723, 40.166742860945718 ], [ -74.722500438863761, 40.166692261058721 ], [ -74.722483971375027, 40.166678061341344 ], [ -74.722448304996249, 40.166650728189097 ], [ -74.722366104903116, 40.166583461155099 ], [ -74.722295971881067, 40.166528194426732 ], [ -74.722260771661439, 40.166507794110586 ], [ -74.722242305307191, 40.166504661227094 ] ] ] } },
{ "type": "Feature", "properties": { "cell_id": "gis-hydro-004", "station_m": 7689.291, "center_x_m": 523725.972, "center_y_m": 4444883.823, "length_m": 2196.94, "width_m": 573.331, "area_m2": 1259573.548, "cross_section_source": "synthetic-boundary-width", "mean_depth_m": 0.470417, "mean_velocity_ms": 0.546455, "mean_water_surface_m": 14.774713, "flow_area_m2": 152.253136, "hydraulic_radius_m": 0.470411 }, "geometry": { "type": "Polygon", "coordinates": [ [ [ -74.725354712934404, 40.165444737197824 ], [ -74.722012076049253, 40.165150266916086 ], [ -74.721998838075237, 40.165132061076775 ], [ -74.72196130497872, 40.165074727328467 ], [ -74.721932571676973, 40.165034527756617 ], [ -74.721856437896207, 40.164927727425514 ], [ -74.721781238514822, 40.164830127812856 ], [ -74.721711371869418, 40.164758527691681 ], [ -74.721663638419557, 40.164700060511699 ], [ -74.721612437910906, 40.164632393959678 ], [ -74.72157650515544, 40.164562127131511 ], [ -74.721515771275662, 40.164417594334274 ], [ -74.721476304867238, 40.164278127284291 ], [ -74.721452371548168, 40.164232660798682 ], [ -74.72128870493826, 40.164040127253273 ], [ -74.720991371349939, 40.163761727267371 ], [ -74.72094890404189, 40.163731927085855 ], [ -74.720907971521285, 40.163712394266845 ], [ -74.720820437651653, 40.163678727097448 ], [ -74.720786370573379, 40.163656594019763 ], [ -74.720687704032073, 40.163616393608137 ], [ -74.720594304673142, 40.163586660953321 ], [ -74.720486970484814, 40.163565726980877 ], [ -74.720414970745054, 40.163532527306359 ], [ -74.720332304492757, 40.163501060320044 ], [ -74.720266304471153, 40.163450593993041 ], [ -74.720217037274395, 40.163395994259453 ], [ -74.720183370801649, 40.163330594276118 ], [ -74.72011657060952, 40.1630397935945 ], [ -74.720082770948451, 40.162771060630362 ], [ -74.720090570790205, 40.162628793502222 ], [ -74.720073770330657, 40.16255292722699 ], [ -74.71993210372797, 40.161940793355079 ], [ -74.719889437677963, 40.161838860364419 ], [ -74.719889304489641, 40.161804059896639 ], [ -74.719894770413944, 40.161769327003334 ], [ -74.719908837391074, 40.161730260230314 ], [ -74.719936970304786, 40.161680193370138 ], [ -74.719942637052142, 40.16166286029263 ], [ -74.71993110377494, 40.161628126531859 ], [ -74.719842837369455, 40.161428460540364 ], [ -74.719717437432465, 40.161172460472628 ], [ -74.719554970558121, 40.16083612691677 ], [ -74.719431036733312, 40.160575793065654 ], [ -74.719399569949147, 40.160501993654641 ], [ -74.719388237494982, 40.16048245990639 ], [ -74.719376904000271, 40.160465193321464 ], [ -74.719357103681645, 40.160456460227344 ], [ -74.719320237567331, 40.160445726360962 ], [ -74.719263570093844, 40.160456593028933 ], [ -74.719201436695982, 40.160482859901336 ], [ -74.719173170593947, 40.160502460447866 ], [ -74.71913950412123, 40.160561460062752 ], [ -74.719127503644316, 40.160562260051769 ], [ -74.719115770584622, 40.160562993242493 ], [ -74.719101836795829, 40.160566326795092 ], [ -74.719040104003525, 40.160956460261069 ], [ -74.718867170399179, 40.160993193530103 ], [ -74.718696170106725, 40.161062460494911 ], [ -74.718636103209136, 40.161092593451436 ], [ -74.718608036889592, 40.161118526884316 ], [ -74.718588303165106, 40.161140260003108 ], [ -74.718567169922608, 40.161169260545172 ], [ -74.718563036922149, 40.161174927215768 ], [ -74.718537770679191, 40.161213993513115 ], [ -74.718509570130777, 40.161246460342888 ], [ -74.718475837063878, 40.161263860324304 ], [ -74.718444836438877, 40.161281260301259 ], [ -74.718377103928404, 40.161294327179277 ], [ -74.718267170486556, 40.161307593652211 ], [ -74.718199570123886, 40.161333593800471 ], [ -74.718174303880915, 40.16135539364798 ], [ -74.718157370233058, 40.161379193437 ], [ -74.718143369850083, 40.161422526701159 ], [ -74.718143569632588, 40.16147226055962 ], [ -74.718152169644867, 40.161498260644834 ], [ -74.71816916988692, 40.161543660573983 ], [ -74.718200370294412, 40.161589060472842 ], [ -74.718242903156082, 40.161666926970014 ], [ -74.718262836663072, 40.161703660649884 ], [ -74.718271436675352, 40.161729660646479 ], [ -74.718270037157311, 40.161761060066304 ], [ -74.71825883685095, 40.161782726977606 ], [ -74.718230703937223, 40.161804460679015 ], [ -74.718205370059579, 40.161823994046983 ], [ -74.718182903893208, 40.161860860440711 ], [ -74.718171703586833, 40.161891127432028 ], [ -74.718169036698583, 40.161930060518522 ], [ -74.718174836634262, 40.161999394119604 ], [ -74.71821550381874, 40.162354327133279 ], [ -74.718216570365939, 40.162411993980733 ], [ -74.718223903007996, 40.162469060406629 ], [ -74.718238503778977, 40.162520593819487 ], [ -74.718253103509426, 40.162575860629786 ], [ -74.718269970563142, 40.162621794208462 ], [ -74.718296569729958, 40.162680660774839 ], [ -74.718427037066817, 40.162932726917347 ], [ -74.718451236762576, 40.162997193731876 ], [ -74.718461036510377, 40.163057927075286 ], [ -74.718461237333415, 40.16310946083636 ], [ -74.718460437162875, 40.163355260919559 ], [ -74.718458903415979, 40.163886727101776 ], [ -74.718442370373637, 40.163960394014715 ], [ -74.718397037435366, 40.164052594036903 ], [ -74.718320170078215, 40.164234794252472 ], [ -74.718300637176782, 40.164352794100594 ], [ -74.718300770365119, 40.164411993933633 ], [ -74.718307570253842, 40.164432060907181 ], [ -74.718282437199207, 40.16445132793163 ], [ -74.71827023693983, 40.164475060636086 ], [ -74.71825803668041, 40.164515260539254 ], [ -74.718242836561927, 40.164574394231458 ], [ -74.718230637343055, 40.164609994015692 ], [ -74.718206037041767, 40.164650194634063 ], [ -74.718166170027828, 40.164692861048891 ], [ -74.718144703814502, 40.164730727797519 ], [ -74.718135636602511, 40.164789861302033 ], [ -74.718135682606388, 40.164808651253303 ], [ -74.717490513272281, 40.164751781367393 ], [ -74.717510703417773, 40.164669460801477 ], [ -74.717532570236614, 40.1645803277952 ], [ -74.717682770257426, 40.163995460556855 ], [ -74.717746703778786, 40.163746460600031 ], [ -74.71775883640349, 40.16368832731969 ], [ -74.717764770568039, 40.163623993956797 ], [ -74.717764702933323, 40.163592593808175 ], [ -74.717756370338265, 40.163542393935487 ], [ -74.71775003660872, 40.163503260592229 ], [ -74.717741770607816, 40.163459327497179 ], [ -74.717743569690839, 40.163399594059776 ], [ -74.717765837115238, 40.163316460651153 ], [ -74.717773770145314, 40.163256793883647 ], [ -74.717779769863512, 40.163204993846854 ], [ -74.717771369633724, 40.163138994108124 ], [ -74.717756903091583, 40.16309832740982 ], [ -74.717673703045435, 40.162873927365624 ], [ -74.7176563032384, 40.162824794108104 ], [ -74.717624703265884, 40.162714527237249 ], [ -74.717596236340796, 40.162604260187308 ], [ -74.717574036551113, 40.162525194021171 ], [ -74.71754703677874, 40.162356193460027 ], [ -74.717534236131314, 40.162265060674912 ], [ -74.717521170147762, 40.162097327014628 ], [ -74.717520970365257, 40.1620229272907 ], [ -74.717507103170632, 40.161867727014076 ], [ -74.717487836645844, 40.161703993840526 ], [ -74.717483569416544, 40.16163399355586 ], [ -74.717479903615782, 40.161574660091333 ], [ -74.71747210273351, 40.161471193391719 ], [ -74.717474370056763, 40.161441526594814 ], [ -74.717479303227734, 40.161376393509038 ], [ -74.717487036475333, 40.16130812723744 ], [ -74.717501903622974, 40.161174593227372 ], [ -74.71751703610677, 40.161046526832941 ], [ -74.71753296980161, 40.161015993864147 ], [ -74.717556769932401, 40.160985326490675 ], [ -74.717569502945111, 40.160953993509935 ], [ -74.717636636108082, 40.160758260261971 ], [ -74.717648503396646, 40.160726127189371 ], [ -74.717654303332338, 40.160694060104525 ], [ -74.717654303332338, 40.160675793191182 ], [ -74.717645236120376, 40.160642926889693 ], [ -74.717635169995887, 40.160606260229351 ], [ -74.717631103589596, 40.160568060369606 ], [ -74.717631036995442, 40.160551259804109 ], [ -74.71763890343135, 40.160514527091166 ], [ -74.717652702991259, 40.160490059810655 ], [ -74.717666570185898, 40.160474726404452 ], [ -74.717686436058173, 40.160456460227337 ], [ -74.717724303166065, 40.16043492648965 ], [ -74.717761969450933, 40.160410393177223 ], [ -74.717793770246445, 40.160382860286823 ], [ -74.717811569618505, 40.160358393754095 ], [ -74.717821437001007, 40.16033239323238 ], [ -74.717819503689114, 40.160307926681419 ], [ -74.717811369835999, 40.160285060106325 ], [ -74.717811436430168, 40.160272793026529 ], [ -74.717813236553724, 40.160248326454109 ], [ -74.717823102895707, 40.160219327109104 ], [ -74.717837036684486, 40.160194793718802 ], [ -74.717890570070026, 40.160122927080515 ], [ -74.717892102776403, 40.160120326701659 ], [ -74.71790510320632, 40.160084059756414 ], [ -74.717918503201261, 40.160038126846473 ], [ -74.717935703225791, 40.160001126660525 ], [ -74.717960569903752, 40.159953659705771 ], [ -74.717968236557198, 40.159937393379472 ], [ -74.717970103274894, 40.159926993425579 ], [ -74.717964369933412, 40.159912260287356 ], [ -74.717946836938012, 40.159898926742841 ], [ -74.717929503725117, 40.159895993155935 ], [ -74.717919903759807, 40.159897526350747 ], [ -74.717908302847917, 40.159903460323228 ], [ -74.717892902946929, 40.159915326676213 ], [ -74.717825503407298, 40.159964260052199 ], [ -74.717787036951904, 40.159989526722768 ], [ -74.717717703059847, 40.160025193324344 ], [ -74.717681103322192, 40.160050393173449 ], [ -74.717658036767801, 40.16007119304183 ], [ -74.71763890343135, 40.160094926482273 ], [ -74.717617703594669, 40.16012152669304 ], [ -74.717604237005588, 40.160142326539628 ], [ -74.717598570258232, 40.160170459920423 ], [ -74.717598636852387, 40.160200059678836 ], [ -74.717592970105045, 40.160214860348475 ], [ -74.717577570204057, 40.160225260258279 ], [ -74.717558236044596, 40.160226726646982 ], [ -74.717550502796996, 40.160226793445595 ], [ -74.717538969519794, 40.160220860296612 ], [ -74.717531236272222, 40.160204660037763 ], [ -74.717507836747004, 40.160163259977196 ], [ -74.717478903662737, 40.160142593734435 ], [ -74.717445969725844, 40.160124860267253 ], [ -74.717422769983116, 40.160113059954433 ], [ -74.717411236705914, 40.160098260057836 ], [ -74.71740157014645, 40.160079060187243 ], [ -74.71739363607584, 40.160049460376015 ], [ -74.717383969516362, 40.160028726504542 ], [ -74.71737810298653, 40.16000952661426 ], [ -74.717372303050837, 40.159984393548861 ], [ -74.717372236456669, 40.15996219326307 ], [ -74.717379836515903, 40.159932593400967 ], [ -74.717387503169334, 40.159901526334941 ], [ -74.717385503263259, 40.159876259631631 ], [ -74.717361169338631, 40.159825260194175 ], [ -74.717272235950958, 40.159775059921508 ], [ -74.717194903475189, 40.159724993209934 ], [ -74.717181369251406, 40.159704193235505 ], [ -74.717173569409653, 40.159689460048931 ], [ -74.717167636285623, 40.159662793664971 ], [ -74.717167569691469, 40.15963619327453 ], [ -74.717177169656779, 40.159596193265678 ], [ -74.717180769903905, 40.159535460006481 ], [ -74.717176836685937, 40.159498526345899 ], [ -74.717161369150247, 40.159468926281647 ], [ -74.71713036956578, 40.159425993362291 ], [ -74.717110903258501, 40.159403926492828 ], [ -74.717089569192964, 40.159375793589618 ], [ -74.717078035915776, 40.159352193496751 ], [ -74.717070169479868, 40.159321060160913 ], [ -74.717070102885685, 40.159298926457822 ], [ -74.717043836689712, 40.159225526456559 ], [ -74.717033236771371, 40.159191593044504 ], [ -74.717033169136656, 40.15916892649242 ], [ -74.717041436178121, 40.159128393401183 ], [ -74.717039169895386, 40.159104126815571 ], [ -74.717032836165828, 40.159081593038472 ], [ -74.717013769423559, 40.159052459595635 ], [ -74.717005302599631, 40.159036326652995 ], [ -74.717005236005448, 40.159015193263812 ], [ -74.717008302458694, 40.158993459464739 ], [ -74.717020836729475, 40.158959459932085 ], [ -74.717027169418486, 40.158931859653443 ], [ -74.717041836783665, 40.158910859831487 ], [ -74.717077503162429, 40.158878459480057 ], [ -74.717094302581472, 40.158860659678027 ], [ -74.717096436716375, 40.158847659926849 ], [ -74.717085835757516, 40.158839659834065 ], [ -74.717066836649934, 40.158831526140347 ], [ -74.717014170029088, 40.158818659983595 ], [ -74.716971969097727, 40.15881232670673 ], [ -74.716944436572035, 40.158801059770731 ], [ -74.716919102694376, 40.158781726728435 ], [ -74.716904236587254, 40.158760726860073 ], [ -74.716897902857696, 40.158729926458193 ], [ -74.716897836263527, 40.158705726530307 ], [ -74.716901902669818, 40.158679792971107 ], [ -74.71692083622375, 40.158655526225175 ], [ -74.717051235925908, 40.158571193350632 ], [ -74.717074369074467, 40.158554926693171 ], [ -74.71708703653357, 40.158533859954375 ], [ -74.717084835804471, 40.158512860009346 ], [ -74.717080503021521, 40.158493460084657 ], [ -74.717080503021521, 40.158483726322444 ], [ -74.71708883665714, 40.158464326389435 ], [ -74.717105636076155, 40.158449659734245 ], [ -74.717126769318654, 40.1584367927099 ], [ -74.717141503277972, 40.158422192849137 ], [ -74.717145636278445, 40.158405926155936 ], [ -74.717145636278445, 40.158396259976847 ], [ -74.717137036266152, 40.158370326299448 ], [ -74.717102636217049, 40.15830265980042 ], [ -74.717052836266987, 40.158191326318111 ], [ -74.716995702634321, 40.158108726504338 ], [ -74.716956569196711, 40.158060592604834 ], [ -74.716920636441273, 40.158026126590094 ], [ -74.716797502786989, 40.15793445994786 ], [ -74.716779435997751, 40.157911526567752 ], [ -74.716770436420489, 40.157883992664054 ], [ -74.716770369826307, 40.15786332652273 ], [ -74.716771769344348, 40.157849726167314 ], [ -74.716776103167831, 40.157808126653563 ], [ -74.716790969274939, 40.157771326450785 ], [ -74.716802903157671, 40.157752925944294 ], [ -74.716818035641467, 40.157748259413452 ], [ -74.716832836194953, 40.157743726484441 ], [ -74.71684783653096, 40.157743659683369 ], [ -74.716868702356237, 40.157748259413466 ], [ -74.716892836498388, 40.15776892638501 ], [ -74.716937903059971, 40.157844592831637 ], [ -74.716952969990146, 40.157867526234355 ], [ -74.716989035933935, 40.157927259767547 ], [ -74.717052369067275, 40.158037392859462 ], [ -74.717097503263588, 40.158094792989729 ], [ -74.717121503176841, 40.15813145941582 ], [ -74.71722103648284, 40.158344859420133 ], [ -74.717235969184145, 40.15836099332229 ], [ -74.717250969520123, 40.158367792653955 ], [ -74.717275036027559, 40.158372393136965 ], [ -74.717301969205764, 40.158372393136958 ], [ -74.717388702904856, 40.15835152674299 ], [ -74.717418635942138, 40.158344593013545 ], [ -74.717445570160848, 40.158344459412604 ], [ -74.717481636104651, 40.158355926030509 ], [ -74.717511502547751, 40.158369659885494 ], [ -74.717538503360643, 40.158376460011446 ], [ -74.717573236380574, 40.158373792765303 ], [ -74.717576903221854, 40.158389859860151 ], [ -74.717583902893068, 40.158420126013084 ], [ -74.717598969823229, 40.158486392769071 ], [ -74.717643903196489, 40.158649393333576 ], [ -74.717921036901188, 40.159511793169735 ], [ -74.717940902773449, 40.159538260010365 ], [ -74.717958303621032, 40.159553393230155 ], [ -74.717983037110656, 40.159562793637889 ], [ -74.718020036413321, 40.159568459647325 ], [ -74.71804723700869, 40.159570326845852 ], [ -74.71808930371121, 40.159566459645475 ], [ -74.718159902892467, 40.159555326433122 ], [ -74.718351236256879, 40.160097793261841 ], [ -74.718545303103724, 40.160063259891963 ], [ -74.718721436349682, 40.160051326766052 ], [ -74.718919369820327, 40.160057126332354 ], [ -74.718942770386107, 40.160057793524985 ], [ -74.718992036542318, 40.1600799269807 ], [ -74.719026837196935, 40.160086526539153 ], [ -74.719076036758992, 40.160090926509469 ], [ -74.719099169907565, 40.160090859710728 ], [ -74.719145570433582, 40.160079659785652 ], [ -74.719174436923652, 40.160059593116017 ], [ -74.719200370148798, 40.160032860078623 ], [ -74.719214703502587, 40.159995059894143 ], [ -74.719220303655774, 40.159915126279451 ], [ -74.719208370813575, 40.159799593463454 ], [ -74.719196370336675, 40.15967732645985 ], [ -74.719181503189034, 40.159572859651263 ], [ -74.719158037069633, 40.159486259919255 ], [ -74.719082036477189, 40.159247859787072 ], [ -74.718953303710265, 40.158706392940964 ], [ -74.71894290357443, 40.158556726324036 ], [ -74.718842237127049, 40.158211526345831 ], [ -74.718797570130448, 40.157951726381086 ], [ -74.7187846362947, 40.157860593250703 ], [ -74.718786703835463, 40.15769805919566 ], [ -74.718778636576516, 40.157667526311563 ], [ -74.718716702961189, 40.15760039272655 ], [ -74.718684836612013, 40.157591326053229 ], [ -74.718672769540987, 40.15756685930981 ], [ -74.718645636580263, 40.157503259732138 ], [ -74.718631170038137, 40.156998392729264 ], [ -74.718646170374143, 40.156726325969288 ], [ -74.7185930365536, 40.156313859357617 ], [ -74.718576570105412, 40.156115192502526 ], [ -74.718576370322907, 40.156063192175722 ], [ -74.718635703644139, 40.15593479246467 ], [ -74.718683236270977, 40.155830725487306 ], [ -74.718738436591721, 40.155699192749786 ], [ -74.71881377020199, 40.155585925659203 ], [ -74.71881770341993, 40.155552326034929 ], [ -74.718805636348876, 40.155524792765164 ], [ -74.718781636435594, 40.155500392080413 ], [ -74.718725703578997, 40.155463859430718 ], [ -74.718574169593808, 40.155363259146526 ], [ -74.718490102782965, 40.155274792296019 ], [ -74.718439969862061, 40.155149592100756 ], [ -74.718399703283112, 40.155006058818117 ], [ -74.718553836521835, 40.154648058937951 ], [ -74.718613103248899, 40.154482925346834 ], [ -74.718616502672987, 40.154377458819759 ], [ -74.718616570307717, 40.154333125355436 ], [ -74.718568636034789, 40.154269059094155 ], [ -74.718568502846466, 40.154220125590349 ], [ -74.718697369842246, 40.154051792286374 ], [ -74.718824303526148, 40.153886525226191 ], [ -74.718947103169057, 40.153678391991932 ], [ -74.719002503272336, 40.153556059090455 ], [ -74.719021969579586, 40.15342152525163 ], [ -74.719160503134873, 40.153136992076604 ], [ -74.719251770439953, 40.15301459218945 ], [ -74.71938270289543, 40.152898191881555 ], [ -74.71939863659027, 40.152876724938636 ], [ -74.719414437096788, 40.152846125466738 ], [ -74.719414236273778, 40.152797258538818 ], [ -74.71945783672318, 40.152708525098035 ], [ -74.719489503289836, 40.152647325193584 ], [ -74.719517236638566, 40.152579991794227 ], [ -74.719524836697815, 40.152491391682005 ], [ -74.719560303294088, 40.152341458456796 ], [ -74.719615570209044, 40.152191658513587 ], [ -74.719658302853205, 40.15187365871769 ], [ -74.719697637113839, 40.151693258546715 ], [ -74.719744770175666, 40.151509857935416 ], [ -74.719752237046578, 40.151341657890889 ], [ -74.719716103468073, 40.151262324900472 ], [ -74.71961416965047, 40.151170791491396 ], [ -74.71953830328691, 40.151103657846221 ], [ -74.719479636947881, 40.151079724816903 ], [ -74.719142970139472, 40.151144191750923 ], [ -74.718913969449645, 40.151200258376598 ], [ -74.718785702841885, 40.151231525074088 ], [ -74.718729636796951, 40.151245324791432 ], [ -74.718526903343673, 40.151230991409697 ], [ -74.718481835741528, 40.151218325030626 ], [ -74.71844623595689, 40.151215191441558 ], [ -74.718414835766879, 40.151215258249032 ], [ -74.718370903387182, 40.151221791861595 ], [ -74.71829356987088, 40.151233125271993 ], [ -74.718264302775253, 40.151234858289442 ], [ -74.718222502449422, 40.151236458487276 ], [ -74.718189035759195, 40.151236525294742 ], [ -74.718147236473868, 40.151235057916537 ], [ -74.718103303053638, 40.15122705851752 ], [ -74.718063569228022, 40.151214258522742 ], [ -74.718029969349459, 40.151211191741034 ], [ -74.717990303158558, 40.151204791742416 ], [ -74.717914902954135, 40.151196991967026 ], [ -74.717695302447112, 40.151187724811521 ], [ -74.717599169605734, 40.151189524637651 ], [ -74.717563636415278, 40.151192791842902 ], [ -74.717534369319651, 40.151200858053471 ], [ -74.717511369359414, 40.151212124659857 ], [ -74.717484236398747, 40.15123305846452 ], [ -74.717376835616278, 40.151308658228579 ], [ -74.717328835789758, 40.151334458602207 ], [ -74.7172807027749, 40.151347391393678 ], [ -74.717243169678383, 40.151353858186191 ], [ -74.717207635447394, 40.151353924993529 ], [ -74.717142769607676, 40.151350858218052 ], [ -74.717094635552286, 40.151339725249386 ], [ -74.717059035767662, 40.151320525288192 ], [ -74.716912236211485, 40.151219724806388 ], [ -74.7168871687105, 40.151210125207179 ], [ -74.716870435885653, 40.15120525859956 ], [ -74.716857902655406, 40.151205324611759 ], [ -74.716834836101015, 40.151210258026815 ], [ -74.716826835436237, 40.151214124907789 ], [ -74.716801502599111, 40.151226325225984 ], [ -74.716782702233516, 40.151232725222513 ], [ -74.716755436084497, 40.151239258038039 ], [ -74.71672203598844, 40.151245724840841 ], [ -74.716692768892798, 40.151256991439801 ], [ -74.716674102756059, 40.151269925041362 ], [ -74.716663569431901, 40.151289125016888 ], [ -74.716656435531803, 40.151329324774018 ], [ -74.716648236125067, 40.151372658089258 ], [ -74.716631702042193, 40.151420791957499 ], [ -74.716619168811945, 40.151441658095244 ], [ -74.716602502581267, 40.151456125047041 ], [ -74.716579569215199, 40.151465858225961 ], [ -74.716548102431034, 40.151470724814892 ], [ -74.716518835335421, 40.151473925199411 ], [ -74.716493768874955, 40.151473992006636 ], [ -74.716460368778897, 40.151470925236573 ], [ -74.71641016926381, 40.151456458287981 ], [ -74.716385702150845, 40.151449658264291 ], [ -74.71636623584358, 40.151440591565034 ], [ -74.716338302712359, 40.151435324925679 ], [ -74.716315168523266, 40.151437124745229 ], [ -74.716296635574835, 40.151444258011125 ], [ -74.716278102626418, 40.151454991709819 ], [ -74.716264168837625, 40.151471058055748 ], [ -74.715974969102419, 40.151306324741803 ], [ -74.715673420868939, 40.151162319787616 ], [ -74.715684858698253, 40.15108594464013 ], [ -74.715930235511649, 40.150946191370181 ], [ -74.716020835834556, 40.150884324980829 ], [ -74.716045235312819, 40.150860124642932 ], [ -74.716052101795697, 40.150845391923426 ], [ -74.716055635448654, 40.150827991658204 ], [ -74.716055568854486, 40.150806524856286 ], [ -74.716060635213807, 40.150794391270573 ], [ -74.716313235211373, 40.150548657857136 ], [ -74.716334168671352, 40.150523125212949 ], [ -74.716351501884247, 40.150498991554521 ], [ -74.716374635032807, 40.15045592491478 ], [ -74.71638896838661, 40.150425391160432 ], [ -74.716416769370028, 40.150388058057757 ], [ -74.716529102282919, 40.150256391501088 ], [ -74.716548902601573, 40.150228658044817 ], [ -74.716563235955363, 40.150198191792136 ], [ -74.716566701973605, 40.150159457971661 ], [ -74.716566568785296, 40.150134524867454 ], [ -74.716559302737394, 40.15010272478699 ], [ -74.716546568684137, 40.150069524892253 ], [ -74.716499369028142, 40.149975591125099 ], [ -74.716488569327325, 40.149957591744567 ], [ -74.716484769297693, 40.149940924557313 ], [ -74.716484769297693, 40.149931324777384 ], [ -74.716486568380731, 40.149921791804779 ], [ -74.716488368504287, 40.149911924787069 ], [ -74.716495502404356, 40.149895258383971 ], [ -74.716508035634575, 40.14987312478987 ], [ -74.716533235283364, 40.149842658377707 ], [ -74.716554702537252, 40.149817724361846 ], [ -74.716570969202934, 40.149792791132192 ], [ -74.716583369244844, 40.149762324684005 ], [ -74.716590568698535, 40.149734591026032 ], [ -74.716593969163156, 40.149686191112892 ], [ -74.716601168616876, 40.149662657642843 ], [ -74.716610102640502, 40.149643258371171 ], [ -74.716613969264301, 40.149640724400022 ], [ -74.716624435994305, 40.149633524931026 ], [ -74.716640636065833, 40.149629391519262 ], [ -74.716679902691737, 40.14962932471024 ], [ -74.716700368952033, 40.14962379148956 ], [ -74.71702356917136, 40.149547191689912 ], [ -74.717090902116837, 40.14952439148162 ], [ -74.71712243549517, 40.149509791295401 ], [ -74.71714556864373, 40.149487191502075 ], [ -74.717168568603967, 40.14945959135013 ], [ -74.717181169468887, 40.149435391299946 ], [ -74.717189568658142, 40.14940945817709 ], [ -74.717195702605196, 40.149381991612138 ], [ -74.717195702605196, 40.14936905765105 ], [ -74.717189302281483, 40.149339991622682 ], [ -74.717180768863372, 40.149320524654158 ], [ -74.717178635768974, 40.149317724228943 ], [ -74.717168102444788, 40.149304390990132 ], [ -74.717144902702074, 40.149291457809603 ], [ -74.717117502324186, 40.149280190884603 ], [ -74.717098502176071, 40.149277058001459 ], [ -74.717067968750783, 40.149277124810851 ], [ -74.717021569265299, 40.149275591376245 ], [ -74.717000569211123, 40.1492723908882 ], [ -74.71697523533345, 40.14926272420432 ], [ -74.71696903583279, 40.149256057579841 ], [ -74.716960435820496, 40.149246591321941 ], [ -74.716951902402414, 40.149233658130463 ], [ -74.716947702807786, 40.149217457636368 ], [ -74.716947702807786, 40.149214658002215 ], [ -74.716947635173071, 40.149199724497457 ], [ -74.716949702713848, 40.149175457545113 ], [ -74.716955902214522, 40.14915439107795 ], [ -74.716968502038952, 40.149139857621712 ], [ -74.716991635187483, 40.149120458200677 ], [ -74.717004236052432, 40.149104190870034 ], [ -74.717016769282651, 40.149076724181668 ], [ -74.717035502013545, 40.149011991228065 ], [ -74.717041835743103, 40.149002324507173 ], [ -74.717050169378709, 40.14899739093169 ], [ -74.717056568661889, 40.148995857490767 ], [ -74.71707543562168, 40.148997324917403 ], [ -74.717254701915053, 40.14904872459595 ], [ -74.717275836198084, 40.149053591358097 ], [ -74.717282102292927, 40.149053591358097 ], [ -74.717283702633992, 40.149052990866949 ], [ -74.717290569116869, 40.149050324845305 ], [ -74.717298969346643, 40.149045458082909 ], [ -74.717305302035655, 40.149035791366742 ], [ -74.717328301995892, 40.148983990820327 ], [ -74.717330369536654, 40.148969391313258 ], [ -74.717330301901953, 40.148959724586319 ], [ -74.717326035713171, 40.148945124278704 ], [ -74.717321702930221, 40.148922524297511 ], [ -74.717321702930221, 40.148914457816375 ], [ -74.71732376943045, 40.148898324851295 ], [ -74.717332102025509, 40.148883724530478 ], [ -74.717353168673867, 40.148862657972771 ], [ -74.717380502457587, 40.148841591408562 ], [ -74.717646302667546, 40.148654390834061 ], [ -74.717732635761138, 40.148590324783321 ], [ -74.717814569477596, 40.14852712481774 ], [ -74.717892302558894, 40.148460724267018 ], [ -74.717942702897005, 40.148416991413882 ], [ -74.717982568870426, 40.148373257737276 ], [ -74.71801510220179, 40.148329524032484 ], [ -74.718054902621603, 40.148274457988066 ], [ -74.718073902769689, 40.148254990714129 ], [ -74.718130569202657, 40.148195124596413 ], [ -74.718183102635166, 40.148144924474963 ], [ -74.718220903148904, 40.148109257996204 ], [ -74.718241902162532, 40.148083257556472 ], [ -74.718250235798138, 40.148057457538542 ], [ -74.718258502839575, 40.148028324138231 ], [ -74.718273169164206, 40.148004057562801 ], [ -74.718313102772328, 40.147958657330001 ], [ -74.718350968839687, 40.147921457288305 ], [ -74.718390835853626, 40.147876057795607 ], [ -74.718418903213703, 40.147839857484676 ], [ -74.718492569888724, 40.147744990848935 ], [ -74.718513435714044, 40.147689924330649 ], [ -74.718517569755022, 40.147660857583737 ], [ -74.718517503160854, 40.147642991211796 ], [ -74.718506969836682, 40.147617191026626 ], [ -74.718806503113555, 40.147499190727011 ], [ -74.719048969351945, 40.147419391137525 ], [ -74.719089369119231, 40.14743085721409 ], [ -74.719117969232627, 40.147430857214083 ], [ -74.719185702783633, 40.147419457153347 ], [ -74.719389236407466, 40.147380923772793 ], [ -74.719418169491718, 40.1473728571086 ], [ -74.719550969705452, 40.147325257248269 ], [ -74.719757170217562, 40.147240124473726 ], [ -74.719926570168951, 40.147155457682096 ], [ -74.719928036281161, 40.147154590723666 ], [ -74.719960636206693, 40.147134457399922 ], [ -74.719994636690785, 40.147102990767927 ], [ -74.719995370267142, 40.147101190833531 ], [ -74.720029702681543, 40.147073990581369 ], [ -74.720049702782703, 40.147061190599338 ], [ -74.720084303654815, 40.147038924049312 ], [ -74.720258836559722, 40.147010590360836 ], [ -74.720571503454849, 40.146942524398497 ], [ -74.720711170151475, 40.146911857032109 ], [ -74.720835570135449, 40.146871990309918 ], [ -74.720935569600613, 40.146827523890266 ], [ -74.721035703294646, 40.146773723667259 ], [ -74.721126636588366, 40.146715323719967 ], [ -74.721229636953169, 40.146642857415728 ], [ -74.721349303548649, 40.146553990264003 ], [ -74.721491770321876, 40.146448790603429 ], [ -74.721646370760311, 40.14634365679688 ], [ -74.721749370084567, 40.146254856861475 ], [ -74.721897769981808, 40.146095856773172 ], [ -74.721924370189157, 40.14607185675753 ], [ -74.721979703698267, 40.146032590060209 ], [ -74.722011570047442, 40.146007990299545 ], [ -74.722043437437151, 40.145975124057294 ], [ -74.722121837500637, 40.145835990572991 ], [ -74.722160104173554, 40.145778657234011 ], [ -74.72219830425226, 40.145739323554395 ], [ -74.72229410412281, 40.145671123487716 ], [ -74.722484437534192, 40.145586723583342 ], [ -74.722588704228698, 40.145547190148797 ], [ -74.72273143737857, 40.145499456973731 ], [ -74.722846370585557, 40.145458389967629 ], [ -74.723036903779459, 40.145379523365804 ], [ -74.723156037621635, 40.14532198999715 ], [ -74.723249637803619, 40.14527439029056 ], [ -74.723345371080001, 40.145216990459616 ], [ -74.723407037278108, 40.145174323737479 ], [ -74.723462370787217, 40.145134990503323 ], [ -74.723517504513836, 40.145080923276595 ], [ -74.723649237139824, 40.144957990270044 ], [ -74.723865104211399, 40.144751457068637 ], [ -74.723901104601552, 40.144717056680939 ], [ -74.724064771211445, 40.144580990087377 ], [ -74.724166837176838, 40.144513723459468 ], [ -74.72422217068592, 40.144472656652887 ], [ -74.724273104817925, 40.144439923296098 ], [ -74.724328503880656, 40.144408723468011 ], [ -74.724400771037651, 40.144372589714258 ], [ -74.725091371273166, 40.144062123236608 ], [ -74.725643637735956, 40.143820589909865 ], [ -74.725803304533699, 40.143758189670535 ], [ -74.725854371854012, 40.143735123441395 ], [ -74.725901171945011, 40.143712123223864 ], [ -74.72594370480671, 40.143685923042611 ], [ -74.72599050489768, 40.14364658974209 ], [ -74.72601363804624, 40.143623056565794 ], [ -74.726030838070798, 40.143605590021707 ], [ -74.726113705146119, 40.143522056146715 ], [ -74.726158304508033, 40.143479389950919 ], [ -74.726209238639996, 40.143435123346798 ], [ -74.726323038705644, 40.143340056477314 ], [ -74.726541971189917, 40.143182589502196 ], [ -74.726601505334173, 40.143148189910875 ], [ -74.726646171290255, 40.143118656694128 ], [ -74.726684504557298, 40.143089056649018 ], [ -74.72672057154162, 40.143049789818441 ], [ -74.726752505525525, 40.143023589381791 ], [ -74.726780104645343, 40.143002256130707 ], [ -74.726843838384227, 40.142961190001245 ], [ -74.72690337148795, 40.142918589473453 ], [ -74.72695870499706, 40.142874323299317 ], [ -74.726990571346235, 40.142846456379274 ], [ -74.727030905559872, 40.142818589447799 ], [ -74.727071305327158, 40.142793989318669 ], [ -74.727124571295505, 40.142767722763011 ], [ -74.727219372253558, 40.142729856492863 ], [ -74.727287438775392, 40.142698655879414 ], [ -74.72737243894511, 40.142652656325588 ], [ -74.72744050546693, 40.142614856011853 ], [ -74.727531971513997, 40.142557456320063 ], [ -74.727572275914767, 40.142529008094506 ], [ -74.728767073013074, 40.142634251223839 ], [ -74.728142873276511, 40.146807994491056 ], [ -74.728119971990253, 40.146818124105721 ], [ -74.728132727373321, 40.146875831236194 ], [ -74.728122379482869, 40.146945018349392 ], [ -74.728023839148889, 40.147001056978368 ], [ -74.727904638712559, 40.14696699019742 ], [ -74.727651972120853, 40.147081724018747 ], [ -74.727377238927758, 40.147265057049687 ], [ -74.726983705903876, 40.147539924034611 ], [ -74.726567972049779, 40.147866324102289 ], [ -74.726300905510129, 40.148123857688098 ], [ -74.726100905539226, 40.148404057269047 ], [ -74.725886171609034, 40.14874145773296 ], [ -74.725708171645351, 40.148918857715294 ], [ -74.725581971537821, 40.149010524597166 ], [ -74.725507905297818, 40.149101924117048 ], [ -74.725446838447198, 40.149186791296977 ], [ -74.725359638588913, 40.149307923932795 ], [ -74.725174571319315, 40.149599524688732 ], [ -74.724967638271423, 40.150051124684865 ], [ -74.724820038544706, 40.150434124749317 ], [ -74.724701971249758, 40.150742724885916 ], [ -74.724625304715644, 40.150927925015807 ], [ -74.724517371179871, 40.151188591718487 ], [ -74.724377238324081, 40.151571524924186 ], [ -74.724273771800114, 40.151860057957904 ], [ -74.724229705191533, 40.151982991198423 ], [ -74.724171171000322, 40.152280058597526 ], [ -74.724134971868196, 40.152594258085138 ], [ -74.724113371425986, 40.152817058540457 ], [ -74.72412830516781, 40.1528397916328 ], [ -74.724109637990551, 40.152912791339453 ], [ -74.723988371054006, 40.153610391563575 ], [ -74.723975371664608, 40.153851058200701 ], [ -74.724049771915972, 40.153850925386195 ], [ -74.724101904742952, 40.153850858581301 ], [ -74.724153704599104, 40.153759325479719 ], [ -74.724220971990945, 40.153337858702521 ], [ -74.724321438655792, 40.152708125057231 ], [ -74.724337637686787, 40.152709258373562 ], [ -74.724403304737578, 40.152713724832701 ], [ -74.724515304679642, 40.152816258460128 ], [ -74.724619771156625, 40.152896058071597 ], [ -74.724685637989907, 40.152943724810235 ], [ -74.724761505394014, 40.152998591423739 ], [ -74.724777504642503, 40.153341191814505 ], [ -74.72467410471269, 40.153569858335494 ], [ -74.724645105034284, 40.153804058557661 ], [ -74.724616504920888, 40.154158259002152 ], [ -74.724580038371542, 40.154392458785736 ], [ -74.724521038021152, 40.154569658706052 ], [ -74.724506704667363, 40.154735325723124 ], [ -74.724440171892425, 40.154866791933166 ], [ -74.724365904829384, 40.154918325549197 ], [ -74.724261704729045, 40.154918525165449 ], [ -74.724174771247448, 40.1548853920428 ], [ -74.72407543772394, 40.154861791979776 ], [ -74.724062704711201, 40.154778992475649 ], [ -74.724052638586741, 40.154713325723868 ], [ -74.724103505084017, 40.154330592354619 ], [ -74.724147371910092, 40.15410772528832 ], [ -74.724117171455617, 40.153970725537562 ], [ -74.724035371968014, 40.153982324913009 ], [ -74.723990037989211, 40.154052325133314 ], [ -74.723946438580342, 40.154119591858844 ], [ -74.723902704942617, 40.154382392004429 ], [ -74.72369243802423, 40.155487658899041 ], [ -74.723731771244317, 40.155741392396919 ], [ -74.723832237909193, 40.156235592268175 ], [ -74.723876771717471, 40.156620458932323 ], [ -74.723940572050495, 40.156855259394462 ], [ -74.723941038209659, 40.156992325694581 ], [ -74.723986571970968, 40.157266392253717 ], [ -74.723987438735676, 40.157534859124624 ], [ -74.723965438728456, 40.15762052612893 ], [ -74.723966038075957, 40.157813992417154 ], [ -74.723966238898996, 40.157877525698083 ], [ -74.724026905144086, 40.158208659486633 ], [ -74.724139572068339, 40.158522592972126 ], [ -74.724230038162389, 40.158865059727823 ], [ -74.724357371411273, 40.159116126112401 ], [ -74.724508772208139, 40.159291860021241 ], [ -74.724635839080349, 40.159645992875475 ], [ -74.724636172051177, 40.159653259672744 ], [ -74.724724438456661, 40.159817926616292 ], [ -74.724694838390207, 40.159863660073562 ], [ -74.724739771763467, 40.159954926498948 ], [ -74.724889971784265, 40.160348726262498 ], [ -74.724950372693215, 40.160605659840336 ], [ -74.725047972687321, 40.160856726945674 ], [ -74.725152772135147, 40.161033593502864 ], [ -74.725250105752608, 40.161216126266531 ], [ -74.725392705714142, 40.161564260388232 ], [ -74.725565172118792, 40.161946593555122 ], [ -74.725797239261894, 40.162334526731748 ], [ -74.725817021059257, 40.162355284082516 ], [ -74.725354712934404, 40.165444737197824 ] ] ] } },
{ "type": "Feature", "properties": { "cell_id": "gis-hydro-005", "station_m": 9886.231, "center_x_m": 522373.424, "center_y_m": 4443032.886, "length_m": 2196.94, "width_m": 512.627, "area_m2": 1126210.948, "cross_section_source": "synthetic-boundary-width", "mean_depth_m": 0.494497, "mean_velocity_ms": 0.564946, "mean_water_surface_m": 12.615706, "flow_area_m2": 147.270309, "hydraulic_radius_m": 0.494488 }, "geometry": { "type": "Polygon", "coordinates": [ [ [ -74.747189629546085, 40.136223757971088 ], [ -74.747019444288725, 40.136196187901326 ], [ -74.746758710438073, 40.136206254196068 ], [ -74.746584911109537, 40.136230454186048 ], [ -74.746367711114104, 40.136273787587342 ], [ -74.746125577846556, 40.136279120633397 ], [ -74.745877177443617, 40.136279587593108 ], [ -74.745628710446525, 40.13626105398356 ], [ -74.745380310043601, 40.136261587765588 ], [ -74.745057443835648, 40.136276587754764 ], [ -74.744902244049698, 40.136291187603184 ], [ -74.744579509989549, 40.136339587514087 ], [ -74.744424443391949, 40.136377987944805 ], [ -74.744163710581816, 40.136402387544308 ], [ -74.743840710145008, 40.13638398761244 ], [ -74.743648443421705, 40.136436854191096 ], [ -74.743468576740298, 40.136503921190538 ], [ -74.743320509813913, 40.13658818759793 ], [ -74.743102443053786, 40.136661454556545 ], [ -74.74287964290518, 40.136781921422923 ], [ -74.742619442848394, 40.136856721092116 ], [ -74.742293909752178, 40.136937587914701 ], [ -74.742233976042911, 40.136972521244921 ], [ -74.741983642328094, 40.137054987666161 ], [ -74.741868976538299, 40.137066854829442 ], [ -74.740930842664525, 40.137020121199718 ], [ -74.740811775416574, 40.137020387690015 ], [ -74.740752308907005, 40.137043320965041 ], [ -74.74007670900744, 40.137478788413652 ], [ -74.740061976088668, 40.137524521800152 ], [ -74.740059375794573, 40.137652988134938 ], [ -74.740055642359124, 40.137832921257676 ], [ -74.739974042654012, 40.137913055074229 ], [ -74.739960242053556, 40.137922454499943 ], [ -74.739120508344442, 40.138492721814409 ], [ -74.73886050911068, 40.138669255243805 ], [ -74.738845908339698, 40.138743521459318 ], [ -74.738786508424297, 40.138783655457651 ], [ -74.738718975696329, 40.138840455369881 ], [ -74.7387049087192, 40.138852388245496 ], [ -74.738720441808539, 40.138869721576924 ], [ -74.738816908661278, 40.138977788713127 ], [ -74.738869041488243, 40.138983388824997 ], [ -74.738928509038345, 40.138954721656425 ], [ -74.739055108710858, 40.138988721658407 ], [ -74.740212176109452, 40.140031455164284 ], [ -74.740175175766268, 40.140077255242026 ], [ -74.740093442872833, 40.140128788943237 ], [ -74.740034109551615, 40.140163188472414 ], [ -74.739981975684103, 40.140168988941674 ], [ -74.739933842669245, 40.1401666550722 ], [ -74.73984037567557, 40.140100788851107 ], [ -74.739698442696238, 40.139946854956825 ], [ -74.739616176008951, 40.139838522087224 ], [ -74.739340108851465, 40.13962205549101 ], [ -74.738996841936839, 40.13934865512703 ], [ -74.738802708495825, 40.139154855436963 ], [ -74.738765175399294, 40.139069255028495 ], [ -74.73874270819239, 40.139029321657254 ], [ -74.738660842110647, 40.139023788368611 ], [ -74.738586508453423, 40.139052521532044 ], [ -74.738586841424251, 40.139149588640478 ], [ -74.738594508077696, 40.139200988611186 ], [ -74.738524042084777, 40.139273454899204 ], [ -74.737272775156697, 40.140037522123215 ], [ -74.736909040941242, 40.140289588794253 ], [ -74.736359907525895, 40.140741922044732 ], [ -74.735758841066072, 40.141234321994432 ], [ -74.735491707932226, 40.141457589251353 ], [ -74.735408840856891, 40.141521456010096 ], [ -74.735298774226735, 40.141606455954005 ], [ -74.735031374716215, 40.141761189480562 ], [ -74.734897574549436, 40.141807188842577 ], [ -74.734812907350559, 40.141855789251743 ], [ -74.734392640931006, 40.142128055579555 ], [ -74.733991840818717, 40.14243152236218 ], [ -74.733650507215998, 40.142734922564308 ], [ -74.733435373720795, 40.142929522580069 ], [ -74.733465907146112, 40.143146522707085 ], [ -74.733608307325156, 40.143437523123694 ], [ -74.733750507721709, 40.143682789901497 ], [ -74.733817973855508, 40.143819722908866 ], [ -74.733855774369232, 40.143985256270021 ], [ -74.733946240463268, 40.144327789973481 ], [ -74.734026507244494, 40.144538456593928 ], [ -74.734028841161916, 40.144544656778542 ], [ -74.734030641285472, 40.144547922712604 ], [ -74.73417864057717, 40.14482418946411 ], [ -74.734265507464613, 40.145087989601109 ], [ -74.734333974591976, 40.145295722828102 ], [ -74.734366641111677, 40.145394923016759 ], [ -74.734501507825641, 40.1456573902462 ], [ -74.734568973959455, 40.14580572358382 ], [ -74.734561841099904, 40.145891456289007 ], [ -74.734487640631031, 40.145948656702807 ], [ -74.734368707611921, 40.146000323552606 ], [ -74.734336107686389, 40.145944390236849 ], [ -74.734308840496823, 40.145897656350073 ], [ -74.734360707987662, 40.145823323187827 ], [ -74.734334907950853, 40.145754789936639 ], [ -74.734315641426079, 40.145703456964604 ], [ -74.734248107657564, 40.145555056590617 ], [ -74.734157974534369, 40.145315389799194 ], [ -74.734060507728586, 40.145109989536685 ], [ -74.733850974386584, 40.144756323343273 ], [ -74.733768107311249, 40.14462258974946 ], [ -74.733723707731841, 40.144550989795242 ], [ -74.733637574420783, 40.144247989839975 ], [ -74.733573240293879, 40.144065789285577 ], [ -74.73346084078679, 40.143843322831756 ], [ -74.733406174259883, 40.143692256139353 ], [ -74.733378173493975, 40.143614989455344 ], [ -74.733333040338209, 40.143472322663712 ], [ -74.73324317359166, 40.143301189887964 ], [ -74.733131440026256, 40.143267122842417 ], [ -74.733064373457466, 40.143255856508979 ], [ -74.732967840010559, 40.143313122775595 ], [ -74.732834373855155, 40.143450456623384 ], [ -74.732611773489012, 40.14365078953746 ], [ -74.732374373609971, 40.143862589335058 ], [ -74.732129706642496, 40.14412585630425 ], [ -74.731795706722352, 40.144389189862871 ], [ -74.731446839654524, 40.144669789824647 ], [ -74.731023706564244, 40.144978989634311 ], [ -74.730674839496416, 40.145253856324821 ], [ -74.730385239155666, 40.145448589910046 ], [ -74.730147639494106, 40.145597590242964 ], [ -74.729895106090723, 40.145757989795072 ], [ -74.729672439130454, 40.145941190387177 ], [ -74.729501639661009, 40.146032923327752 ], [ -74.729390039283942, 40.146044590076023 ], [ -74.729321573197112, 40.146019523426936 ], [ -74.729137106315562, 40.146090723344379 ], [ -74.728758439398817, 40.146337123510463 ], [ -74.72846870586973, 40.146503323630952 ], [ -74.728246972268323, 40.146654790511782 ], [ -74.728208838783758, 40.146680856719428 ], [ -74.728171972669443, 40.146795123341207 ], [ -74.728119971990253, 40.146818124105721 ], [ -74.728135105514582, 40.14688659026779 ], [ -74.728164971957696, 40.146920790712493 ], [ -74.728149039303361, 40.146929857219689 ], [ -74.728023839148889, 40.147001056978368 ], [ -74.727904638712559, 40.14696699019742 ], [ -74.727651972120853, 40.147081724018747 ], [ -74.727377238927758, 40.147265057049687 ], [ -74.72708024374127, 40.147472496570032 ], [ -74.723686423193115, 40.144922412222265 ], [ -74.723865104211399, 40.144751457068637 ], [ -74.723901104601552, 40.144717056680939 ], [ -74.724064771211445, 40.144580990087377 ], [ -74.724166837176838, 40.144513723459468 ], [ -74.72422217068592, 40.144472656652887 ], [ -74.724273104817925, 40.144439923296098 ], [ -74.724328503880656, 40.144408723468011 ], [ -74.724400771037651, 40.144372589714258 ], [ -74.725091371273166, 40.144062123236608 ], [ -74.725643637735956, 40.143820589909865 ], [ -74.725803304533699, 40.143758189670535 ], [ -74.725854371854012, 40.143735123441395 ], [ -74.725901171945011, 40.143712123223864 ], [ -74.72594370480671, 40.143685923042611 ], [ -74.72599050489768, 40.14364658974209 ], [ -74.72601363804624, 40.143623056565794 ], [ -74.726030838070798, 40.143605590021707 ], [ -74.726113705146119, 40.143522056146715 ], [ -74.726158304508033, 40.143479389950919 ], [ -74.726209238639996, 40.143435123346798 ], [ -74.726323038705644, 40.143340056477314 ], [ -74.726541971189917, 40.143182589502196 ], [ -74.726601505334173, 40.143148189910875 ], [ -74.726646171290255, 40.143118656694128 ], [ -74.726684504557298, 40.143089056649018 ], [ -74.72672057154162, 40.143049789818441 ], [ -74.726752505525525, 40.143023589381791 ], [ -74.726780104645343, 40.143002256130707 ], [ -74.726843838384227, 40.142961190001245 ], [ -74.72690337148795, 40.142918589473453 ], [ -74.72695870499706, 40.142874323299317 ], [ -74.726990571346235, 40.142846456379274 ], [ -74.727030905559872, 40.142818589447799 ], [ -74.727071305327158, 40.142793989318669 ], [ -74.727124571295505, 40.142767722763011 ], [ -74.727219372253558, 40.142729856492863 ], [ -74.727287438775392, 40.142698655879414 ], [ -74.72737243894511, 40.142652656325588 ], [ -74.72744050546693, 40.142614856011853 ], [ -74.727531971513997, 40.142557456320063 ], [ -74.727608571453942, 40.142503389428178 ], [ -74.727663771774715, 40.14245258932349 ], [ -74.72772323828427, 40.142385389790604 ], [ -74.72776143836299, 40.142344456125237 ], [ -74.727791171617753, 40.142316589783292 ], [ -74.727863438774747, 40.14225912302318 ], [ -74.727931438702413, 40.142206656304424 ], [ -74.728031371573408, 40.142143989703428 ], [ -74.728148905074505, 40.142070256168473 ], [ -74.728268571669986, 40.141995055771133 ], [ -74.729093705648651, 40.14143732299128 ], [ -74.729751772552817, 40.14100412248122 ], [ -74.730222838875491, 40.14071378936513 ], [ -74.730307972233533, 40.140664522346782 ], [ -74.730403638915746, 40.140608722250903 ], [ -74.730486572585249, 40.140559522769792 ], [ -74.730936506705945, 40.140306722099844 ], [ -74.731117239111498, 40.140208189028066 ], [ -74.731287505827595, 40.140111389114644 ], [ -74.731378839726858, 40.140050589111596 ], [ -74.731444773154323, 40.140003122530416 ], [ -74.731536172607221, 40.139927588933951 ], [ -74.731629706195022, 40.139847322265013 ], [ -74.73168923929876, 40.13979485527468 ], [ -74.731725306283082, 40.139765322191131 ], [ -74.731760972661874, 40.139738721961642 ], [ -74.73198250648079, 40.139573455870377 ], [ -74.732080372851584, 40.139506255876164 ], [ -74.732218506841818, 40.139407788462641 ], [ -74.732307839794487, 40.139338921802768 ], [ -74.732390640275653, 40.13927492174038 ], [ -74.732412039894825, 40.139258055451563 ], [ -74.732462972986269, 40.139217588432537 ], [ -74.732560773803428, 40.139133988706682 ], [ -74.732738173379047, 40.138978255654258 ], [ -74.733117507277996, 40.138661788923621 ], [ -74.733412839919737, 40.138401121878282 ], [ -74.733440440080116, 40.13837818826601 ], [ -74.733485107076717, 40.138350321888247 ], [ -74.733525440249821, 40.138319054829893 ], [ -74.733738840215636, 40.13810445515896 ], [ -74.733766506970184, 40.138078188381279 ], [ -74.733796240224976, 40.138053588126716 ], [ -74.733843106910129, 40.138027322124849 ], [ -74.733891973501343, 40.138002721851898 ], [ -74.733930173580063, 40.13796985491873 ], [ -74.73397910676546, 40.137920788758905 ], [ -74.734021574073509, 40.137876521714958 ], [ -74.734040640815778, 40.137842055002892 ], [ -74.734061774058276, 40.137802788321736 ], [ -74.734082907300774, 40.137753722041282 ], [ -74.734102040637225, 40.137719322087705 ], [ -74.734194306854832, 40.13760625490832 ], [ -74.734557240899747, 40.1371835217099 ], [ -74.734584907654309, 40.137157321397503 ], [ -74.734602840214706, 40.137145654713976 ], [ -74.734610440273926, 40.13714085471554 ], [ -74.734625307421609, 40.137132654783713 ], [ -74.734657173770756, 40.137122855116154 ], [ -74.734699774267128, 40.137107988161006 ], [ -74.734729507521919, 40.137091588288463 ], [ -74.734763573559633, 40.137066921650842 ], [ -74.7347805738017, 40.137045721763243 ], [ -74.734814507691624, 40.136999855207058 ], [ -74.734839973717087, 40.136966988584319 ], [ -74.734873974201179, 40.136934254793239 ], [ -74.734907973644752, 40.136909654920061 ], [ -74.735042973547053, 40.136839054730061 ], [ -74.735104640785707, 40.13680625485123 ], [ -74.735162107389201, 40.136768521288445 ], [ -74.735227974222482, 40.1367225885189 ], [ -74.735315174080739, 40.136647188101243 ], [ -74.735363974077814, 40.136601254454213 ], [ -74.73544050742359, 40.13653398788054 ], [ -74.735487174326238, 40.136489721524171 ], [ -74.735531773688137, 40.136458588049138 ], [ -74.735578640373319, 40.136427454559829 ], [ -74.7356339738824, 40.136397921603695 ], [ -74.735732640423706, 40.136356254856508 ], [ -74.735809507780857, 40.136323921704012 ], [ -74.736208574363729, 40.136193921513154 ], [ -74.736249107319352, 40.13618232148648 ], [ -74.736298040504749, 40.136172454859611 ], [ -74.736336307177638, 40.136152721601455 ], [ -74.73676350771477, 40.135832921263848 ], [ -74.736812440900167, 40.135798454310745 ], [ -74.736832374407143, 40.135776454541904 ], [ -74.736842240749098, 40.135765721547799 ], [ -74.73686764122094, 40.135723121281451 ], [ -74.736942774008142, 40.135587254645003 ], [ -74.736985174722008, 40.135511854558608 ], [ -74.737006307964521, 40.135477454265668 ], [ -74.737027574395356, 40.135451254886476 ], [ -74.737127307483874, 40.135341521110497 ], [ -74.737142174631515, 40.135316921456209 ], [ -74.737148508361074, 40.135292387820677 ], [ -74.737150574861303, 40.135284187665782 ], [ -74.737144107943408, 40.135248254301835 ], [ -74.737139574337419, 40.135210654315877 ], [ -74.737141774026, 40.135195921384366 ], [ -74.737143841566748, 40.135166454716213 ], [ -74.737154308296752, 40.135141921026374 ], [ -74.737171240904104, 40.135117321299823 ], [ -74.737198907658666, 40.135094387374799 ], [ -74.737226507819045, 40.135073054816104 ], [ -74.737262641397535, 40.135050054052769 ], [ -74.737286107516923, 40.135031987871699 ], [ -74.737307374988291, 40.135009054713358 ], [ -74.737333840966798, 40.134969787986144 ], [ -74.73735504080345, 40.134937054028512 ], [ -74.737382574369676, 40.134909121007055 ], [ -74.737410241124252, 40.134887854418253 ], [ -74.737568708186458, 40.134804054463252 ], [ -74.737596308346838, 40.134784387631427 ], [ -74.737617574777673, 40.134763121003601 ], [ -74.737628108101845, 40.134743454159917 ], [ -74.737630241196243, 40.134715654706319 ], [ -74.737627974913522, 40.134694388056914 ], [ -74.737619308307075, 40.134666587787748 ], [ -74.737612841389208, 40.134633854479596 ], [ -74.737612774795039, 40.134614321246147 ], [ -74.737614841295269, 40.134584787501979 ], [ -74.737623241525029, 40.134561921016648 ], [ -74.737635974537767, 40.134542254114692 ], [ -74.737640374955419, 40.134538654375739 ], [ -74.737657307562756, 40.134524054150845 ], [ -74.737697107982555, 40.134494720839221 ], [ -74.737738841714204, 40.134472321295711 ], [ -74.737782374528962, 40.13445685393598 ], [ -74.737810241066001, 40.134452787220276 ], [ -74.737840441520461, 40.134448454003937 ], [ -74.737876774881457, 40.134444120787279 ], [ -74.737980307999564, 40.134448120679579 ], [ -74.7380311079027, 40.134440987219932 ], [ -74.738085508052947, 40.134428387716241 ], [ -74.738136307956054, 40.134412987966115 ], [ -74.738188841388563, 40.134389120653516 ], [ -74.738324907838063, 40.134324720553131 ], [ -74.738353908557002, 40.134306587355077 ], [ -74.738384708358979, 40.134295387951028 ], [ -74.73842650868481, 40.134286854350705 ], [ -74.738480907794539, 40.134281187823127 ], [ -74.738511708637034, 40.134272787869321 ], [ -74.738542575033179, 40.134257387288393 ], [ -74.738567907870305, 40.13423505449078 ], [ -74.73859317515381, 40.134200120548769 ], [ -74.738629241097584, 40.134134520614346 ], [ -74.73864564199215, 40.134116387365552 ], [ -74.738663708781402, 40.134102454497544 ], [ -74.738683641247832, 40.134091254264298 ], [ -74.738714442090341, 40.134080054029141 ], [ -74.73875624137564, 40.134065987504997 ], [ -74.738801508760289, 40.134045053978653 ], [ -74.738837774486583, 40.134022587462475 ], [ -74.738883041871205, 40.133996054195855 ], [ -74.73890264136682, 40.133981920829847 ], [ -74.738935575303728, 40.133958253839211 ], [ -74.7390423746576, 40.133861920749254 ], [ -74.739078641424442, 40.133832587151829 ], [ -74.7391148415971, 40.133808787255532 ], [ -74.739145641399077, 40.133790587095248 ], [ -74.739180108042333, 40.133765453873444 ], [ -74.739239841969081, 40.133712321099878 ], [ -74.739301441573033, 40.13367458741012 ], [ -74.739343108710557, 40.133646653869747 ], [ -74.739368374953514, 40.133628454461544 ], [ -74.73939930898436, 40.133599053938539 ], [ -74.739422775103762, 40.133566987569083 ], [ -74.739447974752537, 40.133522320717255 ], [ -74.73946244233521, 40.133501387023507 ], [ -74.739480574678069, 40.133484587717639 ], [ -74.739498641467321, 40.13346785364147 ], [ -74.739527642186275, 40.133451054327317 ], [ -74.73958937497855, 40.133427254297409 ], [ -74.739640108287517, 40.133409054034885 ], [ -74.739694508437751, 40.133392187085647 ], [ -74.739758042394129, 40.133364187399714 ], [ -74.739805108861788, 40.133340454164383 ], [ -74.739859509012021, 40.133308254022722 ], [ -74.740133042469594, 40.133123654220597 ], [ -74.740191041826435, 40.133087320353447 ], [ -74.740239908417649, 40.133053787562645 ], [ -74.7403051082687, 40.133011720199313 ], [ -74.740359575013116, 40.132978254196637 ], [ -74.740410308322083, 40.132953053848993 ], [ -74.740470175437153, 40.132931987124451 ], [ -74.740778575102979, 40.132840720184497 ], [ -74.740825642611171, 40.132829453713249 ], [ -74.740872908861334, 40.13282518721897 ], [ -74.740931042447031, 40.132825120393406 ], [ -74.74098190894432, 40.132823587382987 ], [ -74.741021775958259, 40.132817920733395 ], [ -74.741088242139043, 40.13280445378723 ], [ -74.741128641906315, 40.132792986833174 ], [ -74.741360908831908, 40.132694187496057 ], [ -74.741439776095092, 40.13266285419158 ], [ -74.74149517619837, 40.132631653728637 ], [ -74.741683642892056, 40.132511653650461 ], [ -74.741721976159099, 40.132490253455138 ], [ -74.741762509114707, 40.13247378723338 ], [ -74.741805041976377, 40.132462320223539 ], [ -74.741854175984813, 40.13245398687085 ], [ -74.741973642797802, 40.132445586691198 ], [ -74.742039776007729, 40.132437187306088 ], [ -74.74207817586894, 40.132428986806659 ], [ -74.742110108812284, 40.132420653449891 ], [ -74.74215704209162, 40.13240092069347 ], [ -74.742333775725598, 40.132298987120301 ], [ -74.742384909640066, 40.132271053810094 ], [ -74.742421109812739, 40.132244720337994 ], [ -74.74244544269682, 40.132215187155182 ], [ -74.742464576033285, 40.132184120139115 ], [ -74.742473109451367, 40.13215945331126 ], [ -74.742485775869952, 40.132126653560363 ], [ -74.742487775775999, 40.132092253940449 ], [ -74.74248977568206, 40.132067719936288 ], [ -74.742484442946079, 40.132046453253906 ], [ -74.742471442516134, 40.131998920619424 ], [ -74.742471309327811, 40.13195792023479 ], [ -74.742479576369249, 40.131908853711842 ], [ -74.742496508976615, 40.131856386956358 ], [ -74.742507108894955, 40.131818587000751 ], [ -74.742509176435703, 40.131792453833128 ], [ -74.742509109841521, 40.131784187224902 ], [ -74.742504776018066, 40.131761320592759 ], [ -74.742493909723038, 40.131728586680836 ], [ -74.742365375698085, 40.131597853742463 ], [ -74.742331175431488, 40.131566787239727 ], [ -74.742307642717932, 40.131550453652295 ], [ -74.742277776274818, 40.131540653179705 ], [ -74.742264909033224, 40.131539053313503 ], [ -74.742249976331934, 40.13153905331351 ], [ -74.742213776159275, 40.131547386778379 ], [ -74.742078309057277, 40.131586920403556 ], [ -74.742022908953999, 40.131593587170805 ], [ -74.741975975674677, 40.131593653202067 ], [ -74.74191190896498, 40.131585653876797 ], [ -74.741841442972074, 40.131566120562773 ], [ -74.741745175901855, 40.131523720531057 ], [ -74.741696041893405, 40.131504187199198 ], [ -74.741666175450291, 40.131497720108243 ], [ -74.741593575322483, 40.131491253812172 ], [ -74.741559376096404, 40.131483186852428 ], [ -74.741529508612771, 40.131471720471048 ], [ -74.741493108657622, 40.131450520429055 ], [ -74.741458909431543, 40.131419453858996 ], [ -74.741280976062029, 40.131203653376872 ], [ -74.741253108484457, 40.131162720135272 ], [ -74.74124864251317, 40.13114145316969 ], [ -74.741252775513615, 40.131102853275969 ], [ -74.741252908701952, 40.131102120562737 ], [ -74.741258908420136, 40.131090853803293 ], [ -74.741262109102252, 40.131086386718032 ], [ -74.741281909420891, 40.131065253383113 ], [ -74.74134837560166, 40.131025120395144 ], [ -74.741411775329169, 40.130973987118601 ], [ -74.741431975212805, 40.130947319802452 ], [ -74.741437641960189, 40.13091405326562 ], [ -74.741437575366007, 40.130894053557391 ], [ -74.741428775571237, 40.130869653571281 ], [ -74.741414242434942, 40.130845186748878 ], [ -74.741393909362969, 40.130814186729715 ], [ -74.74138517512182, 40.13079425381968 ], [ -74.741385041933484, 40.130793253792909 ], [ -74.741382175262729, 40.13077425328067 ], [ -74.741382108668574, 40.130758719842909 ], [ -74.741373175685467, 40.130694387107816 ], [ -74.741364442484851, 40.130665519937097 ], [ -74.741347042677802, 40.130641053041217 ], [ -74.741325976029458, 40.130625053369968 ], [ -74.741312175429016, 40.130614520045505 ], [ -74.741283175750581, 40.13059238653409 ], [ -74.741193375598215, 40.130550386861742 ], [ -74.741152842642606, 40.130528320157318 ], [ -74.741106375522449, 40.130501720289764 ], [ -74.741057108325705, 40.130448586555694 ], [ -74.741006241828416, 40.130384253527026 ], [ -74.740962642419547, 40.130342186898069 ], [ -74.740919175158481, 40.130311119821449 ], [ -74.740872775673012, 40.13027572004377 ], [ -74.740832175082673, 40.130240320247651 ], [ -74.740791442344573, 40.130193786385639 ], [ -74.74075517557776, 40.13015165360617 ], [ -74.740595442185821, 40.129947719891867 ], [ -74.740583308520598, 40.129929919668079 ], [ -74.740399175650396, 40.129659520218276 ], [ -74.740335042346544, 40.129541986762426 ], [ -74.740320574763857, 40.129517520257693 ], [ -74.740314575045687, 40.129486519632934 ], [ -74.740314575045687, 40.129468720083956 ], [ -74.740325975134553, 40.129417653260994 ], [ -74.740325908540385, 40.129395453326467 ], [ -74.7403171087456, 40.129366586399691 ], [ -74.740293841368185, 40.129337786289582 ], [ -74.740256241677486, 40.129309052996355 ], [ -74.740212708862799, 40.129291253400908 ], [ -74.740165574760425, 40.129277319543654 ], [ -74.740160641589441, 40.129275853282273 ], [ -74.740114242103971, 40.129258186540689 ], [ -74.740067841577996, 40.129233919625484 ], [ -74.740027308622373, 40.129202852837864 ], [ -74.739998241309252, 40.129171919694386 ], [ -74.739921374992633, 40.129085453046422 ], [ -74.739897890171648, 40.12906166442 ], [ -74.742560826910591, 40.126973208568735 ], [ -74.74293655360654, 40.127255494919588 ], [ -74.742922375549355, 40.127278386077649 ], [ -74.74291157584851, 40.127310852422049 ], [ -74.742900576365201, 40.12732785295124 ], [ -74.742887709123593, 40.127343319546561 ], [ -74.74286944255185, 40.127357519532858 ], [ -74.742841908985611, 40.12737445242383 ], [ -74.742814375419414, 40.127384386363367 ], [ -74.742783176052427, 40.127388652403553 ], [ -74.742715109530579, 40.127391652634245 ], [ -74.742658242274601, 40.127393185767176 ], [ -74.742601242870791, 40.127396185997661 ], [ -74.742571909181009, 40.12740465283666 ], [ -74.742551709297388, 40.127413185709905 ], [ -74.742537109566911, 40.127421719377644 ], [ -74.742520642078205, 40.127437185951614 ], [ -74.742501375553417, 40.127455585919058 ], [ -74.742464709221608, 40.127503586364099 ], [ -74.742433708596593, 40.127538919163598 ], [ -74.742402442635452, 40.127562986191656 ], [ -74.742362176056503, 40.127584185855021 ], [ -74.742308975641791, 40.127612519688853 ], [ -74.742272309309982, 40.127630986439506 ], [ -74.742239308778906, 40.127657786331298 ], [ -74.742206309288363, 40.127686119338833 ], [ -74.742178908910475, 40.127714386299608 ], [ -74.742158775621007, 40.127739852729519 ], [ -74.742136775613801, 40.127770919390208 ], [ -74.742092175211368, 40.127864119287132 ], [ -74.742061042438564, 40.127912119443714 ], [ -74.74203004181355, 40.127953053051726 ], [ -74.741991508764002, 40.127991319787036 ], [ -74.741938442578146, 40.128042119564888 ], [ -74.741720575600525, 40.1282753194237 ], [ -74.741691308504912, 40.128313453113151 ], [ -74.741674908650907, 40.128343119264585 ], [ -74.741663909167571, 40.128371319917754 ], [ -74.741658575391043, 40.128406586231897 ], [ -74.741658641985211, 40.1284277864277 ], [ -74.741660641891272, 40.128468652895393 ], [ -74.741674642274234, 40.128523653046891 ], [ -74.74168390926873, 40.128561719767241 ], [ -74.74169137509908, 40.128594186294315 ], [ -74.741693308410973, 40.12861391936039 ], [ -74.741693376045674, 40.128650519755382 ], [ -74.74168624214559, 40.128675919800521 ], [ -74.741673375944529, 40.128701319836175 ], [ -74.741641375366498, 40.128735319399219 ], [ -74.741622709229759, 40.1287538526744 ], [ -74.741558975490889, 40.128817253224248 ], [ -74.741518642317757, 40.128858253116668 ], [ -74.741493042063425, 40.128890719502088 ], [ -74.741480309050715, 40.128916119457465 ], [ -74.741474975274187, 40.128952853348487 ], [ -74.741473175150617, 40.12897825328065 ], [ -74.741473175150617, 40.128979786377805 ], [ -74.741473241744785, 40.128997986235248 ], [ -74.741474908680033, 40.129006919884411 ], [ -74.741476975180277, 40.129017719979707 ], [ -74.741488175486623, 40.129052986754019 ], [ -74.741496375933892, 40.129072652857644 ], [ -74.741511242041014, 40.12909951980587 ], [ -74.741520509035496, 40.12912205318748 ], [ -74.741529842624118, 40.129150186688285 ], [ -74.741529909218286, 40.129155986506483 ], [ -74.741529909218286, 40.12917131982308 ], [ -74.741533642653749, 40.129198186732282 ], [ -74.741546575448993, 40.129220720081221 ], [ -74.741734642577654, 40.129397986461576 ], [ -74.741997642711041, 40.129540053500719 ], [ -74.742044376207872, 40.129572386698484 ], [ -74.742077775263411, 40.129601253537935 ], [ -74.742113442682736, 40.129642053266934 ], [ -74.742133575972218, 40.12967791958414 ], [ -74.7421537092617, 40.129718786891289 ], [ -74.742180642439877, 40.129768119922929 ], [ -74.742279975963385, 40.129924719780597 ], [ -74.742441842449736, 40.130152986987859 ], [ -74.742574509475105, 40.130312920200673 ], [ -74.742625909766261, 40.13036898651648 ], [ -74.742672708816727, 40.130416719979145 ], [ -74.742717242624991, 40.130460986313537 ], [ -74.742748509626665, 40.130489919603448 ], [ -74.742804176106588, 40.130534053030061 ], [ -74.742862042275107, 40.130579986800221 ], [ -74.743007909512926, 40.130683653311017 ], [ -74.743072508975956, 40.130729586980081 ], [ -74.743117109378403, 40.130768720115427 ], [ -74.743170576169788, 40.13082145342954 ], [ -74.743217376260773, 40.130865720295915 ], [ -74.743273042740711, 40.130908253597426 ], [ -74.743859509470084, 40.131212186568746 ], [ -74.743901709360912, 40.13124272020768 ], [ -74.743928509350781, 40.13127165316476 ], [ -74.743944176668975, 40.131302320431104 ], [ -74.743950843369362, 40.131324519742734 ], [ -74.743950909963502, 40.131344920286409 ], [ -74.743944509639789, 40.131387586942076 ], [ -74.743937909533585, 40.131425119829636 ], [ -74.743940310045176, 40.131479653778342 ], [ -74.743949442810774, 40.131523987042868 ], [ -74.743960643117148, 40.13156832027849 ], [ -74.743971843423537, 40.131600653306975 ], [ -74.743983109283519, 40.131621119798957 ], [ -74.744009776085036, 40.131644920461412 ], [ -74.744035442933523, 40.131661919906577 ], [ -74.744073243447261, 40.131680520006036 ], [ -74.744119910349923, 40.131697520237871 ], [ -74.744173309506621, 40.13171618715424 ], [ -74.744217776720689, 40.131738253473003 ], [ -74.744264643405856, 40.131770453563021 ], [ -74.744339176845571, 40.131833453521971 ], [ -74.744374776630195, 40.13185038688907 ], [ -74.744417043115192, 40.131862320196674 ], [ -74.74445264289983, 40.131867320251892 ], [ -74.744485909807551, 40.131867253425384 ], [ -74.74454371042242, 40.131860320174454 ], [ -74.744643510105107, 40.131843053472736 ], [ -74.744705776691262, 40.131834386706927 ], [ -74.744767910089067, 40.131824053254014 ], [ -74.744952443564799, 40.131803387138959 ], [ -74.745018443586389, 40.131791787158399 ], [ -74.745048176841166, 40.131787853140771 ], [ -74.745092777243613, 40.131787787109751 ], [ -74.745135709670294, 40.131792853201532 ], [ -74.745181977007945, 40.131801586799206 ], [ -74.745224977069313, 40.131810320395708 ], [ -74.745287709814633, 40.131819120022115 ], [ -74.745352177129888, 40.131822719905117 ], [ -74.74542811008763, 40.131821320525205 ], [ -74.745461177212846, 40.131820053207264 ], [ -74.745502377150672, 40.131814853464419 ], [ -74.745560176724993, 40.131810920243694 ], [ -74.745631976682304, 40.131805653673553 ], [ -74.74568651002086, 40.131803053801626 ], [ -74.745757510848151, 40.131800387103006 ], [ -74.745820176999302, 40.131797720404279 ], [ -74.745896177591732, 40.131797586751141 ], [ -74.74595897693122, 40.131794853225742 ], [ -74.746010177439871, 40.131794787194671 ], [ -74.746058044078069, 40.131797253413779 ], [ -74.746109243546172, 40.131802186647263 ], [ -74.746149043965957, 40.131805186683081 ], [ -74.746189377139061, 40.13180825354538 ], [ -74.746356843778571, 40.131832253826381 ], [ -74.746423510782392, 40.131846520496936 ], [ -74.746441710759953, 40.131852320085052 ], [ -74.746459844143374, 40.131862787186691 ], [ -74.746470510655868, 40.131874387155172 ], [ -74.746479711056182, 40.131884853457905 ], [ -74.746485777368534, 40.13189645342257 ], [ -74.746493510616119, 40.131918586509258 ], [ -74.746502576787549, 40.131935920018229 ], [ -74.746514843641108, 40.13194645313795 ], [ -74.746529910571283, 40.131954520042697 ], [ -74.746546711030817, 40.131955653705276 ], [ -74.746557310949157, 40.131955653705283 ], [ -74.746573977179835, 40.131954387185431 ], [ -74.746587576957253, 40.131947453147802 ], [ -74.746599644028336, 40.131938120517532 ], [ -74.746610177352494, 40.131925253244013 ], [ -74.746622311017717, 40.131900853628103 ], [ -74.746629844482811, 40.131891520195914 ], [ -74.746641910513333, 40.131885653784693 ], [ -74.746663110350013, 40.131880987067738 ], [ -74.746678310468496, 40.131880920241244 ], [ -74.746696443851917, 40.131884386467974 ], [ -74.746717710282738, 40.131891320512025 ], [ -74.746746577813369, 40.131904053343511 ], [ -74.746787576928142, 40.131926053570339 ], [ -74.746833110689437, 40.131945786464684 ], [ -74.746872643692015, 40.131959586917617 ], [ -74.746919711200206, 40.131968853514003 ], [ -74.746969710932802, 40.13197225370542 ], [ -74.747016777400461, 40.131972186879011 ], [ -74.747053044167274, 40.131968587003925 ], [ -74.747081910657357, 40.131963853466232 ], [ -74.747121644482988, 40.131955719736133 ], [ -74.747131577419111, 40.131955719736112 ], [ -74.747156977890953, 40.131959586917638 ], [ -74.747173977092473, 40.131964719822989 ], [ -74.747195910505496, 40.131972453389068 ], [ -74.747219644042104, 40.131985386684519 ], [ -74.74725737796166, 40.132007787047797 ], [ -74.747265444180059, 40.132012586613222 ], [ -74.747310244364996, 40.132029053742279 ], [ -74.747361044268104, 40.132043520055021 ], [ -74.747411910765393, 40.132048320413489 ], [ -74.747471110898289, 40.132048186760812 ], [ -74.747549444367621, 40.132038186676553 ], [ -74.747610777594915, 40.132033186633841 ], [ -74.747668044415903, 40.132033053776716 ], [ -74.74773151073758, 40.13203458680497 ], [ -74.747773911451461, 40.13203938716407 ], [ -74.747824644760414, 40.132047386435936 ], [ -74.747879777446485, 40.132057053182756 ], [ -74.747979377346681, 40.132079587174992 ], [ -74.748108577313261, 40.132110186454959 ], [ -74.748142444609044, 40.132114986808716 ], [ -74.748146377826998, 40.132114986808723 ], [ -74.748178444999198, 40.132114919982442 ], [ -74.748208111659821, 40.13210832009257 ], [ -74.748229244902319, 40.132100187175318 ], [ -74.748248244009886, 40.132090319955758 ], [ -74.748269378292932, 40.132074053320451 ], [ -74.748292578035674, 40.132052920292651 ], [ -74.748312511542622, 40.132008986740267 ], [ -74.748343978326801, 40.131939053701075 ], [ -74.748362977434397, 40.13190325301688 ], [ -74.748379777893945, 40.131882119936009 ], [ -74.748402977636673, 40.131865853250879 ], [ -74.748434777391665, 40.131846186364292 ], [ -74.748462177769568, 40.131829919670565 ], [ -74.74849171124184, 40.131802253473843 ], [ -74.748519111619729, 40.13176805337396 ], [ -74.748550644998062, 40.13172738698335 ], [ -74.74858217837641, 40.131670453040975 ], [ -74.748603311618908, 40.131639520224894 ], [ -74.748630710956249, 40.131608586599242 ], [ -74.74867975753466, 40.131569965205202 ], [ -74.750897462234121, 40.133235750238335 ], [ -74.750897445274404, 40.133235786941867 ], [ -74.75089477838614, 40.133254386610588 ], [ -74.750894911574477, 40.133274987050378 ], [ -74.750905712315856, 40.13329765349345 ], [ -74.750913430967216, 40.133303080370197 ], [ -74.747189629546085, 40.136223757971088 ] ] ] } },
{ "type": "Feature", "properties": { "cell_id": "gis-hydro-006", "station_m": 12083.172, "center_x_m": 520298.03, "center_y_m": 4442540.576, "length_m": 2196.94, "width_m": 569.366, "area_m2": 1250863.539, "cross_section_source": "synthetic-boundary-width", "mean_depth_m": 0.471881, "mean_velocity_ms": 0.547588, "mean_water_surface_m": 10.383126, "flow_area_m2": 151.93806, "hydraulic_radius_m": 0.471875 }, "geometry": { "type": "Polygon", "coordinates": [ [ [ -74.755123948819374, 40.140361671777434 ], [ -74.754600646978531, 40.139058388120063 ], [ -74.754435980415622, 40.138955054958636 ], [ -74.75438197983037, 40.138921187783453 ], [ -74.754373246629768, 40.138915721305594 ], [ -74.754087046753654, 40.138712388221464 ], [ -74.75408717994199, 40.138706920931327 ], [ -74.753765380281237, 40.138481521509313 ], [ -74.753715246319771, 40.138442987831723 ], [ -74.753550779539353, 40.138327587923854 ], [ -74.753221845978544, 40.138096787520105 ], [ -74.753064446504041, 40.137992320925406 ], [ -74.75302157963101, 40.137959387962184 ], [ -74.752842779496802, 40.137832921257697 ], [ -74.752506646482246, 40.137596587359823 ], [ -74.752506646482246, 40.137591120775397 ], [ -74.752435046307454, 40.137541721032903 ], [ -74.75214904621383, 40.137338320993436 ], [ -74.752128912924363, 40.137324187527085 ], [ -74.751058978789885, 40.137169988012047 ], [ -74.750909978504637, 40.137130320809931 ], [ -74.750805578621794, 40.137056254090965 ], [ -74.750649045912013, 40.136988054058037 ], [ -74.750477779242885, 40.136954187493423 ], [ -74.750284111961022, 40.136903187547965 ], [ -74.750120045786147, 40.136812187659359 ], [ -74.749933645592677, 40.136704054234642 ], [ -74.749739778528323, 40.136601654589825 ], [ -74.749590578460555, 40.136504921133316 ], [ -74.749449111640388, 40.136476654646444 ], [ -74.749292845307238, 40.13648272112728 ], [ -74.749181577900998, 40.136574321263076 ], [ -74.749144645192516, 40.136654321329289 ], [ -74.749085445059606, 40.136740187294009 ], [ -74.74898157793011, 40.136820320808177 ], [ -74.748810445489852, 40.136832121190821 ], [ -74.748646711245286, 40.136821054255272 ], [ -74.748628911873226, 40.136817853975899 ], [ -74.748445644727212, 40.136770121031567 ], [ -74.74828924520574, 40.136741854654957 ], [ -74.748169978175255, 40.136673587484708 ], [ -74.747968644239975, 40.136559787501916 ], [ -74.747745044961377, 40.136468920797412 ], [ -74.747618311059981, 40.136400654148431 ], [ -74.747372311168647, 40.136286921326182 ], [ -74.747352177879165, 40.136275921124039 ], [ -74.747219444259585, 40.136228587936813 ], [ -74.747019444288725, 40.136196187901326 ], [ -74.746758710438073, 40.136206254196068 ], [ -74.746584911109537, 40.136230454186048 ], [ -74.746367711114104, 40.136273787587342 ], [ -74.746125577846556, 40.136279120633397 ], [ -74.745877177443617, 40.136279587593108 ], [ -74.745628710446525, 40.13626105398356 ], [ -74.745380310043601, 40.136261587765588 ], [ -74.745057443835648, 40.136276587754764 ], [ -74.744902244049698, 40.136291187603184 ], [ -74.744881174800454, 40.136294347354372 ], [ -74.743762112332746, 40.134181118064696 ], [ -74.752425488982865, 40.13147802012503 ], [ -74.752480845404918, 40.131497786139533 ], [ -74.752560512838627, 40.13152671978365 ], [ -74.75270477973541, 40.13155558658859 ], [ -74.752830045443531, 40.131578586147953 ], [ -74.753008446012757, 40.131618920084954 ], [ -74.753452913168587, 40.13168845328898 ], [ -74.753547112698101, 40.131710986607864 ], [ -74.753592912836041, 40.13172951986725 ], [ -74.753618513090359, 40.131744119896993 ], [ -74.753646779192422, 40.131760252958038 ], [ -74.753697979701073, 40.131807652901799 ], [ -74.753725046067572, 40.131840653286261 ], [ -74.753768312505628, 40.131904453506777 ], [ -74.753789979541992, 40.131962253609977 ], [ -74.753790713118349, 40.131965319669632 ], [ -74.753798179989275, 40.132001452861907 ], [ -74.753798313177612, 40.132024186556087 ], [ -74.75378777985344, 40.132088120256888 ], [ -74.753779913417532, 40.132131519943634 ], [ -74.753779980011686, 40.13215005308836 ], [ -74.753782780088287, 40.132176919615645 ], [ -74.753788179418436, 40.132201720089519 ], [ -74.753793646383286, 40.132228452944133 ], [ -74.753801779195854, 40.132249119725458 ], [ -74.753812779719709, 40.132275920183048 ], [ -74.753815513202142, 40.132290319617134 ], [ -74.75381291290806, 40.13231098637965 ], [ -74.753799379724796, 40.132327520262521 ], [ -74.753783379435774, 40.132344120171794 ], [ -74.753761913222462, 40.132350319878086 ], [ -74.753673312805603, 40.132377386804272 ], [ -74.753271512740298, 40.132448320190434 ], [ -74.753158712627695, 40.132471320243283 ], [ -74.753056579027586, 40.1324983863257 ], [ -74.75297071313372, 40.132529586849834 ], [ -74.752908912706729, 40.132558586880506 ], [ -74.752839179249676, 40.132600053092183 ], [ -74.752679512451905, 40.132699386376089 ], [ -74.752443378902527, 40.132840253201131 ], [ -74.752336112348956, 40.132896253788807 ], [ -74.752255512596889, 40.132935653773956 ], [ -74.752196512246499, 40.132960586826279 ], [ -74.752123912118677, 40.132979253395746 ], [ -74.752035312742379, 40.132991787138266 ], [ -74.751900912187594, 40.132998320116904 ], [ -74.751625312229791, 40.133011320042527 ], [ -74.751539312107042, 40.133019720152255 ], [ -74.751485578938997, 40.133025986622279 ], [ -74.751442578877629, 40.13304058716907 ], [ -74.751378179197076, 40.133067586994976 ], [ -74.75125731182554, 40.133117386964003 ], [ -74.751214378358341, 40.133133919855133 ], [ -74.751147245195355, 40.133154720011603 ], [ -74.751093445433156, 40.133163120103603 ], [ -74.751015579163521, 40.133177786650599 ], [ -74.750950978659944, 40.133186119914534 ], [ -74.75092417867009, 40.133194453177445 ], [ -74.750910845269331, 40.133206787200209 ], [ -74.750897445274404, 40.133235786941867 ], [ -74.75089477838614, 40.133254386610588 ], [ -74.750894911574477, 40.133274987050378 ], [ -74.750905712315856, 40.13329765349345 ], [ -74.7509380458647, 40.133320386754086 ], [ -74.751054112213069, 40.133363586769875 ], [ -74.751175045138254, 40.133412653833666 ], [ -74.751234245271149, 40.133435253405843 ], [ -74.751274645038436, 40.133447520559947 ], [ -74.751302512616007, 40.133450386873285 ], [ -74.751333911765471, 40.133453587311244 ], [ -74.751360711755325, 40.133453520486299 ], [ -74.751398379080726, 40.133447253260137 ], [ -74.751425245664734, 40.133434853251558 ], [ -74.751452045654602, 40.13341825360871 ], [ -74.751484179420956, 40.133378986757812 ], [ -74.751502912151878, 40.133364519933835 ], [ -74.75152444599992, 40.133356253516816 ], [ -74.751553979472192, 40.133356186691785 ], [ -74.7515755122797, 40.133358186669938 ], [ -74.751602378863723, 40.133368387035119 ], [ -74.751694045733814, 40.133421853407008 ], [ -74.7517344455011, 40.133436253393796 ], [ -74.751769445938237, 40.133440320170386 ], [ -74.751796379116428, 40.133440253345412 ], [ -74.751844645319593, 40.13343398691358 ], [ -74.751879579162562, 40.133419387246853 ], [ -74.751941311954852, 40.133375919966383 ], [ -74.751989645792747, 40.133355186702659 ], [ -74.752032645854115, 40.133346786634391 ], [ -74.752064846214665, 40.133346720604862 ], [ -74.752107912870187, 40.13335498702304 ], [ -74.752149578967177, 40.133365186593139 ], [ -74.75220071288166, 40.13337125335174 ], [ -74.75224377953721, 40.13337112049723 ], [ -74.752313579588446, 40.133366853241405 ], [ -74.752534045819601, 40.133351987055619 ], [ -74.752698446005851, 40.133338653865344 ], [ -74.753636245868265, 40.133262853515411 ], [ -74.75381737991988, 40.13324558717003 ], [ -74.75393298010907, 40.133229986676305 ], [ -74.754055245958114, 40.13322285308886 ], [ -74.754218646191319, 40.13322251975849 ], [ -74.754396446372496, 40.133223853079926 ], [ -74.754536646862988, 40.133225253226456 ], [ -74.754667713547335, 40.133214653479797 ], [ -74.754767779606667, 40.133202519934059 ], [ -74.754896580008278, 40.133179987109692 ], [ -74.75529331371429, 40.133127986725839 ], [ -74.755448913065237, 40.133105453081214 ], [ -74.755542313464716, 40.133098387101562 ], [ -74.755602380362305, 40.133099986931057 ], [ -74.755675714066484, 40.133106653549873 ], [ -74.755849247018361, 40.133116519826373 ], [ -74.756011514110199, 40.133119586629491 ], [ -74.756071513373101, 40.133117720294891 ], [ -74.756131513676507, 40.13311251985575 ], [ -74.756198247274483, 40.13310725338647 ], [ -74.756298246739661, 40.133096719651135 ], [ -74.75651271429318, 40.133075786621781 ], [ -74.756609514116775, 40.133066986362529 ], [ -74.756745046772409, 40.133054786760638 ], [ -74.756827246865527, 40.133047719980098 ], [ -74.756902780258272, 40.133042520331152 ], [ -74.756969513856234, 40.133033786893002 ], [ -74.757036180860027, 40.133021720140341 ], [ -74.757098380852014, 40.133002786280969 ], [ -74.757210580576597, 40.132966719650923 ], [ -74.757334913966389, 40.132932319660689 ], [ -74.757417114059521, 40.132913386571936 ], [ -74.757483781063314, 40.132897853623078 ], [ -74.757572581262664, 40.13288565319526 ], [ -74.757836114149384, 40.13286291978919 ], [ -74.757956047121525, 40.132849053489764 ], [ -74.758051713803738, 40.132835119566323 ], [ -74.758156114727086, 40.132812720271303 ], [ -74.758222647502024, 40.132797253329471 ], [ -74.758287048223124, 40.132776586714826 ], [ -74.758344781203263, 40.132750853278338 ], [ -74.758422447690407, 40.132702920182346 ], [ -74.758477914387854, 40.132675453227073 ], [ -74.758517914590129, 40.132659986253948 ], [ -74.758564581492791, 40.132654853401078 ], [ -74.758602380965982, 40.132654719749603 ], [ -74.758683514511915, 40.13266131958644 ], [ -74.758750248109877, 40.132664652917441 ], [ -74.758779247788297, 40.132664586887273 ], [ -74.758825848096791, 40.132659319587731 ], [ -74.758874714688005, 40.132650719751823 ], [ -74.75893024797962, 40.132636920234781 ], [ -74.758976848288114, 40.132616319601574 ], [ -74.759047914669026, 40.132580319592229 ], [ -74.759123381467617, 40.132544253533553 ], [ -74.759189914242555, 40.132504920147333 ], [ -74.759245380939987, 40.13247751993795 ], [ -74.75930318155487, 40.132455186555461 ], [ -74.759388647883725, 40.132437920004861 ], [ -74.759470914571011, 40.132424052823147 ], [ -74.759557515081795, 40.13240678626466 ], [ -74.759675314959551, 40.132379253159264 ], [ -74.759770781859274, 40.132353386715792 ], [ -74.759868581635871, 40.132324186119419 ], [ -74.759968447912726, 40.132289786599472 ], [ -74.760066114500987, 40.132248652738049 ], [ -74.760173848254283, 40.132205719318229 ], [ -74.760262648453619, 40.132164586201554 ], [ -74.760358048759159, 40.132121719554895 ], [ -74.760453514618348, 40.132073719984454 ], [ -74.760557847907009, 40.132023986077037 ], [ -74.760666515019153, 40.131969120024102 ], [ -74.760836181347216, 40.131864652760235 ], [ -74.760900515474134, 40.13182351943712 ], [ -74.760964848560505, 40.131780719401959 ], [ -74.761006981857179, 40.131746453260185 ], [ -74.761046848871132, 40.131720719433659 ], [ -74.761097981745095, 40.131691653014343 ], [ -74.761339782041802, 40.131563119720788 ], [ -74.761408582140007, 40.131527053122298 ], [ -74.761468514808726, 40.131492919710865 ], [ -74.761552715848438, 40.131427852574376 ], [ -74.761684648256946, 40.131309719141669 ], [ -74.761715582287792, 40.131277253116188 ], [ -74.761724448676731, 40.131254986166375 ], [ -74.761724315488408, 40.131229452635225 ], [ -74.761701848281504, 40.131168052786897 ], [ -74.76169724912188, 40.131135652725384 ], [ -74.761697182527726, 40.131120319056315 ], [ -74.761705982322482, 40.131101453085662 ], [ -74.761719315723241, 40.131091252380273 ], [ -74.761750315307722, 40.131074119137743 ], [ -74.761892582298458, 40.131034519182528 ], [ -74.761963582085187, 40.131012119294063 ], [ -74.762019115376802, 40.130991585791314 ], [ -74.762087848880824, 40.130958985959012 ], [ -74.76217664908016, 40.130909252827031 ], [ -74.762249915149653, 40.13086131922779 ], [ -74.762309782264737, 40.130832186408988 ], [ -74.762383049374748, 40.130808119742809 ], [ -74.762468582297799, 40.130794253024142 ], [ -74.762579715475169, 40.130763319013766 ], [ -74.762644048561555, 40.13073918629118 ], [ -74.762710582377011, 40.130708319083382 ], [ -74.762768381951346, 40.130679186199004 ], [ -74.762810448653866, 40.130646719076736 ], [ -74.762859182056744, 40.130609118931574 ], [ -74.762896782787962, 40.130566252894987 ], [ -74.762967582792228, 40.130467119363722 ], [ -74.762976449181181, 40.130450052791765 ], [ -74.762998648970878, 40.130434586107775 ], [ -74.763029716190033, 40.130427785570944 ], [ -74.763084249528617, 40.130422518893639 ], [ -74.763188716005615, 40.130420519624636 ], [ -74.763219782184251, 40.130418786076184 ], [ -74.763261982075079, 40.130408452407998 ], [ -74.763306382695021, 40.130392985714593 ], [ -74.763346316303142, 40.130372385992359 ], [ -74.763383982587996, 40.13034331899641 ], [ -74.76342611588467, 40.130300585652741 ], [ -74.763555449039615, 40.130110785763691 ], [ -74.763626382232218, 40.130032119334182 ], [ -74.763681649147159, 40.129979118889736 ], [ -74.763730449144234, 40.129934585723419 ], [ -74.763783649558917, 40.129895252418059 ], [ -74.763830182232709, 40.129862718888425 ], [ -74.763867916152265, 40.129840452270784 ], [ -74.763912315731673, 40.129821519116355 ], [ -74.763947782327975, 40.129809519417442 ], [ -74.763998982836611, 40.129800919220912 ], [ -74.764125649103306, 40.129778386064338 ], [ -74.764202249043237, 40.129762852398962 ], [ -74.764268916047044, 40.129743919222854 ], [ -74.764319915732671, 40.129726785640699 ], [ -74.764375449024271, 40.129699319073787 ], [ -74.764408649337838, 40.12967878597005 ], [ -74.764459716658152, 40.129642785995856 ], [ -74.764519516138549, 40.129591518817499 ], [ -74.764674582736149, 40.129452852203364 ], [ -74.764725650056477, 40.129420319257534 ], [ -74.764781049119222, 40.129386052721337 ], [ -74.764825449739135, 40.129368852220004 ], [ -74.764879849889368, 40.129350052592109 ], [ -74.764930916169163, 40.12932945255384 ], [ -74.764984116583875, 40.129302052655433 ], [ -74.765024183380319, 40.12927111876143 ], [ -74.765059583382453, 40.129240319307236 ], [ -74.765090449778583, 40.129201052429231 ], [ -74.765119249674498, 40.12916338545071 ], [ -74.765148116164582, 40.129134385562516 ], [ -74.765196849567474, 40.129103519217125 ], [ -74.766045717082733, 40.128683452456329 ], [ -74.766189982938968, 40.128614851793998 ], [ -74.76629645036256, 40.128558318609642 ], [ -74.766396316639401, 40.128506851715009 ], [ -74.766936450477488, 40.128189918530431 ], [ -74.767163783191535, 40.12805625177932 ], [ -74.767219183294827, 40.128018518927334 ], [ -74.767283517421717, 40.127972318491572 ], [ -74.767341250401884, 40.127929518418014 ], [ -74.767378916686738, 40.127898718355837 ], [ -74.767463116685917, 40.127833651756518 ], [ -74.767531783595771, 40.127782318769867 ], [ -74.767600583693977, 40.127742852149083 ], [ -74.767743717449378, 40.12767091855288 ], [ -74.76789231712911, 40.127592051989794 ], [ -74.767989917123231, 40.127538851537217 ], [ -74.768067650204529, 40.127492651570989 ], [ -74.768131984331433, 40.127448118366829 ], [ -74.768290383758966, 40.127324851922189 ], [ -74.768383516741252, 40.127246118619681 ], [ -74.768447850868185, 40.127196451988858 ], [ -74.76850991767185, 40.127153718257979 ], [ -74.768571984475486, 40.127117651706499 ], [ -74.768649650962615, 40.127078318362237 ], [ -74.768738451161951, 40.12704391857406 ], [ -74.768811650637261, 40.127014718083416 ], [ -74.769154383758007, 40.12680231838727 ], [ -74.769234184380096, 40.126747518133236 ], [ -74.769300717155033, 40.126699584781456 ], [ -74.769358317987397, 40.126648184902329 ], [ -74.76942031715636, 40.126591785336998 ], [ -74.769469117153392, 40.126550651209605 ], [ -74.769515584273549, 40.126518118465938 ], [ -74.76959105107214, 40.126475318272384 ], [ -74.770082584695658, 40.126189718283676 ], [ -74.770086717696117, 40.12618538454052 ], [ -74.770236651340227, 40.126091851363462 ], [ -74.770781918131789, 40.12577958439811 ], [ -74.770877250802641, 40.125729518087454 ], [ -74.770945851118327, 40.125700051293059 ], [ -74.770993886634216, 40.125681500150549 ], [ -74.771091182181209, 40.125651116813728 ], [ -74.77121691851066, 40.125617318083791 ], [ -74.771320051023253, 40.125590651052903 ], [ -74.771400184616155, 40.125564051639884 ], [ -74.771453607549091, 40.125537938094112 ], [ -74.77147097509939, 40.125532514492306 ], [ -74.77354141429872, 40.129439209705836 ], [ -74.773478518834793, 40.129483185350452 ], [ -74.773248386044145, 40.129609385163022 ], [ -74.772966185980138, 40.12974138530506 ], [ -74.772713652576755, 40.12985618560834 ], [ -74.772438585372299, 40.129908252141689 ], [ -74.772304718611352, 40.129931385119747 ], [ -74.772044585148706, 40.130000585908512 ], [ -74.771807052081314, 40.130132452429976 ], [ -74.771658585589932, 40.130224185234646 ], [ -74.771502652227625, 40.13030451896087 ], [ -74.77139871850396, 40.130367585515501 ], [ -74.771272385208107, 40.130413585430524 ], [ -74.771005184439545, 40.13057411868467 ], [ -74.77084191843521, 40.130671585345567 ], [ -74.770544784629394, 40.130803652638981 ], [ -74.770292251225996, 40.130918452739174 ], [ -74.770195784373243, 40.130981518724155 ], [ -74.770084384819214, 40.131038919443853 ], [ -74.769883784460305, 40.131102185798888 ], [ -74.76974245082846, 40.131119652374991 ], [ -74.769682851130554, 40.131108385618482 ], [ -74.769630784897757, 40.131102785653134 ], [ -74.769526717985755, 40.131131585810891 ], [ -74.769422651073768, 40.13115465234096 ], [ -74.769355651099133, 40.13114911920669 ], [ -74.767573783704123, 40.132141319535471 ], [ -74.766608783246355, 40.13273178648771 ], [ -74.766126117052295, 40.132984186543389 ], [ -74.766044249930005, 40.132978652762503 ], [ -74.765858450124597, 40.133024786152191 ], [ -74.765680316972592, 40.133139386002561 ], [ -74.765576783854442, 40.133310986691754 ], [ -74.765517716909883, 40.133425386380083 ], [ -74.765443649629347, 40.133511186417792 ], [ -74.765414383574267, 40.133636919728708 ], [ -74.765489449767315, 40.133813786372059 ], [ -74.765586783384776, 40.133967786665409 ], [ -74.765923849758167, 40.134538119784686 ], [ -74.766182716891109, 40.134989320321893 ], [ -74.766521850805262, 40.13550605369182 ], [ -74.767184050709872, 40.136514986586796 ], [ -74.767220450665036, 40.136570453548721 ], [ -74.767228216273423, 40.136583692692312 ], [ -74.765571698688902, 40.137100824016279 ], [ -74.765382450630923, 40.136915253611413 ], [ -74.765308050379559, 40.136909720150641 ], [ -74.765270983442193, 40.136955520741665 ], [ -74.765293583837433, 40.137018254176716 ], [ -74.765293850214093, 40.137092520605719 ], [ -74.765212250509009, 40.137155520404086 ], [ -74.765115717062088, 40.137212853860902 ], [ -74.765048916869944, 40.137252987172317 ], [ -74.764952316828868, 40.137293187281252 ], [ -74.764951223405589, 40.137294515723624 ], [ -74.76291555094754, 40.13792995367443 ], [ -74.762907249517966, 40.137629120369326 ], [ -74.762906249564935, 40.137366387454065 ], [ -74.762964582933137, 40.13705785382728 ], [ -74.763015516024581, 40.136760787472596 ], [ -74.763170449433858, 40.136406320499297 ], [ -74.763280782440731, 40.13607478686987 ], [ -74.763465583333613, 40.135754519997626 ], [ -74.763635715820854, 40.13549145367471 ], [ -74.763739249979523, 40.135331253422862 ], [ -74.763850249968556, 40.135171120412103 ], [ -74.763934716344394, 40.135036653576783 ], [ -74.764065383463745, 40.1349273200723 ], [ -74.764072582917464, 40.13491638647357 ], [ -74.764137049192186, 40.134724119838005 ], [ -74.764215849861202, 40.134608919654553 ], [ -74.764287450035994, 40.134504520090275 ], [ -74.764244649757117, 40.134372720124816 ], [ -74.764230983385531, 40.134336720250353 ], [ -74.764166850081651, 40.134307986683808 ], [ -74.764018049578894, 40.134296920132677 ], [ -74.763964849164168, 40.134304653433418 ], [ -74.76333644892064, 40.13452565315125 ], [ -74.763200649888347, 40.134590053061224 ], [ -74.762650982679133, 40.134842587022348 ], [ -74.762435516213102, 40.134923053709741 ], [ -74.762279382027771, 40.134969053723587 ], [ -74.762086048757268, 40.135003786800041 ], [ -74.761922382147375, 40.135009853412349 ], [ -74.761840649253941, 40.135027186928433 ], [ -74.761766382190899, 40.135078720482191 ], [ -74.761699648592938, 40.13513598727689 ], [ -74.761581048544656, 40.135261920437763 ], [ -74.76152198264063, 40.1353763200241 ], [ -74.761277648643997, 40.135685253471692 ], [ -74.761174248714198, 40.135891120552252 ], [ -74.761055715260085, 40.136039853873598 ], [ -74.760988981662095, 40.1361028538524 ], [ -74.760639915852337, 40.136263520836103 ], [ -74.760409515644483, 40.136338320280423 ], [ -74.760370249018564, 40.136351520828889 ], [ -74.760246115411263, 40.136418587117085 ], [ -74.76006778143622, 40.136493253542305 ], [ -74.759896715590131, 40.136510787145852 ], [ -74.759725515515171, 40.136505454117916 ], [ -74.759487181236707, 40.136443187168041 ], [ -74.759271248611512, 40.136409387153961 ], [ -74.759129715197162, 40.136369720303364 ], [ -74.758973181446834, 40.13630152037689 ], [ -74.758831514844132, 40.136227587194483 ], [ -74.758652781304107, 40.136188053882286 ], [ -74.758466715122012, 40.136171320471853 ], [ -74.758310514342512, 40.136194520526992 ], [ -74.758161914662793, 40.136240520475631 ], [ -74.758005981300485, 40.136332253786648 ], [ -74.757812714624151, 40.136389787608756 ], [ -74.757671447586461, 40.136424387110516 ], [ -74.757485447998548, 40.136424787247222 ], [ -74.757336514307454, 40.136390853579812 ], [ -74.757203314528709, 40.136320520934845 ], [ -74.757065980708987, 40.136308320325981 ], [ -74.756901447334414, 40.136264187466978 ], [ -74.756815580399987, 40.136242187053391 ], [ -74.756765447479083, 40.136231187639446 ], [ -74.756715381152333, 40.136220187428258 ], [ -74.756665380379204, 40.136209120392984 ], [ -74.756615247458271, 40.136198120973688 ], [ -74.756550980966068, 40.136187187579402 ], [ -74.756536581018125, 40.136181720881559 ], [ -74.75630518085724, 40.136172387241814 ], [ -74.755775380560834, 40.138787320995959 ], [ -74.755797847767738, 40.13882725450943 ], [ -74.75629509490733, 40.139996207908275 ], [ -74.755123948819374, 40.140361671777434 ] ], [ [ -74.764844050322253, 40.136668720631135 ], [ -74.764885117071728, 40.136668720631143 ], [ -74.764979916989276, 40.136733453414337 ], [ -74.765039516687125, 40.136738986889483 ], [ -74.765136116728243, 40.136704520395995 ], [ -74.765195383455278, 40.136652987279646 ], [ -74.765195117078619, 40.136584453528151 ], [ -74.765135249963521, 40.136493186720344 ], [ -74.765060383552992, 40.136367720413794 ], [ -74.765057116276694, 40.136365586879997 ], [ -74.765043983698973, 40.136356920691 ], [ -74.765001983590622, 40.136329120306371 ], [ -74.764994649908047, 40.136300786924231 ], [ -74.764966049794623, 40.136245786702112 ], [ -74.764964249671067, 40.136244053302256 ], [ -74.764851316370141, 40.136185453382531 ], [ -74.764709916144099, 40.136180053506806 ], [ -74.764650516228727, 40.136220186632734 ], [ -74.764591182907509, 40.136265986892987 ], [ -74.764577849506736, 40.136276320466081 ], [ -74.764584183236295, 40.136385920679402 ], [ -74.76460685022569, 40.136465853349918 ], [ -74.764681716636233, 40.13658565393537 ], [ -74.764735983598143, 40.136638520357124 ], [ -74.764779649601181, 40.136657586847136 ], [ -74.764844050322253, 40.136668720631135 ] ] ] } },
{ "type": "Feature", "properties": { "cell_id": "gis-hydro-007", "station_m": 14280.112, "center_x_m": 519225.775, "center_y_m": 4441609.798, "length_m": 2196.94, "width_m": 525.586, "area_m2": 1154680.049, "cross_section_source": "synthetic-boundary-width", "mean_depth_m": 0.489039, "mean_velocity_ms": 0.560782, "mean_water_surface_m": 8.213187, "flow_area_m2": 148.363782, "hydraulic_radius_m": 0.489031 }, "geometry": { "type": "Polygon", "coordinates": [ [ [ -74.789466198658559, 40.12352402951938 ], [ -74.789436390491929, 40.123526183589959 ], [ -74.789250056892655, 40.123512316976942 ], [ -74.789045323533273, 40.123536650382484 ], [ -74.788809456360582, 40.123565849980274 ], [ -74.788635790220397, 40.123594850652822 ], [ -74.788418590224964, 40.123624050225608 ], [ -74.788325456202145, 40.123624250729442 ], [ -74.788237923373046, 40.123592716718051 ], [ -74.788207323353561, 40.12358165001352 ], [ -74.788083056557937, 40.123553383721195 ], [ -74.787946456314558, 40.123563250588774 ], [ -74.787766456444842, 40.123568450167269 ], [ -74.787629856201477, 40.123568783544954 ], [ -74.787530522677983, 40.123569050088008 ], [ -74.787462256373644, 40.123573983918654 ], [ -74.787331790077303, 40.123555250318482 ], [ -74.787164056020615, 40.123531850218548 ], [ -74.787090589128098, 40.123525383960342 ], [ -74.787058456402249, 40.12352251722843 ], [ -74.786952923378095, 40.123518050441412 ], [ -74.786841123218494, 40.123513583654152 ], [ -74.786747989195675, 40.123504250661533 ], [ -74.786642189794833, 40.123437783485997 ], [ -74.7865114560813, 40.123366650535203 ], [ -74.786417989087639, 40.123285850312691 ], [ -74.786281189061782, 40.123228983295334 ], [ -74.786150722765456, 40.123210250395736 ], [ -74.786045189741287, 40.123210516940141 ], [ -74.785908522903739, 40.123191784035441 ], [ -74.78579045560879, 40.123163450745992 ], [ -74.785660055906661, 40.123163783330028 ], [ -74.785448988817748, 40.123178583317859 ], [ -74.785275189489226, 40.123179050367547 ], [ -74.785014522232728, 40.123198717374976 ], [ -74.784691789213113, 40.123232917012629 ], [ -74.784480788718355, 40.123257250518186 ], [ -74.784282254859676, 40.123286317361696 ], [ -74.784102388178297, 40.123329650264026 ], [ -74.783959788216748, 40.123372917099545 ], [ -74.783773788628821, 40.12344485047003 ], [ -74.783426854872914, 40.123617250598677 ], [ -74.783116988054374, 40.123756250559467 ], [ -74.782856654809223, 40.12385225027483 ], [ -74.782521921312707, 40.12398645041894 ], [ -74.782205721805184, 40.12409691701766 ], [ -74.782001254822489, 40.124197450624379 ], [ -74.781827788464767, 40.124288450695609 ], [ -74.78182178770605, 40.124340917723387 ], [ -74.781697854921788, 40.124398383724092 ], [ -74.781617187535034, 40.124403384328396 ], [ -74.781579787626839, 40.124365317666232 ], [ -74.781517654229035, 40.124355917161047 ], [ -74.781467987467266, 40.124356050828844 ], [ -74.781412121204824, 40.124365717078284 ], [ -74.781244787753664, 40.124428117622337 ], [ -74.78114572060683, 40.124509317489682 ], [ -74.781015587281331, 40.12455731762828 ], [ -74.780829654287587, 40.124643583965941 ], [ -74.780724387640049, 40.124715317878184 ], [ -74.780569454230786, 40.124777650472204 ], [ -74.780439254311148, 40.124825651216973 ], [ -74.780302920444441, 40.124887917672055 ], [ -74.780191520890398, 40.124969184619154 ], [ -74.780018121126886, 40.125084051063524 ], [ -74.779863254311763, 40.125165450646691 ], [ -74.779671387153485, 40.125313651295279 ], [ -74.779547654151699, 40.125418784226454 ], [ -74.779454654357735, 40.125447584405727 ], [ -74.779337120856653, 40.125557517946596 ], [ -74.779077120582386, 40.125744050982199 ], [ -74.778872786788014, 40.125887517999807 ], [ -74.778662253492953, 40.126026251559011 ], [ -74.778364919904632, 40.126188984721907 ], [ -74.778172987192704, 40.126322917698985 ], [ -74.77797485393954, 40.126461584333413 ], [ -74.777820186906936, 40.126600184648844 ], [ -74.777702786594176, 40.126738717850216 ], [ -74.777634919854847, 40.126834185067139 ], [ -74.77748625358096, 40.126929851052893 ], [ -74.777386986651621, 40.12695391829665 ], [ -74.777213520293927, 40.127035384858893 ], [ -74.777009119905401, 40.127154984867282 ], [ -74.776928586747516, 40.127207651767158 ], [ -74.776829586194822, 40.127298451293925 ], [ -74.776767986590883, 40.127412985217241 ], [ -74.776699920069049, 40.127475051196761 ], [ -74.776625719600176, 40.127546718472829 ], [ -74.776557653078328, 40.127599318238467 ], [ -74.776533119371194, 40.12767565159394 ], [ -74.776507186146048, 40.127751185283792 ], [ -74.776462986349131, 40.127854051756813 ], [ -74.776455986677931, 40.127962585128991 ], [ -74.776471319984751, 40.128082518452779 ], [ -74.776523786823091, 40.128168051550091 ], [ -74.776576052838422, 40.128213585143008 ], [ -74.776680653544261, 40.128316185187394 ], [ -74.776770186279435, 40.128384518035851 ], [ -74.776964319720463, 40.128555385260263 ], [ -74.77715091969641, 40.128697718196676 ], [ -74.777285253657041, 40.128800185442429 ], [ -74.777434653507314, 40.128948318497741 ], [ -74.777516986788754, 40.129068051981243 ], [ -74.777554787302492, 40.129205051834504 ], [ -74.777570187203466, 40.129336385267351 ], [ -74.777570586768476, 40.129439184899226 ], [ -74.777541119890358, 40.129502051770352 ], [ -74.77746685386785, 40.129547918613575 ], [ -74.777385119933882, 40.129565251931545 ], [ -74.777295853575396, 40.129576918325313 ], [ -74.777206653811035, 40.129588518683882 ], [ -74.777161853626112, 40.129554385094465 ], [ -74.777136720571491, 40.129499785158892 ], [ -74.777109320193617, 40.129440251774852 ], [ -74.777049787089879, 40.129440385432709 ], [ -74.776975453432684, 40.129463451741131 ], [ -74.776975719809329, 40.12952625176095 ], [ -74.776988253039548, 40.129567384883295 ], [ -74.776998320204555, 40.129600451593042 ], [ -74.776968720138115, 40.12964051859354 ], [ -74.776916853687808, 40.129692052254015 ], [ -74.776738519712765, 40.129749585333172 ], [ -74.776582453162121, 40.129801318601032 ], [ -74.776508320327949, 40.129852918968076 ], [ -74.776456452837095, 40.129910185392873 ], [ -74.776330253770126, 40.129984718947668 ], [ -74.776203919433712, 40.130019251699764 ], [ -74.776114653075197, 40.130036651725888 ], [ -74.776040319418001, 40.130036785382508 ], [ -74.775988053402671, 40.129996919100634 ], [ -74.775972720095851, 40.12988845182732 ], [ -74.775974853190277, 40.129855252396204 ], [ -74.775986719438293, 40.129671385490731 ], [ -74.776036986588068, 40.129225785568735 ], [ -74.776102986609658, 40.128985785107353 ], [ -74.776109386933399, 40.128728718385617 ], [ -74.776064186142918, 40.128580385158081 ], [ -74.776026653046401, 40.128506185008057 ], [ -74.775951452624483, 40.12830645187406 ], [ -74.775846852959162, 40.128198184780196 ], [ -74.775742120105519, 40.128061384979496 ], [ -74.775621586745331, 40.128047984716659 ], [ -74.775511452480444, 40.128050518697592 ], [ -74.775392519461334, 40.128085051636809 ], [ -74.77525151984085, 40.128171051746328 ], [ -74.775140252434639, 40.128262718776973 ], [ -74.775014452932623, 40.128428652033982 ], [ -74.774933119604214, 40.128554518860042 ], [ -74.774859118917803, 40.128651785541244 ], [ -74.774747919146265, 40.128760518128374 ], [ -74.774517786355617, 40.12888105150931 ], [ -74.774265252952233, 40.128995851674482 ], [ -74.774049919674553, 40.12911058561216 ], [ -74.773871785481987, 40.129213784969089 ], [ -74.773634319008764, 40.129374251841277 ], [ -74.773478518834793, 40.129483185350452 ], [ -74.773248386044145, 40.129609385163022 ], [ -74.772966185980138, 40.12974138530506 ], [ -74.772713652576755, 40.12985618560834 ], [ -74.772438585372299, 40.129908252141689 ], [ -74.772304718611352, 40.129931385119747 ], [ -74.772044585148706, 40.130000585908512 ], [ -74.771807052081314, 40.130132452429976 ], [ -74.771658585589932, 40.130224185234646 ], [ -74.771502652227625, 40.13030451896087 ], [ -74.77139871850396, 40.130367585515501 ], [ -74.771272385208107, 40.130413585430524 ], [ -74.771005184439545, 40.13057411868467 ], [ -74.77084191843521, 40.130671585345567 ], [ -74.770544784629394, 40.130803652638981 ], [ -74.770292251225996, 40.130918452739174 ], [ -74.77025207506604, 40.130944718252671 ], [ -74.767354405649712, 40.127918761257334 ], [ -74.767378916686738, 40.127898718355837 ], [ -74.767463116685917, 40.127833651756518 ], [ -74.767531783595771, 40.127782318769867 ], [ -74.767600583693977, 40.127742852149083 ], [ -74.767743717449378, 40.12767091855288 ], [ -74.76789231712911, 40.127592051989794 ], [ -74.767989917123231, 40.127538851537217 ], [ -74.768067650204529, 40.127492651570989 ], [ -74.768131984331433, 40.127448118366829 ], [ -74.768290383758966, 40.127324851922189 ], [ -74.768383516741252, 40.127246118619681 ], [ -74.768447850868185, 40.127196451988858 ], [ -74.76850991767185, 40.127153718257979 ], [ -74.768571984475486, 40.127117651706499 ], [ -74.768649650962615, 40.127078318362237 ], [ -74.768738451161951, 40.12704391857406 ], [ -74.768811650637261, 40.127014718083416 ], [ -74.769154383758007, 40.12680231838727 ], [ -74.769234184380096, 40.126747518133236 ], [ -74.769300717155033, 40.126699584781456 ], [ -74.769358317987397, 40.126648184902329 ], [ -74.76942031715636, 40.126591785336998 ], [ -74.769469117153392, 40.126550651209605 ], [ -74.769515584273549, 40.126518118465938 ], [ -74.76959105107214, 40.126475318272384 ], [ -74.770082584695658, 40.126189718283676 ], [ -74.770086717696117, 40.12618538454052 ], [ -74.770236651340227, 40.126091851363462 ], [ -74.770781918131789, 40.12577958439811 ], [ -74.770877250802641, 40.125729518087454 ], [ -74.770945851118327, 40.125700051293059 ], [ -74.771029917929184, 40.125667584974963 ], [ -74.77121691851066, 40.125617318083791 ], [ -74.771320051023253, 40.125590651052903 ], [ -74.771400184616155, 40.125564051639884 ], [ -74.771757651696248, 40.125389318093006 ], [ -74.771882718662397, 40.125328184279013 ], [ -74.771932184601127, 40.125298718106301 ], [ -74.771958917996812, 40.125269317958228 ], [ -74.771970184897341, 40.125237051137859 ], [ -74.771966251679387, 40.125207717796123 ], [ -74.771954784996353, 40.125181317936914 ], [ -74.771905918405125, 40.125145784208286 ], [ -74.771686184709793, 40.125088851117873 ], [ -74.771551451184138, 40.125070051101908 ], [ -74.77142671822935, 40.125054984192992 ], [ -74.771391251633048, 40.125057250952629 ], [ -74.771390318274186, 40.125057250952629 ], [ -74.771301984234015, 40.125062984286842 ], [ -74.771047651747594, 40.12508271758238 ], [ -74.770848184530053, 40.125098451225597 ], [ -74.770618784275229, 40.125106717851324 ], [ -74.770439117376327, 40.125095651393217 ], [ -74.770304451485401, 40.125088184377368 ], [ -74.769714784073912, 40.125078051193981 ], [ -74.769531183957042, 40.12506671819407 ], [ -74.769317117009052, 40.125049585024193 ], [ -74.768823650073628, 40.125011717632383 ], [ -74.768213050242679, 40.124871984275622 ], [ -74.768101517500327, 40.124842984943491 ], [ -74.768034050325966, 40.124820651439343 ], [ -74.76783958391411, 40.124760050986247 ], [ -74.767587212355593, 40.124690089180696 ], [ -74.769336252478908, 40.123703152094784 ], [ -74.769656384111542, 40.123710317747559 ], [ -74.769859984329528, 40.123712384048439 ], [ -74.769956850747278, 40.123727518089417 ], [ -74.770057117629662, 40.123747784061656 ], [ -74.770163918024068, 40.123760317915242 ], [ -74.770395917532454, 40.123762384214615 ], [ -74.770836651252864, 40.123769050953705 ], [ -74.770999584286386, 40.123774317350872 ], [ -74.771424184529437, 40.123788184706051 ], [ -74.77177478512661, 40.123812984262578 ], [ -74.772048651555011, 40.123832850794159 ], [ -74.772237251437033, 40.123847784305141 ], [ -74.77247765117518, 40.123862584144135 ], [ -74.77267118526872, 40.12385698437744 ], [ -74.772864918104204, 40.123871851048804 ], [ -74.773005185188836, 40.123892050939268 ], [ -74.773193984853364, 40.123940317259631 ], [ -74.773300851841938, 40.123960583964092 ], [ -74.773494519123815, 40.123972917275566 ], [ -74.773718118402414, 40.123972384192676 ], [ -74.7739484520161, 40.123961650925715 ], [ -74.774128585074166, 40.123938117297051 ], [ -74.774231986044484, 40.123912250823807 ], [ -74.774295319177853, 40.123871050627578 ], [ -74.77434838536368, 40.123819717831118 ], [ -74.774415052367502, 40.123778584413351 ], [ -74.774511652408577, 40.123734717916676 ], [ -74.774771652682858, 40.123631584236847 ], [ -74.775018252962241, 40.123536250965593 ], [ -74.775208252362276, 40.123461450957386 ], [ -74.775304785809197, 40.123407450823748 ], [ -74.775351386117691, 40.123374050905255 ], [ -74.775414652656863, 40.123312383782185 ], [ -74.775481185431801, 40.12327125085308 ], [ -74.775584652996301, 40.123218917465493 ], [ -74.775599385915086, 40.123209450762396 ], [ -74.775702652656548, 40.123163050531204 ], [ -74.775829318923243, 40.123119183637428 ], [ -74.775999252668498, 40.123018917368313 ], [ -74.77617565229113, 40.122892850925567 ], [ -74.776365452949179, 40.122795050868419 ], [ -74.776605253339852, 40.122645916987828 ], [ -74.776731786418225, 40.122573783856367 ], [ -74.77690172016348, 40.122511850255954 ], [ -74.776995119522439, 40.122478317021617 ], [ -74.777131519983328, 40.122385783668562 ], [ -74.777238853131053, 40.122316384167867 ], [ -74.777274786927038, 40.122293117313383 ], [ -74.77733798687207, 40.12225458400485 ], [ -74.777404586241161, 40.122236450769272 ], [ -74.777461386902999, 40.122233783695336 ], [ -74.777538186625449, 40.122236117385022 ], [ -74.777635387054545, 40.122237384085949 ], [ -74.777738452972983, 40.12222545067992 ], [ -74.777818320189212, 40.122186850497002 ], [ -74.777904919659449, 40.122125117052299 ], [ -74.77795138677962, 40.122060916979336 ], [ -74.777967786633639, 40.121999383928937 ], [ -74.777994253652636, 40.121948117351181 ], [ -74.778012586818562, 40.121919783543383 ], [ -74.778066519769112, 40.121882117304224 ], [ -74.778082453463966, 40.121870983484861 ], [ -74.778175653040421, 40.121809250549042 ], [ -74.778318986578327, 40.12173464994585 ], [ -74.778341653567736, 40.121720450376394 ], [ -74.778405453900788, 40.121680650031955 ], [ -74.778492119965208, 40.121639384033799 ], [ -74.778641987015135, 40.121554450617083 ], [ -74.778753586351669, 40.121495250027763 ], [ -74.778853387074875, 40.1214207167125 ], [ -74.778956520628014, 40.121330716947099 ], [ -74.779079653241752, 40.121250983696122 ], [ -74.779152853757608, 40.121197050235089 ], [ -74.779219386532546, 40.12115584998481 ], [ -74.779316053167776, 40.121114650505227 ], [ -74.77938605404205, 40.121083716863843 ], [ -74.779446053304937, 40.121045183665551 ], [ -74.779512453932071, 40.12097831704093 ], [ -74.77961558748521, 40.120890983816658 ], [ -74.779778587112872, 40.120772716697303 ], [ -74.77998492081332, 40.120618517026138 ], [ -74.78010152095554, 40.120538783735654 ], [ -74.780201320638199, 40.120456516883472 ], [ -74.780311054297556, 40.120379383711999 ], [ -74.780450987370841, 40.120304650251207 ], [ -74.780617520651475, 40.120224849754713 ], [ -74.780807387903721, 40.120124516357528 ], [ -74.780997054332914, 40.120025983463961 ], [ -74.781160454566148, 40.119939116884055 ], [ -74.781263721307596, 40.119885049501512 ], [ -74.781360254754532, 40.119838650184271 ], [ -74.781553654619202, 40.119761316592289 ], [ -74.781633587389052, 40.119730449969339 ], [ -74.781773588097025, 40.119696716439179 ], [ -74.781863721220219, 40.119673516322379 ], [ -74.781973588067913, 40.119637316103777 ], [ -74.782096921504689, 40.119590916617469 ], [ -74.782186921439532, 40.119554783193486 ], [ -74.782250254572887, 40.119539249578921 ], [ -74.782383720728291, 40.119528716128002 ], [ -74.782493921587331, 40.119523316520308 ], [ -74.782593921052509, 40.119505116513295 ], [ -74.782730721078352, 40.119481716610807 ], [ -74.782927521407657, 40.119463316076498 ], [ -74.783042720991332, 40.119457716743199 ], [ -74.783069321198667, 40.119455250076406 ], [ -74.783116054695498, 40.119434583383608 ], [ -74.783152587838984, 40.119401249943522 ], [ -74.783159121351034, 40.119362783426247 ], [ -74.78314865462103, 40.11926284979036 ], [ -74.78311818778991, 40.119160449330145 ], [ -74.783087855187603, 40.119101649282122 ], [ -74.783040920867762, 40.119045316660689 ], [ -74.783039388161399, 40.119043716500379 ], [ -74.782980654187654, 40.118983916150867 ], [ -74.782979788463493, 40.11898251650662 ], [ -74.782957121474098, 40.118943049551305 ], [ -74.782943388508343, 40.118861116556239 ], [ -74.782939854855371, 40.118817516631282 ], [ -74.782956454491909, 40.118773915882691 ], [ -74.782999654335782, 40.118740516075022 ], [ -74.783042921814342, 40.118725049909578 ], [ -74.783096387565195, 40.118724916230718 ], [ -74.783186588323076, 40.118734915886492 ], [ -74.783250054644753, 40.118762982868226 ], [ -74.783326988596073, 40.11879864963317 ], [ -74.783375454581773, 40.11881904995758 ], [ -74.783438988538137, 40.118831649967731 ], [ -74.783505654501425, 40.118826449231229 ], [ -74.783559054698614, 40.118810849406664 ], [ -74.783708988342767, 40.1187515827719 ], [ -74.783965654746595, 40.118671516277544 ], [ -74.784235655591729, 40.118601649882919 ], [ -74.784385787977811, 40.118565449889353 ], [ -74.784435788750926, 40.118542249386572 ], [ -74.78447398882966, 40.118516516131116 ], [ -74.784635454710454, 40.11839824965584 ], [ -74.784718722391304, 40.11834424947925 ], [ -74.784831922068889, 40.118297783066396 ], [ -74.785012788703341, 40.118263315973813 ], [ -74.785090388596288, 40.118248515711727 ], [ -74.785207121926859, 40.118230316159163 ], [ -74.785480788572755, 40.118216782665769 ], [ -74.785731122287572, 40.118216115857841 ], [ -74.785894589114946, 40.118213182857879 ], [ -74.786021589393016, 40.118215449049949 ], [ -74.78659665603351, 40.118224449364661 ], [ -74.786963455661706, 40.11824518246943 ], [ -74.787072989538558, 40.118246916328388 ], [ -74.787165789550002, 40.118239782759815 ], [ -74.787281589521683, 40.11821884913364 ], [ -74.787355256196705, 40.118216648985857 ], [ -74.787422455953845, 40.118218515729673 ], [ -74.787530589272123, 40.118220182749347 ], [ -74.787663923279737, 40.118245449033353 ], [ -74.787805523288256, 40.118288315678065 ], [ -74.787955723309025, 40.118359715731295 ], [ -74.788035123325571, 40.118381182440913 ], [ -74.788123522919378, 40.118386782658575 ], [ -74.788367323122145, 40.118379315701574 ], [ -74.788558789674923, 40.118382782616813 ], [ -74.788715856178584, 40.118395848994624 ], [ -74.788864390304695, 40.118419316110604 ], [ -74.789187323106802, 40.118477515987301 ], [ -74.789530789803933, 40.118576982900329 ], [ -74.791767323667571, 40.119346582971012 ], [ -74.79343032463764, 40.119929516047826 ], [ -74.795048739005807, 40.120372076755146 ], [ -74.789466198658559, 40.12352402951938 ] ] ] } },
{ "type": "Feature", "properties": { "cell_id": "gis-hydro-008", "station_m": 16477.052, "center_x_m": 515949.391, "center_y_m": 4441799.562, "length_m": 2196.94, "width_m": 498.393, "area_m2": 1094938.855, "cross_section_source": "synthetic-boundary-width", "mean_depth_m": 0.500714, "mean_velocity_ms": 0.569672, "mean_water_surface_m": 6.034753, "flow_area_m2": 146.048748, "hydraulic_radius_m": 0.500705 }, "geometry": { "type": "Polygon", "coordinates": [ [ [ -74.816629862210931, 40.133325925809039 ], [ -74.810732250209256, 40.131359843874471 ], [ -74.810791198031083, 40.131280518096887 ], [ -74.810883730625321, 40.131142050636889 ], [ -74.81102586442772, 40.131003450831187 ], [ -74.811192998096402, 40.130883851229711 ], [ -74.811391131349538, 40.130754651314739 ], [ -74.811577064343297, 40.130682650895928 ], [ -74.811756931024689, 40.130639251079508 ], [ -74.811967664102227, 40.130552917567087 ], [ -74.812122731740374, 40.130528651114211 ], [ -74.812215798128534, 40.130509317184348 ], [ -74.812352464966025, 40.130518517150676 ], [ -74.812507731346145, 40.130532383925619 ], [ -74.812569864743963, 40.130541717544453 ], [ -74.812706464987315, 40.130541384200932 ], [ -74.812805798510837, 40.130526783912806 ], [ -74.812948531660709, 40.130521650898828 ], [ -74.813060198631945, 40.130492784450333 ], [ -74.813240331690011, 40.130506584402667 ], [ -74.813370864580492, 40.130534784158286 ], [ -74.813488931875455, 40.130563117557735 ], [ -74.813638331725699, 40.130638917736469 ], [ -74.813812598253918, 40.130729050767933 ], [ -74.813936798455387, 40.130733451049061 ], [ -74.814123065460507, 40.130728184395416 ], [ -74.814290665288354, 40.130713450492138 ], [ -74.814439732167784, 40.130722584398754 ], [ -74.81452046510816, 40.130727117540005 ], [ -74.814631998891059, 40.130688651066301 ], [ -74.814774465664286, 40.130602517304354 ], [ -74.814917198814143, 40.130592583835146 ], [ -74.815109532131629, 40.130553917597446 ], [ -74.815252132093178, 40.130510650558975 ], [ -74.815382332012817, 40.130462650646308 ], [ -74.81550613264929, 40.130390784369673 ], [ -74.815586466024683, 40.130304783886324 ], [ -74.815629665868556, 40.130242717308327 ], [ -74.815692065643034, 40.130174317113052 ], [ -74.815703798702728, 40.130161517129338 ], [ -74.815697265190693, 40.130094784376489 ], [ -74.815688598584245, 40.130069516926973 ], [ -74.815653198582126, 40.129966183621363 ], [ -74.815547199398779, 40.129866384112397 ], [ -74.815428932321311, 40.12979998362129 ], [ -74.815310731838025, 40.129752650697078 ], [ -74.815124198456246, 40.129695984006219 ], [ -74.814974998388493, 40.129658250473305 ], [ -74.814825731726557, 40.129610984279111 ], [ -74.814682665605858, 40.129558983551277 ], [ -74.814408932365808, 40.129440583532627 ], [ -74.814153665480006, 40.129288717079497 ], [ -74.813898398594162, 40.129141650850769 ], [ -74.813637198584345, 40.129037517365354 ], [ -74.813363331115411, 40.128895250378761 ], [ -74.813195198534245, 40.128800383544274 ], [ -74.813108265052634, 40.128786383552473 ], [ -74.813046131654829, 40.128781717418249 ], [ -74.812934131712751, 40.128734383784924 ], [ -74.812884398356829, 40.128710717353691 ], [ -74.812722665058843, 40.128653916930439 ], [ -74.81262926465935, 40.128601783402118 ], [ -74.812542064801065, 40.128535250402834 ], [ -74.812417731411273, 40.12850225080026 ], [ -74.812343064783221, 40.128464316910687 ], [ -74.811970264396322, 40.12840811695515 ], [ -74.811560064101243, 40.128328183558715 ], [ -74.811379864449009, 40.128295316720099 ], [ -74.811187331349046, 40.128276784115435 ], [ -74.811000864561422, 40.128234383622974 ], [ -74.810497397055173, 40.128126117209888 ], [ -74.810174130241705, 40.12803165028361 ], [ -74.810111996843887, 40.1280223171157 ], [ -74.810081063853573, 40.12805098412263 ], [ -74.810043797133716, 40.128051050157325 ], [ -74.809994063777793, 40.12802738348816 ], [ -74.809969063911495, 40.12799411711331 ], [ -74.8098571305636, 40.127951516749015 ], [ -74.809714129996522, 40.127913717008497 ], [ -74.809322863255375, 40.127886183674157 ], [ -74.809148863103815, 40.127862850304197 ], [ -74.808881729969983, 40.127825383871219 ], [ -74.808546063114619, 40.127745250093454 ], [ -74.808315996918125, 40.127669650361931 ], [ -74.808148129673086, 40.12762238358048 ], [ -74.808060996408983, 40.127579783778828 ], [ -74.807886863069101, 40.127508717219179 ], [ -74.807743729313685, 40.12744238364256 ], [ -74.807457596031725, 40.127323983915062 ], [ -74.807159062707868, 40.127215183790042 ], [ -74.806910196145765, 40.127091916923007 ], [ -74.806729729076338, 40.127011316848403 ], [ -74.806561796277677, 40.126935517397776 ], [ -74.806443595794377, 40.126892983997053 ], [ -74.80614506247052, 40.126774583312567 ], [ -74.805834195698949, 40.126684850004906 ], [ -74.805541861875767, 40.126566450549149 ], [ -74.805168595329704, 40.126405383517628 ], [ -74.80493219540368, 40.126301183782019 ], [ -74.804832595503498, 40.126234716954201 ], [ -74.804726928250446, 40.126220717229543 ], [ -74.804658661946121, 40.126216116955689 ], [ -74.804577862411563, 40.12619725041943 ], [ -74.804502994960473, 40.126125983509169 ], [ -74.804403261871968, 40.126035650242002 ], [ -74.804284928200346, 40.125950183680644 ], [ -74.804048461680182, 40.125841183246386 ], [ -74.803787195076168, 40.125727450256569 ], [ -74.803432727855181, 40.125599717223984 ], [ -74.803072127727674, 40.125481517172162 ], [ -74.802723927642063, 40.125368050116599 ], [ -74.802556128031739, 40.12532558336364 ], [ -74.802406927963972, 40.125292583794121 ], [ -74.802295127804399, 40.125273849871874 ], [ -74.802164794696424, 40.12529325053265 ], [ -74.802078060997303, 40.125331583211342 ], [ -74.801991461527066, 40.125412850423658 ], [ -74.801880194120812, 40.125513250010066 ], [ -74.801699927874424, 40.125470783347879 ], [ -74.801668327901908, 40.125351716630817 ], [ -74.801612194222287, 40.125289916840075 ], [ -74.801555993948469, 40.125218583736846 ], [ -74.801449993724589, 40.12511398357006 ], [ -74.801257127653798, 40.125028717145298 ], [ -74.80100219373881, 40.124943583484615 ], [ -74.800741193511513, 40.124891783664381 ], [ -74.800610793809341, 40.124877850496574 ], [ -74.800412126762325, 40.124878383572359 ], [ -74.800238194245466, 40.124864517235231 ], [ -74.799815460720168, 40.124741717122738 ], [ -74.799684793600804, 40.124675317194978 ], [ -74.799547993574947, 40.124627983089134 ], [ -74.799448327080611, 40.124556783754308 ], [ -74.799434993679839, 40.124532449918284 ], [ -74.799311527054741, 40.12450471710001 ], [ -74.799137593497363, 40.12447658326775 ], [ -74.798975993387685, 40.124438850019992 ], [ -74.798820593819258, 40.124396316648387 ], [ -74.798578193134517, 40.124334983826586 ], [ -74.798416526430685, 40.124292516428284 ], [ -74.798329459760737, 40.124259383484954 ], [ -74.79807459348045, 40.124183783059252 ], [ -74.797875660056789, 40.124127116499714 ], [ -74.797645792602253, 40.124084783435549 ], [ -74.797310393164096, 40.124052317141626 ], [ -74.797018526540612, 40.124043516509694 ], [ -74.796919193017104, 40.124043783846481 ], [ -74.796689459791438, 40.124044383763021 ], [ -74.79649699224511, 40.124044850011138 ], [ -74.796391392626759, 40.12403084983557 ], [ -74.796161659401108, 40.124021850289459 ], [ -74.795913258998183, 40.124012983615025 ], [ -74.795683459178349, 40.124004050105135 ], [ -74.795422791921865, 40.124018983578509 ], [ -74.795224259103705, 40.12405285022389 ], [ -74.794988591713519, 40.12412018325486 ], [ -74.794877058971124, 40.124168116834106 ], [ -74.794784258959666, 40.124244650566389 ], [ -74.794753392563535, 40.12428758344538 ], [ -74.794648991640173, 40.124244450064346 ], [ -74.794535725368419, 40.124197583496866 ], [ -74.7945355255859, 40.12415471659947 ], [ -74.79445872482296, 40.124132783873819 ], [ -74.794436058874069, 40.124126383711278 ], [ -74.794367791529226, 40.124136049993382 ], [ -74.794312058455105, 40.124164783882023 ], [ -74.794231458703038, 40.124193583796952 ], [ -74.794221592361055, 40.124176517241096 ], [ -74.794137658738549, 40.124031783923265 ], [ -74.79416852513468, 40.123998383515904 ], [ -74.794189059029691, 40.123984116789302 ], [ -74.794230458750008, 40.123955316785668 ], [ -74.794230258967502, 40.123907650393711 ], [ -74.79412452512031, 40.123869783161425 ], [ -74.79409165881809, 40.123861450346524 ], [ -74.793826925155315, 40.123767716651173 ], [ -74.793615458501392, 40.123691983600899 ], [ -74.793466325027808, 40.123649450557629 ], [ -74.793292258282079, 40.123602250202431 ], [ -74.793068591368794, 40.123559916811416 ], [ -74.792906991259102, 40.123526983219506 ], [ -74.792802924347129, 40.123503316566591 ], [ -74.792782724463493, 40.123498716904486 ], [ -74.792596257675868, 40.123451516444582 ], [ -74.792459658473035, 40.123447050448554 ], [ -74.792242257654578, 40.123423783185387 ], [ -74.792134390712974, 40.123420783575249 ], [ -74.791931791488537, 40.123415050102537 ], [ -74.79171452489895, 40.123434650206882 ], [ -74.791596657386492, 40.123449250427029 ], [ -74.791478790914553, 40.123473383350863 ], [ -74.791404390663189, 40.123502183558649 ], [ -74.791267924648693, 40.123521583929353 ], [ -74.791075457102366, 40.123531583675337 ], [ -74.790870790337166, 40.123518117276198 ], [ -74.790831457117079, 40.123527316597439 ], [ -74.790622257786453, 40.123532716682746 ], [ -74.790442123687825, 40.123518916905837 ], [ -74.790262057223927, 40.123505050291392 ], [ -74.790026056862885, 40.123491316547941 ], [ -74.789870790482794, 40.12347744992789 ], [ -74.789641190445451, 40.123511383677723 ], [ -74.789569369420647, 40.123516573881346 ], [ -74.791903210892812, 40.119394216900112 ], [ -74.79343032463764, 40.119929516047826 ], [ -74.795168591583234, 40.120404849707008 ], [ -74.796770992902367, 40.120841116009089 ], [ -74.797128525536081, 40.120908982940875 ], [ -74.797473193009267, 40.120965182730821 ], [ -74.798472392693114, 40.121054982468664 ], [ -74.79907972628834, 40.121131982790921 ], [ -74.800295659808427, 40.121345116312831 ], [ -74.800701993479748, 40.121436516448604 ], [ -74.801804460945576, 40.121728582944229 ], [ -74.802032660424331, 40.121777049718524 ], [ -74.802653394014484, 40.121875716134092 ], [ -74.802843594237544, 40.12192164938984 ], [ -74.8029705945156, 40.121959715828943 ], [ -74.803144661261328, 40.122041316478949 ], [ -74.803167594627382, 40.122055782530381 ], [ -74.803596461059229, 40.122327049267405 ], [ -74.803824461796012, 40.122546849880258 ], [ -74.804075061887502, 40.122617916057536 ], [ -74.804061928269249, 40.122648782961008 ], [ -74.804269128734376, 40.122702049302163 ], [ -74.804308728331122, 40.122609715964792 ], [ -74.804325261373478, 40.122589116270788 ], [ -74.804345328068777, 40.122576316450058 ], [ -74.804375928088248, 40.122575316302338 ], [ -74.804398794860163, 40.122578649332347 ], [ -74.804465528458124, 40.12259391650128 ], [ -74.80453899535064, 40.122596182547348 ], [ -74.804599128842398, 40.122601249324205 ], [ -74.804705994790439, 40.122629182630092 ], [ -74.804883262218283, 40.122687649428102 ], [ -74.805063661653008, 40.122753716324212 ], [ -74.805282062424496, 40.122823583226342 ], [ -74.805374528424608, 40.122845249828408 ], [ -74.805605195009122, 40.122913783112814 ], [ -74.805829262527965, 40.122992582698686 ], [ -74.805959728824277, 40.123043449864724 ], [ -74.806066729001188, 40.12311244999951 ], [ -74.806108795703707, 40.123137650017398 ], [ -74.806121995916143, 40.123145582706137 ], [ -74.806215596098127, 40.123178583317866 ], [ -74.806309261833746, 40.123216849558261 ], [ -74.806422995305198, 40.123280583082007 ], [ -74.806603662157173, 40.123374916575891 ], [ -74.80671739562861, 40.123423316137334 ], [ -74.806790929115294, 40.123443649830712 ], [ -74.806834328741644, 40.123451249901123 ], [ -74.806894462233416, 40.123453582753342 ], [ -74.807051328954586, 40.123453183335926 ], [ -74.807164862643546, 40.123465716448159 ], [ -74.80733192971806, 40.123498583234962 ], [ -74.807418795564971, 40.123521449464306 ], [ -74.807485728945451, 40.123549383187722 ], [ -74.807632795918792, 40.123595116400111 ], [ -74.807729729971257, 40.123630716182575 ], [ -74.807856862397102, 40.123686783236224 ], [ -74.807869596450374, 40.123693449982724 ], [ -74.807973996333189, 40.123747982973853 ], [ -74.808167996585894, 40.123842249780402 ], [ -74.808341930143271, 40.123931516613197 ], [ -74.808569396045669, 40.124028316500464 ], [ -74.808843729673754, 40.124158250054307 ], [ -74.809206597124529, 40.124305916635763 ], [ -74.809393863042132, 40.124395049987619 ], [ -74.809607929990136, 40.124471382963094 ], [ -74.809815263643586, 40.12456058293175 ], [ -74.810082663154091, 40.124649516244574 ], [ -74.810396863796157, 40.124738316569612 ], [ -74.810891530467075, 40.124865183182308 ], [ -74.811032330305054, 40.124907183185009 ], [ -74.811070397195451, 40.124921049513453 ], [ -74.811187396902668, 40.124969449565413 ], [ -74.811346397758768, 40.125008383130357 ], [ -74.811489597067819, 40.125040716096883 ], [ -74.811892464720842, 40.125141183066027 ], [ -74.812262597178957, 40.125242916531654 ], [ -74.812501730587428, 40.125304783198025 ], [ -74.8127359308249, 40.125369583295168 ], [ -74.813116730836043, 40.125475449709313 ], [ -74.813133531295591, 40.125479116761092 ], [ -74.813215997765397, 40.1254969165592 ], [ -74.813540197937726, 40.125566916694389 ], [ -74.814177331381885, 40.125648583029928 ], [ -74.814542198738692, 40.125711383391796 ], [ -74.815048864846005, 40.125798583124073 ], [ -74.815050398592902, 40.125801183225668 ], [ -74.815059798775721, 40.125817916802617 ], [ -74.815063198199795, 40.125823916606805 ], [ -74.815077732376608, 40.125903716896488 ], [ -74.815077932159113, 40.125947250218729 ], [ -74.815075731430028, 40.125978116406159 ], [ -74.815073465147307, 40.126007116845294 ], [ -74.81509253188959, 40.126032450250378 ], [ -74.815094932401166, 40.12604338289146 ], [ -74.815094998995335, 40.12606144987069 ], [ -74.815095065589503, 40.126081450205234 ], [ -74.815102265043222, 40.126092316801902 ], [ -74.815462865170716, 40.126154850220964 ], [ -74.815522065303611, 40.126161982959033 ], [ -74.815616665438625, 40.126174383498871 ], [ -74.815642598663814, 40.126183316723569 ], [ -74.81565953231167, 40.126191782917992 ], [ -74.815713799273567, 40.126199516345331 ], [ -74.816013865303788, 40.126222316425363 ], [ -74.816058665488711, 40.126223716716133 ], [ -74.81656579879575, 40.126240716721604 ], [ -74.816828132987453, 40.126252650218461 ], [ -74.8169569989427, 40.126270516646045 ], [ -74.817313865634745, 40.126285849817933 ], [ -74.817600932275568, 40.126279583522098 ], [ -74.817627999682614, 40.126274182859355 ], [ -74.817642599413091, 40.126262916890816 ], [ -74.817651199425342, 40.126240383357029 ], [ -74.817659866031789, 40.126234116261365 ], [ -74.817874866338656, 40.126226249969442 ], [ -74.817875999480023, 40.126226116305332 ], [ -74.817930932383589, 40.126222383257414 ], [ -74.818188199175466, 40.126212983008976 ], [ -74.818660066709199, 40.126218516545137 ], [ -74.819053133573917, 40.126220116536587 ], [ -74.819490932988856, 40.126204983050513 ], [ -74.81967546646456, 40.126193183209445 ], [ -74.820009466384718, 40.126158516440462 ], [ -74.820129533585728, 40.126144716400987 ], [ -74.820281933295078, 40.126121783426242 ], [ -74.820431199957014, 40.126101116373015 ], [ -74.820504467067039, 40.126087383154022 ], [ -74.820625867191907, 40.126044316155927 ], [ -74.820703733461542, 40.126016049296318 ], [ -74.820719467373877, 40.126010316042525 ], [ -74.820786427441675, 40.125978596370715 ], [ -74.818573380605514, 40.129890693772474 ], [ -74.818521466559787, 40.129886850331026 ], [ -74.818408866229674, 40.129896450556743 ], [ -74.818404799823398, 40.129895383688279 ], [ -74.818383267015889, 40.129889984108338 ], [ -74.818304599535196, 40.129878983666252 ], [ -74.818140066160609, 40.129856983572338 ], [ -74.818111466047199, 40.129845983920454 ], [ -74.818004066305292, 40.129796584116789 ], [ -74.817989799545643, 40.129725184140639 ], [ -74.818129066677272, 40.129616250223705 ], [ -74.818184666563042, 40.129558917518047 ], [ -74.818147200060679, 40.129516116852372 ], [ -74.818097466704771, 40.129501984145925 ], [ -74.817985799733535, 40.129526117307726 ], [ -74.817930266441934, 40.129597784012418 ], [ -74.817757733443102, 40.12988418355723 ], [ -74.817702533122343, 40.13002731724211 ], [ -74.817616599593748, 40.130237250927891 ], [ -74.817604733345732, 40.130365984030504 ], [ -74.817611400046104, 40.130451783952708 ], [ -74.817625066417705, 40.130723383943703 ], [ -74.817626199559058, 40.130975983984634 ], [ -74.817571466437983, 40.131219251153453 ], [ -74.817541132795199, 40.13136705116608 ], [ -74.817424399464642, 40.131643851233711 ], [ -74.817350865977943, 40.131844183954932 ], [ -74.81722146622883, 40.132068584700647 ], [ -74.817123199252507, 40.132297584567979 ], [ -74.817049199606657, 40.132407451342274 ], [ -74.816981266273174, 40.132479117395455 ], [ -74.816888399667548, 40.132541317969547 ], [ -74.816832599999273, 40.132555784173199 ], [ -74.816745599923493, 40.132546450831008 ], [ -74.81667753236114, 40.132599117531086 ], [ -74.816646799153318, 40.132670651321774 ], [ -74.816615999351342, 40.132718384759038 ], [ -74.816628799998767, 40.132799384588679 ], [ -74.816647665918012, 40.132856518061985 ], [ -74.816691399555751, 40.132908851189924 ], [ -74.816728799463931, 40.132942117545937 ], [ -74.816772333319179, 40.132951517659272 ], [ -74.816820781765074, 40.13298848619791 ], [ -74.816629862210931, 40.133325925809039 ] ] ] } },
{ "type": "Feature", "properties": { "cell_id": "gis-hydro-009", "station_m": 18673.993, "center_x_m": 514654.358, "center_y_m": 4441284.648, "length_m": 2196.94, "width_m": 455.436, "area_m2": 1000566.155, "cross_section_source": "synthetic-boundary-width", "mean_depth_m": 0.521052, "mean_velocity_ms": 0.584993, "mean_water_surface_m": 3.870298, "flow_area_m2": 142.223938, "hydraulic_radius_m": 0.52104 }, "geometry": { "type": "Polygon", "coordinates": [ [ [ -74.834848303046257, 40.113064140238436 ], [ -74.834837471238671, 40.11308304658538 ], [ -74.834659537869157, 40.113481646795719 ], [ -74.83462867043248, 40.113550713133584 ], [ -74.834593070647855, 40.113715779900893 ], [ -74.834568004187389, 40.113832113649728 ], [ -74.834390004223721, 40.114242513774315 ], [ -74.834199137018445, 40.11456237988687 ], [ -74.834063604362825, 40.114777247259497 ], [ -74.833934604178708, 40.1150635803317 ], [ -74.833817804253982, 40.115292713878347 ], [ -74.833664070580241, 40.115598180837466 ], [ -74.833510336906485, 40.115894114247794 ], [ -74.833362870368134, 40.116204380778584 ], [ -74.833338404295688, 40.116275914316425 ], [ -74.833350937525921, 40.116299713985867 ], [ -74.833351070714258, 40.116328314319858 ], [ -74.833203537581724, 40.116633780605802 ], [ -74.833099070064193, 40.116848580958084 ], [ -74.833055870220335, 40.116901114202719 ], [ -74.833012803564785, 40.116982247465678 ], [ -74.832957536649857, 40.117106314067122 ], [ -74.832932937389089, 40.117154047294044 ], [ -74.832883403815671, 40.117178047179017 ], [ -74.83285880351437, 40.117220980541852 ], [ -74.832866004008636, 40.117425914465322 ], [ -74.832860137478789, 40.117502181263333 ], [ -74.832848003813552, 40.117554647958151 ], [ -74.832972536985849, 40.117630581204907 ], [ -74.83278740416263, 40.117808780948913 ], [ -74.832416403899288, 40.118165981115702 ], [ -74.83233033718237, 40.118337781136233 ], [ -74.832274870484937, 40.118428514530351 ], [ -74.83219493667454, 40.118576514227591 ], [ -74.832158003966057, 40.118643314783299 ], [ -74.832096270133263, 40.118719781529819 ], [ -74.831966870384107, 40.118920314664919 ], [ -74.831868337031139, 40.119087447571339 ], [ -74.831671070542683, 40.1193739813123 ], [ -74.831480737131287, 40.119812981075007 ], [ -74.831382470154978, 40.120022981316851 ], [ -74.831314670009803, 40.120128048430409 ], [ -74.831185070478185, 40.120290447995977 ], [ -74.831062402983079, 40.120600581479877 ], [ -74.831037870316493, 40.120657848538229 ], [ -74.830988536525567, 40.120719981952952 ], [ -74.830827003010086, 40.1207061147676 ], [ -74.830796670407807, 40.120844448328413 ], [ -74.830852669858587, 40.120877648182002 ], [ -74.830785869666443, 40.121182848166313 ], [ -74.830669536941414, 40.121512048318579 ], [ -74.830516403655722, 40.121946181486479 ], [ -74.830442736980686, 40.122113248871287 ], [ -74.83041180294984, 40.122146715449645 ], [ -74.830349802740344, 40.122156382013209 ], [ -74.830208202731853, 40.122409382283408 ], [ -74.830017269972942, 40.122724515582 ], [ -74.829924869526465, 40.122872515476153 ], [ -74.829721736508176, 40.123230581765867 ], [ -74.829567736457761, 40.123478848683916 ], [ -74.829530736114577, 40.12353618253961 ], [ -74.829370603157642, 40.123808248565624 ], [ -74.829258669809747, 40.123775249055214 ], [ -74.829129270060633, 40.123975782397153 ], [ -74.829241270002697, 40.124027915495155 ], [ -74.829081403422435, 40.124347648852726 ], [ -74.828951403285274, 40.124429049317662 ], [ -74.828914203159599, 40.124429182189687 ], [ -74.82885846904496, 40.124462716053003 ], [ -74.828821469742309, 40.124524782339371 ], [ -74.828784669181616, 40.124610649307726 ], [ -74.828723402548491, 40.124782382123456 ], [ -74.828711135694931, 40.124811048905464 ], [ -74.828587869892857, 40.124997249027381 ], [ -74.828390469175545, 40.125269516070325 ], [ -74.82835860282637, 40.12532718258047 ], [ -74.828316203153008, 40.125307849558041 ], [ -74.828294669304995, 40.125335516011361 ], [ -74.828242135872472, 40.125403382434811 ], [ -74.82828566972772, 40.125427116054809 ], [ -74.828298202957953, 40.125446115674848 ], [ -74.828292135605082, 40.125479516166585 ], [ -74.828248869167027, 40.125522515894112 ], [ -74.828205536134817, 40.12554171598569 ], [ -74.8281560025614, 40.125570449280197 ], [ -74.82797686945635, 40.125756849410919 ], [ -74.827464002807858, 40.126277783036031 ], [ -74.827328069546681, 40.126421116059078 ], [ -74.826963335378196, 40.126751049862051 ], [ -74.82690760230409, 40.126784582580058 ], [ -74.82678993561467, 40.126837316598362 ], [ -74.826678669248963, 40.126937716467751 ], [ -74.826554935206659, 40.127033383103445 ], [ -74.826406335526926, 40.127119582650231 ], [ -74.826387669390186, 40.127110116490343 ], [ -74.826239535869618, 40.127296449546229 ], [ -74.826140468722784, 40.12735865008964 ], [ -74.82604173558731, 40.127482849717737 ], [ -74.825992468390552, 40.127564049914291 ], [ -74.825967869129798, 40.127626049720881 ], [ -74.825943601799324, 40.127740516261618 ], [ -74.825919268915229, 40.127850183546151 ], [ -74.825919535291902, 40.127902650211723 ], [ -74.825938335657526, 40.127935916631337 ], [ -74.825857869093781, 40.127993383571024 ], [ -74.825758735352778, 40.128036516164542 ], [ -74.825560402317123, 40.128108583034248 ], [ -74.825393135460132, 40.128180516962907 ], [ -74.82528780221844, 40.12822851689603 ], [ -74.825176201841373, 40.128262183340873 ], [ -74.825064534870123, 40.128291116771145 ], [ -74.824946668398198, 40.128305716743945 ], [ -74.824853535415912, 40.128310716265261 ], [ -74.824741735256339, 40.128301516795709 ], [ -74.82459913529479, 40.128344849683586 ], [ -74.824518467908064, 40.128354582991413 ], [ -74.824450201603696, 40.128354783481356 ], [ -74.824140534567661, 40.128522450110481 ], [ -74.824016601783384, 40.128584783191521 ], [ -74.823967201398304, 40.128637316915416 ], [ -74.823905601794351, 40.128742383445775 ], [ -74.823887601599282, 40.128871116992904 ], [ -74.823900735217535, 40.129018783679577 ], [ -74.823913534824428, 40.129104583711261 ], [ -74.823823201918728, 40.129149650463681 ], [ -74.823721534477798, 40.129200450171446 ], [ -74.823622134360122, 40.129191183197563 ], [ -74.823504068105706, 40.129181983847175 ], [ -74.823367401268172, 40.129163250201216 ], [ -74.823255534514445, 40.129139783611329 ], [ -74.823081401174548, 40.129073516864523 ], [ -74.823045267596058, 40.129063116958129 ], [ -74.822901068333977, 40.129021583350386 ], [ -74.82281393506986, 40.128978916800619 ], [ -74.822726800765224, 40.128941050006468 ], [ -74.822683201356355, 40.128907850112633 ], [ -74.822615001646184, 40.128922317089703 ], [ -74.822478601185338, 40.128970316499 ], [ -74.822367000808256, 40.128999250423426 ], [ -74.822261667566565, 40.129056717259722 ], [ -74.822235467964745, 40.129136183586233 ], [ -74.822206601474662, 40.129223717048667 ], [ -74.822175734037984, 40.129261917035116 ], [ -74.822052001036241, 40.12935758358207 ], [ -74.821680200602358, 40.129515917161513 ], [ -74.821636867570163, 40.129549383277933 ], [ -74.821426334275102, 40.129659583864665 ], [ -74.821259267200602, 40.129788717441571 ], [ -74.821079600301687, 40.129875050333496 ], [ -74.820984933572518, 40.129902250311225 ], [ -74.820966267435779, 40.129911716877857 ], [ -74.82087493353653, 40.129928050063555 ], [ -74.82076933391815, 40.129914050303995 ], [ -74.820688266966386, 40.129847516998034 ], [ -74.820594666784402, 40.129742916793859 ], [ -74.820457134222693, 40.129543117282893 ], [ -74.820432000127539, 40.129485983410945 ], [ -74.820425600844345, 40.129438383748017 ], [ -74.820363133435166, 40.129357516753089 ], [ -74.820307067390232, 40.129319517307366 ], [ -74.82026973407622, 40.129300584007829 ], [ -74.82025120008727, 40.129319716998864 ], [ -74.820251333275607, 40.129357183403748 ], [ -74.820251467504463, 40.129381649966192 ], [ -74.820270600840914, 40.129495983870733 ], [ -74.820258733552365, 40.129605650709777 ], [ -74.820240867586151, 40.129767717360366 ], [ -74.820235067650444, 40.129858316959755 ], [ -74.820235600403777, 40.129972716890848 ], [ -74.820235999968787, 40.130048917106706 ], [ -74.820279800200694, 40.130129850107309 ], [ -74.82029260084812, 40.13021085063523 ], [ -74.820274334276363, 40.130287184240238 ], [ -74.820256267487125, 40.130401584245064 ], [ -74.820256733646289, 40.130506450746985 ], [ -74.820232267573871, 40.130587516858306 ], [ -74.820207733866738, 40.130644784255331 ], [ -74.820121200990656, 40.130726050684572 ], [ -74.820022333626312, 40.130831183996023 ], [ -74.819935867344412, 40.13093151750337 ], [ -74.819805466601736, 40.131016783684011 ], [ -74.819792999965657, 40.131087183872019 ], [ -74.819757200398541, 40.131131117224683 ], [ -74.819743000233075, 40.131147583771785 ], [ -74.819657066704508, 40.131202517315074 ], [ -74.819599799883505, 40.131213517542939 ], [ -74.819519534142799, 40.131219983865385 ], [ -74.819348133244802, 40.131395451045556 ], [ -74.819323533984047, 40.131433650607065 ], [ -74.81929060004714, 40.131448183873395 ], [ -74.819193400658563, 40.131491183803099 ], [ -74.819019933260336, 40.131577450888017 ], [ -74.818834000266605, 40.13165898430448 ], [ -74.818734999713911, 40.13172598441929 ], [ -74.818685467181027, 40.131769050999779 ], [ -74.818685733557686, 40.131813983923486 ], [ -74.818685866746037, 40.131850051165301 ], [ -74.818698533164593, 40.131897717556846 ], [ -74.81868633394572, 40.131954917819058 ], [ -74.81860593293564, 40.132012317716622 ], [ -74.818545533067208, 40.132062584652026 ], [ -74.818525733789116, 40.132126917683159 ], [ -74.818483000104408, 40.132284317997012 ], [ -74.818470999627507, 40.132374917424023 ], [ -74.818444973580682, 40.132405110242274 ], [ -74.818048164975608, 40.132248162307668 ], [ -74.818047999725522, 40.132214051110282 ], [ -74.818096666534231, 40.131989917354908 ], [ -74.818157799979019, 40.131789584267686 ], [ -74.818176866721302, 40.131717584149655 ], [ -74.818190266716229, 40.131696917206646 ], [ -74.818204666664201, 40.131669517467081 ], [ -74.818233266777597, 40.131598117867313 ], [ -74.818240266448811, 40.131581583807026 ], [ -74.818254666396768, 40.131532117642401 ], [ -74.818265533732301, 40.131479384084123 ], [ -74.818286600380659, 40.131450784554488 ], [ -74.818335400377691, 40.13126005070675 ], [ -74.818347133437399, 40.131107450832388 ], [ -74.818414800394237, 40.130983384321894 ], [ -74.818488933228409, 40.130892584148626 ], [ -74.818618866771402, 40.130801717026465 ], [ -74.818718000512405, 40.130744250870002 ], [ -74.818730199731277, 40.130701317295397 ], [ -74.818735866478619, 40.130586916999526 ], [ -74.818605133805633, 40.130510983902653 ], [ -74.818499200175921, 40.130439783569543 ], [ -74.818424266130677, 40.130339917132375 ], [ -74.818411533117953, 40.130277984242596 ], [ -74.818401266170426, 40.130204183732353 ], [ -74.818419199771355, 40.130186517231998 ], [ -74.818423199583478, 40.13011111751814 ], [ -74.818441666978245, 40.130082517412745 ], [ -74.818497666429025, 40.130101383666293 ], [ -74.81851926687122, 40.130137116880292 ], [ -74.818584866287296, 40.130163117028019 ], [ -74.818640733590271, 40.130162984167185 ], [ -74.818690199528987, 40.130110383998684 ], [ -74.818702266600056, 40.130043650400033 ], [ -74.81862733359533, 40.129953317565636 ], [ -74.818583599957606, 40.129891450356475 ], [ -74.818521466559787, 40.129886850331026 ], [ -74.818408866229674, 40.129896450556743 ], [ -74.818404799823398, 40.129895383688279 ], [ -74.818383267015889, 40.129889984108338 ], [ -74.818304599535196, 40.129878983666252 ], [ -74.818140066160609, 40.129856983572338 ], [ -74.818111466047199, 40.129845983920454 ], [ -74.818004066305292, 40.129796584116789 ], [ -74.817989799545643, 40.129725184140639 ], [ -74.818129066677272, 40.129616250223705 ], [ -74.818184666563042, 40.129558917518047 ], [ -74.818147200060679, 40.129516116852372 ], [ -74.818097466704771, 40.129501984145925 ], [ -74.817985799733535, 40.129526117307726 ], [ -74.817930266441934, 40.129597784012418 ], [ -74.817757733443102, 40.12988418355723 ], [ -74.817702533122343, 40.13002731724211 ], [ -74.817616599593748, 40.130237250927891 ], [ -74.817604733345732, 40.130365984030504 ], [ -74.817611400046104, 40.130451783952708 ], [ -74.817625066417705, 40.130723383943703 ], [ -74.817626199559058, 40.130975983984634 ], [ -74.817571466437983, 40.131219251153453 ], [ -74.817541132795199, 40.13136705116608 ], [ -74.817424399464642, 40.131643851233711 ], [ -74.817350865977943, 40.131844183954932 ], [ -74.817290682256854, 40.131948552767888 ], [ -74.815200995672328, 40.131121973050199 ], [ -74.818494106767119, 40.126216570571302 ], [ -74.818660066709199, 40.126218516545137 ], [ -74.819053133573917, 40.126220116536587 ], [ -74.819490932988856, 40.126204983050513 ], [ -74.81967546646456, 40.126193183209445 ], [ -74.820009466384718, 40.126158516440462 ], [ -74.820129533585728, 40.126144716400987 ], [ -74.820281933295078, 40.126121783426242 ], [ -74.820431199957014, 40.126101116373015 ], [ -74.820504467067039, 40.126087383154022 ], [ -74.820625867191907, 40.126044316155927 ], [ -74.820703733461542, 40.126016049296318 ], [ -74.820719467373877, 40.126010316042525 ], [ -74.820862733277096, 40.125942449429346 ], [ -74.821052800311847, 40.125840649382518 ], [ -74.821137534104892, 40.125786449845599 ], [ -74.8211872674608, 40.125770516659777 ], [ -74.821240000675814, 40.125765849522928 ], [ -74.821283934096044, 40.125765716653561 ], [ -74.821313266745292, 40.125756716541495 ], [ -74.821510467680127, 40.125627916628432 ], [ -74.821808600398455, 40.125449316489728 ], [ -74.821945867624009, 40.125370183200005 ], [ -74.822170934055364, 40.125218849477797 ], [ -74.822489667262857, 40.125010449391837 ], [ -74.822833200554115, 40.124749182585369 ], [ -74.823785268216682, 40.12387931581128 ], [ -74.823932267555335, 40.123744515536558 ], [ -74.823990334546878, 40.123686315394359 ], [ -74.824068934392884, 40.123591248742756 ], [ -74.825048268204441, 40.122310115119149 ], [ -74.825585267954551, 40.121554848454252 ], [ -74.82570126874927, 40.121388448861104 ], [ -74.825766134589003, 40.121301248246063 ], [ -74.825824001798026, 40.121198315364033 ], [ -74.82589366866091, 40.121050581560965 ], [ -74.826235335234472, 40.12033791481916 ], [ -74.826565734907504, 40.119783514898948 ], [ -74.826633868023492, 40.119693715073218 ], [ -74.826685135126311, 40.119638181821934 ], [ -74.826723734770027, 40.119606514671659 ], [ -74.826739801653218, 40.119593181172192 ], [ -74.826801602080209, 40.11956144795807 ], [ -74.826875202161048, 40.119532248231877 ], [ -74.826933335746745, 40.119492515036612 ], [ -74.826988002273652, 40.11943438127598 ], [ -74.827045868442156, 40.119326115170317 ], [ -74.827086602220788, 40.119220648170966 ], [ -74.827106802104439, 40.119149381108386 ], [ -74.827241201618705, 40.118898581564181 ], [ -74.827523535911567, 40.11837038145147 ], [ -74.827654669190082, 40.118125114820231 ], [ -74.827736335489348, 40.117977314660969 ], [ -74.827780468692069, 40.117890181285674 ], [ -74.827954269061138, 40.117612447531798 ], [ -74.828153668643978, 40.117293514031495 ], [ -74.828201268905488, 40.117201114465402 ], [ -74.828214802088766, 40.117156247476188 ], [ -74.828214668900429, 40.117132580992781 ], [ -74.828208468359207, 40.117091247780429 ], [ -74.828207536040878, 40.117085114319181 ], [ -74.828179735057461, 40.117027247456193 ], [ -74.828169201733303, 40.116966581172584 ], [ -74.828169068544966, 40.116940247341567 ], [ -74.828172335821264, 40.116895447817178 ], [ -74.828185802410346, 40.116845314488494 ], [ -74.828223335506877, 40.116797780772991 ], [ -74.828243468796344, 40.116772247381405 ], [ -74.828390402581377, 40.116586447267096 ], [ -74.828457802120994, 40.11650104760438 ], [ -74.828521868830734, 40.116419980608995 ], [ -74.828533935901774, 40.116394047616616 ], [ -74.828552402256022, 40.116353980765957 ], [ -74.828582869087185, 40.116253780910803 ], [ -74.828613668889133, 40.1161205808652 ], [ -74.828624935789676, 40.116029914416551 ], [ -74.828639202549311, 40.115956980913374 ], [ -74.828693335282352, 40.115816714101747 ], [ -74.828762201974712, 40.115710047249209 ], [ -74.828814602218898, 40.115618781058039 ], [ -74.828933069078843, 40.11538731388962 ], [ -74.829039735244407, 40.115169780297798 ], [ -74.829114669289638, 40.115030980818375 ], [ -74.829227201985034, 40.114891913682833 ], [ -74.829306069248233, 40.114783780397232 ], [ -74.829369402381573, 40.114672913521467 ], [ -74.829394602030391, 40.114608446995625 ], [ -74.829410668913553, 40.114531313556292 ], [ -74.829437668685912, 40.114458446881002 ], [ -74.829504535472239, 40.11430544721901 ], [ -74.829616669643158, 40.114108980343914 ], [ -74.829703402301732, 40.113922380372202 ], [ -74.829780802412202, 40.113721846821704 ], [ -74.829849669104561, 40.113606780541737 ], [ -74.829913002237916, 40.113505713229813 ], [ -74.829939069691932, 40.11343271335793 ], [ -74.830002402825286, 40.11330371343638 ], [ -74.830069203017416, 40.11316624704623 ], [ -74.830196002472434, 40.11297531308567 ], [ -74.830236535428057, 40.112901247100822 ], [ -74.83029593638399, 40.112815846789125 ], [ -74.830323736326861, 40.112745513622976 ], [ -74.83034106953977, 40.112696780191598 ], [ -74.830356536034913, 40.112621046746582 ], [ -74.830411669761503, 40.11236698031292 ], [ -74.830442735940139, 40.112250713291004 ], [ -74.830572469700641, 40.111793780155026 ], [ -74.83061060214466, 40.111674846256676 ], [ -74.830641735957997, 40.111566646579917 ], [ -74.830658935982541, 40.111469313277517 ], [ -74.83066790463819, 40.111410859696562 ], [ -74.834848303046257, 40.113064140238436 ] ] ] } },
{ "type": "Feature", "properties": { "cell_id": "gis-hydro-010", "station_m": 20870.933, "center_x_m": 514007.892, "center_y_m": 4439317.793, "length_m": 2196.94, "width_m": 544.505, "area_m2": 1196245.207, "cross_section_source": "synthetic-boundary-width", "mean_depth_m": 0.481393, "mean_velocity_ms": 0.554922, "mean_water_surface_m": 1.610304, "flow_area_m2": 149.930348, "hydraulic_radius_m": 0.481385 }, "geometry": { "type": "Polygon", "coordinates": [ [ [ -74.844073628378339, 40.09962763249171 ], [ -74.844056205751471, 40.099601110130187 ], [ -74.843913672384105, 40.099649243261211 ], [ -74.843898872871151, 40.099686109965923 ], [ -74.843883005770465, 40.099725576953496 ], [ -74.843870739957438, 40.099754177093729 ], [ -74.843393539687696, 40.099898576855708 ], [ -74.843375072292929, 40.099912976779855 ], [ -74.843164272621209, 40.099961243406 ], [ -74.843154739250082, 40.099949443786258 ], [ -74.843114272888641, 40.099899443621027 ], [ -74.84296573876253, 40.099976110525994 ], [ -74.842964206056166, 40.100036843700245 ], [ -74.8429605392149, 40.100185844101638 ], [ -74.842739472595667, 40.100302443748014 ], [ -74.842669605950277, 40.100339244037237 ], [ -74.842618472035781, 40.100354376912748 ], [ -74.842539472624793, 40.100377777029202 ], [ -74.842471339508805, 40.100401777262753 ], [ -74.842421672747037, 40.100397176833916 ], [ -74.842365805444061, 40.100397310548814 ], [ -74.8422544724842, 40.100469177488613 ], [ -74.842198671775392, 40.100483644149378 ], [ -74.842093472762571, 40.100550643946292 ], [ -74.841895539291926, 40.100684710995289 ], [ -74.841674739049381, 40.100846110361452 ], [ -74.841672938925825, 40.100847377460823 ], [ -74.841629672487784, 40.100885644329018 ], [ -74.841623605134913, 40.100919044150324 ], [ -74.841500071915647, 40.10102904440874 ], [ -74.841345338288846, 40.10112004364877 ], [ -74.841264938319284, 40.101177444110846 ], [ -74.841209471621852, 40.101249110452713 ], [ -74.841067205671678, 40.10134484427239 ], [ -74.840931339004669, 40.101493044308441 ], [ -74.840844871682236, 40.101574310563173 ], [ -74.840609872314758, 40.101746577510582 ], [ -74.840307204949923, 40.102028644483966 ], [ -74.840134071563057, 40.102162644152628 ], [ -74.839991938801219, 40.102286977354289 ], [ -74.839874205517631, 40.102330177988932 ], [ -74.839738405444805, 40.102478377470455 ], [ -74.839478604953001, 40.102660244608607 ], [ -74.839404538712984, 40.102736711020825 ], [ -74.839361471016915, 40.102813111287865 ], [ -74.839305937725314, 40.102879977468554 ], [ -74.839206938213167, 40.102942244122666 ], [ -74.839083070982539, 40.102999777553144 ], [ -74.839095805035797, 40.103056911397736 ], [ -74.839139471038834, 40.103109244384562 ], [ -74.839189471811949, 40.103171044437595 ], [ -74.839195937689311, 40.103232978143858 ], [ -74.839165271075672, 40.10330457785355 ], [ -74.839066404751847, 40.103385911186649 ], [ -74.83894887125075, 40.103476777544948 ], [ -74.838856471844849, 40.103605777799146 ], [ -74.838813471783453, 40.103701178011164 ], [ -74.838789137858839, 40.103806111165724 ], [ -74.838801871912096, 40.103868044293804 ], [ -74.838826938372563, 40.103915644349591 ], [ -74.838827071560885, 40.103934711263378 ], [ -74.838721938101713, 40.104020777734988 ], [ -74.83864793845585, 40.104111577983296 ], [ -74.838617338436379, 40.104206978281944 ], [ -74.838499671746945, 40.104254978426667 ], [ -74.838431604184592, 40.104302844830258 ], [ -74.838289870987737, 40.104498711291271 ], [ -74.838196937787941, 40.104532311490814 ], [ -74.838166271174302, 40.104608644479917 ], [ -74.838012004747227, 40.104790244877812 ], [ -74.837802271622735, 40.105062511655923 ], [ -74.837728137747987, 40.105124711847274 ], [ -74.83767240467391, 40.105158244884869 ], [ -74.837629204830037, 40.105205978539253 ], [ -74.837673271438618, 40.105334578378297 ], [ -74.837624538035712, 40.105515844963875 ], [ -74.837501404381442, 40.105716378037606 ], [ -74.837359471402095, 40.105888378230816 ], [ -74.837322537653066, 40.105955178516261 ], [ -74.837273404685178, 40.106050645468962 ], [ -74.837187271374106, 40.106217712114905 ], [ -74.837107270969526, 40.106346645095229 ], [ -74.837051671083756, 40.106413511782137 ], [ -74.836971137925886, 40.10644237890461 ], [ -74.836897004051139, 40.106504511778738 ], [ -74.836816604081591, 40.106561978528632 ], [ -74.836730204393845, 40.10666704495231 ], [ -74.836668537155191, 40.106753045095232 ], [ -74.836631937417536, 40.106881844950415 ], [ -74.836576404125935, 40.106953511650055 ], [ -74.83653960460579, 40.107034645638819 ], [ -74.836527470940553, 40.107091845333201 ], [ -74.836441204441144, 40.10722551191725 ], [ -74.836404270692114, 40.107292378536123 ], [ -74.836337070934974, 40.107502312392782 ], [ -74.836288470720419, 40.107716912385975 ], [ -74.836251804388596, 40.107836178701724 ], [ -74.836196470879486, 40.107945979163581 ], [ -74.836166004048351, 40.108060445413237 ], [ -74.836147937259099, 40.108174845416308 ], [ -74.836142203917589, 40.108270178737833 ], [ -74.836173670701754, 40.10835111219891 ], [ -74.836229870975544, 40.108431978714201 ], [ -74.836261204571414, 40.108489111975736 ], [ -74.836298671073749, 40.108531912350209 ], [ -74.836292804543902, 40.108593845950878 ], [ -74.836268137648446, 40.108636846011684 ], [ -74.836268470619274, 40.108698778720957 ], [ -74.836324537704741, 40.108741512114257 ], [ -74.836355738112246, 40.108779578769514 ], [ -74.836349803947698, 40.108832045827356 ], [ -74.836202270815164, 40.109118379259712 ], [ -74.836171537607356, 40.109189979141668 ], [ -74.836131871416441, 40.109181978771765 ], [ -74.836078338030902, 40.109171179504486 ], [ -74.835956204329662, 40.109571912345857 ], [ -74.836000071155723, 40.109571112552153 ], [ -74.835970404495129, 40.109723845921998 ], [ -74.835969404542098, 40.109729179459535 ], [ -74.835969003936583, 40.109741712714005 ], [ -74.83596407076557, 40.109915046057417 ], [ -74.836057203747885, 40.10991957899455 ], [ -74.836051204029687, 40.109962446112746 ], [ -74.836020470821879, 40.110024512902655 ], [ -74.836020938021576, 40.110110313031903 ], [ -74.836021204398236, 40.110167512527383 ], [ -74.835973003748691, 40.110463113049086 ], [ -74.835925337933531, 40.110873179372959 ], [ -74.835875870954268, 40.11090664591292 ], [ -74.83584513774646, 40.110968712636975 ], [ -74.835568404647319, 40.111508112922131 ], [ -74.835513137732377, 40.111622646389961 ], [ -74.835487003684179, 40.111627780035185 ], [ -74.835485803948657, 40.111630779369783 ], [ -74.835281537788987, 40.11209384671708 ], [ -74.83531067065573, 40.112109379645133 ], [ -74.835009804454998, 40.112782246702331 ], [ -74.834837471238671, 40.11308304658538 ], [ -74.834659537869157, 40.113481646795719 ], [ -74.83462867043248, 40.113550713133584 ], [ -74.834593070647855, 40.113715779900893 ], [ -74.834568004187389, 40.113832113649728 ], [ -74.834390004223721, 40.114242513774315 ], [ -74.834199137018445, 40.11456237988687 ], [ -74.834063604362825, 40.114777247259497 ], [ -74.833934604178708, 40.1150635803317 ], [ -74.833817804253982, 40.115292713878347 ], [ -74.833664070580241, 40.115598180837466 ], [ -74.833510336906485, 40.115894114247794 ], [ -74.833455374135895, 40.116009755129348 ], [ -74.829315567922194, 40.114767152660022 ], [ -74.829369402381573, 40.114672913521467 ], [ -74.829394602030391, 40.114608446995625 ], [ -74.829410668913553, 40.114531313556292 ], [ -74.829437668685912, 40.114458446881002 ], [ -74.829504535472239, 40.11430544721901 ], [ -74.829616669643158, 40.114108980343914 ], [ -74.829703402301732, 40.113922380372202 ], [ -74.829780802412202, 40.113721846821704 ], [ -74.829849669104561, 40.113606780541737 ], [ -74.829913002237916, 40.113505713229813 ], [ -74.829939069691932, 40.11343271335793 ], [ -74.830002402825286, 40.11330371343638 ], [ -74.830069203017416, 40.11316624704623 ], [ -74.830196002472434, 40.11297531308567 ], [ -74.830236535428057, 40.112901247100822 ], [ -74.83029593638399, 40.112815846789125 ], [ -74.830323736326861, 40.112745513622976 ], [ -74.83034106953977, 40.112696780191598 ], [ -74.830356536034913, 40.112621046746582 ], [ -74.830411669761503, 40.11236698031292 ], [ -74.830442735940139, 40.112250713291004 ], [ -74.830572469700641, 40.111793780155026 ], [ -74.83061060214466, 40.111674846256676 ], [ -74.830641735957997, 40.111566646579917 ], [ -74.830658935982541, 40.111469313277517 ], [ -74.830675936224594, 40.111358513415745 ], [ -74.830704736120495, 40.111126113397972 ], [ -74.830770002565757, 40.110434312888941 ], [ -74.830783535749006, 40.110326246525659 ], [ -74.830793736102336, 40.110269445862698 ], [ -74.830760269412124, 40.110230312864189 ], [ -74.830828602310618, 40.110188312549056 ], [ -74.830852936235232, 40.110120645806475 ], [ -74.830866602606818, 40.110063912615566 ], [ -74.830866402824327, 40.110012579740655 ], [ -74.83085546889464, 40.10993431262969 ], [ -74.830833869492949, 40.109834312614254 ], [ -74.830833669710472, 40.109791112765869 ], [ -74.830837002540378, 40.109734379300114 ], [ -74.830873335901373, 40.109620846174025 ], [ -74.830911602574247, 40.109518046019687 ], [ -74.830939335922977, 40.109428846211991 ], [ -74.830956336165031, 40.109315312575959 ], [ -74.830966402289505, 40.109207179177645 ], [ -74.830963469024567, 40.108977579467599 ], [ -74.830966468883659, 40.108880312492524 ], [ -74.830976735831172, 40.108804579572734 ], [ -74.831001002121084, 40.108737045947912 ], [ -74.831039469617011, 40.108682845509847 ], [ -74.831088402802408, 40.108628645824503 ], [ -74.831155069806215, 40.108574512149524 ], [ -74.831214602909938, 40.108531112544256 ], [ -74.831253202553654, 40.108487778964999 ], [ -74.831277536478296, 40.108441779334896 ], [ -74.831291402632374, 40.108390379181984 ], [ -74.831291202849883, 40.108355312583818 ], [ -74.831287402820266, 40.108309378917923 ], [ -74.831269669001827, 40.108271645452255 ], [ -74.831241336305624, 40.10823384591172 ], [ -74.831096535614989, 40.108115379308181 ], [ -74.831071735531197, 40.108091178858572 ], [ -74.831057468771576, 40.108053379217793 ], [ -74.831057268989071, 40.108015512705954 ], [ -74.831067669124906, 40.107969578810646 ], [ -74.831098802938243, 40.107917379283592 ], [ -74.831145603029256, 40.107795579170315 ], [ -74.831167802818925, 40.107765912011345 ], [ -74.831184002890453, 40.107751778762577 ], [ -74.831210335680623, 40.10774084556779 ], [ -74.831265269624708, 40.10772971261634 ], [ -74.8314338694056, 40.107716778685422 ], [ -74.831645269465326, 40.107706712150929 ], [ -74.831766135796343, 40.107700179129161 ], [ -74.831869736549166, 40.107687378893246 ], [ -74.831959136096003, 40.107665311930219 ], [ -74.832036203235631, 40.10763544575515 ], [ -74.832095002762998, 40.107596245982492 ], [ -74.832133336030068, 40.107557045391388 ], [ -74.832171669297111, 40.107494512375837 ], [ -74.832266336026294, 40.107308512624876 ], [ -74.832281402956454, 40.107268245440267 ], [ -74.832305469463904, 40.10720377905821 ], [ -74.832404536610724, 40.10687264576466 ], [ -74.832568070032266, 40.106453845528392 ], [ -74.83282226933035, 40.105846645030631 ], [ -74.832864469221207, 40.105745978442386 ], [ -74.832896536393392, 40.105650645562498 ], [ -74.832908402641436, 40.105588178442645 ], [ -74.832909936388333, 40.105496111560655 ], [ -74.832909736605828, 40.105455512224296 ], [ -74.83289533665787, 40.105404045349921 ], [ -74.832870736356583, 40.105349445120012 ], [ -74.832842003054836, 40.105299578649159 ], [ -74.832746869125941, 40.105176578457744 ], [ -74.832581335798324, 40.105002245367182 ], [ -74.832537470012795, 40.104966511676338 ], [ -74.83250486904673, 40.104944712038424 ], [ -74.832470269215136, 40.104926111786988 ], [ -74.832421336029739, 40.104904378193268 ], [ -74.832388669510038, 40.104881044894995 ], [ -74.832370269749958, 40.104857644735603 ], [ -74.83235793630223, 40.104829645234986 ], [ -74.832349602666611, 40.104789111558127 ], [ -74.832347869137223, 40.104643911977611 ], [ -74.832351535978518, 40.104547178407856 ], [ -74.832361402320487, 40.104481578509862 ], [ -74.832373336203204, 40.1044299779876 ], [ -74.832393402898532, 40.104383111292883 ], [ -74.83245273621975, 40.104267445040257 ], [ -74.832573735739089, 40.104061045250162 ], [ -74.832632269930315, 40.103973511226535 ], [ -74.832690736486853, 40.103889045212014 ], [ -74.833062003126855, 40.103399645011336 ], [ -74.833088069540338, 40.103359311046098 ], [ -74.833105669129878, 40.103311245006616 ], [ -74.833105535941556, 40.103276978045542 ], [ -74.833096336581775, 40.10322224478675 ], [ -74.833069269174715, 40.103181111643337 ], [ -74.833020069612687, 40.103147044385032 ], [ -74.832975336021903, 40.103133445014763 ], [ -74.83287700245144, 40.103113177674039 ], [ -74.83269400272259, 40.10308624474456 ], [ -74.832609202335391, 40.103086511367906 ], [ -74.832555602355669, 40.1030935112245 ], [ -74.832439735789819, 40.103114444731183 ], [ -74.832368403032234, 40.103121511439724 ], [ -74.832335202718653, 40.103123178033535 ], [ -74.832297002639947, 40.103125044395746 ], [ -74.83218086969741, 40.103115177746055 ], [ -74.831683002344349, 40.103054911324001 ], [ -74.831544668571595, 40.103048444710311 ], [ -74.831410802851181, 40.103045444997285 ], [ -74.83131833581055, 40.103050311074568 ], [ -74.831205535697961, 40.103056311296029 ], [ -74.831044935541328, 40.103070377869564 ], [ -74.830857402206519, 40.10306411182188 ], [ -74.830692201849743, 40.103047445071297 ], [ -74.830395268866965, 40.103003711644817 ], [ -74.830279269112765, 40.102993844977497 ], [ -74.830172535312528, 40.102991711192132 ], [ -74.830057268094137, 40.102995845053016 ], [ -74.83001300170308, 40.102994111601198 ], [ -74.830001135455049, 40.102992511859064 ], [ -74.829986068524889, 40.102990378073649 ], [ -74.829966401394586, 40.102979178285707 ], [ -74.829951535287464, 40.102956578139548 ], [ -74.829934268668751, 40.102924644556403 ], [ -74.82991693545587, 40.10290391155624 ], [ -74.829902134902369, 40.102894511267614 ], [ -74.829865335382223, 40.102881511154187 ], [ -74.829823681761042, 40.102875220089871 ], [ -74.829942573085887, 40.102641706473527 ], [ -74.830029802162642, 40.102647445016125 ], [ -74.830098469072496, 40.102649111621552 ], [ -74.830159802299789, 40.10264331113401 ], [ -74.830296602325632, 40.102634044519888 ], [ -74.83030960171503, 40.102633244644601 ], [ -74.830435868416728, 40.102624644989866 ], [ -74.830484135660456, 40.102626578220999 ], [ -74.830527202315992, 40.102634711480555 ], [ -74.830556868976615, 40.102644911680216 ], [ -74.830578401784109, 40.10266344490428 ], [ -74.830591868373205, 40.102681978123293 ], [ -74.83061100170967, 40.102729311588341 ], [ -74.830621869045203, 40.102754111662144 ], [ -74.83063533563427, 40.102766444840562 ], [ -74.830673001919124, 40.102778645102383 ], [ -74.830734868940283, 40.102790911421238 ], [ -74.830818135580614, 40.102796844810442 ], [ -74.830941735394049, 40.102802711344111 ], [ -74.831601269450928, 40.102813178142952 ], [ -74.831775935544144, 40.102820911045747 ], [ -74.831939869571229, 40.102828777657727 ], [ -74.832228602106738, 40.102819577923931 ], [ -74.832354802214269, 40.10280684442057 ], [ -74.832486336098313, 40.10279411171075 ], [ -74.832609935911748, 40.102775178187564 ], [ -74.832685069739497, 40.102758511366197 ], [ -74.832825936171645, 40.102743644854179 ], [ -74.83290660251788, 40.102735111272644 ], [ -74.832954803167425, 40.102722644378233 ], [ -74.833008403147133, 40.102699844377241 ], [ -74.833062003126855, 40.102676911454004 ], [ -74.833107669035925, 40.102664444548935 ], [ -74.833223069442624, 40.10264351090386 ], [ -74.833325069854396, 40.102620511106423 ], [ -74.833386736052518, 40.102593444271356 ], [ -74.833440269438071, 40.102554111066226 ], [ -74.833480269640347, 40.102512777748643 ], [ -74.833577603257794, 40.10235777818108 ], [ -74.833598803094461, 40.102299977581325 ], [ -74.833614736789329, 40.102254510999515 ], [ -74.833627935961204, 40.102200911076949 ], [ -74.833643470091062, 40.102099711410887 ], [ -74.833654003415234, 40.102058444673098 ], [ -74.833678069922669, 40.102013044785735 ], [ -74.833731403525704, 40.101934444537569 ], [ -74.833779336758056, 40.101864111262252 ], [ -74.833822069402245, 40.101808311149433 ], [ -74.833867469975203, 40.10175871109918 ], [ -74.833909002883843, 40.101715577753751 ], [ -74.834040002974035, 40.101595177680977 ], [ -74.834066669775538, 40.101562177737549 ], [ -74.834093403171224, 40.101522910792561 ], [ -74.834163203222474, 40.101256577698642 ], [ -74.834181736170862, 40.101202910929153 ], [ -74.834197803054053, 40.101176044100157 ], [ -74.834221802967306, 40.101144978022603 ], [ -74.834264603246197, 40.101105710836769 ], [ -74.834310069372791, 40.101064310578444 ], [ -74.834344736839085, 40.101020910957224 ], [ -74.834375336858557, 40.100952710586967 ], [ -74.83439113632457, 40.100894911181264 ], [ -74.834401536460391, 40.100828844537986 ], [ -74.83440360296062, 40.100703044181891 ], [ -74.834406070066379, 40.100657644186036 ], [ -74.834416669984719, 40.100626643933062 ], [ -74.834430069979632, 40.100603910882768 ], [ -74.8344487361164, 40.100583244032713 ], [ -74.834470003587754, 40.100552177684428 ], [ -74.834491403206925, 40.100519111173746 ], [ -74.834504670013516, 40.100482044348261 ], [ -74.834509203619518, 40.100430377118748 ], [ -74.834511002702527, 40.100409777869288 ], [ -74.834510802920036, 40.100364377677813 ], [ -74.83449120342442, 40.100203577295744 ], [ -74.834492136783297, 40.100110777242911 ], [ -74.834480936476936, 40.100021977389453 ], [ -74.83446707032283, 40.099949844137612 ], [ -74.834364602711361, 40.099578843949111 ], [ -74.834345269592433, 40.099486110698422 ], [ -74.834336802768476, 40.099397443746582 ], [ -74.834339136685898, 40.09933131038261 ], [ -74.834349536821733, 40.099255043902524 ], [ -74.834357136880982, 40.099149777394729 ], [ -74.83434393666856, 40.098941510724771 ], [ -74.834340602798108, 40.098809443623352 ], [ -74.834341602751152, 40.098781444021398 ], [ -74.834345269592433, 40.098664910219554 ], [ -74.834419136049945, 40.098095443806137 ], [ -74.834432003291525, 40.097983976644542 ], [ -74.834431669280178, 40.097915976993633 ], [ -74.834420669796842, 40.097858243460159 ], [ -74.834401603054559, 40.097817043397697 ], [ -74.83434073598643, 40.097736710288025 ], [ -74.834321803473031, 40.09770171062997 ], [ -74.83431086954333, 40.097662509909064 ], [ -74.834305202795989, 40.09760684325466 ], [ -74.834302336125219, 40.097559443345467 ], [ -74.8342968025662, 40.09752437673599 ], [ -74.834265603199214, 40.097474976531593 ], [ -74.834241269274585, 40.097439909878524 ], [ -74.834203469801423, 40.097398777219119 ], [ -74.834130669891096, 40.097335043317258 ], [ -74.834071336569863, 40.097287776939794 ], [ -74.834038869832668, 40.097252777050777 ], [ -74.834006469689626, 40.097215776898437 ], [ -74.833967203063708, 40.097156043319679 ], [ -74.833831735961709, 40.096904776629515 ], [ -74.833820803072541, 40.096859376487203 ], [ -74.833820602249489, 40.096824377173839 ], [ -74.83382906907346, 40.096773243646936 ], [ -74.833847269051034, 40.096705443369387 ], [ -74.833855336309966, 40.096664709840709 ], [ -74.833851469686181, 40.096629710427223 ], [ -74.833825869431863, 40.096594777060965 ], [ -74.833825669649343, 40.096559776815525 ], [ -74.833840003003132, 40.096517709954405 ], [ -74.83387233655202, 40.09641957666171 ], [ -74.833931803061574, 40.096263843656111 ], [ -74.833954335822114, 40.096202109762551 ], [ -74.833965002334608, 40.096153109767911 ], [ -74.833966469487351, 40.096060576413549 ], [ -74.833973136187723, 40.095940042958127 ], [ -74.83399840243068, 40.095882576787652 ], [ -74.83404886936296, 40.095752110029494 ], [ -74.834068269076056, 40.095639909913793 ], [ -74.834093536359561, 40.095579643238203 ], [ -74.834114403225399, 40.09554584280658 ], [ -74.834199536583441, 40.095408443210594 ], [ -74.834223603090891, 40.095377976261062 ], [ -74.834302803324931, 40.095285643236032 ], [ -74.834351069528111, 40.095233509595047 ], [ -74.834382935877287, 40.095181309847483 ], [ -74.834405203301685, 40.095111976511049 ], [ -74.834451068993289, 40.094918642918444 ], [ -74.83445713634616, 40.094844242857853 ], [ -74.83445366928737, 40.094794709369879 ], [ -74.834437469215857, 40.094762576142998 ], [ -74.834401736242881, 40.094720576625889 ], [ -74.834364402928855, 40.094678576286846 ], [ -74.834344936621591, 40.094641443396576 ], [ -74.834336802768476, 40.094607109981879 ], [ -74.83433500264492, 40.094599376145553 ], [ -74.834334736268261, 40.094552310049451 ], [ -74.834350602328414, 40.094505243124836 ], [ -74.834379403264862, 40.094460510014457 ], [ -74.834437202839169, 40.094398443352219 ], [ -74.834478802341991, 40.094343843045969 ], [ -74.834533335680561, 40.094266909505158 ], [ -74.83457806927133, 40.094187509886162 ], [ -74.83461320289679, 40.094108109378524 ], [ -74.834640136074981, 40.094018843197425 ], [ -74.834691069166425, 40.093860176219678 ], [ -74.834808735855859, 40.093579442914972 ], [ -74.834824935927372, 40.093550109449566 ], [ -74.834949669922707, 40.093339242606532 ], [ -74.834994603295968, 40.093279642537922 ], [ -74.835033069751347, 40.093239909129856 ], [ -74.835094136601981, 40.093185242621594 ], [ -74.835147069599486, 40.093142976264765 ], [ -74.835208069855938, 40.093073442645803 ], [ -74.835243203481411, 40.093013909209091 ], [ -74.835278469254675, 40.09295684255224 ], [ -74.835313602880134, 40.092877442996837 ], [ -74.835354736223778, 40.092733642856423 ], [ -74.835370402501439, 40.092646842511677 ], [ -74.835392669925824, 40.092579975826752 ], [ -74.835431069787063, 40.092505575597492 ], [ -74.835557269894579, 40.09227977622254 ], [ -74.835703053789373, 40.092031906375297 ], [ -74.837573370412386, 40.092593392491118 ], [ -74.837566003844486, 40.092602509370373 ], [ -74.837443403984068, 40.09278357585 ], [ -74.837257003790612, 40.093058642474311 ], [ -74.837172670603096, 40.093192242700823 ], [ -74.837090403915823, 40.093322176267456 ], [ -74.83703153675377, 40.093415975807133 ], [ -74.836975936868001, 40.093479375874203 ], [ -74.836900536663592, 40.093552908988734 ], [ -74.836854669931455, 40.093608709503627 ], [ -74.836805736746058, 40.093694842369295 ], [ -74.836726803929224, 40.093862975746106 ], [ -74.836582269615249, 40.094129309124099 ], [ -74.83647313634394, 40.094368576128851 ], [ -74.836414470004911, 40.094502843212283 ], [ -74.836385270544, 40.094583843199196 ], [ -74.836362536960436, 40.09465477621589 ], [ -74.836352936995127, 40.094710376034193 ], [ -74.836340270576571, 40.09480657595045 ], [ -74.836337003300272, 40.095148043322844 ], [ -74.836337470499984, 40.095236509652544 ], [ -74.836344603359535, 40.095350309559144 ], [ -74.836358269731122, 40.095451509712127 ], [ -74.836371736320203, 40.095509643277111 ], [ -74.836391803015502, 40.095565176330794 ], [ -74.836411669928324, 40.095613176204459 ], [ -74.836446670365447, 40.095688976344029 ], [ -74.836493270673941, 40.095782443087479 ], [ -74.83650007056265, 40.095825443286408 ], [ -74.836500203750987, 40.095843109959056 ], [ -74.836496936474717, 40.095870910184409 ], [ -74.836484003679473, 40.095911442806688 ], [ -74.836454669989678, 40.095967176913817 ], [ -74.836448270706512, 40.096005109829882 ], [ -74.836448403894835, 40.096035509636906 ], [ -74.836455270377741, 40.096085976693352 ], [ -74.836490404003172, 40.096217443346823 ], [ -74.836537337282536, 40.096379176472944 ], [ -74.836570803972762, 40.09648531009595 ], [ -74.836610736540322, 40.096563576761149 ], [ -74.836693670209826, 40.096679776672374 ], [ -74.836766536714322, 40.096763043362934 ], [ -74.836819537346528, 40.096833642987278 ], [ -74.836859403319949, 40.096896776406766 ], [ -74.836899336928056, 40.096975043394707 ], [ -74.836937937612305, 40.097119043114681 ], [ -74.836978470567928, 40.097326376928379 ], [ -74.837001870093147, 40.097404710282589 ], [ -74.837035070406714, 40.097452710450668 ], [ -74.83707480423233, 40.097493043141796 ], [ -74.837785203745966, 40.097963976801097 ], [ -74.837867671256291, 40.098004243921302 ], [ -74.837943537619864, 40.098026710401037 ], [ -74.837991404258048, 40.098033910561561 ], [ -74.838009471047314, 40.098036643852467 ], [ -74.838058870391862, 40.098036510132943 ], [ -74.838111537012708, 40.098026243178559 ], [ -74.838183870763856, 40.09801084393802 ], [ -74.83824313749092, 40.097992977248751 ], [ -74.83844473780286, 40.097929243903423 ], [ -74.838808204601108, 40.097761710373902 ], [ -74.839360804034726, 40.09750670970385 ], [ -74.839658738011067, 40.097369376947618 ], [ -74.839894404360734, 40.097260643510637 ], [ -74.840196737714209, 40.097169176656394 ], [ -74.840279205224533, 40.097147843340544 ], [ -74.840385405230933, 40.097135443078948 ], [ -74.840585871360958, 40.097128710052004 ], [ -74.840690071461282, 40.09712544343126 ], [ -74.840841471217615, 40.097118976254023 ], [ -74.840935738381802, 40.097103576808131 ], [ -74.841045738417805, 40.097073109821622 ], [ -74.84117913797904, 40.097024310240514 ], [ -74.841312538580809, 40.096963509904441 ], [ -74.841430138676074, 40.096893776422462 ], [ -74.841532138047299, 40.096820976816588 ], [ -74.84167500542604, 40.096708776871353 ], [ -74.841737804765529, 40.096666376592687 ], [ -74.841867138961007, 40.096602509874486 ], [ -74.842277405850268, 40.096450309794179 ], [ -74.842489405257496, 40.096386243085036 ], [ -74.842595405481404, 40.096355776573304 ], [ -74.842693605863545, 40.096334376141009 ], [ -74.842791871799307, 40.096324976536621 ], [ -74.842909739311764, 40.096312510059668 ], [ -74.842988405751939, 40.096309309465227 ], [ -74.843125939354167, 40.096299842995954 ], [ -74.84324387242026, 40.096287443375829 ], [ -74.843361738892156, 40.096274976096005 ], [ -74.843526872654792, 40.096250309771513 ], [ -74.843680072534653, 40.096219642614258 ], [ -74.844473405717793, 40.096042175910355 ], [ -74.84466993967041, 40.095999309571916 ], [ -74.844878005859684, 40.095950376293132 ], [ -74.845156939687925, 40.095880043199934 ], [ -74.845325739251294, 40.095831242763232 ], [ -74.845899406373761, 40.095647242459158 ], [ -74.846004473238793, 40.095612909551889 ], [ -74.846138976273693, 40.095568736611739 ], [ -74.844073628378339, 40.09962763249171 ] ] ] } }
]
}
