{
  "0.5": 5.633858849214766,
  "1.5": 18.53676278562855,
  "4.0": 35.06409656799712,
  "8.0": 46.915861814552926
}