        687        388        303          2          1          2          1          1          0          0          0          0          0          0          0          0          0          0
 local to global mapping:
         388
           1           1
           2           2
           3           3
           4           4
           5           5
           6           6
           7           7
           8           8
           9           9
          10          10
          11          11
          12          12
          13          13
          14          14
          15          15
          16          16
          17          17
          18          18
          19          19
          20          20
          21          21
          22          22
          23          23
          24          24
          25          25
          26          26
          27          27
          28          28
          29          29
          30          30
          31          31
          32          32
          33          33
          34          34
          35          35
          36          36
          37          37
          38          38
          39          39
          40          40
          41          41
          42          42
          43          43
          44          44
          45          45
          46          46
          47          47
          48          48
          49          49
          50          50
          51          51
          52          52
          53          53
          54          54
          55          55
          56          56
          57          57
          58          58
          59          59
          60          60
          61          61
          62          62
          63          63
          64          64
          65          65
          66          66
          67          67
          68          68
          69          69
          70          70
          71          71
          72          72
          73          73
          74          74
          75          75
          76          76
          77          77
          78          78
          79          79
          80          80
          81          81
          82          82
          83          83
          84          84
          85          85
          86          86
          87          87
          88          88
          89          89
          90          90
          91          91
          92          92
          93          93
          94          94
          95          95
          96          96
          97          97
          98          98
          99          99
         100         100
         101         101
         102         102
         103         103
         104         104
         105         105
         106         106
         107         107
         108         108
         109         109
         110         110
         111         111
         112         112
         113         113
         114         114
         115         115
         116         116
         117         117
         118         118
         119         119
         120         120
         121         121
         122         122
         123         123
         124         124
         125         125
         126         126
         127         127
         128         128
         129         129
         130         130
         131         131
         132         132
         133         133
         134         134
         135         135
         136         136
         137         137
         138         138
         139         139
         140         140
         141         141
         142         142
         143         143
         144         144
         145         145
         146         146
         147         147
         148         148
         149         149
         150         150
         151         151
         152         152
         153         153
         154         154
         155         155
         156         156
         157         157
         158         158
         159         159
         160         160
         161         161
         162         162
         163         163
         164         164
         165         165
         166         166
         167         167
         168         168
         169         169
         170         170
         171         171
         172         172
         173         173
         174         174
         175         175
         176         176
         177         177
         178         178
         179         179
         180         180
         181         181
         182         182
         183         183
         184         184
         185         185
         186         186
         187         187
         188         188
         189         189
         190         190
         191         191
         192         192
         193         193
         194         194
         195         195
         196         196
         197         197
         198         198
         199         199
         200         200
         201         201
         202         202
         203         203
         204         204
         205         205
         206         206
         207         207
         208         208
         209         209
         210         210
         211         211
         212         212
         213         213
         214         214
         215         215
         216         216
         217         217
         218         218
         219         219
         220         220
         221         221
         222         222
         223         223
         224         224
         225         225
         226         226
         227         227
         228         228
         229         229
         230         230
         231         231
         232         232
         233         233
         234         234
         235         235
         236         236
         237         237
         238         238
         239         239
         240         240
         241         241
         242         242
         243         243
         244         244
         245         245
         246         246
         247         247
         248         248
         249         249
         250         250
         251         251
         252         252
         253         253
         254         254
         255         255
         256         256
         257         257
         258         258
         259         259
         260         260
         261         261
         262         262
         263         263
         264         264
         265         265
         266         266
         267         267
         268         268
         269         269
         270         270
         271         271
         272         272
         273         273
         274         274
         275         275
         276         276
         277         277
         278         278
         279         279
         280         280
         281         281
         282         282
         283         283
         284         284
         285         285
         286         286
         287         287
         288         288
         289         289
         290         290
         291         291
         292         292
         293         293
         294         294
         295         295
         296         296
         297         297
         298         298
         299         299
         300         300
         301         301
         302         302
         303         303
         304         304
         305         305
         306         306
         307         307
         308         308
         309         309
         310         310
         311         311
         312         312
         313         313
         314         314
         315         315
         316         316
         317         317
         318         318
         319         319
         320         320
         321         321
         322         322
         323         323
         324         324
         325         325
         326         326
         327         327
         328         328
         329         329
         330         330
         331         331
         332         332
         333         333
         334         334
         335         335
         336         336
         337         337
         338         338
         339         339
         340         340
         341         341
         342         342
         343         343
         344         344
         345         345
         346         346
         347         347
         348         348
         349         349
         350         350
         351         351
         352         352
         353         353
         354         354
         355         355
         356         356
         357         357
         358         358
         359         359
         360         360
         361         361
         362         362
         363         363
         364         364
         365         365
         366         366
         367         367
         368         368
         369         369
         370         370
         371         371
         372         372
         373         373
         374         374
         375         375
         376         376
         377         377
         378         378
         379         379
         380         380
         381         381
         382         382
         383         383
         384         384
         385         385
         386         386
         387         387
         388         388
         303
           1           1
           2           2
           3           3
           4           4
           5           5
           6           6
           7           7
           8           8
           9           9
          10          10
          11          11
          12          12
          13          13
          14          14
          15          15
          16          16
          17          17
          18          18
          19          19
          20          20
          21          21
          22          22
          23          23
          24          24
          25          25
          26          26
          27          27
          28          28
          29          29
          30          30
          31          31
          32          32
          33          33
          34          34
          35          35
          36          36
          37          37
          38          38
          39          39
          40          40
          41          41
          42          42
          43          43
          44          44
          45          45
          46          46
          47          47
          48          48
          49          49
          50          50
          51          51
          52          52
          53          53
          54          54
          55          55
          56          56
          57          57
          58          58
          59          59
          60          60
          61          61
          62          62
          63          63
          64          64
          65          65
          66          66
          67          67
          68          68
          69          69
          70          70
          71          71
          72          72
          73          73
          74          74
          75          75
          76          76
          77          77
          78          78
          79          79
          80          80
          81          81
          82          82
          83          83
          84          84
          85          85
          86          86
          87          87
          88          88
          89          89
          90          90
          91          91
          92          92
          93          93
          94          94
          95          95
          96          96
          97          97
          98          98
          99          99
         100         100
         101         101
         102         102
         103         103
         104         104
         105         105
         106         106
         107         107
         108         108
         109         109
         110         110
         111         111
         112         112
         113         113
         114         114
         115         115
         116         116
         117         117
         118         118
         119         119
         120         120
         121         121
         122         122
         123         123
         124         124
         125         125
         126         126
         127         127
         128         128
         129         129
         130         130
         131         131
         132         132
         133         133
         134         134
         135         135
         136         136
         137         137
         138         138
         139         139
         140         140
         141         141
         142         142
         143         143
         144         144
         145         145
         146         146
         147         147
         148         148
         149         149
         150         150
         151         151
         152         152
         153         153
         154         154
         155         155
         156         156
         157         157
         158         158
         159         159
         160         160
         161         161
         162         162
         163         163
         164         164
         165         165
         166         166
         167         167
         168         168
         169         169
         170         170
         171         171
         172         172
         173         173
         174         174
         175         175
         176         176
         177         177
         178         178
         179         179
         180         180
         181         181
         182         182
         183         183
         184         184
         185         185
         186         186
         187         187
         188         188
         189         189
         190         190
         191         191
         192         192
         193         193
         194         194
         195         195
         196         196
         197         197
         198         198
         199         199
         200         200
         201         201
         202         202
         203         203
         204         204
         205         205
         206         206
         207         207
         208         208
         209         209
         210         210
         211         211
         212         212
         213         213
         214         214
         215         215
         216         216
         217         217
         218         218
         219         219
         220         220
         221         221
         222         222
         223         223
         224         224
         225         225
         226         226
         227         227
         228         228
         229         229
         230         230
         231         231
         232         232
         233         233
         234         234
         235         235
         236         236
         237         237
         238         238
         239         239
         240         240
         241         241
         242         242
         243         243
         244         244
         245         245
         246         246
         247         247
         248         248
         249         249
         250         250
         251         251
         252         252
         253         253
         254         254
         255         255
         256         256
         257         257
         258         258
         259         259
         260         260
         261         261
         262         262
         263         263
         264         264
         265         265
         266         266
         267         267
         268         268
         269         269
         270         270
         271         271
         272         272
         273         273
         274         274
         275         275
         276         276
         277         277
         278         278
         279         279
         280         280
         281         281
         282         282
         283         283
         284         284
         285         285
         286         286
         287         287
         288         288
         289         289
         290         290
         291         291
         292         292
         293         293
         294         294
         295         295
         296         296
         297         297
         298         298
         299         299
         300         300
         301         301
         302         302
         303         303
         687
           1           1
           2           2
           3           3
           4           4
           5           5
           6           6
           7           7
           8           8
           9           9
          10          10
          11          11
          12          12
          13          13
          14          14
          15          15
          16          16
          17          17
          18          18
          19          19
          20          20
          21          21
          22          22
          23          23
          24          24
          25          25
          26          26
          27          27
          28          28
          29          29
          30          30
          31          31
          32          32
          33          33
          34          34
          35          35
          36          36
          37          37
          38          38
          39          39
          40          40
          41          41
          42          42
          43          43
          44          44
          45          45
          46          46
          47          47
          48          48
          49          49
          50          50
          51          51
          52          52
          53          53
          54          54
          55          55
          56          56
          57          57
          58          58
          59          59
          60          60
          61          61
          62          62
          63          63
          64          64
          65          65
          66          66
          67          67
          68          68
          69          69
          70          70
          71          71
          72          72
          73          73
          74          74
          75          75
          76          76
          77          77
          78          78
          79          79
          80          80
          81          81
          82          82
          83          83
          84          84
          85          85
          86          86
          87          87
          88          88
          89          89
          90          90
          91          91
          92          92
          93          93
          94          94
          95          95
          96          96
          97          97
          98          98
          99          99
         100         100
         101         101
         102         102
         103         103
         104         104
         105         105
         106         106
         107         107
         108         108
         109         109
         110         110
         111         111
         112         112
         113         113
         114         114
         115         115
         116         116
         117         117
         118         118
         119         119
         120         120
         121         121
         122         122
         123         123
         124         124
         125         125
         126         126
         127         127
         128         128
         129         129
         130         130
         131         131
         132         132
         133         133
         134         134
         135         135
         136         136
         137         137
         138         138
         139         139
         140         140
         141         141
         142         142
         143         143
         144         144
         145         145
         146         146
         147         147
         148         148
         149         149
         150         150
         151         151
         152         152
         153         153
         154         154
         155         155
         156         156
         157         157
         158         158
         159         159
         160         160
         161         161
         162         162
         163         163
         164         164
         165         165
         166         166
         167         167
         168         168
         169         169
         170         170
         171         171
         172         172
         173         173
         174         174
         175         175
         176         176
         177         177
         178         178
         179         179
         180         180
         181         181
         182         182
         183         183
         184         184
         185         185
         186         186
         187         187
         188         188
         189         189
         190         190
         191         191
         192         192
         193         193
         194         194
         195         195
         196         196
         197         197
         198         198
         199         199
         200         200
         201         201
         202         202
         203         203
         204         204
         205         205
         206         206
         207         207
         208         208
         209         209
         210         210
         211         211
         212         212
         213         213
         214         214
         215         215
         216         216
         217         217
         218         218
         219         219
         220         220
         221         221
         222         222
         223         223
         224         224
         225         225
         226         226
         227         227
         228         228
         229         229
         230         230
         231         231
         232         232
         233         233
         234         234
         235         235
         236         236
         237         237
         238         238
         239         239
         240         240
         241         241
         242         242
         243         243
         244         244
         245         245
         246         246
         247         247
         248         248
         249         249
         250         250
         251         251
         252         252
         253         253
         254         254
         255         255
         256         256
         257         257
         258         258
         259         259
         260         260
         261         261
         262         262
         263         263
         264         264
         265         265
         266         266
         267         267
         268         268
         269         269
         270         270
         271         271
         272         272
         273         273
         274         274
         275         275
         276         276
         277         277
         278         278
         279         279
         280         280
         281         281
         282         282
         283         283
         284         284
         285         285
         286         286
         287         287
         288         288
         289         289
         290         290
         291         291
         292         292
         293         293
         294         294
         295         295
         296         296
         297         297
         298         298
         299         299
         300         300
         301         301
         302         302
         303         303
         304         304
         305         305
         306         306
         307         307
         308         308
         309         309
         310         310
         311         311
         312         312
         313         313
         314         314
         315         315
         316         316
         317         317
         318         318
         319         319
         320         320
         321         321
         322         322
         323         323
         324         324
         325         325
         326         326
         327         327
         328         328
         329         329
         330         330
         331         331
         332         332
         333         333
         334         334
         335         335
         336         336
         337         337
         338         338
         339         339
         340         340
         341         341
         342         342
         343         343
         344         344
         345         345
         346         346
         347         347
         348         348
         349         349
         350         350
         351         351
         352         352
         353         353
         354         354
         355         355
         356         356
         357         357
         358         358
         359         359
         360         360
         361         361
         362         362
         363         363
         364         364
         365         365
         366         366
         367         367
         368         368
         369         369
         370         370
         371         371
         372         372
         373         373
         374         374
         375         375
         376         376
         377         377
         378         378
         379         379
         380         380
         381         381
         382         382
         383         383
         384         384
         385         385
         386         386
         387         387
         388         388
         389         389
         390         390
         391         391
         392         392
         393         393
         394         394
         395         395
         396         396
         397         397
         398         398
         399         399
         400         400
         401         401
         402         402
         403         403
         404         404
         405         405
         406         406
         407         407
         408         408
         409         409
         410         410
         411         411
         412         412
         413         413
         414         414
         415         415
         416         416
         417         417
         418         418
         419         419
         420         420
         421         421
         422         422
         423         423
         424         424
         425         425
         426         426
         427         427
         428         428
         429         429
         430         430
         431         431
         432         432
         433         433
         434         434
         435         435
         436         436
         437         437
         438         438
         439         439
         440         440
         441         441
         442         442
         443         443
         444         444
         445         445
         446         446
         447         447
         448         448
         449         449
         450         450
         451         451
         452         452
         453         453
         454         454
         455         455
         456         456
         457         457
         458         458
         459         459
         460         460
         461         461
         462         462
         463         463
         464         464
         465         465
         466         466
         467         467
         468         468
         469         469
         470         470
         471         471
         472         472
         473         473
         474         474
         475         475
         476         476
         477         477
         478         478
         479         479
         480         480
         481         481
         482         482
         483         483
         484         484
         485         485
         486         486
         487         487
         488         488
         489         489
         490         490
         491         491
         492         492
         493         493
         494         494
         495         495
         496         496
         497         497
         498         498
         499         499
         500         500
         501         501
         502         502
         503         503
         504         504
         505         505
         506         506
         507         507
         508         508
         509         509
         510         510
         511         511
         512         512
         513         513
         514         514
         515         515
         516         516
         517         517
         518         518
         519         519
         520         520
         521         521
         522         522
         523         523
         524         524
         525         525
         526         526
         527         527
         528         528
         529         529
         530         530
         531         531
         532         532
         533         533
         534         534
         535         535
         536         536
         537         537
         538         538
         539         539
         540         540
         541         541
         542         542
         543         543
         544         544
         545         545
         546         546
         547         547
         548         548
         549         549
         550         550
         551         551
         552         552
         553         553
         554         554
         555         555
         556         556
         557         557
         558         558
         559         559
         560         560
         561         561
         562         562
         563         563
         564         564
         565         565
         566         566
         567         567
         568         568
         569         569
         570         570
         571         571
         572         572
         573         573
         574         574
         575         575
         576         576
         577         577
         578         578
         579         579
         580         580
         581         581
         582         582
         583         583
         584         584
         585         585
         586         586
         587         587
         588         588
         589         589
         590         590
         591         591
         592         592
         593         593
         594         594
         595         595
         596         596
         597         597
         598         598
         599         599
         600         600
         601         601
         602         602
         603         603
         604         604
         605         605
         606         606
         607         607
         608         608
         609         609
         610         610
         611         611
         612         612
         613         613
         614         614
         615         615
         616         616
         617         617
         618         618
         619         619
         620         620
         621         621
         622         622
         623         623
         624         624
         625         625
         626         626
         627         627
         628         628
         629         629
         630         630
         631         631
         632         632
         633         633
         634         634
         635         635
         636         636
         637         637
         638         638
         639         639
         640         640
         641         641
         642         642
         643         643
         644         644
         645         645
         646         646
         647         647
         648         648
         649         649
         650         650
         651         651
         652         652
         653         653
         654         654
         655         655
         656         656
         657         657
         658         658
         659         659
         660         660
         661         661
         662         662
         663         663
         664         664
         665         665
         666         666
         667         667
         668         668
         669         669
         670         670
         671         671
         672         672
         673         673
         674         674
         675         675
         676         676
         677         677
         678         678
         679         679
         680         680
         681         681
         682         682
         683         683
         684         684
         685         685
         686         686
         687         687
 Header:
       2000          1          1           0.00           8.00
        24  0.2160000E+04     36      2      1    0.99999998E-02    0.10000000E+03    0.50000000E+02    0.00000000E+00    0.10000000E+01   1
  -1.00000000    
   0.00000000    
         303         388
   320729.97639999999        4049882.4457999999        27.0400009               1
   320803.32854999998        4049919.0165990000        36.3714485               1
   320876.68070000003        4049955.5874000001        30.1200008               1
   320710.47800000000        4049913.9268999998        25.4400005               1
   320783.42393599998        4049959.6092860000        36.6275520               1
   320865.88319999998        4049989.1217999998        29.7399998               1
   320677.16050000000        4049950.7305000001        25.6299992               1
   320756.95409499999        4050001.3398549999        36.2921219               1
   320847.01840000000        4050031.4049000000        29.7500000               1
   320645.73469999997        4049986.7913000002        27.1100006               1
   320734.14470700000        4050045.9740900001        36.2599983               1
   320836.47800000000        4050078.3248000001        28.2800007               1
   320629.85570000001        4049994.6365000000        23.2500000               1
   320715.63970900001        4050063.1195410001        36.0665741               1
   320824.44610000000        4050090.4260000000        29.2000008               1
   320609.44829999999        4050007.0776999998        17.4799995               1
   320701.26935800002        4050086.2289140001        35.8511162               1
   320822.84399999998        4050116.4139999999        28.2700005               1
   320554.24729999999        4050058.6162999999        21.7600002               1
   320622.05391700001        4050098.2427420001        32.6497726               1
   320690.45750000002        4050136.7511000000        34.0099983               1
   320500.72360000003        4050105.8023999999        26.7399998               1
   320589.34649899998        4050134.6973770000        32.9403114               1
   320669.87849999999        4050182.6929000001        32.5900002               1
   320492.41639999999        4050126.9221000001        25.9799995               1
   320568.81595700001        4050178.0995370001        34.0164795               1
   320646.11080000002        4050227.8755000001        33.2099991               1
   320456.15509999997        4050158.6168000000        22.8199997               1
   320536.66546799999        4050215.2471050001        32.8065987               1
   320617.71360000002        4050271.0676000002        31.8400002               1
   320406.13329999999        4050185.6172000002        18.6299992               1
   320495.66508000001        4050248.4358520000        30.0518093               1
   320585.54290000000        4050310.7272999999        31.7900009               1
   320384.60580000002        4050210.6091999998        21.7299995               1
   320466.28037599998        4050275.4108819999        31.2664146               1
   320546.76020000002        4050341.6296000001        32.2400017               1
   320355.63069999998        4050235.7011000002        26.8400002               1
   320441.65598200000        4050302.0919440002        32.3583069               1
   320511.25099999999        4050380.7478000000        35.8499985               1
   320343.57919999998        4050243.1491999999        27.9699993               1
   320397.05804400000        4050336.5332360002        32.7399254               1
   320469.94919999997        4050411.8985000001        34.7000008               1
   320336.62319999997        4050248.0636000000        27.1000004               1
   320399.40656700003        4050368.3651480000        32.8215752               1
   320488.74579999998        4050470.0636000000        25.2000008               1
   320320.60149999999        4050254.5014000000        25.8099995               1
   320386.42136300000        4050374.9743260001        33.0299988               1
   320465.82559999998        4050486.7637999998        21.9099998               1
   320301.81650000002        4050271.3391999998        26.8400002               1
   320361.94185599999        4050395.8263969999        33.2480888               1
   320408.09690000000        4050526.8684999999        13.7500000               1
   320248.38280000002        4050289.9528000001        22.6800003               1
   320309.96988100000        4050411.7295940001        33.6100006               1
   320360.57870000001        4050540.0480000000        7.55999994               1
   320210.88970000000        4050308.7955999998        19.3799992               1
   320263.71223499998        4050430.7867589998        32.2463951               1
   320310.81900000002        4050557.3870999999        15.6999998               1
   320166.89929999999        4050326.5307999998        18.9200001               1
   320217.74905899999        4050445.8146319999        32.0099983               1
   320264.03670000000        4050568.1773000001        21.3700008               1
   320127.55609999999        4050340.3319999999        19.3999996               1
   320170.98260100000        4050465.5764500001        32.0805092               1
   320214.40909999999        4050590.8209000002        7.84000015               1
   320095.71659999999        4050352.4918999998        21.1700001               1
   320129.98311099998        4050470.3277159999        32.6703072               1
   320158.68050000002        4050591.5570000000        15.5400000               1
   320053.06929999997        4050359.6190999998        21.1000004               1
   320074.65784300002        4050478.2577900002        33.9324875               1
   320108.39640000003        4050593.3429999999        25.1900005               1
   320012.47800000000        4050371.3182000001        21.0699997               1
   320044.45543199999        4050486.5896230000        31.1786251               1
   320079.52279999998        4050599.6658000001        32.2599983               1
   319953.58600000001        4050383.9010000001        23.4599991               1
   319983.03565300000        4050508.3080159998        30.5115509               1
   320028.18760000000        4050619.1885000002        33.5900002               1
   319899.20760000002        4050396.8270000000        21.9099998               1
   319938.33732699999        4050544.9952210002        34.2643013               1
   320028.78480000002        4050638.7673999998        30.7299995               1
   319851.77149999997        4050409.3446000000        24.6299992               1
   319898.27821500000        4050585.4463979998        37.5514145               1
   320032.54680000001        4050662.8149000001        28.3400002               1
   319787.27970000001        4050425.2006000001        24.2700005               1
   319832.53347199998        4050549.6982069998        32.3365936               1
   319856.99080000003        4050683.6686000000        11.3199997               1
   319762.47800000000        4050445.6510000001        27.1000004               1
   319794.13571900001        4050561.2014290001        33.9696922               1
   319817.25490000000        4050687.8417000002        15.3299999               1
   319740.56630000001        4050466.0877000000        28.1299992               1
   319747.44626400003        4050581.4725839999        36.3864937               1
   319767.65320000000        4050697.9607000002        19.8999996               1
   319722.94390000001        4050463.1834000000        28.1700001               1
   319711.40746199997        4050578.6125019998        35.7547226               1
   319693.93750000000        4050690.2193999998        31.2999992               1
   319709.20699999999        4050456.3078999999        27.6599998               1
   319681.02437000000        4050570.8966959999        33.8666344               1
   319642.56640000001        4050684.0016999999        11.6400003               1
   319676.31620000000        4050445.5926999999        27.7399998               1
   319636.54442900000        4050556.7970250002        31.2284546               1
   319589.75329999998        4050666.1535000000        1.49000001               1
   319631.33889999997        4050425.0649999999        27.7500000               1
   319591.92229299998        4050539.2572079999        30.6607132               1
   319544.04080000002        4050651.1619000002        1.00000000               1
   319585.98300000001        4050409.5122000002        27.6100006               1
   319540.49115500000        4050522.0779639999        31.0477524               1
   319494.85239999997        4050635.0074000000        9.39999962               1
   319536.06939999998        4050397.7958000000        28.1800003               1
   319491.49754900002        4050508.0851929998        31.1900501               1
   319445.97720000002        4050620.7217000001        18.5400009               1
   319499.13959999999        4050381.7338999999        28.1700001               1
   319446.48918400001        4050493.1831660001        31.1251011               1
   319393.83870000002        4050604.6324000000        19.2700005               1
   319453.81219999999        4050361.5539000002        28.1700001               1
   319398.43788500002        4050478.7690659999        32.9863205               1
   319343.06349999999        4050595.9841999998        20.2600002               1
   319408.47800000000        4050345.0518000000        31.2700005               1
   319354.41986500000        4050460.6797280000        34.7316322               1
   319299.89820000000        4050576.0899000000        25.3799992               1
   319361.95649999997        4050327.1647999999        33.1599998               1
   319308.08944900002        4050439.4273620001        34.9671059               1
   319222.84840000002        4050545.5576999998        29.7000008               1
   319324.26459999999        4050312.8092999998        27.2900009               1
   319263.90008699999        4050418.2748500002        37.4894485               1
   319203.63419999997        4050523.5684000002        24.5400009               1
   319279.83149999997        4050289.9456000002        26.2000008               1
   319217.61904299998        4050398.6399460002        38.5189323               1
   319155.40659999999        4050507.3343000002        17.3600006               1
   319232.77250000002        4050268.1537000001        25.3099995               1
   319168.63677899999        4050380.2082360000        38.6504059               1
   319110.47800000000        4050494.7036000001        23.7000008               1
   319172.30170000001        4050246.4890999999        25.2199993               1
   319116.86741399998        4050373.4541710000        38.1932640               1
   319062.92139999999        4050497.0106000002        18.8799992               1
   319115.44420000003        4050220.8599999999        24.6200008               1
   319054.74839700002        4050387.5084480001        35.3921928               1
   318923.87780000002        4050483.2626000000        24.8500004               1
   319068.84000000003        4050192.0480000000        29.0200005               1
   319022.60323499999        4050350.6180870002        38.1651993               1
   318915.31910000002        4050455.2069000001        21.4799995               1
   319031.41810000001        4050196.6362000001        24.1800003               1
   318975.38729300001        4050324.9676230000        38.1650009               1
   318882.65549999999        4050412.2255000002        27.7999992               1
   318994.45100000000        4050180.7747999998        23.1800003               1
   318927.08987999998        4050303.4271080000        38.0148239               1
   318823.09230000002        4050373.1647000001        28.5000000               1
   318951.18500000000        4050159.1562999999        20.5499992               1
   318888.81069600000        4050272.7285369998        38.1650505               1
   318795.11890000000        4050355.4071000000        27.9599991               1
   318918.37439999997        4050138.0872999998        17.1800003               1
   318845.30205100001        4050250.6204720000        39.0622482               1
   318741.84299999999        4050329.5271999999        25.5100002               1
   318927.77260000003        4050060.8062000000        13.2500000               1
   318817.40240600001        4050202.2333889999        40.7846985               1
   318673.01299999998        4050275.3072000002        24.4099998               1
   318923.50620000000        4050056.5809999998        13.8100004               1
   318796.70556199999        4050158.7021070002        33.8897018               1
   318651.23979999998        4050223.2862000000        23.6900005               1
   318892.47800000000        4050027.8744999999        18.3999996               1
   318774.22327100002        4050118.5401840000        32.9785004               1
   318637.27370000002        4050179.2522999998        22.6100006               1
   318880.14319999999        4050003.2818999998        20.4899998               1
   318759.35103500000        4050075.6020970000        32.3916588               1
   318632.19089999999        4050138.2686999999        25.0200005               1
   318859.69420000003        4049957.5882999999        25.3600006               1
   318744.83353499998        4050028.5714639998        31.5325127               1
   318620.91350000002        4050089.6414000001        24.3500004               1
   318847.64240000001        4049922.8352000001        26.7999992               1
   318732.35713399999        4049979.4659810001        31.3817539               1
   318612.12040000001        4050030.6233000001        29.7199993               1
   318830.62589999998        4049887.7889999999        25.5900002               1
   318718.42604699999        4049940.1459750002        31.3799992               1
   318596.87260000000        4049976.7886999999        29.7600002               1
   318839.85649999999        4049842.6694999998        25.9699993               1
   318719.80708399997        4049902.3827570002        31.2469425               1
   318584.95710000000        4049920.6247999999        24.1399994               1
   318833.90600000002        4049795.3002999998        26.7500000               1
   318713.09243500000        4049856.9374879999        31.2589798               1
   318576.89429999999        4049871.5896999999        22.1299992               1
   318818.10379999998        4049747.5573999998        27.6200008               1
   318696.44134399999        4049813.3451339998        32.4648743               1
   318557.67940000002        4049814.0480000000        20.7099991               1
   318839.21360000002        4049727.4252999998        25.8899994               1
   318698.84513799998        4049763.1338539999        31.8796005               1
   318537.31000000000        4049766.6825999999        25.6399994               1
   318840.00730000000        4049698.5855999999        25.4099998               1
   318675.01772000000        4049713.7781549999        35.0885963               1
   318521.49890000001        4049736.4682999998        27.3500004               1
   318864.52169999998        4049604.0043000001        28.2199993               1
   318689.96415100002        4049662.5165780000        33.0351028               1
   318485.49040000001        4049689.0356000001        24.2800007               1
   318833.20000000001        4049579.1734000002        27.4200001               1
   318662.55005100003        4049609.6016219999        38.5424995               1
   318492.47800000000        4049637.7910000002        25.0400009               1
   318828.47800000000        4049515.3933000001        26.8700008               1
   318649.72548600001        4049560.3196589998        39.2673454               1
   318471.83110000001        4049594.0480000000        26.0400009               1
   318782.47800000000        4049459.3949000002        26.2199993               1
   318623.18969099998        4049512.5435230001        39.1579590               1
   318461.44790000003        4049562.0480000000        25.9699993               1
   318746.94040000002        4049449.5855999999        29.2000008               1
   318579.67830099998        4049472.4726709998        36.9621429               1
   318431.34350000002        4049544.0480000000        24.9699993               1
   318720.34529999999        4049414.1806999999        27.2500000               1
   318580.26163199998        4049424.8732550000        38.0703583               1
   318456.47800000000        4049500.8648000001        31.1000004               1
   318620.86660000001        4049329.2662999998        18.5499992               1
   318531.17770499998        4049418.0758549999        35.7623138               1
   318441.48890000000        4049506.8854999999        30.6499996               1
   318560.05550000002        4049292.8237999999        13.4300003               1
   318507.67885000003        4049406.6498900000        32.7857437               1
   318435.45960000000        4049507.3661000002        30.4099998               1
   318501.27909999999        4049271.3095000000        12.4700003               1
   318475.41093700001        4049399.1754140002        31.5568104               1
   318411.40330000001        4049510.0480000000        27.8199997               1
   318452.48030000000        4049261.2861000001        14.4899998               1
   318428.31570500002        4049380.7315630000        31.5720348               1
   318384.47800000000        4049492.7732000002        27.8600006               1
   318396.90740000003        4049252.1645000000        17.7000008               1
   318386.92622800003        4049368.1907950002        32.0042381               1
   318355.12490000000        4049480.0480000000        27.9099998               1
   318348.96059999999        4049247.8654999998        22.0799999               1
   318336.26255500002        4049395.4786250000        31.9899998               1
   318286.57750000001        4049529.3867000001        23.1700001               1
   318300.00189999997        4049240.6546000000        19.2999992               1
   318279.19657299999        4049407.5828069998        31.3515148               1
   318217.80109999998        4049555.0644999999        22.0499992               1
   318251.13600000000        4049232.6627000002        15.4399996               1
   318230.98892799998        4049394.3093220000        31.7770443               1
   318183.20679999999        4049546.7631999999        25.8099995               1
   318201.15279999998        4049223.4939999999        16.5799999               1
   318181.50469099998        4049381.1372329998        31.5679550               1
   318137.16180000000        4049529.3642000002        27.0599995               1
   318152.39720000001        4049214.7814000002        15.3999996               1
   318133.45377299999        4049366.7706539999        31.5847206               1
   318086.41170000000        4049505.9816999999        28.1599998               1
   318102.44459999999        4049211.2779999999        17.4799995               1
   318083.11772099999        4049366.3444619998        31.6098995               1
   318042.00550000003        4049516.0480000000        28.1000004               1
   318051.22509999998        4049206.3174999999        19.4799995               1
   318034.59633600002        4049359.1461580000        31.4761810               1
   318000.21919999999        4049508.3067999999        28.0300007               1
   318002.04519999999        4049197.8073999998        18.4200001               1
   317985.33572999999        4049351.3776230002        31.3433418               1
   317949.77769999998        4049501.1003999999        28.8199997               1
   317953.08080000000        4049187.3149999999        19.5300007               1
   317935.84728300001        4049345.7014219998        31.2983837               1
   317897.94870000001        4049498.0480000000        27.9200001               1
   317903.73839999997        4049178.0632000002        21.4400005               1
   317886.67110099999        4049334.9215230001        31.3170300               1
   317842.27559999999        4049482.0480000000        30.5900002               1
   317854.55699999997        4049167.9495000001        18.2500000               1
   317838.72548500000        4049318.5508840000        33.0443649               1
   317807.95640000002        4049466.0480000000        29.8199997               1
   317812.12160000001        4049154.4043999999        16.7399998               1
   317786.66602100001        4049328.6415340002        31.6314144               1
   317706.15310000000        4049470.0480000000        34.8100014               1
   317772.47800000000        4049134.8810999999        15.2299995               1
   317739.48305799998        4049302.1449679998        34.0178375               1
   317659.54999999999        4049444.0480000000        28.7999992               1
   317738.97190000000        4049117.5540999998        16.4099998               1
   317684.51697100000        4049285.6734560002        34.8862724               1
   317604.47800000000        4049440.5994000002        25.0699997               1
   317698.20159999997        4049102.3243999998        21.7500000               1
   317638.44382200000        4049263.4320029998        37.9494400               1
   317548.93969999999        4049400.0480000000        21.8700008               1
   317667.77230000001        4049085.3423000001        24.2800007               1
   317591.70913500001        4049231.8230269998        38.8600006               1
   317491.92969999998        4049342.0480000000        21.8299999               1
   317634.82130000001        4049051.7047000001        25.1000004               1
   317556.26656500000        4049185.0648670001        38.3928566               1
   317460.14659999998        4049300.3794000000        23.8299999               1
   317609.33830000000        4049027.1877000001        26.2999992               1
   317520.54428999999        4049154.0547310002        38.1951294               1
   317438.62910000002        4049287.3898999998        23.2099991               1
   317588.47800000000        4048992.5728000002        26.0599995               1
   317487.11189599999        4049111.1068070000        35.5236015               1
   317418.18949999998        4049251.7595000002        22.9099998               1
   317558.81180000002        4048971.2015999998        28.7999992               1
   317456.99077700003        4049084.0267150002        34.5477829               1
   317347.82809999998        4049188.6979000000        16.5699997               1
   317521.17330000002        4048938.4482999998        29.4099998               1
   317417.74228399998        4049053.0575819998        34.7062225               1
   317300.17979999998        4049148.3462000000        16.1000004               1
   317495.51030000002        4048915.2883000001        29.9799995               1
   317371.70812999998        4049052.4703290001        39.0348473               1
   317211.12209999998        4049126.0480000000        32.7099991               1
   317480.83439999999        4048895.3884999999        28.8700008               1
   317327.95106900000        4049007.6970050000        38.7548981               1
   317184.17170000001        4049111.7417000001        26.7900009               1
   317475.82650000002        4048876.3234000001        30.6499996               1
   317306.95582899998        4048960.4215770001        38.8140831               1
   317167.88319999998        4049086.6428000000        23.6599998               1
   317476.48790000001        4048865.7400000002        30.7099991               1
   317315.67437399999        4048910.5581339998        35.2552032               1
   317168.85210000002        4048986.4221000001        20.7199993               1
   317482.79690000002        4048846.1564000002        30.3799992               1
   317329.43429000000        4048867.2584290002        31.3400002               1
   317177.56579999998        4048896.7752999999        13.1400003               1
   317485.41759999999        4048824.7294999999        30.2000008               1
   317339.86539900000        4048841.4372589998        31.5460815               1
   317193.43500000000        4048823.5441999999        19.0499992               1
   317481.85900000000        4048809.4101000000        29.8299999               1
   317339.21783199999        4048812.8225500002        31.7151260               1
   317202.52049999998        4048767.1823000000        19.3999996               1
           3           1           2           5
           3           1           5           4
           3           2           3           5
           3           3           6           5
           3           4           5           8
           3           4           8           7
           3           5           6           8
           3           6           9           8
           3           7           8          11
           3           7          11          10
           3           8           9          11
           3           9          12          11
           3          10          11          14
           3          10          14          13
           3          11          12          14
           3          12          15          14
           3          13          14          17
           3          13          17          16
           3          14          15          17
           3          15          18          17
           3          19          20          22
           3          20          23          22
           3          20          21          24
           3          20          24          23
           3          22          23          25
           3          23          26          25
           3          23          24          26
           3          24          27          26
           3          25          26          29
           3          25          29          28
           3          26          27          30
           3          26          30          29
           3          28          29          31
           3          29          32          31
           3          29          30          33
           3          29          33          32
           3          31          32          34
           3          32          35          34
           3          32          33          35
           3          33          36          35
           3          34          35          37
           3          35          38          37
           3          35          36          39
           3          35          39          38
           3          37          38          41
           3          37          41          40
           3          38          39          42
           3          38          42          41
           3          43          44          46
           3          44          47          46
           3          44          45          48
           3          44          48          47
           3          46          47          49
           3          47          50          49
           3          47          48          50
           3          48          51          50
           3          49          50          53
           3          49          53          52
           3          50          51          54
           3          50          54          53
           3          52          53          55
           3          53          56          55
           3          53          54          56
           3          54          57          56
           3          55          56          58
           3          56          59          58
           3          56          57          60
           3          56          60          59
           3          58          59          62
           3          58          62          61
           3          59          60          63
           3          59          63          62
           3          61          62          64
           3          62          65          64
           3          62          63          65
           3          63          66          65
           3          64          65          67
           3          65          68          67
           3          65          66          69
           3          65          69          68
           3          67          68          71
           3          67          71          70
           3          68          69          72
           3          68          72          71
           3          73          74          76
           3          74          77          76
           3          74          75          77
           3          75          78          77
           3          76          77          79
           3          77          80          79
           3          77          78          80
           3          78          81          80
           3          79          80          83
           3          79          83          82
           3          80          81          84
           3          80          84          83
           3          82          83          85
           3          83          86          85
           3          83          84          87
           3          83          87          86
           3          85          86          88
           3          86          89          88
           3          86          87          89
           3          87          90          89
           3          88          89          92
           3          88          92          91
           3          89          90          92
           3          90          93          92
           3          91          92          95
           3          91          95          94
           3          92          93          96
           3          92          96          95
           3          94          95          98
           3          94          98          97
           3          95          96          98
           3          96          99          98
           3          97          98         100
           3          98         101         100
           3          98          99         102
           3          98         102         101
           3         100         101         104
           3         100         104         103
           3         101         102         104
           3         102         105         104
           3         103         104         107
           3         103         107         106
           3         104         105         108
           3         104         108         107
           3         106         107         110
           3         106         110         109
           3         107         108         111
           3         107         111         110
           3         109         110         112
           3         110         113         112
           3         110         111         113
           3         111         114         113
           3         112         113         116
           3         112         116         115
           3         113         114         117
           3         113         117         116
           3         115         116         118
           3         116         119         118
           3         116         117         120
           3         116         120         119
           3         118         119         121
           3         119         122         121
           3         119         120         123
           3         119         123         122
           3         121         122         124
           3         122         125         124
           3         122         123         126
           3         122         126         125
           3         124         125         128
           3         124         128         127
           3         125         126         128
           3         126         129         128
           3         127         128         130
           3         128         131         130
           3         128         129         131
           3         129         132         131
           3         130         131         133
           3         131         134         133
           3         131         132         134
           3         132         135         134
           3         133         134         137
           3         133         137         136
           3         134         135         138
           3         134         138         137
           3         136         137         139
           3         137         140         139
           3         137         138         140
           3         138         141         140
           3         139         140         142
           3         140         143         142
           3         140         141         143
           3         141         144         143
           3         142         143         146
           3         142         146         145
           3         143         144         146
           3         144         147         146
           3         145         146         149
           3         145         149         148
           3         146         147         150
           3         146         150         149
           3         148         149         152
           3         148         152         151
           3         149         150         153
           3         149         153         152
           3         151         152         154
           3         152         155         154
           3         152         153         155
           3         153         156         155
           3         154         155         157
           3         155         158         157
           3         155         156         158
           3         156         159         158
           3         157         158         160
           3         158         161         160
           3         158         159         162
           3         158         162         161
           3         160         161         164
           3         160         164         163
           3         161         162         165
           3         161         165         164
           3         163         164         166
           3         164         167         166
           3         164         165         167
           3         165         168         167
           3         166         167         169
           3         167         170         169
           3         167         168         170
           3         168         171         170
           3         169         170         172
           3         170         173         172
           3         170         171         174
           3         170         174         173
           3         172         173         175
           3         173         176         175
           3         173         174         177
           3         173         177         176
           3         175         176         178
           3         176         179         178
           3         176         177         179
           3         177         180         179
           3         178         179         182
           3         178         182         181
           3         179         180         182
           3         180         183         182
           3         181         182         185
           3         181         185         184
           3         182         183         185
           3         183         186         185
           3         184         185         188
           3         184         188         187
           3         185         186         189
           3         185         189         188
           3         187         188         190
           3         188         191         190
           3         188         189         192
           3         188         192         191
           3         190         191         193
           3         191         194         193
           3         191         192         194
           3         192         195         194
           3         193         194         197
           3         193         197         196
           3         194         195         198
           3         194         198         197
           3         196         197         199
           3         197         200         199
           3         197         198         200
           3         198         201         200
           3         199         200         202
           3         200         203         202
           3         200         201         204
           3         200         204         203
           3         202         203         205
           3         203         206         205
           3         203         204         206
           3         204         207         206
           3         205         206         208
           3         206         209         208
           3         206         207         209
           3         207         210         209
           3         208         209         211
           3         209         212         211
           3         209         210         212
           3         210         213         212
           3         211         212         215
           3         211         215         214
           3         212         213         216
           3         212         216         215
           3         214         215         218
           3         214         218         217
           3         215         216         219
           3         215         219         218
           3         217         218         220
           3         218         221         220
           3         218         219         222
           3         218         222         221
           3         220         221         224
           3         220         224         223
           3         221         222         225
           3         221         225         224
           3         223         224         226
           3         224         227         226
           3         224         225         227
           3         225         228         227
           3         226         227         229
           3         227         230         229
           3         227         228         231
           3         227         231         230
           3         229         230         232
           3         230         233         232
           3         230         231         233
           3         231         234         233
           3         232         233         235
           3         233         236         235
           3         233         234         236
           3         234         237         236
           3         235         236         239
           3         235         239         238
           3         236         237         240
           3         236         240         239
           3         238         239         242
           3         238         242         241
           3         239         240         243
           3         239         243         242
           3         241         242         245
           3         241         245         244
           3         242         243         246
           3         242         246         245
           3         244         245         247
           3         245         248         247
           3         245         246         248
           3         246         249         248
           3         247         248         251
           3         247         251         250
           3         248         249         252
           3         248         252         251
           3         250         251         254
           3         250         254         253
           3         251         252         254
           3         252         255         254
           3         253         254         256
           3         254         257         256
           3         254         255         257
           3         255         258         257
           3         256         257         260
           3         256         260         259
           3         257         258         260
           3         258         261         260
           3         259         260         262
           3         260         263         262
           3         260         261         263
           3         261         264         263
           3         262         263         265
           3         263         266         265
           3         263         264         266
           3         264         267         266
           3         265         266         268
           3         266         269         268
           3         266         267         269
           3         267         270         269
           3         268         269         272
           3         268         272         271
           3         269         270         272
           3         270         273         272
           3         271         272         275
           3         271         275         274
           3         272         273         276
           3         272         276         275
           3         274         275         277
           3         275         278         277
           3         275         276         279
           3         275         279         278
           3         277         278         280
           3         278         281         280
           3         278         279         281
           3         279         282         281
           3         280         281         284
           3         280         284         283
           3         281         282         284
           3         282         285         284
           3         283         284         287
           3         283         287         286
           3         284         285         287
           3         285         288         287
           3         286         287         290
           3         286         290         289
           3         287         288         290
           3         288         291         290
           3         289         290         292
           3         290         293         292
           3         290         291         294
           3         290         294         293
           3         292         293         296
           3         292         296         295
           3         293         294         297
           3         293         297         296
           3         295         296         298
           3         296         299         298
           3         296         297         300
           3         296         300         299
           3         298         299         301
           3         299         302         301
           3         299         300         302
           3         300         303         302
           1           2           5
           2           5           1
           3           1           2
           4           5           4
           5           4           1
           6           3           5
           7           2           3
           8           6           5
           9           3           6
          10           5           8
          11           8           4
          12           8           7
          13           7           4
          14           6           8
          15           9           8
          16           6           9
          17           8          11
          18          11           7
          19          11          10
          20          10           7
          21           9          11
          22          12          11
          23           9          12
          24          11          14
          25          14          10
          26          14          13
          27          13          10
          28          12          14
          29          15          14
          30          12          15
          31          14          17
          32          17          13
          33          17          16
          34          16          13
          35          15          17
          36          18          17
          37          15          18
          38          20          22
          39          22          19
          40          19          20
          41          23          22
          42          20          23
          43          21          24
          44          24          20
          45          20          21
          46          24          23
          47          23          25
          48          25          22
          49          26          25
          50          23          26
          51          24          26
          52          27          26
          53          24          27
          54          26          29
          55          29          25
          56          29          28
          57          28          25
          58          27          30
          59          30          26
          60          30          29
          61          29          31
          62          31          28
          63          32          31
          64          29          32
          65          30          33
          66          33          29
          67          33          32
          68          32          34
          69          34          31
          70          35          34
          71          32          35
          72          33          35
          73          36          35
          74          33          36
          75          35          37
          76          37          34
          77          38          37
          78          35          38
          79          36          39
          80          39          35
          81          39          38
          82          38          41
          83          41          37
          84          41          40
          85          40          37
          86          39          42
          87          42          38
          88          42          41
          89          44          46
          90          46          43
          91          43          44
          92          47          46
          93          44          47
          94          45          48
          95          48          44
          96          44          45
          97          48          47
          98          47          49
          99          49          46
         100          50          49
         101          47          50
         102          48          50
         103          51          50
         104          48          51
         105          50          53
         106          53          49
         107          53          52
         108          52          49
         109          51          54
         110          54          50
         111          54          53
         112          53          55
         113          55          52
         114          56          55
         115          53          56
         116          54          56
         117          57          56
         118          54          57
         119          56          58
         120          58          55
         121          59          58
         122          56          59
         123          57          60
         124          60          56
         125          60          59
         126          59          62
         127          62          58
         128          62          61
         129          61          58
         130          60          63
         131          63          59
         132          63          62
         133          62          64
         134          64          61
         135          65          64
         136          62          65
         137          63          65
         138          66          65
         139          63          66
         140          65          67
         141          67          64
         142          68          67
         143          65          68
         144          66          69
         145          69          65
         146          69          68
         147          68          71
         148          71          67
         149          71          70
         150          70          67
         151          69          72
         152          72          68
         153          72          71
         154          74          76
         155          76          73
         156          73          74
         157          77          76
         158          74          77
         159          75          77
         160          74          75
         161          78          77
         162          75          78
         163          77          79
         164          79          76
         165          80          79
         166          77          80
         167          78          80
         168          81          80
         169          78          81
         170          80          83
         171          83          79
         172          83          82
         173          82          79
         174          81          84
         175          84          80
         176          84          83
         177          83          85
         178          85          82
         179          86          85
         180          83          86
         181          84          87
         182          87          83
         183          87          86
         184          86          88
         185          88          85
         186          89          88
         187          86          89
         188          87          89
         189          90          89
         190          87          90
         191          89          92
         192          92          88
         193          92          91
         194          91          88
         195          90          92
         196          93          92
         197          90          93
         198          92          95
         199          95          91
         200          95          94
         201          94          91
         202          93          96
         203          96          92
         204          96          95
         205          95          98
         206          98          94
         207          98          97
         208          97          94
         209          96          98
         210          99          98
         211          96          99
         212          98         100
         213         100          97
         214         101         100
         215          98         101
         216          99         102
         217         102          98
         218         102         101
         219         101         104
         220         104         100
         221         104         103
         222         103         100
         223         102         104
         224         105         104
         225         102         105
         226         104         107
         227         107         103
         228         107         106
         229         106         103
         230         105         108
         231         108         104
         232         108         107
         233         107         110
         234         110         106
         235         110         109
         236         109         106
         237         108         111
         238         111         107
         239         111         110
         240         110         112
         241         112         109
         242         113         112
         243         110         113
         244         111         113
         245         114         113
         246         111         114
         247         113         116
         248         116         112
         249         116         115
         250         115         112
         251         114         117
         252         117         113
         253         117         116
         254         116         118
         255         118         115
         256         119         118
         257         116         119
         258         117         120
         259         120         116
         260         120         119
         261         119         121
         262         121         118
         263         122         121
         264         119         122
         265         120         123
         266         123         119
         267         123         122
         268         122         124
         269         124         121
         270         125         124
         271         122         125
         272         123         126
         273         126         122
         274         126         125
         275         125         128
         276         128         124
         277         128         127
         278         127         124
         279         126         128
         280         129         128
         281         126         129
         282         128         130
         283         130         127
         284         131         130
         285         128         131
         286         129         131
         287         132         131
         288         129         132
         289         131         133
         290         133         130
         291         134         133
         292         131         134
         293         132         134
         294         135         134
         295         132         135
         296         134         137
         297         137         133
         298         137         136
         299         136         133
         300         135         138
         301         138         134
         302         138         137
         303         137         139
         304         139         136
         305         140         139
         306         137         140
         307         138         140
         308         141         140
         309         138         141
         310         140         142
         311         142         139
         312         143         142
         313         140         143
         314         141         143
         315         144         143
         316         141         144
         317         143         146
         318         146         142
         319         146         145
         320         145         142
         321         144         146
         322         147         146
         323         144         147
         324         146         149
         325         149         145
         326         149         148
         327         148         145
         328         147         150
         329         150         146
         330         150         149
         331         149         152
         332         152         148
         333         152         151
         334         151         148
         335         150         153
         336         153         149
         337         153         152
         338         152         154
         339         154         151
         340         155         154
         341         152         155
         342         153         155
         343         156         155
         344         153         156
         345         155         157
         346         157         154
         347         158         157
         348         155         158
         349         156         158
         350         159         158
         351         156         159
         352         158         160
         353         160         157
         354         161         160
         355         158         161
         356         159         162
         357         162         158
         358         162         161
         359         161         164
         360         164         160
         361         164         163
         362         163         160
         363         162         165
         364         165         161
         365         165         164
         366         164         166
         367         166         163
         368         167         166
         369         164         167
         370         165         167
         371         168         167
         372         165         168
         373         167         169
         374         169         166
         375         170         169
         376         167         170
         377         168         170
         378         171         170
         379         168         171
         380         170         172
         381         172         169
         382         173         172
         383         170         173
         384         171         174
         385         174         170
         386         174         173
         387         173         175
         388         175         172
         389         176         175
         390         173         176
         391         174         177
         392         177         173
         393         177         176
         394         176         178
         395         178         175
         396         179         178
         397         176         179
         398         177         179
         399         180         179
         400         177         180
         401         179         182
         402         182         178
         403         182         181
         404         181         178
         405         180         182
         406         183         182
         407         180         183
         408         182         185
         409         185         181
         410         185         184
         411         184         181
         412         183         185
         413         186         185
         414         183         186
         415         185         188
         416         188         184
         417         188         187
         418         187         184
         419         186         189
         420         189         185
         421         189         188
         422         188         190
         423         190         187
         424         191         190
         425         188         191
         426         189         192
         427         192         188
         428         192         191
         429         191         193
         430         193         190
         431         194         193
         432         191         194
         433         192         194
         434         195         194
         435         192         195
         436         194         197
         437         197         193
         438         197         196
         439         196         193
         440         195         198
         441         198         194
         442         198         197
         443         197         199
         444         199         196
         445         200         199
         446         197         200
         447         198         200
         448         201         200
         449         198         201
         450         200         202
         451         202         199
         452         203         202
         453         200         203
         454         201         204
         455         204         200
         456         204         203
         457         203         205
         458         205         202
         459         206         205
         460         203         206
         461         204         206
         462         207         206
         463         204         207
         464         206         208
         465         208         205
         466         209         208
         467         206         209
         468         207         209
         469         210         209
         470         207         210
         471         209         211
         472         211         208
         473         212         211
         474         209         212
         475         210         212
         476         213         212
         477         210         213
         478         212         215
         479         215         211
         480         215         214
         481         214         211
         482         213         216
         483         216         212
         484         216         215
         485         215         218
         486         218         214
         487         218         217
         488         217         214
         489         216         219
         490         219         215
         491         219         218
         492         218         220
         493         220         217
         494         221         220
         495         218         221
         496         219         222
         497         222         218
         498         222         221
         499         221         224
         500         224         220
         501         224         223
         502         223         220
         503         222         225
         504         225         221
         505         225         224
         506         224         226
         507         226         223
         508         227         226
         509         224         227
         510         225         227
         511         228         227
         512         225         228
         513         227         229
         514         229         226
         515         230         229
         516         227         230
         517         228         231
         518         231         227
         519         231         230
         520         230         232
         521         232         229
         522         233         232
         523         230         233
         524         231         233
         525         234         233
         526         231         234
         527         233         235
         528         235         232
         529         236         235
         530         233         236
         531         234         236
         532         237         236
         533         234         237
         534         236         239
         535         239         235
         536         239         238
         537         238         235
         538         237         240
         539         240         236
         540         240         239
         541         239         242
         542         242         238
         543         242         241
         544         241         238
         545         240         243
         546         243         239
         547         243         242
         548         242         245
         549         245         241
         550         245         244
         551         244         241
         552         243         246
         553         246         242
         554         246         245
         555         245         247
         556         247         244
         557         248         247
         558         245         248
         559         246         248
         560         249         248
         561         246         249
         562         248         251
         563         251         247
         564         251         250
         565         250         247
         566         249         252
         567         252         248
         568         252         251
         569         251         254
         570         254         250
         571         254         253
         572         253         250
         573         252         254
         574         255         254
         575         252         255
         576         254         256
         577         256         253
         578         257         256
         579         254         257
         580         255         257
         581         258         257
         582         255         258
         583         257         260
         584         260         256
         585         260         259
         586         259         256
         587         258         260
         588         261         260
         589         258         261
         590         260         262
         591         262         259
         592         263         262
         593         260         263
         594         261         263
         595         264         263
         596         261         264
         597         263         265
         598         265         262
         599         266         265
         600         263         266
         601         264         266
         602         267         266
         603         264         267
         604         266         268
         605         268         265
         606         269         268
         607         266         269
         608         267         269
         609         270         269
         610         267         270
         611         269         272
         612         272         268
         613         272         271
         614         271         268
         615         270         272
         616         273         272
         617         270         273
         618         272         275
         619         275         271
         620         275         274
         621         274         271
         622         273         276
         623         276         272
         624         276         275
         625         275         277
         626         277         274
         627         278         277
         628         275         278
         629         276         279
         630         279         275
         631         279         278
         632         278         280
         633         280         277
         634         281         280
         635         278         281
         636         279         281
         637         282         281
         638         279         282
         639         281         284
         640         284         280
         641         284         283
         642         283         280
         643         282         284
         644         285         284
         645         282         285
         646         284         287
         647         287         283
         648         287         286
         649         286         283
         650         285         287
         651         288         287
         652         285         288
         653         287         290
         654         290         286
         655         290         289
         656         289         286
         657         288         290
         658         291         290
         659         288         291
         660         290         292
         661         292         289
         662         293         292
         663         290         293
         664         291         294
         665         294         290
         666         294         293
         667         293         296
         668         296         292
         669         296         295
         670         295         292
         671         294         297
         672         297         293
         673         297         296
         674         296         298
         675         298         295
         676         299         298
         677         296         299
         678         297         300
         679         300         296
         680         300         299
         681         299         301
         682         301         298
         683         302         301
         684         299         302
         685         300         302
         686         303         302
         687         300         303
