   6.94444461E-04   358753128.07440925        0.0000000000000000     
   1.38888892E-03   358350461.09637982        0.0000000000000000     
   2.08333344E-03   357821735.69535083        0.0000000000000000     
   2.77777785E-03   357135108.03045422        0.0000000000000000     
   3.47222225E-03   356311538.71640658        0.0000000000000000     
   4.16666688E-03   355390294.39384860        0.0000000000000000     
   4.86111129E-03   354408974.42426735        0.0000000000000000     
   5.55555569E-03   353441125.24341750        0.0000000000000000     
   6.25000009E-03   352562356.96969604        0.0000000000000000     
   6.94444450E-03   351816865.04962087        0.0000000000000000     
   7.63888890E-03   351211482.36358255        0.0000000000000000     
   8.33333377E-03   350716249.53822440        0.0000000000000000     
   9.02777817E-03   350285512.35443872        0.0000000000000000     
   9.72222257E-03   349876555.81649053        0.0000000000000000     
   1.04166670E-02   349446757.18365145        0.0000000000000000     
   1.11111114E-02   348951877.54668081        0.0000000000000000     
   1.18055558E-02   348358806.39419913        0.0000000000000000     
   1.25000002E-02   347658976.06953627        0.0000000000000000     
   1.31944446E-02   346870358.12544829        0.0000000000000000     
   1.38888890E-02   344100132.24391395        0.0000000000000000     
   1.45833334E-02   343257875.33048761        0.0000000000000000     
   1.52777778E-02   342442282.81687903        0.0000000000000000     
   1.59722231E-02   341682815.52331614        0.0000000000000000     
   1.66666675E-02   340996958.36900264        0.0000000000000000     
   1.73611119E-02   340387122.07314134        0.0000000000000000     
   1.80555563E-02   339840347.75024700        0.0000000000000000     
   1.87500007E-02   339332530.04511970        0.0000000000000000     
   1.94444451E-02   338834309.79638213        0.0000000000000000     
   2.01388896E-02   337876214.14593178        0.0000000000000000     
   2.08333340E-02   337313593.75462693        0.0000000000000000     
   2.15277784E-02   336693227.62757665        0.0000000000000000     
   2.22222228E-02   336015035.48052049        0.0000000000000000     
   2.29166672E-02   335289096.77691436        0.0000000000000000     
   2.36111116E-02   334533549.36159223        0.0000000000000000     
   2.43055560E-02   333771400.07863730        0.0000000000000000     
   2.50000004E-02   333025478.37314618        0.0000000000000000     
   2.56944448E-02   332313824.25481641        0.0000000000000000     
   2.63888892E-02   331646570.85277075        0.0000000000000000     
   2.70833336E-02   331024570.35850561        0.0000000000000000     
   2.77777780E-02   330440037.62082338        0.0000000000000000     
   2.84722224E-02   329878762.79331529        0.0000000000000000     
   2.91666668E-02   329323248.20886976        0.0000000000000000     
   2.98611112E-02   328756198.58239847        0.0000000000000000     
   3.05555556E-02   328163668.12748861        0.0000000000000000     
   3.12500000E-02   327537425.56551629        0.0000000000000000     
   3.19444463E-02   326876196.65338713        0.0000000000000000     
   3.26388888E-02   326185475.99794912        0.0000000000000000     
   3.33333351E-02   325475960.94134867        0.0000000000000000     
   3.40277776E-02   324761093.09355247        0.0000000000000000     
   3.47222239E-02   324054320.73484743        0.0000000000000000     
   3.54166664E-02   323366619.60953152        0.0000000000000000     
   3.61111127E-02   322704673.33165437        0.0000000000000000     
   3.68055552E-02   322069965.07314152        0.0000000000000000     
   3.75000015E-02   321458871.34792322        0.0000000000000000     
   3.81944440E-02   320863687.02948689        0.0000000000000000     
   3.88888903E-02   320274332.55466616        0.0000000000000000     
   3.95833328E-02   319680389.35697454        0.0000000000000000     
   4.02777791E-02   319073052.88667959        0.0000000000000000     
   4.09722216E-02   318446630.18050528        0.0000000000000000     
   4.16666679E-02   317799346.28852618        0.0000000000000000     
   4.23611104E-02   317133385.20705372        0.0000000000000000     
   4.30555567E-02   316454213.96671796        0.0000000000000000     
   4.37499993E-02   315769354.13259566        0.0000000000000000     
   4.44444455E-02   315086855.87427825        0.0000000000000000     
   4.51388881E-02   314413792.84991831        0.0000000000000000     
   4.58333343E-02   313755052.53280336        0.0000000000000000     
   4.65277769E-02   313112616.95060289        0.0000000000000000     
   4.72222231E-02   312485422.32796532        0.0000000000000000     
   4.79166657E-02   311869776.51145363        0.0000000000000000     
   4.86111119E-02   311260210.45978993        0.0000000000000000     
   4.93055545E-02   310650581.91765612        0.0000000000000000     
   5.00000007E-02   310035217.07768261        0.0000000000000000     
   5.06944433E-02   309409892.74698067        0.0000000000000000     
   5.13888896E-02   308772487.93641198        0.0000000000000000     
   5.20833321E-02   308123215.96777415        0.0000000000000000     
   5.27777784E-02   307464416.65137851        0.0000000000000000     
   5.34722209E-02   306799985.87617701        0.0000000000000000     
   5.41666672E-02   306134573.56726044        0.0000000000000000     
   5.48611097E-02   305472707.24920893        0.0000000000000000     
   5.55555560E-02   304818003.90653127        0.0000000000000000     
   5.62499985E-02   304172602.32691079        0.0000000000000000     
   5.69444448E-02   303536895.87290353        0.0000000000000000     
   5.76388873E-02   302909590.50781840        0.0000000000000000     
   5.83333336E-02   302288052.45019996        0.0000000000000000     
   5.90277761E-02   301668863.47902215        0.0000000000000000     
   5.97222224E-02   301048471.69998896        0.0000000000000000     
   6.04166649E-02   300423817.69090194        0.0000000000000000     
   6.11111112E-02   299792829.97953433        0.0000000000000000     
   6.18055537E-02   299154713.78915656        0.0000000000000000     
   6.25000000E-02   298509997.78046823        0.0000000000000000     
   6.31944463E-02   297860348.90045929        0.0000000000000000     
   6.38888925E-02   297208204.69207615        0.0000000000000000     
   6.45833313E-02   296556299.70138180        0.0000000000000000     
   6.52777776E-02   295907173.66937780        0.0000000000000000     
   6.59722239E-02   295262751.21034420        0.0000000000000000     
   6.66666701E-02   294624061.29204506        0.0000000000000000     
   6.73611090E-02   293991127.48454964        0.0000000000000000     
   6.80555552E-02   293363034.51891792        0.0000000000000000     
   6.87500015E-02   292738151.52669495        0.0000000000000000     
   6.94444478E-02   292114459.51441008        0.0000000000000000     
   7.01388866E-02   291489919.22512943        0.0000000000000000     
   7.08333328E-02   290862816.38958633        0.0000000000000000     
   7.15277791E-02   290232027.45852566        0.0000000000000000     
   7.22222254E-02   289597166.95095956        0.0000000000000000     
   7.29166642E-02   288958599.79331201        0.0000000000000000     
   7.36111104E-02   288317326.85614103        0.0000000000000000     
   7.43055567E-02   287674773.24768019        0.0000000000000000     
   7.50000030E-02   287032521.22428900        0.0000000000000000     
   7.56944418E-02   286392036.56200600        0.0000000000000000     
   7.63888881E-02   285754434.31963640        0.0000000000000000     
   7.70833343E-02   285120319.98657262        0.0000000000000000     
   7.77777806E-02   284489726.45409399        0.0000000000000000     
   7.84722194E-02   283862149.91514331        0.0000000000000000     
   7.91666657E-02   283236671.08412951        0.0000000000000000     
   7.98611119E-02   282612135.59979087        0.0000000000000000     
   8.05555582E-02   281987359.72055429        0.0000000000000000     
   8.12499970E-02   281361325.84038764        0.0000000000000000     
   8.19444433E-02   280733336.84469414        0.0000000000000000     
   8.26388896E-02   280103107.21453625        0.0000000000000000     
   8.33333358E-02   279470780.65020120        0.0000000000000000     
   8.40277746E-02   278836876.79839957        0.0000000000000000     
   8.47222209E-02   278202180.97485441        0.0000000000000000     
   8.54166672E-02   277567599.03942060        0.0000000000000000     
   8.61111134E-02   276934003.52916497        0.0000000000000000     
   8.68055522E-02   276302096.40566105        0.0000000000000000     
   8.74999985E-02   275672309.18292344        0.0000000000000000     
   8.81944448E-02   275044753.56365258        0.0000000000000000     
   8.88888910E-02   274419226.65380257        0.0000000000000000     
   8.95833299E-02   273795265.71123636        0.0000000000000000     
   9.02777761E-02   273172240.20605397        0.0000000000000000     
   9.09722224E-02   272549463.99885136        0.0000000000000000     
   9.16666687E-02   271926308.07690769        0.0000000000000000     
   9.23611075E-02   271302295.85042727        0.0000000000000000     
   9.30555537E-02   270677167.41838253        0.0000000000000000     
   9.37500000E-02   270050905.53764015        0.0000000000000000     
   9.44444463E-02   267446864.85000721        0.0000000000000000     
   9.51388925E-02   266827132.00262234        0.0000000000000000     
   9.58333313E-02   266207143.50186473        0.0000000000000000     
   9.65277776E-02   265587262.83987442        0.0000000000000000     
   9.72222239E-02   264968804.57072887        0.0000000000000000     
   9.79166701E-02   262560286.93452227        0.0000000000000000     
   9.86111090E-02   261952442.40257522        0.0000000000000000     
   9.93055552E-02   261344708.06424686        0.0000000000000000     
  0.100000001       260737671.21779227        0.0000000000000000     
  0.100694448       260132880.78251404        0.0000000000000000     
  0.101388887       259528238.68720362        0.0000000000000000     
  0.102083333       258923474.97450826        0.0000000000000000     
  0.102777779       258318773.22654554        0.0000000000000000     
  0.103472225       257713701.49888638        0.0000000000000000     
  0.104166664       257108045.94077384        0.0000000000000000     
  0.104861110       256501913.04669771        0.0000000000000000     
  0.105555557       255895505.74112979        0.0000000000000000     
  0.106250003       255289006.55430821        0.0000000000000000     
  0.106944442       254682717.37610146        0.0000000000000000     
  0.107638888       254076947.04835963        0.0000000000000000     
  0.108333334       253471937.25833842        0.0000000000000000     
  0.109027781       252867857.11332959        0.0000000000000000     
  0.109722219       252264785.24200207        0.0000000000000000     
  0.110416666       251662696.98840284        0.0000000000000000     
  0.111111112       251061474.60234544        0.0000000000000000     
  0.111805558       250460936.46900484        0.0000000000000000     
  0.112499997       249860866.81811237        0.0000000000000000     
  0.113194443       249261049.10539770        0.0000000000000000     
  0.113888890       248661299.05149606        0.0000000000000000     
  0.114583336       248061489.69904801        0.0000000000000000     
  0.115277775       247461566.03183734        0.0000000000000000     
  0.115972221       246861548.32214874        0.0000000000000000     
  0.116666667       246261524.40967524        0.0000000000000000     
  0.117361113       245661632.39083186        0.0000000000000000     
  0.118055552       245062037.30525702        0.0000000000000000     
  0.118749999       244462905.76698571        0.0000000000000000     
  0.119444445       243864382.13775074        0.0000000000000000     
  0.120138891       243266569.55157247        0.0000000000000000     
  0.120833330       242669518.30630076        0.0000000000000000     
  0.121527776       242073222.60820019        0.0000000000000000     
  0.122222222       241477625.46002701        0.0000000000000000     
  0.122916669       240882630.66192782        0.0000000000000000     
  0.123611107       240288119.59487930        0.0000000000000000     
  0.124305554       239693969.80190048        0.0000000000000000     
  0.125000000       239100072.98245579        0.0000000000000000     
  0.125694439       238506349.72003549        0.0000000000000000     
  0.126388893       237596331.94593006        0.0000000000000000     
  0.127083331       237004240.51813081        0.0000000000000000     
  0.127777785       236412472.53534785        0.0000000000000000     
  0.128472224       235821025.61806855        0.0000000000000000     
  0.129166663       235229959.53511080        0.0000000000000000     
  0.129861116       234639334.65728709        0.0000000000000000     
  0.130555555       234049129.78332159        0.0000000000000000     
  0.131249994       233459386.34897470        0.0000000000000000     
  0.131944448       232870253.01961824        0.0000000000000000     
  0.132638887       232281843.99208409        0.0000000000000000     
  0.133333340       231694065.32691178        0.0000000000000000     
  0.134027779       231106792.84374997        0.0000000000000000     
  0.134722218       230519999.17986456        0.0000000000000000     
  0.135416672       229933665.63135701        0.0000000000000000     
  0.136111110       229347728.35325158        0.0000000000000000     
  0.136805549       228762138.98831925        0.0000000000000000     
  0.137500003       228176878.14295879        0.0000000000000000     
  0.138194442       227591921.77892810        0.0000000000000000     
  0.138888896       227007254.88369548        0.0000000000000000     
  0.139583334       226422895.95734674        0.0000000000000000     
  0.140277773       225838893.02321932        0.0000000000000000     
  0.140972227       225255306.29801726        0.0000000000000000     
  0.141666666       224672188.21228263        0.0000000000000000     
  0.142361104       224089574.26340911        0.0000000000000000     
  0.143055558       223507488.25949281        0.0000000000000000     
  0.143749997       222925948.10219383        0.0000000000000000     
  0.144444451       222344964.68150279        0.0000000000000000     
  0.145138890       221764536.34441704        0.0000000000000000     
  0.145833328       221184645.21250215        0.0000000000000000     
  0.146527782       220605260.32412699        0.0000000000000000     
  0.147222221       220026345.36256516        0.0000000000000000     
  0.147916660       219447866.14443442        0.0000000000000000     
  0.148611113       218869796.27490690        0.0000000000000000     
  0.149305552       218292120.28223830        0.0000000000000000     
  0.150000006       217714833.44458684        0.0000000000000000     
  0.150694445       217137939.75747746        0.0000000000000000     
  0.151388884       216561450.67292511        0.0000000000000000     
  0.152083337       215985384.96962228        0.0000000000000000     
  0.152777776       215409767.76569277        0.0000000000000000     
  0.153472215       212801590.01182890        0.0000000000000000     
  0.154166669       212234024.88126880        0.0000000000000000     
  0.154861107       211667067.90674058        0.0000000000000000     
  0.155555561       211100656.81398356        0.0000000000000000     
  0.156250000       210534873.35636389        0.0000000000000000     
  0.156944439       209969648.37882707        0.0000000000000000     
  0.157638893       209404942.81321889        0.0000000000000000     
  0.158333331       207738349.52219397        0.0000000000000000     
  0.159027785       207176329.11989856        0.0000000000000000     
  0.159722224       206614613.49380383        0.0000000000000000     
  0.160416663       206053721.34049305        0.0000000000000000     
  0.161111116       205493783.96076286        0.0000000000000000     
  0.161805555       204935323.76380694        0.0000000000000000     
  0.162499994       204378420.56722271        0.0000000000000000     
  0.163194448       203822576.23830479        0.0000000000000000     
  0.163888887       203267211.05673945        0.0000000000000000     
  0.164583340       202712131.91294762        0.0000000000000000     
  0.165277779       202157426.69016069        0.0000000000000000     
  0.165972218       201603085.71154037        0.0000000000000000     
  0.166666672       201048989.57014975        0.0000000000000000     
  0.167361110       200495022.87534711        0.0000000000000000     
  0.168055549       199941050.16622275        0.0000000000000000     
  0.168750003       199387009.45289615        0.0000000000000000     
  0.169444442       198833023.53052804        0.0000000000000000     
  0.170138896       197090541.53513500        0.0000000000000000     
  0.170833334       196544489.28791082        0.0000000000000000     
  0.171527773       196005128.10068813        0.0000000000000000     
  0.172222227       195476316.89836290        0.0000000000000000     
  0.172916666       194950830.08248532        0.0000000000000000     
  0.173611104       194418640.48812053        0.0000000000000000     
  0.174305558       193881790.49217162        0.0000000000000000     
  0.174999997       193344976.72497028        0.0000000000000000     
  0.175694451       192804783.92857659        0.0000000000000000     
  0.176388890       191826239.86227101        0.0000000000000000     
  0.177083328       191281129.30563757        0.0000000000000000     
  0.177777782       190735063.39723575        0.0000000000000000     
  0.178472221       190188040.90229583        0.0000000000000000     
  0.179166660       189641173.85288423        0.0000000000000000     
  0.179861113       189095162.66491589        0.0000000000000000     
  0.180555552       187094470.36181557        0.0000000000000000     
  0.181250006       186584519.55999434        0.0000000000000000     
  0.181944445       185640396.69198042        0.0000000000000000     
  0.182638884       185118188.13121969        0.0000000000000000     
  0.183333337       184604609.19882476        0.0000000000000000     
  0.184027776       184089866.03386232        0.0000000000000000     
  0.184722215       182954183.33879775        0.0000000000000000     
  0.185416669       182447490.07433122        0.0000000000000000     
  0.186111107       181939847.90062550        0.0000000000000000     
  0.186805561       181428860.03976619        0.0000000000000000     
  0.187500000       180911010.50998840        0.0000000000000000     
  0.188194439       180385537.62570441        0.0000000000000000     
  0.188888893       179856332.44857416        0.0000000000000000     
  0.189583331       179327466.57433796        0.0000000000000000     
  0.190277785       178799988.11805159        0.0000000000000000     
  0.190972224       177397527.77404961        0.0000000000000000     
  0.191666663       176875683.10005999        0.0000000000000000     
  0.192361116       176354960.54857758        0.0000000000000000     
  0.193055555       175837682.68095085        0.0000000000000000     
  0.193749994       175326297.45943478        0.0000000000000000     
  0.194444448       174820000.78880423        0.0000000000000000     
  0.195138887       174315413.57297495        0.0000000000000000     
  0.195833340       173810845.14011610        0.0000000000000000     
  0.196527779       173306650.79880100        0.0000000000000000     
  0.197222218       172802862.64466766        0.0000000000000000     
  0.197916672       172298916.75125068        0.0000000000000000     
  0.198611110       171794713.99854851        0.0000000000000000     
  0.199305549       171290250.83895421        0.0000000000000000     
  0.200000003       170784835.84497604        0.0000000000000000     
  0.200694442       169749761.93516013        0.0000000000000000     
  0.201388896       168969447.77587810        0.0000000000000000     
  0.202083334       168466297.58871937        0.0000000000000000     
  0.202777773       167964664.84433621        0.0000000000000000     
  0.203472227       167463724.22451475        0.0000000000000000     
  0.204166666       166725355.41142535        0.0000000000000000     
  0.204861104       166226259.17319489        0.0000000000000000     
  0.205555558       165728863.87837660        0.0000000000000000     
  0.206249997       165232050.20665914        0.0000000000000000     
  0.206944451       164735739.19240674        0.0000000000000000     
  0.207638890       164240495.54637948        0.0000000000000000     
  0.208333328       163746292.13626373        0.0000000000000000     
  0.209027782       163253025.36056212        0.0000000000000000     
  0.209722221       162760577.00079289        0.0000000000000000     
  0.210416660       162268630.20948896        0.0000000000000000     
  0.211111113       161776954.81977269        0.0000000000000000     
  0.211805552       161285586.36482936        0.0000000000000000     
  0.212500006       159211768.52851263        0.0000000000000000     
  0.213194445       158739723.54781088        0.0000000000000000     
  0.213888884       158290775.75691941        0.0000000000000000     
  0.214583337       156866937.03141221        0.0000000000000000     
  0.215277776       155545632.80841276        0.0000000000000000     
  0.215972215       154144904.34548470        0.0000000000000000     
  0.216666669       153705657.12616354        0.0000000000000000     
  0.217361107       153274077.96272761        0.0000000000000000     
  0.218055561       152841923.62292781        0.0000000000000000     
  0.218750000       152401044.09927547        0.0000000000000000     
  0.219444439       151949865.80485561        0.0000000000000000     
  0.220138893       151490098.11930466        0.0000000000000000     
  0.220833331       151022531.95073044        0.0000000000000000     
  0.221527785       150548456.93304622        0.0000000000000000     
  0.222222224       150070458.59724572        0.0000000000000000     
  0.222916663       149591288.82262662        0.0000000000000000     
  0.223611116       149112736.18594611        0.0000000000000000     
  0.224305555       148635746.66710407        0.0000000000000000     
  0.224999994       148160747.63793904        0.0000000000000000     
  0.225694448       146415770.87620768        0.0000000000000000     
  0.226388887       145958770.39865407        0.0000000000000000     
  0.227083340       145507114.98254135        0.0000000000000000     
  0.227777779       145053696.21712503        0.0000000000000000     
  0.228472218       144604028.69134560        0.0000000000000000     
  0.229166672       144158946.37452736        0.0000000000000000     
  0.229861110       143715714.72581869        0.0000000000000000     
  0.230555549       143273998.10479575        0.0000000000000000     
  0.231250003       142529046.86788252        0.0000000000000000     
  0.231944442       142090759.24554771        0.0000000000000000     
  0.232638896       141655792.90677547        0.0000000000000000     
  0.233333334       141217504.26663303        0.0000000000000000     
  0.234027773       138947023.60516077        0.0000000000000000     
  0.234722227       138527784.91477638        0.0000000000000000     
  0.235416666       138116385.27709803        0.0000000000000000     
  0.236111104       137690294.25089246        0.0000000000000000     
  0.236805558       137050961.79081616        0.0000000000000000     
  0.237499997       136625219.48064953        0.0000000000000000     
  0.238194451       136195493.92677346        0.0000000000000000     
  0.238888890       135764958.90057158        0.0000000000000000     
  0.239583328       135333407.81554785        0.0000000000000000     
  0.240277782       134900024.25477150        0.0000000000000000     
  0.240972221       134465017.46562457        0.0000000000000000     
  0.241666660       134028009.81252523        0.0000000000000000     
  0.242361113       133589308.87361568        0.0000000000000000     
  0.243055552       133150212.25847223        0.0000000000000000     
  0.243750006       132712102.13524455        0.0000000000000000     
  0.244444445       131549453.09252596        0.0000000000000000     
  0.245138884       131117439.19310468        0.0000000000000000     
  0.245833337       130687821.30452369        0.0000000000000000     
  0.246527776       130260655.38449827        0.0000000000000000     
  0.247222215       129835785.03480916        0.0000000000000000     
  0.247916669       127981612.75808255        0.0000000000000000     
  0.248611107       127565081.81367552        0.0000000000000000     
  0.249305561       126214680.12505604        0.0000000000000000     
  0.250000000       125804960.38430177        0.0000000000000000     
  0.250694454       125402446.94757865        0.0000000000000000     
  0.251388878       125002776.51140791        0.0000000000000000     
  0.252083331       123767383.49454080        0.0000000000000000     
  0.252777785       123202414.87143965        0.0000000000000000     
  0.253472209       122813339.15011156        0.0000000000000000     
  0.254166663       122417322.45808701        0.0000000000000000     
  0.254861116       122018857.73313965        0.0000000000000000     
  0.255555570       121618748.54240501        0.0000000000000000     
  0.256249994       121217563.06909847        0.0000000000000000     
  0.256944448       120815912.74258012        0.0000000000000000     
  0.257638901       120413849.01989394        0.0000000000000000     
  0.258333325       120011583.53148951        0.0000000000000000     
  0.259027779       119609383.65443824        0.0000000000000000     
  0.259722233       119098876.32289273        0.0000000000000000     
  0.260416657       118707400.73569250        0.0000000000000000     
  0.261111110       118319144.62801008        0.0000000000000000     
  0.261805564       117339530.94418745        0.0000000000000000     
  0.262499988       116953099.36196791        0.0000000000000000     
  0.263194442       116100380.16210955        0.0000000000000000     
  0.263888896       116188407.49065448        0.0000000000000000     
  0.264583319       115333138.50682402        0.0000000000000000     
  0.265277773       113810277.15353873        0.0000000000000000     
  0.265972227       113439462.45480031        0.0000000000000000     
  0.266666681       113071216.09960693        0.0000000000000000     
  0.267361104       112704366.18478866        0.0000000000000000     
  0.268055558       111021245.92380723        0.0000000000000000     
  0.268750012       110660219.72312403        0.0000000000000000     
  0.269444436       110298782.72344404        0.0000000000000000     
  0.270138890       109938534.52870457        0.0000000000000000     
  0.270833343       109930374.70262697        0.0000000000000000     
  0.271527767       109070183.58374383        0.0000000000000000     
  0.272222221       108708155.68242426        0.0000000000000000     
  0.272916675       108349938.06375922        0.0000000000000000     
  0.273611099       106780371.92953087        0.0000000000000000     
  0.274305552       106429072.13509804        0.0000000000000000     
  0.275000006       105560974.45340663        0.0000000000000000     
  0.275694430       105226199.95493692        0.0000000000000000     
  0.276388884       104880777.05297959        0.0000000000000000     
  0.277083337       104535000.18291388        0.0000000000000000     
  0.277777791       104192733.00187165        0.0000000000000000     
  0.278472215       103850222.20245536        0.0000000000000000     
  0.279166669       103507122.74259242        0.0000000000000000     
  0.279861122       103164066.07551467        0.0000000000000000     
  0.280555546       102172779.02522416        0.0000000000000000     
  0.281250000       101629209.32554042        0.0000000000000000     
  0.281944454       101292171.50813800        0.0000000000000000     
  0.282638878       100955624.77717039        0.0000000000000000     
  0.283333331       99837803.299362451        0.0000000000000000     
  0.284027785       99320920.401468560        0.0000000000000000     
  0.284722209       98988274.617043257        0.0000000000000000     
  0.285416663       98655856.508850440        0.0000000000000000     
  0.286111116       98323211.819393709        0.0000000000000000     
  0.286805570       97989692.813534170        0.0000000000000000     
  0.287499994       97051535.211945906        0.0000000000000000     
  0.288194448       96724710.861478090        0.0000000000000000     
  0.288888901       96211731.824619919        0.0000000000000000     
  0.289583325       96074479.697252452        0.0000000000000000     
  0.290277779       95565294.028645858        0.0000000000000000     
  0.290972233       95242843.483966321        0.0000000000000000     
  0.291666657       94922819.197059095        0.0000000000000000     
  0.292361110       94000872.395464554        0.0000000000000000     
  0.293055564       93682954.160535723        0.0000000000000000     
  0.293749988       93549924.820937917        0.0000000000000000     
  0.294444442       93048539.302085221        0.0000000000000000     
  0.295138896       92731342.998918727        0.0000000000000000     
  0.295833319       92418793.002059266        0.0000000000000000     
  0.296527773       92104163.177899808        0.0000000000000000     
  0.297222227       91791393.626409322        0.0000000000000000     
  0.297916681       91479832.269895822        0.0000000000000000     
  0.298611104       90985139.201408952        0.0000000000000000     
  0.299305558       90675578.664334133        0.0000000000000000     
  0.300000012       90366477.519980893        0.0000000000000000     
  0.300694436       90057594.216812313        0.0000000000000000     
  0.301388890       89749099.023612708        0.0000000000000000     
  0.302083343       89440911.833226517        0.0000000000000000     
  0.302777767       88444281.541516989        0.0000000000000000     
  0.303472221       88139159.497586504        0.0000000000000000     
  0.304166675       87244617.065525904        0.0000000000000000     
  0.304861099       86944974.774736166        0.0000000000000000     
  0.305555552       85799092.152622327        0.0000000000000000     
  0.306250006       85507285.106981814        0.0000000000000000     
  0.306944430       84567638.240272447        0.0000000000000000     
  0.307638884       84454151.944580331        0.0000000000000000     
  0.308333337       83761438.306592584        0.0000000000000000     
  0.309027791       83467271.789673418        0.0000000000000000     
  0.309722215       83187520.479270995        0.0000000000000000     
  0.310416669       82901716.212598190        0.0000000000000000     
  0.311111122       82619182.571130678        0.0000000000000000     
  0.311805546       82337918.427903488        0.0000000000000000     
  0.312500000       82053003.370684370        0.0000000000000000     
  0.313194454       82215787.910371378        0.0000000000000000     
  0.313888878       81410556.275341675        0.0000000000000000     
  0.314583331       81124836.593869492        0.0000000000000000     
  0.315277785       80841757.870417103        0.0000000000000000     
  0.315972209       80552841.390033558        0.0000000000000000     
  0.316666663       80268779.101126730        0.0000000000000000     
  0.317361116       79981564.589631021        0.0000000000000000     
  0.318055570       79696917.068926677        0.0000000000000000     
  0.318749994       79411957.837699026        0.0000000000000000     
  0.319444448       79127818.542512804        0.0000000000000000     
  0.320138901       78306164.995161325        0.0000000000000000     
  0.320833325       78024093.829653472        0.0000000000000000     
  0.321527779       77745248.668191224        0.0000000000000000     
  0.322222233       76277504.338373020        0.0000000000000000     
  0.322916657       76001871.999199092        0.0000000000000000     
  0.323611110       75725879.647521988        0.0000000000000000     
  0.324305564       75451544.844001099        0.0000000000000000     
  0.324999988       75178765.733895674        0.0000000000000000     
  0.325694442       74295543.219747752        0.0000000000000000     
  0.326388896       74027743.153550819        0.0000000000000000     
  0.327083319       72705038.085324615        0.0000000000000000     
  0.327777773       72452595.450405091        0.0000000000000000     
  0.328472227       71339153.098160684        0.0000000000000000     
  0.329166681       71969329.234886289        0.0000000000000000     
  0.329861104       70867420.513974786        0.0000000000000000     
  0.330555558       70629422.573912472        0.0000000000000000     
  0.331250012       69802383.487106398        0.0000000000000000     
  0.331944436       69575969.563214391        0.0000000000000000     
  0.332638890       68574058.030685037        0.0000000000000000     
  0.333333343       68362361.046424299        0.0000000000000000     
  0.334027767       68181645.628942475        0.0000000000000000     
  0.334722221       68031408.042694345        0.0000000000000000     
  0.335416675       67903929.683015943        0.0000000000000000     
  0.336111099       67797774.446382672        0.0000000000000000     
  0.336805552       67690250.328046203        0.0000000000000000     
  0.337500006       67065490.198604807        0.0000000000000000     
  0.338194430       66932370.150592096        0.0000000000000000     
  0.338888884       66798535.185035050        0.0000000000000000     
  0.339583337       66660074.504115172        0.0000000000000000     
  0.340277791       66517867.297983266        0.0000000000000000     
  0.340972215       66374111.090097770        0.0000000000000000     
  0.341666669       66229519.358193249        0.0000000000000000     
  0.342361122       65566700.732649103        0.0000000000000000     
  0.343055546       65420034.669623390        0.0000000000000000     
  0.343750000       65271388.079693772        0.0000000000000000     
  0.344444454       65120053.185703933        0.0000000000000000     
  0.345138878       64607896.562394857        0.0000000000000000     
  0.345833331       64455156.362940684        0.0000000000000000     
  0.346527785       64301097.539794765        0.0000000000000000     
  0.347222209       64145567.760084487        0.0000000000000000     
  0.347916663       63988985.980845504        0.0000000000000000     
  0.348611116       63328449.822347723        0.0000000000000000     
  0.349305570       63171790.092145205        0.0000000000000000     
  0.349999994       63014692.772344738        0.0000000000000000     
  0.350694448       62854634.954358250        0.0000000000000000     
  0.351388901       62839910.158065148        0.0000000000000000     
  0.352083325       62538737.107777335        0.0000000000000000     
  0.352777779       62353424.232571460        0.0000000000000000     
  0.353472233       62207434.325710535        0.0000000000000000     
  0.354166657       62035361.895930834        0.0000000000000000     
  0.354861110       61762915.642894469        0.0000000000000000     
  0.355555564       61600542.143883042        0.0000000000000000     
  0.356249988       61429834.611712314        0.0000000000000000     
  0.356944442       61260377.012357056        0.0000000000000000     
  0.357638896       61091598.063573673        0.0000000000000000     
  0.358333319       60920776.964009948        0.0000000000000000     
  0.359027773       60750146.990541153        0.0000000000000000     
  0.359722227       60579014.853512287        0.0000000000000000     
  0.360416681       60406951.565336332        0.0000000000000000     
  0.361111104       60234467.971656479        0.0000000000000000     
  0.361805558       59804313.587295339        0.0000000000000000     
  0.362500012       59359367.852457479        0.0000000000000000     
  0.363194436       59187366.680003040        0.0000000000000000     
  0.363888890       59015237.543008506        0.0000000000000000     
  0.364583343       58674419.450758912        0.0000000000000000     
  0.365277767       58502440.602612816        0.0000000000000000     
  0.365972221       58331040.526903041        0.0000000000000000     
  0.366666675       58160100.679968037        0.0000000000000000     
  0.367361099       57989079.856471993        0.0000000000000000     
  0.368055552       57475477.707477905        0.0000000000000000     
  0.368750006       57204129.276894599        0.0000000000000000     
  0.369444430       57035656.014972888        0.0000000000000000     
  0.370138884       56865613.925447658        0.0000000000000000     
  0.370833337       56693843.912869900        0.0000000000000000     
  0.371527791       56522079.930050038        0.0000000000000000     
  0.372222215       56350091.704224303        0.0000000000000000     
  0.372916669       56177987.540077239        0.0000000000000000     
  0.373611122       56005957.351610333        0.0000000000000000     
  0.374305546       55834046.724762149        0.0000000000000000     
  0.375000000       55360564.788985886        0.0000000000000000     
  0.375694454       55525577.502838708        0.0000000000000000     
  0.376388878       55082909.099161468        0.0000000000000000     
  0.377083331       54642214.686326429        0.0000000000000000     
  0.377777785       54245751.419911154        0.0000000000000000     
  0.378472209       54526169.911532961        0.0000000000000000     
  0.379166663       54192891.431976818        0.0000000000000000     
  0.379861116       54455194.925627626        0.0000000000000000     
  0.380555570       54072802.235128462        0.0000000000000000     
  0.381249994       54313772.759479277        0.0000000000000000     
  0.381944448       53955657.238803372        0.0000000000000000     
  0.382638901       54221092.547567017        0.0000000000000000     
  0.383333325       53867050.410845421        0.0000000000000000     
  0.384027779       54121581.335157946        0.0000000000000000     
  0.384722233       53758809.136315033        0.0000000000000000     
  0.385416657       54012130.761066854        0.0000000000000000     
  0.386111110       53655658.508897685        0.0000000000000000     
  0.386805564       53912447.947951503        0.0000000000000000     
  0.387499988       53556476.609484546        0.0000000000000000     
  0.388194442       53809419.243853956        0.0000000000000000     
  0.388888896       53453018.673682652        0.0000000000000000     
  0.389583319       53706592.755148388        0.0000000000000000     
  0.390277773       53353230.912264138        0.0000000000000000     
  0.390972227       53607290.514491715        0.0000000000000000     
  0.391666681       53254433.261643603        0.0000000000000000     
  0.392361104       53975302.752481475        0.0000000000000000     
  0.393055558       53622962.592463881        0.0000000000000000     
  0.393750012       53701477.321601763        0.0000000000000000     
  0.394444436       53351923.416300237        0.0000000000000000     
  0.395138890       53604611.732447386        0.0000000000000000     
  0.395833343       51576842.278206237        0.0000000000000000     
  0.396527767       51830509.594776593        0.0000000000000000     
  0.397222221       51485624.952308051        0.0000000000000000     
  0.397916675       51743559.078686051        0.0000000000000000     
  0.398611099       51399154.865946747        0.0000000000000000     
  0.399305552       51653768.603239104        0.0000000000000000     
  0.400000006       51309289.978220485        0.0000000000000000     
  0.400694430       51565041.998632640        0.0000000000000000     
  0.401388884       51222435.046430916        0.0000000000000000     
  0.402083337       51477845.115469262        0.0000000000000000     
  0.402777791       51135196.928135343        0.0000000000000000     
  0.403472215       51390147.069527939        0.0000000000000000     
  0.404166669       51048473.936146356        0.0000000000000000     
  0.404861122       51303556.308076628        0.0000000000000000     
  0.405555546       50962536.499240510        0.0000000000000000     
  0.406250000       51217292.206724569        0.0000000000000000     
  0.406944454       50876845.668286242        0.0000000000000000     
  0.407638878       51131546.907755576        0.0000000000000000     
  0.408333331       50791815.853934713        0.0000000000000000     
  0.409027785       51046420.259608209        0.0000000000000000     
  0.409722209       50707250.087852567        0.0000000000000000     
  0.410416663       50961734.407051705        0.0000000000000000     
  0.411111116       50623155.427609399        0.0000000000000000     
  0.411805570       50877577.602317639        0.0000000000000000     
  0.412499994       50539562.593388915        0.0000000000000000     
  0.413194448       50793900.995785236        0.0000000000000000     
  0.413888901       50456419.004816718        0.0000000000000000     
  0.414583325       50710697.963479593        0.0000000000000000     
  0.415277779       50373746.389098197        0.0000000000000000     
  0.415972233       50332384.540033579        0.0000000000000000     
  0.416666657       50294667.471336551        0.0000000000000000     
  0.417361110       50256805.046513841        0.0000000000000000     
  0.418055564       50215900.104118839        0.0000000000000000     
  0.418749988       50176784.396667846        0.0000000000000000     
  0.419444442       49926468.405230001        0.0000000000000000     
  0.420138896       49888435.508436814        0.0000000000000000     
  0.420833319       49850751.404272877        0.0000000000000000     
  0.421527773       49813390.545319214        0.0000000000000000     
  0.422222227       49776025.249865584        0.0000000000000000     
  0.422916681       49738784.684590802        0.0000000000000000     
  0.423611104       49701810.756336547        0.0000000000000000     
  0.424305558       49664977.504215293        0.0000000000000000     
  0.425000012       49344540.320850849        0.0000000000000000     
  0.425694436       49590732.765565351        0.0000000000000000     
  0.426388890       49275068.747022413        0.0000000000000000     
  0.427083343       49237024.169723541        0.0000000000000000     
  0.427777767       49199985.410441682        0.0000000000000000     
  0.428472221       49166289.790540606        0.0000000000000000     
  0.429166675       49412714.169795468        0.0000000000000000     
  0.429861099       49103374.882282443        0.0000000000000000     
  0.430555552       49058031.265327320        0.0000000000000000     
  0.431250006       49018196.922621168        0.0000000000000000     
  0.431944430       48989573.425647579        0.0000000000000000     
  0.432638884       48958416.294778042        0.0000000000000000     
  0.433333337       48922247.314115524        0.0000000000000000     
  0.434027791       48884749.528611541        0.0000000000000000     
  0.434722215       48849128.294834264        0.0000000000000000     
  0.435416669       48815710.233585358        0.0000000000000000     
  0.436111122       48782161.951349705        0.0000000000000000     
  0.436805546       48747363.932195954        0.0000000000000000     
  0.437500000       48208018.246512309        0.0000000000000000     
  0.438194454       48174852.706308000        0.0000000000000000     
  0.438888878       48142720.101045966        0.0000000000000000     
  0.439583331       48384627.928647026        0.0000000000000000     
  0.440277785       48098594.956144027        0.0000000000000000     
  0.440972209       48040001.767893665        0.0000000000000000     
  0.441666663       47994255.852143459        0.0000000000000000     
  0.442361116       47980034.659512460        0.0000000000000000     
  0.443055570       47958200.474199399        0.0000000000000000     
  0.443749994       47922523.238519505        0.0000000000000000     
  0.444444448       47883358.904739618        0.0000000000000000     
  0.445138901       47848849.987666376        0.0000000000000000     
  0.445833325       47820387.143840685        0.0000000000000000     
  0.446527779       47791895.702117890        0.0000000000000000     
  0.447222233       47759773.483354852        0.0000000000000000     
  0.447916657       47478307.118125193        0.0000000000000000     
  0.448611110       47447144.695632190        0.0000000000000000     
  0.449305564       47417973.306171536        0.0000000000000000     
  0.449999988       47388878.366733134        0.0000000000000000     
  0.450694442       47358826.267153226        0.0000000000000000     
  0.451388896       47328346.232577689        0.0000000000000000     
  0.452083319       47298230.854728803        0.0000000000000000     
  0.452777773       46959139.344366476        0.0000000000000000     
  0.453472227       46931097.462803438        0.0000000000000000     
  0.454166681       46902873.015877806        0.0000000000000000     
  0.454861104       46874567.089254208        0.0000000000000000     
  0.455555558       46846393.341503359        0.0000000000000000     
  0.456250012       46818346.608810291        0.0000000000000000     
  0.456944436       46790410.817316666        0.0000000000000000     
  0.457638890       46762514.038697153        0.0000000000000000     
  0.458333343       46465110.396825753        0.0000000000000000     
  0.459027767       46438442.948867276        0.0000000000000000     
  0.459722221       46411800.987320334        0.0000000000000000     
  0.460416675       46385252.108715370        0.0000000000000000     
  0.461111099       46358801.692918219        0.0000000000000000     
  0.461805552       46332355.313777767        0.0000000000000000     
  0.462500006       46305970.599474572        0.0000000000000000     
  0.463194430       46279659.318910360        0.0000000000000000     
  0.463888884       46253404.191201918        0.0000000000000000     
  0.464583337       46227210.374198504        0.0000000000000000     
  0.465277791       46201074.361175969        0.0000000000000000     
  0.465972215       46174991.462831758        0.0000000000000000     
  0.466666669       46148968.382218346        0.0000000000000000     
  0.467361122       46123006.042562559        0.0000000000000000     
  0.468055546       46097101.301363580        0.0000000000000000     
  0.468750000       46071255.376945905        0.0000000000000000     
  0.469444454       46045466.676405407        0.0000000000000000     
  0.470138878       45935440.679273084        0.0000000000000000     
  0.470833331       46163276.598935232        0.0000000000000000     
  0.471527785       45946677.953729704        0.0000000000000000     
  0.472222209       45856284.372488879        0.0000000000000000     
  0.472916663       45587595.774808988        0.0000000000000000     
  0.473611116       45603554.013612531        0.0000000000000000     
  0.474305570       45611824.408803105        0.0000000000000000     
  0.474999994       45589076.502556272        0.0000000000000000     
  0.475694448       45549680.864413776        0.0000000000000000     
  0.476388901       45510450.611696437        0.0000000000000000     
  0.477083325       45487003.685444251        0.0000000000000000     
  0.477777779       45473294.431394316        0.0000000000000000     
  0.478472233       45456157.519250683        0.0000000000000000     
  0.479166657       45431288.572704673        0.0000000000000000     
  0.479861110       45403459.745594718        0.0000000000000000     
  0.480555564       45377862.444146849        0.0000000000000000     
  0.481249988       45355871.178447954        0.0000000000000000     
  0.481944442       45335164.754851289        0.0000000000000000     
  0.482638896       45313166.917364448        0.0000000000000000     
  0.483333319       45289551.588658825        0.0000000000000000     
  0.484027773       45265611.839450337        0.0000000000000000     
  0.484722227       45242447.572659612        0.0000000000000000     
  0.485416681       45220096.853431247        0.0000000000000000     
  0.486111104       45197918.914627768        0.0000000000000000     
  0.486805558       45175418.843808979        0.0000000000000000     
  0.487500012       45152624.892058440        0.0000000000000000     
  0.488194436       45129851.871105082        0.0000000000000000     
  0.488888890       45107316.081783190        0.0000000000000000     
  0.489583343       45084994.295080803        0.0000000000000000     
  0.490277767       45062733.198654369        0.0000000000000000     
  0.490972221       45040432.812838160        0.0000000000000000     
  0.491666675       45018111.915993966        0.0000000000000000     
  0.492361099       44995840.757689439        0.0000000000000000     
  0.493055552       44973663.829056896        0.0000000000000000     
  0.493750006       44951576.035726547        0.0000000000000000     
  0.494444430       44721497.524765790        0.0000000000000000     
  0.495138884       45293513.262819573        0.0000000000000000     
  0.495833337       44209139.980505250        0.0000000000000000     
  0.496527791       43710908.589570455        0.0000000000000000     
  0.497222215       43693619.043764986        0.0000000000000000     
  0.497916669       43672030.503506109        0.0000000000000000     
  0.498611122       43660482.176155992        0.0000000000000000     
  0.499305546       43639194.318518646        0.0000000000000000     
  0.500000000       43621675.001465164        0.0000000000000000     
  0.500694454       43603543.901042521        0.0000000000000000     
  0.501388907       43585514.959064178        0.0000000000000000     
  0.502083361       43567340.355335705        0.0000000000000000     
  0.502777755       43549422.201959997        0.0000000000000000     
  0.503472209       43414689.582631402        0.0000000000000000     
  0.504166663       43397124.838587858        0.0000000000000000     
  0.504861116       43379693.730654076        0.0000000000000000     
  0.505555570       43283381.631634325        0.0000000000000000     
  0.506250024       43266248.914258540        0.0000000000000000     
  0.506944418       43225576.122539386        0.0000000000000000     
  0.507638872       43208937.285980009        0.0000000000000000     
  0.508333325       43192362.877167657        0.0000000000000000     
  0.509027779       43175825.177574083        0.0000000000000000     
  0.509722233       43159322.897550523        0.0000000000000000     
  0.510416687       43142867.145584613        0.0000000000000000     
  0.511111140       43126453.291722670        0.0000000000000000     
  0.511805534       43110079.570531502        0.0000000000000000     
  0.512499988       43093747.240188174        0.0000000000000000     
  0.513194442       43077456.598760784        0.0000000000000000     
  0.513888896       43061207.909609757        0.0000000000000000     
  0.514583349       42669985.211808324        0.0000000000000000     
  0.515277803       42654930.840646207        0.0000000000000000     
  0.515972197       42640788.944405116        0.0000000000000000     
  0.516666651       42626468.888875574        0.0000000000000000     
  0.517361104       42612244.196999513        0.0000000000000000     
  0.518055558       42598409.201889381        0.0000000000000000     
  0.518750012       42584572.421455801        0.0000000000000000     
  0.519444466       42570648.456898853        0.0000000000000000     
  0.520138860       42556742.986023583        0.0000000000000000     
  0.520833313       42542890.713525027        0.0000000000000000     
  0.521527767       42529085.617917456        0.0000000000000000     
  0.522222221       42515317.474155240        0.0000000000000000     
  0.522916675       42501585.957920976        0.0000000000000000     
  0.523611128       42487889.579122357        0.0000000000000000     
  0.524305582       42474229.340024874        0.0000000000000000     
  0.524999976       42460604.262922414        0.0000000000000000     
  0.525694430       42447016.994361863        0.0000000000000000     
  0.526388884       42433464.686362550        0.0000000000000000     
  0.527083337       42419950.872117050        0.0000000000000000     
  0.527777791       42374183.819074377        0.0000000000000000     
  0.528472245       42364952.124284312        0.0000000000000000     
  0.529166639       42355151.169860862        0.0000000000000000     
  0.529861093       42344923.941292219        0.0000000000000000     
  0.530555546       42334371.863834746        0.0000000000000000     
  0.531250000       42323473.733094089        0.0000000000000000     
  0.531944454       42312260.432426065        0.0000000000000000     
  0.532638907       42300911.680046842        0.0000000000000000     
  0.533333361       42289456.395849451        0.0000000000000000     
  0.534027755       42277901.657046765        0.0000000000000000     
  0.534722209       42266279.603017308        0.0000000000000000     
  0.535416663       42254619.225852080        0.0000000000000000     
  0.536111116       41899282.125355721        0.0000000000000000     
  0.536805570       42231756.944583751        0.0000000000000000     
  0.537500024       41878208.560967162        0.0000000000000000     
  0.538194418       41866648.061291300        0.0000000000000000     
  0.538888872       41856394.662166938        0.0000000000000000     
  0.539583325       41846044.356958531        0.0000000000000000     
  0.540277779       41835869.800071448        0.0000000000000000     
  0.540972233       41825838.070668563        0.0000000000000000     
  0.541666687       41815886.773518391        0.0000000000000000     
  0.542361140       41783461.415040612        0.0000000000000000     
  0.543055534       41799981.998680860        0.0000000000000000     
  0.543749988       42110866.264188923        0.0000000000000000     
  0.544444442       41787647.007635079        0.0000000000000000     
  0.545138896       41750517.849574044        0.0000000000000000     
  0.545833349       41768034.565852024        0.0000000000000000     
  0.546527803       41734072.984011628        0.0000000000000000     
  0.547222197       41749906.755657442        0.0000000000000000     
  0.547916651       41671118.554330356        0.0000000000000000     
  0.548611104       41520489.043754265        0.0000000000000000     
  0.549305558       41490596.838547938        0.0000000000000000     
  0.550000012       41486237.388456702        0.0000000000000000     
  0.550694466       41480695.357219949        0.0000000000000000     
  0.551388860       41474036.569873974        0.0000000000000000     
  0.552083313       41468425.420190834        0.0000000000000000     
  0.552777767       41462380.880188584        0.0000000000000000     
  0.553472221       41456154.321441770        0.0000000000000000     
  0.554166675       41450035.043563202        0.0000000000000000     
  0.554861128       41443981.432826743        0.0000000000000000     
  0.555555582       41437876.867445394        0.0000000000000000     
  0.556249976       41431796.283100456        0.0000000000000000     
  0.556944430       41425756.511908241        0.0000000000000000     
  0.557638884       41419730.679695360        0.0000000000000000     
  0.558333337       41413716.743207142        0.0000000000000000     
  0.559027791       41407728.636241578        0.0000000000000000     
  0.559722245       41401759.172394648        0.0000000000000000     
  0.560416639       41395808.460002773        0.0000000000000000     
  0.561111093       41389875.659063421        0.0000000000000000     
  0.561805546       41383963.558129616        0.0000000000000000     
  0.562500000       41378069.135438472        0.0000000000000000     
  0.563194454       41372194.943777472        0.0000000000000000     
  0.563888907       41366337.755537964        0.0000000000000000     
  0.564583361       41360501.229343019        0.0000000000000000     
  0.565277755       41354682.197349817        0.0000000000000000     
  0.565972209       41348882.945995092        0.0000000000000000     
  0.566666663       41343101.278104164        0.0000000000000000     
  0.567361116       41337339.725430928        0.0000000000000000     
  0.568055570       41331594.951599464        0.0000000000000000     
  0.568750024       41325870.711577207        0.0000000000000000     
  0.569444418       41320163.763314217        0.0000000000000000     
  0.570138872       41314476.409795374        0.0000000000000000     
  0.570833325       41308806.544739209        0.0000000000000000     
  0.571527779       41303156.465839289        0.0000000000000000     
  0.572222233       41297522.661561377        0.0000000000000000     
  0.572916687       41291909.325606577        0.0000000000000000     
  0.573611140       41286313.450315185        0.0000000000000000     
  0.574305534       41280736.969098359        0.0000000000000000     
  0.574999988       41275177.559070684        0.0000000000000000     
  0.575694442       41269637.858428523        0.0000000000000000     
  0.576388896       41264114.556093685        0.0000000000000000     
  0.577083349       41258611.468294375        0.0000000000000000     
  0.577777803       41253125.246461101        0.0000000000000000     
  0.578472197       41247658.160685465        0.0000000000000000     
  0.579166651       41242208.253156081        0.0000000000000000     
  0.579861104       41236778.009269014        0.0000000000000000     
  0.580555558       41231363.807787627        0.0000000000000000     
  0.581250012       41225969.557082497        0.0000000000000000     
  0.581944466       41220592.115741849        0.0000000000000000     
  0.582638860       41215233.658350445        0.0000000000000000     
  0.583333313       41209892.038388148        0.0000000000000000     
  0.584027767       41204569.871787407        0.0000000000000000     
  0.584722221       41199263.658378661        0.0000000000000000     
  0.585416675       41193977.269977398        0.0000000000000000     
  0.586111128       41188707.410084747        0.0000000000000000     
  0.586805582       41117962.587390348        0.0000000000000000     
  0.587499976       41180643.431964830        0.0000000000000000     
  0.588194430       41047307.868448712        0.0000000000000000     
  0.588888884       41045867.505833872        0.0000000000000000     
  0.589583337       41044685.526031755        0.0000000000000000     
  0.590277791       41042798.144834034        0.0000000000000000     
  0.590972245       41105292.224029496        0.0000000000000000     
  0.591666639       41033027.256864823        0.0000000000000000     
  0.592361093       41031136.163536914        0.0000000000000000     
  0.593055546       41028971.076965392        0.0000000000000000     
  0.593750000       41881150.723534763        0.0000000000000000     
  0.594444454       41879401.383196279        0.0000000000000000     
  0.595138907       41877713.013798729        0.0000000000000000     
  0.595833361       41875951.135863476        0.0000000000000000     
  0.596527755       41874112.865915760        0.0000000000000000     
  0.597222209       41872316.782581225        0.0000000000000000     
  0.597916663       41870525.369569272        0.0000000000000000     
  0.598611116       41868792.828283057        0.0000000000000000     
  0.599305570       41930558.137714408        0.0000000000000000     
  0.600000024       41853778.957694210        0.0000000000000000     
  0.600694418       41852497.185938276        0.0000000000000000     
  0.601388872       41850192.529224135        0.0000000000000000     
  0.602083325       41848842.034418903        0.0000000000000000     
  0.602777779       41847014.039098345        0.0000000000000000     
  0.603472233       41845397.197639726        0.0000000000000000     
  0.604166687       41843779.821491592        0.0000000000000000     
  0.604861140       41842105.981282502        0.0000000000000000     
  0.605555534       41840536.193330623        0.0000000000000000     
  0.606249988       41838905.324628741        0.0000000000000000     
  0.606944442       41837325.824169427        0.0000000000000000     
  0.607638896       41835739.308923416        0.0000000000000000     
  0.608333349       41834167.502873927        0.0000000000000000     
  0.609027803       41832608.893249229        0.0000000000000000     
  0.609722197       41831060.023653388        0.0000000000000000     
  0.610416651       41829525.319844231        0.0000000000000000     
  0.611111104       41828001.445734113        0.0000000000000000     
  0.611805558       41826490.068026766        0.0000000000000000     
  0.612500012       41824989.219339840        0.0000000000000000     
  0.613194466       41823501.122290514        0.0000000000000000     
  0.613888860       41822022.404923968        0.0000000000000000     
  0.614583313       41820556.811991826        0.0000000000000000     
  0.615277767       41819101.914428793        0.0000000000000000     
  0.615972221       41817660.076015659        0.0000000000000000     
  0.616666675       41816228.583253480        0.0000000000000000     
  0.617361128       42112004.946508899        0.0000000000000000     
  0.618055582       41804785.836299635        0.0000000000000000     
  0.618749976       42098677.129820496        0.0000000000000000     
  0.619444430       41797857.978842422        0.0000000000000000     
  0.620138884       42094272.568288490        0.0000000000000000     
  0.620833337       41850096.915065937        0.0000000000000000     
  0.621527791       41262483.367652215        0.0000000000000000     
  0.622222245       40912780.280625790        0.0000000000000000     
  0.622916639       41207619.101219587        0.0000000000000000     
  0.623611093       40902682.263804667        0.0000000000000000     
  0.624305546       41199244.953548871        0.0000000000000000     
  0.625000000       40897528.743905917        0.0000000000000000     
  0.625694454       41650006.791504584        0.0000000000000000     
  0.626388907       40831550.692263469        0.0000000000000000     
  0.627083361       41125686.837064765        0.0000000000000000     
  0.627777755       40827437.128249153        0.0000000000000000     
  0.628472209       41119756.919461355        0.0000000000000000     
  0.629166663       40821338.183475748        0.0000000000000000     
  0.629861116       41115650.514272884        0.0000000000000000     
  0.630555570       40815528.550464414        0.0000000000000000     
  0.631250024       41110778.565758429        0.0000000000000000     
  0.631944418       40810515.785716146        0.0000000000000000     
  0.632638872       41105682.938527159        0.0000000000000000     
  0.633333325       40805659.382348850        0.0000000000000000     
  0.634027779       41100722.216141798        0.0000000000000000     
  0.634722233       40800948.236343168        0.0000000000000000     
  0.635416687       41095917.130687080        0.0000000000000000     
  0.636111140       40796407.112939984        0.0000000000000000     
  0.636805534       41091292.054197386        0.0000000000000000     
  0.637499988       40792018.443662740        0.0000000000000000     
  0.638194442       41086820.235248297        0.0000000000000000     
  0.638888896       40787772.511036269        0.0000000000000000     
  0.639583349       41082486.851224422        0.0000000000000000     
  0.640277803       40783650.827432811        0.0000000000000000     
  0.640972197       40781492.596241303        0.0000000000000000     
  0.641666651       40781541.539350919        0.0000000000000000     
  0.642361104       40781418.573068269        0.0000000000000000     
  0.643055558       40779462.668747693        0.0000000000000000     
  0.643750012       40778531.210336216        0.0000000000000000     
  0.644444466       40777661.524541795        0.0000000000000000     
  0.645138860       40776349.136581823        0.0000000000000000     
  0.645833313       40675184.787499152        0.0000000000000000     
  0.646527767       40677706.656410456        0.0000000000000000     
  0.647222221       40681196.770265475        0.0000000000000000     
  0.647916675       40683651.432673208        0.0000000000000000     
  0.648611128       40686487.558332287        0.0000000000000000     
  0.649305582       40689410.148316957        0.0000000000000000     
  0.649999976       40692251.378542028        0.0000000000000000     
  0.650694430       40695063.013309233        0.0000000000000000     
  0.651388884       40697887.795397945        0.0000000000000000     
  0.652083337       40700685.471975796        0.0000000000000000     
  0.652777791       40703459.602576241        0.0000000000000000     
  0.653472245       40706238.244562767        0.0000000000000000     
  0.654166639       40709024.078423508        0.0000000000000000     
  0.654861093       40711812.702017680        0.0000000000000000     
  0.655555546       40714612.844944522        0.0000000000000000     
  0.656250000       40717427.182868160        0.0000000000000000     
  0.656944454       40720248.351939797        0.0000000000000000     
  0.657638907       40723076.670241073        0.0000000000000000     
  0.658333361       40725907.982520670        0.0000000000000000     
  0.659027755       40728742.508743897        0.0000000000000000     
  0.659722209       40731575.206056565        0.0000000000000000     
  0.660416663       40734410.206025384        0.0000000000000000     
  0.661111116       40737244.449907541        0.0000000000000000     
  0.661805570       40740081.208032951        0.0000000000000000     
  0.662500024       40742919.612450667        0.0000000000000000     
  0.663194418       40745762.770613641        0.0000000000000000     
  0.663888872       40748607.844297208        0.0000000000000000     
  0.664583325       40751458.705003671        0.0000000000000000     
  0.665277779       40754312.186307147        0.0000000000000000     
  0.665972233       40757170.173884511        0.0000000000000000     
  0.666666687       40760030.323251083        0.0000000000000000     
  0.667361140       40762894.992905632        0.0000000000000000     
  0.668055534       40765760.437155396        0.0000000000000000     
  0.668749988       40768630.474456042        0.0000000000000000     
  0.669444442       40771501.723640800        0.0000000000000000     
  0.670138896       40774376.561442539        0.0000000000000000     
  0.670833349       40777253.335626423        0.0000000000000000     
  0.671527803       40780134.529695727        0.0000000000000000     
  0.672222197       40783016.829286896        0.0000000000000000     
  0.672916651       40785903.918555126        0.0000000000000000     
  0.673611104       40788792.756756403        0.0000000000000000     
  0.674305558       40791685.513334349        0.0000000000000000     
  0.675000012       40794580.321853824        0.0000000000000000     
  0.675694466       40797479.452570431        0.0000000000000000     
  0.676388860       40800379.523081079        0.0000000000000000     
  0.677083313       40803284.365200512        0.0000000000000000     
  0.677777767       40806190.795081876        0.0000000000000000     
  0.678472221       40809100.820646524        0.0000000000000000     
  0.679166675       40812012.740019754        0.0000000000000000     
  0.679861128       40814929.096823774        0.0000000000000000     
  0.680555582       40817846.404472724        0.0000000000000000     
  0.681249976       40820768.314655766        0.0000000000000000     
  0.681944430       40823691.794052273        0.0000000000000000     
  0.682638884       40826619.055155136        0.0000000000000000     
  0.683333337       40829548.235129997        0.0000000000000000     
  0.684027791       40832481.653566018        0.0000000000000000     
  0.684722245       40835415.946488991        0.0000000000000000     
  0.685416639       40838354.971904315        0.0000000000000000     
  0.686111093       40841295.540521741        0.0000000000000000     
  0.686805546       40844239.661307536        0.0000000000000000     
  0.687500000       40847185.616333701        0.0000000000000000     
  0.688194454       40850135.946406752        0.0000000000000000     
  0.688888907       40853087.142655104        0.0000000000000000     
  0.689583361       40856042.863885023        0.0000000000000000     
  0.690277755       40859000.014170252        0.0000000000000000     
  0.690972209       40861961.004015639        0.0000000000000000     
  0.691666663       41329916.095979556        0.0000000000000000     
  0.692361116       40849991.883929744        0.0000000000000000     
  0.693055570       40852436.554852925        0.0000000000000000     
  0.693750024       40856340.305643573        0.0000000000000000     
  0.694444418       40858308.978294142        0.0000000000000000     
  0.695138872       40862010.732400879        0.0000000000000000     
  0.695833325       40864633.290361099        0.0000000000000000     
  0.696527779       40867740.015192181        0.0000000000000000     
  0.697222233       40870687.373660818        0.0000000000000000     
  0.697916687       40873694.399828151        0.0000000000000000     
  0.698611140       40876670.457524225        0.0000000000000000     
  0.699305534       40879673.106952079        0.0000000000000000     
  0.699999988       40882663.613607846        0.0000000000000000     
  0.700694442       40885666.397013232        0.0000000000000000     
  0.701388896       40888664.097420976        0.0000000000000000     
  0.702083349       40891670.658440754        0.0000000000000000     
  0.702777803       40894676.177239142        0.0000000000000000     
  0.703472197       40897686.071481340        0.0000000000000000     
  0.704166651       40900697.425936595        0.0000000000000000     
  0.704861104       40903713.155714013        0.0000000000000000     
  0.705555558       40906729.394756801        0.0000000000000000     
  0.706250012       40909750.313641340        0.0000000000000000     
  0.706944466       40912772.400416635        0.0000000000000000     
  0.707638860       40915798.074658714        0.0000000000000000     
  0.708333313       40918825.435969107        0.0000000000000000     
  0.709027767       40921856.928029992        0.0000000000000000     
  0.709722221       40924889.023770779        0.0000000000000000     
  0.710416675       40848551.052187666        0.0000000000000000     
  0.711111128       41319613.619512804        0.0000000000000000     
  0.711805582       41070223.424092077        0.0000000000000000     
  0.712499976       40898849.981177546        0.0000000000000000     
  0.713194430       40791059.318246506        0.0000000000000000     
  0.713888884       40735845.202151604        0.0000000000000000     
  0.714583337       40734614.010069631        0.0000000000000000     
  0.715277791       40735229.714500919        0.0000000000000000     
  0.715972245       40739737.291188985        0.0000000000000000     
  0.716666639       41211507.436390080        0.0000000000000000     
  0.717361093       40745346.996006906        0.0000000000000000     
  0.718055546       41217157.036705196        0.0000000000000000     
  0.718750000       41220774.275592491        0.0000000000000000     
  0.719444454       41224118.078718133        0.0000000000000000     
  0.720138907       42156710.173135415        0.0000000000000000     
  0.720833361       42085221.483517021        0.0000000000000000     
  0.721527755       42088902.098704420        0.0000000000000000     
  0.722222209       42092451.183989652        0.0000000000000000     
  0.722916663       42096042.377274536        0.0000000000000000     
  0.723611116       42099626.241675921        0.0000000000000000     
  0.724305570       42103203.642371476        0.0000000000000000     
  0.725000024       42106780.836135559        0.0000000000000000     
  0.725694418       42110365.228833072        0.0000000000000000     
  0.726388872       42113944.989907235        0.0000000000000000     
  0.727083325       42117528.751542881        0.0000000000000000     
  0.727777779       42121113.504980750        0.0000000000000000     
  0.728472233       42124701.876483306        0.0000000000000000     
  0.729166687       42128290.096461803        0.0000000000000000     
  0.729861140       42131880.934311137        0.0000000000000000     
  0.730555534       42135471.721337222        0.0000000000000000     
  0.731249988       42139064.740272991        0.0000000000000000     
  0.731944442       42142656.560736999        0.0000000000000000     
  0.732638896       42146250.996314012        0.0000000000000000     
  0.733333349       42149844.898180939        0.0000000000000000     
  0.734027803       42153440.625377074        0.0000000000000000     
  0.734722197       42157036.388812400        0.0000000000000000     
  0.735416651       42160635.016038075        0.0000000000000000     
  0.736111104       42164232.851957239        0.0000000000000000     
  0.736805558       42167833.496502616        0.0000000000000000     
  0.737500012       42171434.017464727        0.0000000000000000     
  0.738194466       42175036.630707607        0.0000000000000000     
  0.738888860       42178639.214741550        0.0000000000000000     
  0.739583313       42182244.374776468        0.0000000000000000     
  0.740277767       42185848.534585007        0.0000000000000000     
  0.740972221       42189455.491569996        0.0000000000000000     
  0.741666675       42193062.202068046        0.0000000000000000     
  0.742361128       42494325.112921454        0.0000000000000000     
  0.743055582       42195258.659879677        0.0000000000000000     
  0.743749976       42495374.138146415        0.0000000000000000     
  0.744444430       42199995.635664515        0.0000000000000000     
  0.745138884       42501625.558317527        0.0000000000000000     
  0.745833337       42204186.352668248        0.0000000000000000     
  0.746527791       42506250.945885658        0.0000000000000000     
  0.747222245       42210293.729744129        0.0000000000000000     
  0.747916639       42511671.055409938        0.0000000000000000     
  0.748611093       42214914.494688272        0.0000000000000000     
  0.749305546       42516290.493657939        0.0000000000000000     
  0.750000000       41366357.763766438        0.0000000000000000     
  0.750694454       41667564.747381397        0.0000000000000000     
  0.751388907       41371495.264938489        0.0000000000000000     
  0.752083361       41672645.283768550        0.0000000000000000     
  0.752777755       41376897.298067823        0.0000000000000000     
  0.753472209       41678061.992070183        0.0000000000000000     
  0.754166663       41382472.425735578        0.0000000000000000     
  0.754861116       41683586.442372613        0.0000000000000000     
  0.755555570       41433870.036653958        0.0000000000000000     
  0.756250024       41689618.550893642        0.0000000000000000     
  0.756944418       41394381.532906935        0.0000000000000000     
  0.757638872       41695288.861396797        0.0000000000000000     
  0.758333325       41400069.115002811        0.0000000000000000     
  0.759027779       41700942.128092490        0.0000000000000000     
  0.759722233       41405833.570246831        0.0000000000000000     
  0.760416687       41706641.063614808        0.0000000000000000     
  0.761111140       41411672.511458546        0.0000000000000000     
  0.761805534       41712431.750670038        0.0000000000000000     
  0.762499988       41417575.328700744        0.0000000000000000     
  0.763194442       41718293.804495014        0.0000000000000000     
  0.763888896       41423541.699084044        0.0000000000000000     
  0.764583349       41724212.860403813        0.0000000000000000     
  0.765277803       41429556.118582122        0.0000000000000000     
  0.765972197       41730181.609284833        0.0000000000000000     
  0.766666651       41435614.764087453        0.0000000000000000     
  0.767361104       41736197.945930295        0.0000000000000000     
  0.768055558       41441718.302938335        0.0000000000000000     
  0.768750012       41742263.940756746        0.0000000000000000     
  0.769444466       41447867.944518201        0.0000000000000000     
  0.770138860       41748380.584169179        0.0000000000000000     
  0.770833313       41454063.073564485        0.0000000000000000     
  0.771527767       41457100.105637066        0.0000000000000000     
  0.772222221       41461296.027909741        0.0000000000000000     
  0.772916675       41465380.796354532        0.0000000000000000     
  0.773611128       41468522.653950512        0.0000000000000000     
  0.774305582       41472183.780515164        0.0000000000000000     
  0.774999976       41475873.331667274        0.0000000000000000     
  0.775694430       41479322.352697313        0.0000000000000000     
  0.776388884       41482797.328401200        0.0000000000000000     
  0.777083337       41486397.755217940        0.0000000000000000     
  0.777777791       41490013.577758573        0.0000000000000000     
  0.778472245       41493637.236618459        0.0000000000000000     
  0.779166639       41497292.996831916        0.0000000000000000     
  0.779861093       41500958.795665197        0.0000000000000000     
  0.780555546       41504615.981238827        0.0000000000000000     
  0.781250000       41508270.351521045        0.0000000000000000     
  0.781944454       41511911.089750484        0.0000000000000000     
  0.782638907       41515538.624068819        0.0000000000000000     
  0.783333361       41519159.708922081        0.0000000000000000     
  0.784027755       41522781.281030416        0.0000000000000000     
  0.784722209       41526401.201759741        0.0000000000000000     
  0.785416663       41530025.742856421        0.0000000000000000     
  0.786111116       41533654.892132893        0.0000000000000000     
  0.786805570       41537289.826747604        0.0000000000000000     
  0.787500024       41540927.732342772        0.0000000000000000     
  0.788194418       41544569.944549732        0.0000000000000000     
  0.788888872       41548210.909149803        0.0000000000000000     
  0.789583325       41551854.130574904        0.0000000000000000     
  0.790277779       41555495.377807185        0.0000000000000000     
  0.790972233       41559136.811101258        0.0000000000000000     
  0.791666687       41562776.841423646        0.0000000000000000     
  0.792361140       41566418.661016755        0.0000000000000000     
  0.793055534       41570059.047291234        0.0000000000000000     
  0.793749988       41573702.358739972        0.0000000000000000     
  0.794444442       41577345.630953282        0.0000000000000000     
  0.795138896       41580991.187712081        0.0000000000000000     
  0.795833349       41584636.907472633        0.0000000000000000     
  0.796527803       41588285.443778768        0.0000000000000000     
  0.797222197       41591932.852234155        0.0000000000000000     
  0.797916651       41595582.988215595        0.0000000000000000     
  0.798611104       41599232.316977575        0.0000000000000000     
  0.799305558       41602883.360664688        0.0000000000000000     
  0.800000012       41606534.000158228        0.0000000000000000     
  0.800694466       41610186.913338177        0.0000000000000000     
  0.801388860       41613838.421961762        0.0000000000000000     
  0.802083313       42471192.323016673        0.0000000000000000     
  0.802777767       42474868.770614095        0.0000000000000000     
  0.803472221       42478571.609718516        0.0000000000000000     
  0.804166675       42482270.765056908        0.0000000000000000     
  0.804861128       42485965.575475439        0.0000000000000000     
  0.805555582       42489656.136814535        0.0000000000000000     
  0.806249976       42493347.703500882        0.0000000000000000     
  0.806944430       42497037.800498232        0.0000000000000000     
  0.807638884       42500729.874088384        0.0000000000000000     
  0.808333337       42504421.179435536        0.0000000000000000     
  0.809027791       42508115.173296645        0.0000000000000000     
  0.809722245       42511809.115293212        0.0000000000000000     
  0.810416639       42515506.996276803        0.0000000000000000     
  0.811111093       42519204.827043734        0.0000000000000000     
  0.811805546       42522904.449881852        0.0000000000000000     
  0.812500000       42526603.678003579        0.0000000000000000     
  0.813194454       42530305.429983333        0.0000000000000000     
  0.813888907       42534005.345509104        0.0000000000000000     
  0.814583361       42537707.459854737        0.0000000000000000     
  0.815277755       42541408.768331669        0.0000000000000000     
  0.815972209       42545111.961328380        0.0000000000000000     
  0.816666663       42548814.658505537        0.0000000000000000     
  0.817361116       42552519.762051672        0.0000000000000000     
  0.818055570       42556223.839041032        0.0000000000000000     
  0.818750024       42559930.885098159        0.0000000000000000     
  0.819444418       42563637.204062715        0.0000000000000000     
  0.820138872       42567345.262813531        0.0000000000000000     
  0.820833325       42571053.137960002        0.0000000000000000     
  0.821527779       42574763.361548327        0.0000000000000000     
  0.822222233       42578472.154569685        0.0000000000000000     
  0.822916687       42582183.574881867        0.0000000000000000     
  0.823611140       42883830.672815830        0.0000000000000000     
  0.824305534       42586927.349873170        0.0000000000000000     
  0.824999988       42887993.350572325        0.0000000000000000     
  0.825694442       43306089.350905821        0.0000000000000000     
  0.826388896       42894374.442677595        0.0000000000000000     
  0.827083349       43428526.506261677        0.0000000000000000     
  0.827777803       43143030.779415049        0.0000000000000000     
  0.828472197       42172189.701370321        0.0000000000000000     
  0.829166651       42759523.024766572        0.0000000000000000     
  0.829861104       41727314.885467976        0.0000000000000000     
  0.830555558       42025107.801988579        0.0000000000000000     
  0.831250012       41961793.091260627        0.0000000000000000     
  0.831944466       41808296.320679970        0.0000000000000000     
  0.832638860       41249231.387587845        0.0000000000000000     
  0.833333313       41674173.070521183        0.0000000000000000     
  0.834027767       41069058.369327359        0.0000000000000000     
  0.834722221       41367152.398379743        0.0000000000000000     
  0.835416675       41073061.800170213        0.0000000000000000     
  0.836111128       41374524.171516508        0.0000000000000000     
  0.836805582       41078843.188987285        0.0000000000000000     
  0.837499976       41511695.651973054        0.0000000000000000     
  0.838194430       41082823.746009260        0.0000000000000000     
  0.838888884       41384227.516620725        0.0000000000000000     
  0.839583337       41088954.087855436        0.0000000000000000     
  0.840277791       41390449.565534130        0.0000000000000000     
  0.840972245       41228032.283526309        0.0000000000000000     
  0.841666639       41678667.272860214        0.0000000000000000     
  0.842361093       41099038.696559317        0.0000000000000000     
  0.843055546       41400519.009034939        0.0000000000000000     
  0.843750000       41105357.966434240        0.0000000000000000     
  0.844444454       41539325.682917915        0.0000000000000000     
  0.845138907       41213168.960182741        0.0000000000000000     
  0.845833361       41514194.402607039        0.0000000000000000     
  0.846527755       41116006.175640680        0.0000000000000000     
  0.847222209       41550338.501352914        0.0000000000000000     
  0.847916663       41406330.383413896        0.0000000000000000     
  0.848611116       41707485.708690204        0.0000000000000000     
  0.849305570       41412815.548630290        0.0000000000000000     
  0.850000024       41714574.697295368        0.0000000000000000     
  0.850694418       41419823.052584253        0.0000000000000000     
  0.851388872       41721584.224656120        0.0000000000000000     
  0.852083325       41426917.803650439        0.0000000000000000     
  0.852777779       41728639.490883857        0.0000000000000000     
  0.853472233       41434000.249652155        0.0000000000000000     
  0.854166687       42189039.326079935        0.0000000000000000     
  0.854861140       41395258.598641455        0.0000000000000000     
  0.855555534       41696441.789944567        0.0000000000000000     
  0.856249988       41403738.762453444        0.0000000000000000     
  0.856944442       41703566.698815621        0.0000000000000000     
  0.857638896       41410423.872076206        0.0000000000000000     
  0.858333349       41711299.182639927        0.0000000000000000     
  0.859027803       41417146.774069093        0.0000000000000000     
  0.859722197       41718732.817894056        0.0000000000000000     
  0.860416651       41424229.366485931        0.0000000000000000     
  0.861111104       41725969.965696514        0.0000000000000000     
  0.861805558       41431428.379642509        0.0000000000000000     
  0.862500012       41733197.430142105        0.0000000000000000     
  0.863194466       41438649.487523988        0.0000000000000000     
  0.863888860       41740443.519785203        0.0000000000000000     
  0.864583313       41445891.336617380        0.0000000000000000     
  0.865277767       41747702.117607370        0.0000000000000000     
  0.865972221       41453153.378964432        0.0000000000000000     
  0.866666675       41754977.269342840        0.0000000000000000     
  0.867361128       41460430.614761844        0.0000000000000000     
  0.868055582       41762268.863556102        0.0000000000000000     
  0.868749976       41467723.022607803        0.0000000000000000     
  0.869444430       41769577.344735920        0.0000000000000000     
  0.870138884       41475030.718837351        0.0000000000000000     
  0.870833337       41776899.587973438        0.0000000000000000     
  0.871527791       41482353.725487716        0.0000000000000000     
  0.872222245       41784237.488465436        0.0000000000000000     
  0.872916639       41489688.445553958        0.0000000000000000     
  0.873611093       41791590.616969123        0.0000000000000000     
  0.874305546       41497037.057076141        0.0000000000000000     
  0.875000000       41798955.525419883        0.0000000000000000     
  0.875694454       41504398.684533142        0.0000000000000000     
  0.876388907       41806335.694908828        0.0000000000000000     
  0.877083361       41511771.814943895        0.0000000000000000     
  0.877777755       41813726.600732140        0.0000000000000000     
  0.878472209       41519157.315036379        0.0000000000000000     
  0.879166663       41821131.788816504        0.0000000000000000     
  0.879861116       41526553.424878508        0.0000000000000000     
  0.880555570       41828546.834552437        0.0000000000000000     
  0.881250024       41533961.131423265        0.0000000000000000     
  0.881944418       41835975.232106768        0.0000000000000000     
  0.882638872       41541378.545703903        0.0000000000000000     
  0.883333325       41843412.653590843        0.0000000000000000     
  0.884027779       41548806.840029113        0.0000000000000000     
  0.884722233       41850862.571439885        0.0000000000000000     
  0.885416687       41556244.117826954        0.0000000000000000     
  0.886111140       42329101.076521628        0.0000000000000000     
  0.886805534       42035372.503176711        0.0000000000000000     
  0.887499988       42336671.289703771        0.0000000000000000     
  0.888194442       42039576.294744357        0.0000000000000000     
  0.888888896       42344348.020701565        0.0000000000000000     
  0.889583349       42048093.553668618        0.0000000000000000     
  0.890277803       42350921.589320533        0.0000000000000000     
  0.890972197       42056199.143984362        0.0000000000000000     
  0.891666651       42358330.979884550        0.0000000000000000     
  0.892361104       42063737.423508786        0.0000000000000000     
  0.893055558       42365967.334948897        0.0000000000000000     
  0.893750012       42071279.511226021        0.0000000000000000     
  0.894444466       42373555.057399474        0.0000000000000000     
  0.895138860       42078866.419500582        0.0000000000000000     
  0.895833313       42381146.161576152        0.0000000000000000     
  0.896527767       42086451.157269463        0.0000000000000000     
  0.897222221       42388751.927261233        0.0000000000000000     
  0.897916675       42094040.144383259        0.0000000000000000     
  0.898611128       42396367.429245546        0.0000000000000000     
  0.899305582       42101636.035922974        0.0000000000000000     
  0.899999976       42403987.886569448        0.0000000000000000     
  0.900694430       42109239.535995066        0.0000000000000000     
  0.901388884       42411617.095692851        0.0000000000000000     
  0.902083337       42116848.763629228        0.0000000000000000     
  0.902777791       42419251.467865929        0.0000000000000000     
  0.903472245       42124464.983023234        0.0000000000000000     
  0.904166639       42426894.065264836        0.0000000000000000     
  0.904861093       42132086.246806495        0.0000000000000000     
  0.905555546       42434542.138245076        0.0000000000000000     
  0.906250000       42139714.942304380        0.0000000000000000     
  0.906944454       42442195.843270898        0.0000000000000000     
  0.907638907       42147348.449566029        0.0000000000000000     
  0.908333361       42449856.702831775        0.0000000000000000     
  0.909027755       42154987.268283337        0.0000000000000000     
  0.909722209       42457522.721640483        0.0000000000000000     
  0.910416663       42162632.576209247        0.0000000000000000     
  0.911111116       42465193.894345000        0.0000000000000000     
  0.911805570       42170282.487355724        0.0000000000000000     
  0.912500024       42472871.672165588        0.0000000000000000     
  0.913194418       42177937.069392331        0.0000000000000000     
  0.913888872       42480554.049630404        0.0000000000000000     
  0.914583325       42185597.742520586        0.0000000000000000     
  0.915277779       42488241.139566369        0.0000000000000000     
  0.915972233       42491784.281668998        0.0000000000000000     
  0.916666687       42495363.552018382        0.0000000000000000     
  0.917361140       42498633.823269986        0.0000000000000000     
  0.918055534       42502236.290931366        0.0000000000000000     
  0.918749988       42505926.161701038        0.0000000000000000     
  0.919444442       42509565.565473616        0.0000000000000000     
  0.920138896       42513273.211192958        0.0000000000000000     
  0.920833349       42517037.782148786        0.0000000000000000     
  0.921527803       42520769.193085052        0.0000000000000000     
  0.922222197       42524460.611596711        0.0000000000000000     
  0.922916651       42528165.841052197        0.0000000000000000     
  0.923611104       42531884.380458176        0.0000000000000000     
  0.924305558       42535617.155584924        0.0000000000000000     
  0.925000012       42539367.095610224        0.0000000000000000     
  0.925694466       42543142.386844113        0.0000000000000000     
  0.926388860       42546931.075348154        0.0000000000000000     
  0.927083313       42550737.490274191        0.0000000000000000     
  0.927777767       42554552.353905641        0.0000000000000000     
  0.928472221       42558379.685000122        0.0000000000000000     
  0.929166675       42562211.977500923        0.0000000000000000     
  0.929861128       42566050.964720614        0.0000000000000000     
  0.930555582       42569888.894101523        0.0000000000000000     
  0.931249976       42573733.415502161        0.0000000000000000     
  0.931944430       42577577.026212528        0.0000000000000000     
  0.932638884       42581428.859772481        0.0000000000000000     
  0.933333337       42585281.546960585        0.0000000000000000     
  0.934027791       42589142.736905441        0.0000000000000000     
  0.934722245       42593004.528599851        0.0000000000000000     
  0.935416639       42596873.736262791        0.0000000000000000     
  0.936111093       42600743.009179056        0.0000000000000000     
  0.936805546       42604617.163622506        0.0000000000000000     
  0.937500000       42608492.626644529        0.0000000000000000     
  0.938194454       42612370.359957278        0.0000000000000000     
  0.938888907       42616250.625988238        0.0000000000000000     
  0.939583361       42620131.209728740        0.0000000000000000     
  0.940277755       42624013.904860035        0.0000000000000000     
  0.940972209       42627898.431868777        0.0000000000000000     
  0.941666663       42631783.627185471        0.0000000000000000     
  0.942361116       42635671.340262063        0.0000000000000000     
  0.943055570       42639559.406474434        0.0000000000000000     
  0.943750024       42643449.718980491        0.0000000000000000     
  0.944444418       42647340.444547623        0.0000000000000000     
  0.945138872       42651233.034916021        0.0000000000000000     
  0.945833325       42655125.950539120        0.0000000000000000     
  0.946527779       42659020.477465980        0.0000000000000000     
  0.947222233       42662915.189841107        0.0000000000000000     
  0.947916687       42666811.379691057        0.0000000000000000     
  0.948611140       42670707.779059224        0.0000000000000000     
  0.949305534       42674605.510837391        0.0000000000000000     
  0.949999988       42678503.419450276        0.0000000000000000     
  0.950694442       42682402.638890281        0.0000000000000000     
  0.951388896       42686301.980172507        0.0000000000000000     
  0.952083349       42690202.586404659        0.0000000000000000     
  0.952777803       42694103.268422991        0.0000000000000000     
  0.953472197       42698005.166552193        0.0000000000000000     
  0.954166651       42701907.051545836        0.0000000000000000     
  0.954861104       42705810.250780441        0.0000000000000000     
  0.955555558       42709713.245491408        0.0000000000000000     
  0.956250012       42713617.516118459        0.0000000000000000     
  0.956944466       42717521.745569199        0.0000000000000000     
  0.957638860       42721427.035659112        0.0000000000000000     
  0.958333313       42725332.269955695        0.0000000000000000     
  0.959027767       42729238.743662193        0.0000000000000000     
  0.959722221       42733144.902192719        0.0000000000000000     
  0.960416675       42737052.408096246        0.0000000000000000     
  0.961111128       42740959.592234857        0.0000000000000000     
  0.961805582       42744868.151858561        0.0000000000000000     
  0.962499976       43305246.662925959        0.0000000000000000     
  0.963194430       42217746.279988073        0.0000000000000000     
  0.963888884       42222161.663310125        0.0000000000000000     
  0.964583337       42225711.924575038        0.0000000000000000     
  0.965277791       42223247.690393351        0.0000000000000000     
  0.965972245       42233718.947323285        0.0000000000000000     
  0.966666639       42233928.529152751        0.0000000000000000     
  0.967361093       42238687.644880101        0.0000000000000000     
  0.968055546       42242537.668236040        0.0000000000000000     
  0.968750000       42246405.132339984        0.0000000000000000     
  0.969444454       42250104.647115171        0.0000000000000000     
  0.970138907       42254052.328753673        0.0000000000000000     
  0.970833361       42257859.686134495        0.0000000000000000     
  0.971527755       42261713.907975741        0.0000000000000000     
  0.972222209       42265539.095089540        0.0000000000000000     
  0.972916663       42269402.094411299        0.0000000000000000     
  0.973611116       42273236.232567199        0.0000000000000000     
  0.974305570       42419337.169178382        0.0000000000000000     
  0.975000024       42295168.222891264        0.0000000000000000     
  0.975694418       41851362.567402720        0.0000000000000000     
  0.976388872       41986230.410687514        0.0000000000000000     
  0.977083325       41858062.027530320        0.0000000000000000     
  0.977777779       41861625.140244313        0.0000000000000000     
  0.978472233       41865158.486759141        0.0000000000000000     
  0.979166687       42001439.649087384        0.0000000000000000     
  0.979861140       42154468.007192671        0.0000000000000000     
  0.980555534       41872866.266761057        0.0000000000000000     
  0.981249988       41876446.085172959        0.0000000000000000     
  0.981944442       41879971.417271875        0.0000000000000000     
  0.982638896       42015481.953652821        0.0000000000000000     
  0.983333349       41885878.049810298        0.0000000000000000     
  0.984027803       42021822.353571527        0.0000000000000000     
  0.984722197       42176066.958708301        0.0000000000000000     
  0.985416651       41998161.316213436        0.0000000000000000     
  0.986111104       42182183.461307690        0.0000000000000000     
  0.986805558       42186020.277407549        0.0000000000000000     
  0.987500012       42189604.745996289        0.0000000000000000     
  0.988194466       42193584.276277192        0.0000000000000000     
  0.988888860       42197413.787051201        0.0000000000000000     
  0.989583313       42201251.431853630        0.0000000000000000     
  0.990277767       42205112.670449354        0.0000000000000000     
  0.990972221       42208974.601144090        0.0000000000000000     
  0.991666675       42212816.190135218        0.0000000000000000     
  0.992361128       42216680.730767019        0.0000000000000000     
  0.993055582       42220531.684744246        0.0000000000000000     
  0.993749976       42224388.693216257        0.0000000000000000     
  0.994444430       42228244.487254970        0.0000000000000000     
  0.995138884       42232101.418703265        0.0000000000000000     
  0.995833337       42235957.631749414        0.0000000000000000     
  0.996527791       42239815.518421777        0.0000000000000000     
  0.997222245       42243672.659065105        0.0000000000000000     
  0.997916639       42247531.049655542        0.0000000000000000     
  0.998611093       42251388.976030976        0.0000000000000000     
  0.999305546       42255248.167622253        0.0000000000000000     
   1.00000000       42259106.867894299        0.0000000000000000     
   1.00069439       42262975.262225054        0.0000000000000000     
   1.00138891       42266856.478172913        0.0000000000000000     
   1.00208330       42270752.370904475        0.0000000000000000     
   1.00277781       42274661.826943725        0.0000000000000000     
   1.00347221       42278586.021855436        0.0000000000000000     
   1.00416672       42282523.729569361        0.0000000000000000     
   1.00486112       42286476.314774737        0.0000000000000000     
   1.00555551       42290442.049604021        0.0000000000000000     
   1.00625002       42294422.437795423        0.0000000000000000     
   1.00694442       42298415.863748409        0.0000000000000000     
   1.00763893       42302424.030055553        0.0000000000000000     
   1.00833333       42306444.955273330        0.0000000000000000     
   1.00902772       42310480.609386884        0.0000000000000000     
   1.00972223       42314529.037023202        0.0000000000000000     
   1.01041663       42318592.193686843        0.0000000000000000     
   1.01111114       42322668.187917382        0.0000000000000000     
   1.01180553       42326758.973010957        0.0000000000000000     
   1.01250005       42330862.621059522        0.0000000000000000     
   1.01319444       42334981.050571248        0.0000000000000000     
   1.01388884       42339112.312559590        0.0000000000000000     
   1.01458335       42343258.342721753        0.0000000000000000     
   1.01527774       42389178.127753317        0.0000000000000000     
   1.01597226       42321364.838502966        0.0000000000000000     
   1.01666665       42320694.201615997        0.0000000000000000     
   1.01736116       42327876.882212058        0.0000000000000000     
   1.01805556       42331060.863974757        0.0000000000000000     
   1.01874995       42335145.987768337        0.0000000000000000     
   1.01944447       42339694.314435087        0.0000000000000000     
   1.02013886       42343888.530475155        0.0000000000000000     
   1.02083337       42348048.399991922        0.0000000000000000     
   1.02152777       42352431.993090607        0.0000000000000000     
   1.02222228       42356709.838180512        0.0000000000000000     
   1.02291667       42360990.996966958        0.0000000000000000     
   1.02361107       42365342.990634546        0.0000000000000000     
   1.02430558       42369676.403526060        0.0000000000000000     
   1.02499998       42374019.837503113        0.0000000000000000     
   1.02569449       42378394.355251737        0.0000000000000000     
   1.02638888       42382771.621318370        0.0000000000000000     
   1.02708328       42387163.686341763        0.0000000000000000     
   1.02777779       42391572.644856103        0.0000000000000000     
   1.02847219       42395993.649265744        0.0000000000000000     
   1.02916670       42400427.522283584        0.0000000000000000     
   1.02986109       42404877.283392176        0.0000000000000000     
   1.03055561       42409339.061448902        0.0000000000000000     
   1.03125000       42413815.668064669        0.0000000000000000     
   1.03194439       42418305.360763468        0.0000000000000000     
   1.03263891       42422809.617449313        0.0000000000000000     
   1.03333330       42427326.688823141        0.0000000000000000     
   1.03402781       42431858.621875413        0.0000000000000000     
   1.03472221       42436403.286346495        0.0000000000000000     
   1.03541672       42440962.752508610        0.0000000000000000     
   1.03611112       42445535.024634056        0.0000000000000000     
   1.03680551       42450122.083299235        0.0000000000000000     
   1.03750002       42454721.971158944        0.0000000000000000     
   1.03819442       42459336.561474845        0.0000000000000000     
   1.03888893       42463964.068971485        0.0000000000000000     
   1.03958333       42468606.260038823        0.0000000000000000     
   1.04027772       42473261.356205881        0.0000000000000000     
   1.04097223       42477931.151055813        0.0000000000000000     
   1.04166663       42524443.488742381        0.0000000000000000     
   1.04236114       42474383.606463328        0.0000000000000000     
   1.04305553       42476960.752106227        0.0000000000000000     
   1.04375005       42483021.995232046        0.0000000000000000     
   1.04444444       42487286.244060405        0.0000000000000000     
   1.04513884       42491992.021767423        0.0000000000000000     
   1.04583335       42496891.288550578        0.0000000000000000     
   1.04652774       42501638.474674195        0.0000000000000000     
   1.04722226       42506387.426364236        0.0000000000000000     
   1.04791665       42511240.611103028        0.0000000000000000     
   1.04861116       42516049.427455299        0.0000000000000000     
   1.04930556       42520873.984426267        0.0000000000000000     
   1.04999995       42525734.663756318        0.0000000000000000     
   1.05069447       42530594.077640340        0.0000000000000000     
   1.05138886       42535467.205590539        0.0000000000000000     
   1.05208337       42599128.341643997        0.0000000000000000     
   1.05277777       42538715.525568001        0.0000000000000000     
   1.05347228       42561810.707981683        0.0000000000000000     
   1.05416667       42569834.064562060        0.0000000000000000     
   1.05486107       42378393.776050143        0.0000000000000000     
   1.05555558       42381133.077196144        0.0000000000000000     
   1.05624998       42388937.874496080        0.0000000000000000     
   1.05694449       42394097.376074813        0.0000000000000000     
   1.05763888       42397825.127314970        0.0000000000000000     
   1.05833328       42403065.747992314        0.0000000000000000     
   1.05902779       42408850.174203359        0.0000000000000000     
   1.05972219       42413214.361054406        0.0000000000000000     
   1.06041670       42418362.890755802        0.0000000000000000     
   1.06111109       42423659.158089340        0.0000000000000000     
   1.06180561       42428587.986343659        0.0000000000000000     
   1.06250000       42433669.293028735        0.0000000000000000     
   1.06319439       42438854.939593256        0.0000000000000000     
   1.06388891       42443950.555983342        0.0000000000000000     
   1.06458330       42449073.500561915        0.0000000000000000     
   1.06527781       42454247.807829484        0.0000000000000000     
   1.06597221       42459411.798867546        0.0000000000000000     
   1.06666672       42464584.888610460        0.0000000000000000     
   1.06736112       42469785.576616116        0.0000000000000000     
   1.06805551       42474994.234587453        0.0000000000000000     
   1.06875002       42480214.645436145        0.0000000000000000     
   1.06944442       42485451.680638842        0.0000000000000000     
   1.07013893       42490702.886292636        0.0000000000000000     
   1.07083333       42495965.702444255        0.0000000000000000     
   1.07152772       42501244.252230339        0.0000000000000000     
   1.07222223       42506535.775764823        0.0000000000000000     
   1.07291663       42511841.648836598        0.0000000000000000     
   1.07361114       42517160.627003700        0.0000000000000000     
   1.07430553       42522494.496730678        0.0000000000000000     
   1.07500005       42527841.128674641        0.0000000000000000     
   1.07569444       42533202.603170477        0.0000000000000000     
   1.07638884       42538577.015973598        0.0000000000000000     
   1.07708335       42543966.208133422        0.0000000000000000     
   1.07777774       42549368.291508920        0.0000000000000000     
   1.07847226       42554785.216767401        0.0000000000000000     
   1.07916665       42560215.020887949        0.0000000000000000     
   1.07986116       42565659.686309189        0.0000000000000000     
   1.08055556       42571117.161392733        0.0000000000000000     
   1.08124995       42576589.558271185        0.0000000000000000     
   1.08194447       42582074.760956645        0.0000000000000000     
   1.08263886       42587574.878382102        0.0000000000000000     
   1.08333337       42593087.806951538        0.0000000000000000     
   1.08402777       42598615.651068754        0.0000000000000000     
   1.08472228       42604156.305468053        0.0000000000000000     
   1.08541667       42609711.885122001        0.0000000000000000     
   1.08611107       42615280.264584683        0.0000000000000000     
   1.08680558       42620863.581382878        0.0000000000000000     
   1.08749998       42626459.695775338        0.0000000000000000     
   1.08819449       42632070.747936204        0.0000000000000000     
   1.08888888       42637694.598747671        0.0000000000000000     
   1.08958328       42643333.396178618        0.0000000000000000     
   1.09027779       43185926.853894748        0.0000000000000000     
   1.09097219       42546681.085665450        0.0000000000000000     
   1.09166670       42549243.595868185        0.0000000000000000     
   1.09236109       42560939.506111659        0.0000000000000000     
   1.09305561       42562079.698988400        0.0000000000000000     
   1.09375000       42570359.209085196        0.0000000000000000     
   1.09444439       42575063.746207133        0.0000000000000000     
   1.09513891       42581156.309040092        0.0000000000000000     
   1.09583330       42586741.595488474        0.0000000000000000     
   1.09652781       42592664.182383470        0.0000000000000000     
   1.09722221       42598361.467707612        0.0000000000000000     
   1.09791672       42604202.640366971        0.0000000000000000     
   1.09861112       42610014.537593871        0.0000000000000000     
   1.09930551       42615850.965114407        0.0000000000000000     
   1.10000002       42621689.479461119        0.0000000000000000     
   1.10069442       42627558.298889168        0.0000000000000000     
   1.10138893       42633427.381721810        0.0000000000000000     
   1.10208333       42639317.695779599        0.0000000000000000     
   1.10277772       42645218.952103145        0.0000000000000000     
   1.10347223       42651135.561083451        0.0000000000000000     
   1.10416663       42657064.625529930        0.0000000000000000     
   1.10486114       42663009.108631045        0.0000000000000000     
   1.10555553       42668966.036293983        0.0000000000000000     
   1.10625005       42674938.155337103        0.0000000000000000     
   1.10694444       42680922.941415392        0.0000000000000000     
   1.10763884       42686922.809067711        0.0000000000000000     
   1.10833335       42692935.388580941        0.0000000000000000     
   1.10902774       42698963.027151637        0.0000000000000000     
   1.10972226       42705003.394490927        0.0000000000000000     
   1.11041665       42711058.818270944        0.0000000000000000     
   1.11111116       42717126.967280418        0.0000000000000000     
   1.11180556       42723210.179317527        0.0000000000000000     
   1.11249995       42869476.372597277        0.0000000000000000     
   1.11319447       42755400.947894022        0.0000000000000000     
   1.11388886       42307184.188635997        0.0000000000000000     
   1.11458337       42444490.828207418        0.0000000000000000     
   1.11527777       42317695.020689450        0.0000000000000000     
   1.11597228       42455704.847130358        0.0000000000000000     
   1.11666667       42430791.491765253        0.0000000000000000     
   1.11736107       42332434.999057524        0.0000000000000000     
   1.11805558       42469793.415456809        0.0000000000000000     
   1.11874998       42342639.919452138        0.0000000000000000     
   1.11944449       42481691.042056300        0.0000000000000000     
   1.12013888       42638510.526107192        0.0000000000000000     
   1.12083328       42641466.568318389        0.0000000000000000     
   1.12152779       42647556.376490779        0.0000000000000000     
   1.12222219       42654667.758232236        0.0000000000000000     
   1.12291670       42660310.524731800        0.0000000000000000     
   1.12361109       42666849.384136379        0.0000000000000000     
   1.12430561       42673219.425461158        0.0000000000000000     
   1.12500000       42679499.260410979        0.0000000000000000     
   1.12569439       42685871.063950181        0.0000000000000000     
   1.12638891       42692275.283194765        0.0000000000000000     
   1.12708330       42698633.605670683        0.0000000000000000     
   1.12777781       42705051.589857534        0.0000000000000000     
   1.12847221       42711466.063280970        0.0000000000000000     
   1.12916672       42717894.896664813        0.0000000000000000     
   1.12986112       42724340.806280561        0.0000000000000000     
   1.13055551       42730799.466472231        0.0000000000000000     
   1.13125002       42737271.488521360        0.0000000000000000     
   1.13194442       42743757.936395563        0.0000000000000000     
   1.13263893       42750258.633519940        0.0000000000000000     
   1.13333333       43221674.894480698        0.0000000000000000     
   1.13402772       42742593.986674778        0.0000000000000000     
   1.13472223       42748543.621251345        0.0000000000000000     
   1.13541663       42756171.767389759        0.0000000000000000     
   1.13611114       42761582.565492958        0.0000000000000000     
   1.13680553       42769002.620731793        0.0000000000000000     
   1.13750005       42775185.760385424        0.0000000000000000     
   1.13819444       42781944.152925029        0.0000000000000000     
   1.13888884       42788524.329441063        0.0000000000000000     
   1.13958335       42795186.690460637        0.0000000000000000     
   1.14027774       42801822.871478952        0.0000000000000000     
   1.14097226       42808501.179563873        0.0000000000000000     
   1.14166665       42815175.993685663        0.0000000000000000     
   1.14236116       42821875.550057247        0.0000000000000000     
   1.14305556       42828580.979110353        0.0000000000000000     
   1.14374995       42835306.503428996        0.0000000000000000     
   1.14444447       42842041.843594640        0.0000000000000000     
   1.14513886       43316361.076690577        0.0000000000000000     
   1.14583337       42849580.356939070        0.0000000000000000     
   1.14652777       42856212.540688507        0.0000000000000000     
   1.14722228       42863316.225451715        0.0000000000000000     
   1.14791667       42869792.670041814        0.0000000000000000     
   1.14861107       43345266.557134144        0.0000000000000000     
   1.14930558       43350108.640557647        0.0000000000000000     
   1.14999998       43356686.502667375        0.0000000000000000     
   1.15069449       43364111.771138877        0.0000000000000000     
   1.15138888       43370390.314516164        0.0000000000000000     
   1.15208328       43377224.847987950        0.0000000000000000     
   1.15277779       43383916.750379845        0.0000000000000000     
   1.15347219       43390716.942738399        0.0000000000000000     
   1.15416670       43397457.734137841        0.0000000000000000     
   1.15486109       43404223.299174055        0.0000000000000000     
   1.15555561       43411027.469164468        0.0000000000000000     
   1.15625000       43417831.234078549        0.0000000000000000     
   1.15694439       43424641.558954112        0.0000000000000000     
   1.15763891       43431477.088796273        0.0000000000000000     
   1.15833330       43480123.873009607        0.0000000000000000     
   1.15902781       43445044.596201681        0.0000000000000000     
   1.15972221       43437278.278558515        0.0000000000000000     
   1.16041672       43446948.858843118        0.0000000000000000     
   1.16111112       43452452.414697528        0.0000000000000000     
   1.16180551       43459536.924324490        0.0000000000000000     
   1.16250002       43466738.477824986        0.0000000000000000     
   1.16319442       43473517.355067626        0.0000000000000000     
   1.16388893       43480416.198979348        0.0000000000000000     
   1.16458333       43487509.908918172        0.0000000000000000     
   1.16527772       43536404.517123029        0.0000000000000000     
   1.16597223       43478820.187017716        0.0000000000000000     
   1.16666663       43482208.919412963        0.0000000000000000     
   1.16736114       43491494.637448125        0.0000000000000000     
   1.16805553       43497728.451141335        0.0000000000000000     
   1.16875005       43504695.025440887        0.0000000000000000     
   1.16944444       43511980.658991583        0.0000000000000000     
   1.17013884       43519005.249222100        0.0000000000000000     
   1.17083335       43526016.724269032        0.0000000000000000     
   1.17152774       43533196.348242119        0.0000000000000000     
   1.17222226       43540293.855218172        0.0000000000000000     
   1.17291665       43547404.892870024        0.0000000000000000     
   1.17361116       43554568.769213505        0.0000000000000000     
   1.17430556       43561721.297774471        0.0000000000000000     
   1.17499995       43568886.236068137        0.0000000000000000     
   1.17569447       43576077.501945816        0.0000000000000000     
   1.17638886       43583272.919827931        0.0000000000000000     
   1.17708337       43645899.354229435        0.0000000000000000     
   1.17777777       43623909.862334520        0.0000000000000000     
   1.17847228       43655322.902473986        0.0000000000000000     
   1.17916667       43429269.085526645        0.0000000000000000     
   1.17986107       43435276.890336484        0.0000000000000000     
   1.18055558       43446934.881007127        0.0000000000000000     
   1.18124998       43452797.195543878        0.0000000000000000     
   1.18194449       43459334.300240815        0.0000000000000000     
   1.18263888       43467197.443739228        0.0000000000000000     
   1.18333328       43474967.972948402        0.0000000000000000     
   1.18402779       43481616.567823604        0.0000000000000000     
   1.18472219       43489241.935650595        0.0000000000000000     
   1.18541670       43496760.907754764        0.0000000000000000     
   1.18611109       43503957.607014485        0.0000000000000000     
   1.18680561       43511401.878033265        0.0000000000000000     
   1.18750000       43518876.546457127        0.0000000000000000     
   1.18819439       43526258.663989492        0.0000000000000000     
   1.18888891       43533700.873940028        0.0000000000000000     
   1.18958330       43541179.555039577        0.0000000000000000     
   1.19027781       43630108.097449392        0.0000000000000000     
   1.19097221       43511496.556758493        0.0000000000000000     
   1.19166672       43517578.035852030        0.0000000000000000     
   1.19236112       43528050.401089102        0.0000000000000000     
   1.19305551       43534702.964430757        0.0000000000000000     
   1.19375002       43542051.222632743        0.0000000000000000     
   1.19444442       43549941.379636735        0.0000000000000000     
   1.19513893       43557388.548481293        0.0000000000000000     
   1.19583333       43564913.664112486        0.0000000000000000     
   1.19652772       43572594.312559135        0.0000000000000000     
   1.19722223       43580154.983573504        0.0000000000000000     
   1.19791663       43587779.915024377        0.0000000000000000     
   1.19861114       43595425.030892946        0.0000000000000000     
   1.19930553       43603064.414789535        0.0000000000000000     
   1.20000005       43610726.800093018        0.0000000000000000     
   1.20069444       43618404.331898786        0.0000000000000000     
   1.20138884       43626089.821503058        0.0000000000000000     
   1.20208335       43633793.670353539        0.0000000000000000     
   1.20277774       44363189.729604371        0.0000000000000000     
   1.20347226       44497226.783326268        0.0000000000000000     
   1.20416665       43717022.965352066        0.0000000000000000     
   1.20486116       43517305.578145534        0.0000000000000000     
   1.20555556       43027934.039751686        0.0000000000000000     
   1.20624995       43035778.191751458        0.0000000000000000     
   1.20694447       43042707.580184385        0.0000000000000000     
   1.20763886       43051209.757102102        0.0000000000000000     
   1.20833337       43059591.070006199        0.0000000000000000     
   1.20902777       43207429.513773113        0.0000000000000000     
   1.20972228       43094495.486444093        0.0000000000000000     
   1.21041667       42647090.099647261        0.0000000000000000     
   1.21111107       42786711.489707969        0.0000000000000000     
   1.21180558       42660824.356257908        0.0000000000000000     
   1.21249998       42801709.722297512        0.0000000000000000     
   1.21319449       42960186.587398492        0.0000000000000000     
   1.21388888       42679859.166793011        0.0000000000000000     
   1.21458328       42819952.071141869        0.0000000000000000     
   1.21527779       42978339.466376409        0.0000000000000000     
   1.21597219       42984921.076870352        0.0000000000000000     
   1.21666670       42993393.615674362        0.0000000000000000     
   1.21736109       43001535.273822770        0.0000000000000000     
   1.21805561       43009671.484742135        0.0000000000000000     
   1.21875000       43017951.661646992        0.0000000000000000     
   1.21944439       43494739.862466082        0.0000000000000000     
   1.22013891       43502947.051660188        0.0000000000000000     
   1.22083330       43510987.620189935        0.0000000000000000     
   1.22152781       43518981.719453588        0.0000000000000000     
   1.22222221       43527144.879512399        0.0000000000000000     
   1.22291672       43535247.423147090        0.0000000000000000     
   1.22361112       43543363.670702621        0.0000000000000000     
   1.22430551       43551502.316232190        0.0000000000000000     
   1.22500002       43559659.127597220        0.0000000000000000     
   1.22569442       43567823.805224471        0.0000000000000000     
   1.22638893       43576000.693254709        0.0000000000000000     
   1.22708333       43584195.591394760        0.0000000000000000     
   1.22777772       43592402.200897984        0.0000000000000000     
   1.22847223       43600622.148838036        0.0000000000000000     
   1.22916663       43608856.299662329        0.0000000000000000     
   1.22986114       43617103.886211082        0.0000000000000000     
   1.23055553       43625364.889570281        0.0000000000000000     
   1.23125005       43633639.454922251        0.0000000000000000     
   1.23194444       43641927.705156662        0.0000000000000000     
   1.23263884       43650229.546035141        0.0000000000000000     
   1.23333335       43658545.005982645        0.0000000000000000     
   1.23402774       43666874.120458297        0.0000000000000000     
   1.23472226       43675216.875287808        0.0000000000000000     
   1.23541665       43683573.245701842        0.0000000000000000     
   1.23611116       43691943.238676660        0.0000000000000000     
   1.23680556       43700326.848234721        0.0000000000000000     
   1.23749995       43708724.068778455        0.0000000000000000     
   1.23819447       43717134.896770090        0.0000000000000000     
   1.23888886       43725559.332367711        0.0000000000000000     
   1.23958337       43733997.376156285        0.0000000000000000     
   1.24027777       43742449.031216048        0.0000000000000000     
   1.24097228       43750914.300913356        0.0000000000000000     
   1.24166667       43759393.187509663        0.0000000000000000     
   1.24236107       43767885.691545390        0.0000000000000000     
   1.24305558       43776391.812737726        0.0000000000000000     
   1.24374998       43784911.550284885        0.0000000000000000     
   1.24444449       43793444.903375380        0.0000000000000000     
   1.24513888       43801991.871372208        0.0000000000000000     
   1.24583328       43810552.453890927        0.0000000000000000     
   1.24652779       43819126.650732979        0.0000000000000000     
   1.24722219       43827714.461886436        0.0000000000000000     
   1.24791670       43836315.887521841        0.0000000000000000     
   1.24861109       43844930.927966550        0.0000000000000000     
   1.24930561       43853559.583612472        0.0000000000000000     
   1.25000000       43862201.854804024        0.0000000000000000     
   1.25069439       43870857.741760731        0.0000000000000000     
   1.25138891       43879527.244571537        0.0000000000000000     
   1.25208330       43888210.363240689        0.0000000000000000     
   1.25277781       43896907.097745560        0.0000000000000000     
   1.25347221       43905617.448077008        0.0000000000000000     
   1.25416672       43956151.954566635        0.0000000000000000     
   1.25486112       43917567.476322889        0.0000000000000000     
   1.25555551       43913218.728176318        0.0000000000000000     
   1.25625002       43924935.413980626        0.0000000000000000     
   1.25694442       43932337.287009642        0.0000000000000000     
   1.25763893       43941254.062150203        0.0000000000000000     
   1.25833333       43950348.865680590        0.0000000000000000     
   1.25902772       43959019.851624623        0.0000000000000000     
   1.25972223       43967785.747861899        0.0000000000000000     
   1.26041663       43976759.117313340        0.0000000000000000     
   1.26111114       44027570.629662186        0.0000000000000000     
   1.26180553       43971850.130118825        0.0000000000000000     
   1.26250005       43977123.667361453        0.0000000000000000     
   1.26319444       43988287.894762762        0.0000000000000000     
   1.26388884       43996400.796892703        0.0000000000000000     
   1.26458335       44662893.930027992        0.0000000000000000     
   1.26527774       43399494.661265887        0.0000000000000000     
   1.26597226       43408920.860345699        0.0000000000000000     
   1.26666665       43420750.700297251        0.0000000000000000     
   1.26736116       43428470.510049261        0.0000000000000000     
   1.26805556       43438844.123065613        0.0000000000000000     
   1.26874995       43447120.211972199        0.0000000000000000     
   1.26944447       43925298.847668067        0.0000000000000000     
   1.27013886       43517798.160570763        0.0000000000000000     
   1.27083337       44046614.544547617        0.0000000000000000     
   1.27152777       43950995.524166748        0.0000000000000000     
   1.27222228       43726327.923678696        0.0000000000000000     
   1.27291667       43737538.132818043        0.0000000000000000     
   1.27361107       43749920.917294219        0.0000000000000000     
   1.27430558       43757559.182987563        0.0000000000000000     
   1.27499998       43766217.626197726        0.0000000000000000     
   1.27569449       43775779.992381141        0.0000000000000000     
   1.27638888       43785337.961988911        0.0000000000000000     
   1.27708328       43793892.020587280        0.0000000000000000     
   1.27777779       43803298.896377541        0.0000000000000000     
   1.27847219       43812649.415000506        0.0000000000000000     
   1.27916670       43821682.564341120        0.0000000000000000     
   1.27986109       43830944.881095566        0.0000000000000000     
   1.28055561       43840248.327243090        0.0000000000000000     
   1.28125000       43849457.165487252        0.0000000000000000     
   1.28194439       43858724.931792140        0.0000000000000000     
   1.28263891       43868030.247088909        0.0000000000000000     
   1.28333330       43877315.689125769        0.0000000000000000     
   1.28402781       43886622.981340766        0.0000000000000000     
   1.28472221       43895953.729115732        0.0000000000000000     
   1.28541672       43905289.280851215        0.0000000000000000     
   1.28611112       43914638.964310095        0.0000000000000000     
   1.28680551       44064131.891098097        0.0000000000000000     
   1.28750002       43951489.740156561        0.0000000000000000     
   1.28819442       43506020.624089085        0.0000000000000000     
   1.28888893       43647178.160788327        0.0000000000000000     
   1.28958333       43521965.597636759        0.0000000000000000     
   1.29027772       43664730.935339704        0.0000000000000000     
   1.29097223       43825108.734422557        0.0000000000000000     
   1.29166663       43544099.956065074        0.0000000000000000     
   1.29236114       43686292.730719194        0.0000000000000000     
   1.29305553       43847000.319608033        0.0000000000000000     
   1.29375005       43854627.281712450        0.0000000000000000     
   1.29444444       43864476.667022042        0.0000000000000000     
   1.29513884       43873906.575775132        0.0000000000000000     
   1.29583335       43883374.717562251        0.0000000000000000     
   1.29652774       43892985.362266377        0.0000000000000000     
   1.29722226       43902576.327233136        0.0000000000000000     
   1.29791665       43912102.822340183        0.0000000000000000     
   1.29861116       43921750.526142187        0.0000000000000000     
   1.29930556       43931336.727855712        0.0000000000000000     
   1.29999995       43940968.277645804        0.0000000000000000     
   1.30069447       43950607.718839429        0.0000000000000000     
   1.30138886       43960258.884899095        0.0000000000000000     
   1.30208337       43969924.543697901        0.0000000000000000     
   1.30277777       43979604.875978798        0.0000000000000000     
   1.30347228       43989297.335045032        0.0000000000000000     
   1.30416667       43999004.333759397        0.0000000000000000     
   1.30486107       44008724.597954236        0.0000000000000000     
   1.30555558       44018458.571513660        0.0000000000000000     
   1.30624998       44028206.074188977        0.0000000000000000     
   1.30694449       44037967.298870772        0.0000000000000000     
   1.30763888       44047742.032609060        0.0000000000000000     
   1.30833328       44057530.440282218        0.0000000000000000     
   1.30902779       44067332.432854898        0.0000000000000000     
   1.30972219       44077148.042450294        0.0000000000000000     
   1.31041670       44086977.261964455        0.0000000000000000     
   1.31111109       44815903.431984738        0.0000000000000000     
   1.31180561       44964391.127630115        0.0000000000000000     
   1.31250000       44318220.713562734        0.0000000000000000     
   1.31319439       44611242.767925642        0.0000000000000000     
   1.31388891       43476993.144507483        0.0000000000000000     
   1.31458330       43490196.500326768        0.0000000000000000     
   1.31527781       43500886.008847654        0.0000000000000000     
   1.31597221       43506405.683887251        0.0000000000000000     
   1.31666672       43520328.045030661        0.0000000000000000     
   1.31736112       43529487.579228655        0.0000000000000000     
   1.31805551       43539450.169056892        0.0000000000000000     
   1.31875002       43549928.394285753        0.0000000000000000     
   1.31944442       43560256.629526436        0.0000000000000000     
   1.32013893       44029075.848237537        0.0000000000000000     
   1.32083333       43528401.257578023        0.0000000000000000     
   1.32152772       43537276.349497043        0.0000000000000000     
   1.32222223       43550170.096910603        0.0000000000000000     
   1.32291663       43557579.625595577        0.0000000000000000     
   1.32361114       43570035.873474814        0.0000000000000000     
   1.32430553       43579348.948941268        0.0000000000000000     
   1.32500005       43590070.562044606        0.0000000000000000     
   1.32569444       43600349.847581312        0.0000000000000000     
   1.32638884       43610798.136311539        0.0000000000000000     
   1.32708335       43621166.249503739        0.0000000000000000     
   1.32777774       43631615.385709800        0.0000000000000000     
   1.32847226       43642039.195876300        0.0000000000000000     
   1.32916665       43652499.422458671        0.0000000000000000     
   1.32986116       43662957.482162051        0.0000000000000000     
   1.33055556       43673441.516760066        0.0000000000000000     
   1.33124995       43683932.518250585        0.0000000000000000     
   1.33194447       43694440.171712212        0.0000000000000000     
   1.33263886       43704961.108716585        0.0000000000000000     
   1.33333337       43715496.327435486        0.0000000000000000     
   1.33402777       43726045.047492541        0.0000000000000000     
   1.33472228       43778570.311071739        0.0000000000000000     
   1.33541667       43740267.142282143        0.0000000000000000     
   1.33611107       43738441.254117630        0.0000000000000000     
   1.33680558       43752049.982979484        0.0000000000000000     
   1.33749998       43761281.487620793        0.0000000000000000     
   1.33819449       43772035.966644324        0.0000000000000000     
   1.33888888       43782974.263397716        0.0000000000000000     
   1.33958328       44340629.123799644        0.0000000000000000     
   1.34027779       43783509.503499813        0.0000000000000000     
   1.34097219       43727888.350177690        0.0000000000000000     
   1.34166670       43738789.256324649        0.0000000000000000     
   1.34236109       43749978.686335064        0.0000000000000000     
   1.34305561       43760387.976953588        0.0000000000000000     
   1.34375000       43771056.776946373        0.0000000000000000     
   1.34444439       43782032.776261300        0.0000000000000000     
   1.34513891       44260456.521939307        0.0000000000000000     
   1.34583330       43798960.799205028        0.0000000000000000     
   1.34652781       44277999.145659328        0.0000000000000000     
   1.34722221       44288236.709496066        0.0000000000000000     
   1.34791672       44298569.387719378        0.0000000000000000     
   1.34861112       44365098.901263393        0.0000000000000000     
   1.34930551       44343721.010758825        0.0000000000000000     
   1.35000002       44377482.781419337        0.0000000000000000     
   1.35069442       44154587.337532312        0.0000000000000000     
   1.35138893       44164012.313607395        0.0000000000000000     
   1.35208333       44179077.385547504        0.0000000000000000     
   1.35277772       44188332.410493530        0.0000000000000000     
   1.35347223       44198214.540273733        0.0000000000000000     
   1.35416663       44349833.878874607        0.0000000000000000     
   1.35486114       44237882.352378167        0.0000000000000000     
   1.35555553       43792331.824023500        0.0000000000000000     
   1.35625005       43935313.698730685        0.0000000000000000     
   1.35694444       43810912.332329772        0.0000000000000000     
   1.35763884       43955388.278823748        0.0000000000000000     
   1.35833335       44117720.942617275        0.0000000000000000     
   1.35902774       43939331.922203220        0.0000000000000000     
   1.35972226       44131253.750221215        0.0000000000000000     
   1.36041665       44141762.487904310        0.0000000000000000     
   1.36111116       44152081.159039557        0.0000000000000000     
   1.36180556       44163267.770708807        0.0000000000000000     
   1.36249995       44173984.907326214        0.0000000000000000     
   1.36319447       44184865.355157830        0.0000000000000000     
   1.36388886       44195742.732780978        0.0000000000000000     
   1.36458337       44206662.278889611        0.0000000000000000     
   1.36527777       44217532.540275745        0.0000000000000000     
   1.36597228       44228483.168615527        0.0000000000000000     
   1.36666667       44239402.381286226        0.0000000000000000     
   1.36736107       44250355.476234011        0.0000000000000000     
   1.36805558       44261316.824413590        0.0000000000000000     
   1.36874998       44272292.276242912        0.0000000000000000     
   1.36944449       44283280.717961602        0.0000000000000000     
   1.37013888       44294284.191384755        0.0000000000000000     
   1.37083328       44305299.808943130        0.0000000000000000     
   1.37152779       44316329.931005619        0.0000000000000000     
   1.37222219       44327373.272723585        0.0000000000000000     
   1.37291670       44338430.334919438        0.0000000000000000     
   1.37361109       44349500.914765239        0.0000000000000000     
   1.37430561       44360585.185802452        0.0000000000000000     
   1.37500000       44371682.966044508        0.0000000000000000     
   1.37569439       44382794.398219064        0.0000000000000000     
   1.37638891       44393919.403534763        0.0000000000000000     
   1.37708330       44405058.012005784        0.0000000000000000     
   1.37777781       44416210.214148119        0.0000000000000000     
   1.37847221       44427376.016270533        0.0000000000000000     
   1.37916672       44438555.410777465        0.0000000000000000     
   1.37986112       44449748.404174611        0.0000000000000000     
   1.38055551       44460954.992424339        0.0000000000000000     
   1.38125002       44472175.177233830        0.0000000000000000     
   1.38194442       44483408.957830608        0.0000000000000000     
   1.38263893       45062985.724158391        0.0000000000000000     
   1.38333333       43745173.930177696        0.0000000000000000     
   1.38402772       43757168.356345326        0.0000000000000000     
   1.38472223       43774721.281711772        0.0000000000000000     
   1.38541663       43782746.071694218        0.0000000000000000     
   1.38611114       43796958.804710217        0.0000000000000000     
   1.38680553       43806574.091231786        0.0000000000000000     
   1.38750005       43819320.844769545        0.0000000000000000     
   1.38819444       43830597.042023279        0.0000000000000000     
   1.38888884       43842243.845399469        0.0000000000000000     
   1.38958335       43853959.180985168        0.0000000000000000     
   1.39027774       43865659.103074729        0.0000000000000000     
   1.39097226       43877303.555994831        0.0000000000000000     
   1.39166665       43889051.022257455        0.0000000000000000     
   1.39236116       43900759.531332508        0.0000000000000000     
   1.39305556       43912499.895556696        0.0000000000000000     
   1.39374995       43924250.174740657        0.0000000000000000     
   1.39444447       43936016.857259721        0.0000000000000000     
   1.39513886       43947794.863696277        0.0000000000000000     
   1.39583337       43959588.363636777        0.0000000000000000     
   1.39652777       43971395.319672190        0.0000000000000000     
   1.39722228       43983216.347363718        0.0000000000000000     
   1.39791667       43995051.110739566        0.0000000000000000     
   1.39861107       44006900.022518031        0.0000000000000000     
   1.39930558       44018762.754385583        0.0000000000000000     
   1.39999998       44030639.443119869        0.0000000000000000     
   1.40069449       44042530.068145387        0.0000000000000000     
   1.40138888       44136073.948707454        0.0000000000000000     
   1.40208328       44019584.186971210        0.0000000000000000     
   1.40277779       44030012.918093406        0.0000000000000000     
   1.40347219       44045043.270103179        0.0000000000000000     
   1.40416670       44056101.996548571        0.0000000000000000     
   1.40486109       44109775.920463666        0.0000000000000000     
   1.40555561       44073032.638569266        0.0000000000000000     
   1.40625000       44072706.908911519        0.0000000000000000     
   1.40694439       44087677.262642123        0.0000000000000000     
   1.40763891       44098411.306538932        0.0000000000000000     
   1.40833330       44110529.843383506        0.0000000000000000     
   1.40902781       44122883.634766847        0.0000000000000000     
   1.40972221       44134819.306333035        0.0000000000000000     
   1.41041672       44189099.702624574        0.0000000000000000     
   1.41111112       44136189.514910430        0.0000000000000000     
   1.41180551       44144567.732082911        0.0000000000000000     
   1.41250002       44158989.690160245        0.0000000000000000     
   1.41319442       44170353.331584133        0.0000000000000000     
   1.41388893       44782390.753852740        0.0000000000000000     
   1.41458333       44166300.906257130        0.0000000000000000     
   1.41527772       43722328.317563459        0.0000000000000000     
   1.41597223       43868871.519347526        0.0000000000000000     
   1.41666663       43742792.075796068        0.0000000000000000     
   1.41736114       43946933.106347956        0.0000000000000000     
   1.41805553       44078606.726034112        0.0000000000000000     
   1.41875005       44104510.408640988        0.0000000000000000     
   1.41944444       43883421.641078293        0.0000000000000000     
   1.42013884       43894715.388272561        0.0000000000000000     
   1.42083335       43911085.150224388        0.0000000000000000     
   1.42152774       43922080.890101701        0.0000000000000000     
   1.42222226       43933684.331743859        0.0000000000000000     
   1.42291665       43946505.834219925        0.0000000000000000     
   1.42361116       43959298.253479294        0.0000000000000000     
   1.42430556       43970996.002629191        0.0000000000000000     
   1.42499995       43983616.221583948        0.0000000000000000     
   1.42569447       43996168.030319430        0.0000000000000000     
   1.42638886       44008378.413594872        0.0000000000000000     
   1.42708337       44020848.815542959        0.0000000000000000     
   1.42777777       44033344.001202695        0.0000000000000000     
   1.42847228       44512161.130998805        0.0000000000000000     
   1.42916667       44044081.000693373        0.0000000000000000     
   1.42986107       44056213.069557041        0.0000000000000000     
   1.43055558       44069425.524957851        0.0000000000000000     
   1.43124998       44081148.068679810        0.0000000000000000     
   1.43194449       44094240.712284155        0.0000000000000000     
   1.43263888       44574590.714976542        0.0000000000000000     
   1.43333328       44115247.900520355        0.0000000000000000     
   1.43402779       44596735.515970804        0.0000000000000000     
   1.43472219       44608183.341380902        0.0000000000000000     
   1.43541670       44620249.600270182        0.0000000000000000     
   1.43611109       44633066.439962022        0.0000000000000000     
   1.43680561       44644966.165761225        0.0000000000000000     
   1.43750000       44657509.374007806        0.0000000000000000     
   1.43819439       44669753.225621216        0.0000000000000000     
   1.43888891       44682134.263439968        0.0000000000000000     
   1.43958330       44694501.936576508        0.0000000000000000     
   1.44027781       44706870.324988283        0.0000000000000000     
   1.44097221       44719268.398987018        0.0000000000000000     
   1.44166672       44731675.785106480        0.0000000000000000     
   1.44236112       44744092.275031753        0.0000000000000000     
   1.44305551       44756527.521150708        0.0000000000000000     
   1.44375002       44768974.080225423        0.0000000000000000     
   1.44444442       44781434.394594900        0.0000000000000000     
   1.44513893       44793908.576387502        0.0000000000000000     
   1.44583333       44806396.176343411        0.0000000000000000     
   1.44652772       44818897.437096134        0.0000000000000000     
   1.44722223       44831412.198362768        0.0000000000000000     
   1.44791663       44843940.570965864        0.0000000000000000     
   1.44861114       44856482.537208118        0.0000000000000000     
   1.44930553       44869038.049393766        0.0000000000000000     
   1.45000005       44881607.152234569        0.0000000000000000     
   1.45069444       44894189.832619213        0.0000000000000000     
   1.45138884       44906786.086517550        0.0000000000000000     
   1.45208335       44919395.916459203        0.0000000000000000     
   1.45277774       44932019.324755184        0.0000000000000000     
   1.45347226       44944656.308449306        0.0000000000000000     
   1.45416665       44957306.868844911        0.0000000000000000     
   1.45486116       44969971.005420737        0.0000000000000000     
   1.45555556       44982648.718768142        0.0000000000000000     
   1.45624995       44995340.008216500        0.0000000000000000     
   1.45694447       45089768.972513124        0.0000000000000000     
   1.45763886       44973940.847560354        0.0000000000000000     
   1.45833337       44985163.675711975        0.0000000000000000     
   1.45902777       45000991.961512439        0.0000000000000000     
   1.45972228       45012850.823297806        0.0000000000000000     
   1.46041667       45025421.664716892        0.0000000000000000     
   1.46111107       45038561.125704162        0.0000000000000000     
   1.46180558       45051237.381681055        0.0000000000000000     
   1.46249998       45063995.588953681        0.0000000000000000     
   1.46319449       45076913.300757170        0.0000000000000000     
   1.46388888       45089706.994094819        0.0000000000000000     
   1.46458328       45843078.909503765        0.0000000000000000     
   1.46527779       45973632.492176533        0.0000000000000000     
   1.46597219       45079826.941522419        0.0000000000000000     
   1.46666670       45071210.682271726        0.0000000000000000     
   1.46736109       45081292.281483434        0.0000000000000000     
   1.46805561       45144670.814747758        0.0000000000000000     
   1.46875000       45248202.540820710        0.0000000000000000     
   1.46944439       45121322.418352276        0.0000000000000000     
   1.47013891       44682873.920068644        0.0000000000000000     
   1.47083330       44827311.803033203        0.0000000000000000     
   1.47152781       44703232.645913556        0.0000000000000000     
   1.47222221       44851509.508485921        0.0000000000000000     
   1.47291672       45059441.623531573        0.0000000000000000     
   1.47361112       44997115.244655438        0.0000000000000000     
   1.47430551       45007097.749113530        0.0000000000000000     
   1.47500002       45022741.460326053        0.0000000000000000     
   1.47569442       45034638.271144167        0.0000000000000000     
   1.47638893       45047735.252314903        0.0000000000000000     
   1.47708333       45061138.095222369        0.0000000000000000     
   1.47777772       45074126.351453178        0.0000000000000000     
   1.47847223       45087187.324918926        0.0000000000000000     
   1.47916663       45156164.129590668        0.0000000000000000     
   1.47986114       45834222.220695131        0.0000000000000000     
   1.48055553       45135849.084855556        0.0000000000000000     
   1.48125005       44916390.157468416        0.0000000000000000     
   1.48194444       44930211.415136419        0.0000000000000000     
   1.48263884       44946390.740726143        0.0000000000000000     
   1.48333335       44958495.003899164        0.0000000000000000     
   1.48402774       44971142.101305731        0.0000000000000000     
   1.48472226       44984838.722433470        0.0000000000000000     
   1.48541665       44998470.774715595        0.0000000000000000     
   1.48611116       45011130.525586411        0.0000000000000000     
   1.48680556       45024669.681594364        0.0000000000000000     
   1.48749995       45038106.730498403        0.0000000000000000     
   1.48819447       45890537.526226334        0.0000000000000000     
   1.48888886       45174114.969343029        0.0000000000000000     
   1.48958337       44658871.929126918        0.0000000000000000     
   1.49027777       44959254.549778819        0.0000000000000000     
   1.49097228       44465442.644387290        0.0000000000000000     
   1.49166667       44477073.386675827        0.0000000000000000     
   1.49236107       44493317.278124355        0.0000000000000000     
   1.49305558       44504585.351086572        0.0000000000000000     
   1.49374998       44520138.080685154        0.0000000000000000     
   1.49444449       44532992.897365950        0.0000000000000000     
   1.49513888       44547118.111286625        0.0000000000000000     
   1.49583328       44560827.656800404        0.0000000000000000     
   1.49652779       45042635.208462894        0.0000000000000000     
   1.49722219       44585522.937718563        0.0000000000000000     
   1.49791670       45068584.142936088        0.0000000000000000     
   1.49861109       45080897.462842532        0.0000000000000000     
   1.49930561       45094185.581470199        0.0000000000000000     
   1.50000000       45108376.353458144        0.0000000000000000     
   1.50069439       45121513.094196878        0.0000000000000000     
   1.50138891       45135273.678882547        0.0000000000000000     
   1.50208330       45148780.619427703        0.0000000000000000     
   1.50277781       45162427.565940253        0.0000000000000000     
   1.50347221       45176039.094022863        0.0000000000000000     
   1.50416672       45189657.540684745        0.0000000000000000     
   1.50486112       45203312.297979839        0.0000000000000000     
   1.50555551       45216971.922827750        0.0000000000000000     
   1.50625002       45230639.235810205        0.0000000000000000     
   1.50694442       45244327.739167802        0.0000000000000000     
   1.50763893       45258026.975529820        0.0000000000000000     
   1.50833333       45353387.167708397        0.0000000000000000     
   1.50902772       45238622.014695466        0.0000000000000000     
   1.50972223       45250845.968559720        0.0000000000000000     
   1.51041663       45267682.464523464        0.0000000000000000     
   1.51111114       45280550.537308306        0.0000000000000000     
   1.51180553       45294128.862664193        0.0000000000000000     
   1.51250005       45308276.438321620        0.0000000000000000     
   1.51319444       45321960.643479921        0.0000000000000000     
   1.51388884       45335726.831205562        0.0000000000000000     
   1.51458335       45349652.519090541        0.0000000000000000     
   1.51527774       45363454.060603522        0.0000000000000000     
   1.51597226       45377321.156358667        0.0000000000000000     
   1.51666665       45391209.295082964        0.0000000000000000     
   1.51736116       45405089.730580039        0.0000000000000000     
   1.51805556       45418995.142874360        0.0000000000000000     
   1.51874995       45572682.429342292        0.0000000000000000     
   1.51944447       45464217.150056385        0.0000000000000000     
   1.52013886       45023340.748417586        0.0000000000000000     
   1.52083337       45169687.321289442        0.0000000000000000     
   1.52152777       45046907.873977318        0.0000000000000000     
   1.52222228       45196080.485019222        0.0000000000000000     
   1.52291667       45362807.610081621        0.0000000000000000     
   1.52361107       45366388.486232847        0.0000000000000000     
   1.52430558       45380981.981145605        0.0000000000000000     
   1.52499998       45395381.391934969        0.0000000000000000     
   1.52569449       46120584.037828542        0.0000000000000000     
   1.52638888       45293968.197957814        0.0000000000000000     
   1.52708328       45300628.614452556        0.0000000000000000     
   1.52777779       45322921.430080958        0.0000000000000000     
   1.52847219       45330752.595697917        0.0000000000000000     
   1.52916670       45388267.344622202        0.0000000000000000     
   1.52986109       45339090.931099363        0.0000000000000000     
   1.53055561       45349045.196532056        0.0000000000000000     
   1.53125000       45365175.036297292        0.0000000000000000     
   1.53194439       45378999.766180076        0.0000000000000000     
   1.53263891       45392926.815825909        0.0000000000000000     
   1.53333330       45407334.837432511        0.0000000000000000     
   1.53402781       45421549.656558059        0.0000000000000000     
   1.53472221       45435689.564914607        0.0000000000000000     
   1.53541672       45505331.558397911        0.0000000000000000     
   1.53611112       45488350.699739337        0.0000000000000000     
   1.53680551       45525567.247473016        0.0000000000000000     
   1.53750002       45306172.543451138        0.0000000000000000     
   1.53819442       45319199.661644995        0.0000000000000000     
   1.53888893       45337919.745978102        0.0000000000000000     
   1.53958333       45350834.435692944        0.0000000000000000     
   1.54027772       45364394.599737294        0.0000000000000000     
   1.54097223       45379299.194225863        0.0000000000000000     
   1.54166663       45394092.968314618        0.0000000000000000     
   1.54236114       45407767.019572355        0.0000000000000000     
   1.54305553       45422449.273192301        0.0000000000000000     
   1.54375005       45436983.503517769        0.0000000000000000     
   1.54444444       45451212.029003352        0.0000000000000000     
   1.54513884       45465700.616738424        0.0000000000000000     
   1.54583335       45480202.553317659        0.0000000000000000     
   1.54652774       45494613.552799739        0.0000000000000000     
   1.54722226       45509095.307310201        0.0000000000000000     
   1.54791665       45523604.153226949        0.0000000000000000     
   1.54861116       45538094.319508359        0.0000000000000000     
   1.54930556       46269376.938184753        0.0000000000000000     
   1.54999995       46420683.505374543        0.0000000000000000     
   1.55069447       45765145.969398409        0.0000000000000000     
   1.55138886       45744641.786859460        0.0000000000000000     
   1.55208337       45862092.857489713        0.0000000000000000     
   1.55277777       45679947.950559884        0.0000000000000000     
   1.55347228       45208196.067297272        0.0000000000000000     
   1.55416667       45618807.949249484        0.0000000000000000     
   1.55486107       45222746.702722743        0.0000000000000000     
   1.55555558       44804207.332388841        0.0000000000000000     
   1.55624998       44690746.346359447        0.0000000000000000     
   1.55694449       44707011.462087870        0.0000000000000000     
   1.55763888       44722575.727130830        0.0000000000000000     
   1.55833328       44738901.056105651        0.0000000000000000     
   1.55902779       44752675.307381809        0.0000000000000000     
   1.55972219       45026881.803109758        0.0000000000000000     
   1.56041670       45041837.414988831        0.0000000000000000     
   1.56111109       45057221.618917614        0.0000000000000000     
   1.56180561       45072624.343377285        0.0000000000000000     
   1.56250000       45087984.509210244        0.0000000000000000     
   1.56319439       45576508.697187424        0.0000000000000000     
   1.56388891       45597448.884611994        0.0000000000000000     
   1.56458330       45611533.714948930        0.0000000000000000     
   1.56527781       45622027.585505649        0.0000000000000000     
   1.56597221       45783016.524281293        0.0000000000000000     
   1.56666672       45672018.740113854        0.0000000000000000     
   1.56736112       45232280.558357507        0.0000000000000000     
   1.56805551       45380269.040973216        0.0000000000000000     
   1.56875002       45361722.368082687        0.0000000000000000     
   1.56944442       45270955.138505675        0.0000000000000000     
   1.57013893       45420769.696382202        0.0000000000000000     
   1.57083333       45588216.716517933        0.0000000000000000     
   1.57152772       45599399.645387508        0.0000000000000000     
   1.57222223       45615654.037907213        0.0000000000000000     
   1.57291663       45631687.943051465        0.0000000000000000     
   1.57361114       45646777.038108490        0.0000000000000000     
   1.57430553       45662807.267058164        0.0000000000000000     
   1.57500005       45678600.859795727        0.0000000000000000     
   1.57569444       45694194.307918034        0.0000000000000000     
   1.57638884       45710096.691890694        0.0000000000000000     
   1.57708335       45725842.381339587        0.0000000000000000     
   1.57777774       45741649.702827580        0.0000000000000000     
   1.57847226       45799502.290318176        0.0000000000000000     
   1.57916665       45766433.012567431        0.0000000000000000     
   1.57986116       45769834.433760896        0.0000000000000000     
   1.58055556       45788722.212041736        0.0000000000000000     
   1.58124995       46193772.038568862        0.0000000000000000     
   1.58194447       45436507.345716283        0.0000000000000000     
   1.58263886       45354141.032838479        0.0000000000000000     
   1.58333337       45366581.744627662        0.0000000000000000     
   1.58402777       45379269.129696049        0.0000000000000000     
   1.58472228       45399044.367003940        0.0000000000000000     
   1.58541667       45412113.215813749        0.0000000000000000     
   1.58611107       45428696.722079739        0.0000000000000000     
   1.58680558       45444247.506386012        0.0000000000000000     
   1.58749998       45459990.292252786        0.0000000000000000     
   1.58819449       45531522.369176462        0.0000000000000000     
   1.58888888       45515846.601590872        0.0000000000000000     
   1.58958328       45554544.384376638        0.0000000000000000     
   1.59027779       45335073.195669487        0.0000000000000000     
   1.59097219       45349509.340658620        0.0000000000000000     
   1.59166670       45369742.564172432        0.0000000000000000     
   1.59236109       45384103.432081789        0.0000000000000000     
   1.59305561       45399163.925024383        0.0000000000000000     
   1.59375000       45415569.304797955        0.0000000000000000     
   1.59444439       45431832.671418391        0.0000000000000000     
   1.59513891       45446997.610364906        0.0000000000000000     
   1.59583330       45463178.180122077        0.0000000000000000     
   1.59652781       45479192.494691022        0.0000000000000000     
   1.59722221       45494910.713792615        0.0000000000000000     
   1.59791672       45510893.037663251        0.0000000000000000     
   1.59861112       45526882.229993254        0.0000000000000000     
   1.59930551       45542782.908265509        0.0000000000000000     
   1.60000002       45558757.179784752        0.0000000000000000     
   1.60069442       45656175.285165094        0.0000000000000000     
   1.60138893       45993753.432960652        0.0000000000000000     
   1.60208333       45457443.693623438        0.0000000000000000     
   1.60277772       45473987.849529304        0.0000000000000000     
   1.60347223       45493838.860015564        0.0000000000000000     
   1.60416663       45504085.910319544        0.0000000000000000     
   1.60486114       45524573.257982604        0.0000000000000000     
   1.60555553       45538548.779966608        0.0000000000000000     
   1.60625005       45555231.346014634        0.0000000000000000     
   1.60694444       45571253.689392455        0.0000000000000000     
   1.60763884       45587420.802156903        0.0000000000000000     
   1.60833335       45603483.565641724        0.0000000000000000     
   1.60902774       45619691.043794543        0.0000000000000000     
   1.60972226       45635820.851990417        0.0000000000000000     
   1.61041665       45792355.221602589        0.0000000000000000     
   1.61111116       45685457.478194542        0.0000000000000000     
   1.61180556       45244510.609740034        0.0000000000000000     
   1.61249995       45393502.597627848        0.0000000000000000     
   1.61319447       45557805.336110905        0.0000000000000000     
   1.61388886       45567327.871416770        0.0000000000000000     
   1.61458337       45583784.698120154        0.0000000000000000     
   1.61527777       45600023.221676916        0.0000000000000000     
   1.61597228       45616281.010018505        0.0000000000000000     
   1.61666667       45632545.185284637        0.0000000000000000     
   1.61736107       45648954.824095756        0.0000000000000000     
   1.61805558       45665215.339445718        0.0000000000000000     
   1.61874998       45681585.167054780        0.0000000000000000     
   1.61944449       45697958.562425964        0.0000000000000000     
   1.62013888       45714311.662062921        0.0000000000000000     
   1.62083328       45730715.205438070        0.0000000000000000     
   1.62152779       45747111.920480780        0.0000000000000000     
   1.62222219       45763528.884755827        0.0000000000000000     
   1.62291670       45779959.894945122        0.0000000000000000     
   1.62361109       45796403.593433052        0.0000000000000000     
   1.62430561       45812861.561340854        0.0000000000000000     
   1.62500000       45829333.566383712        0.0000000000000000     
   1.62569439       46309434.009649590        0.0000000000000000     
   1.62638891       45830650.966430403        0.0000000000000000     
   1.62708330       45846295.019749187        0.0000000000000000     
   1.62777781       45864433.221053489        0.0000000000000000     
   1.62847221       45921352.313583158        0.0000000000000000     
   1.62916672       45890615.109486111        0.0000000000000000     
   1.62986112       45893830.680911772        0.0000000000000000     
   1.63055551       45913652.078941308        0.0000000000000000     
   1.63125002       45928785.506547891        0.0000000000000000     
   1.63194442       45987826.897476003        0.0000000000000000     
   1.63263893       46407042.497531906        0.0000000000000000     
   1.63333333       45944180.010524146        0.0000000000000000     
   1.63402772       45962832.842989370        0.0000000000000000     
   1.63472223       46447646.558877662        0.0000000000000000     
   1.63541663       46461851.125984617        0.0000000000000000     
   1.63611114       46477880.207645483        0.0000000000000000     
   1.63680553       46494816.715215363        0.0000000000000000     
   1.63750005       46567066.318051711        0.0000000000000000     
   1.63819444       46552378.537562221        0.0000000000000000     
   1.63888884       46591655.881142043        0.0000000000000000     
   1.63958335       46372577.678428516        0.0000000000000000     
   1.64027774       46387583.850040592        0.0000000000000000     
   1.64097226       46408364.869631134        0.0000000000000000     
   1.64166665       46423304.103220880        0.0000000000000000     
   1.64236116       46438970.626545891        0.0000000000000000     
   1.64305556       46455959.587458655        0.0000000000000000     
   1.64374995       46554778.265728153        0.0000000000000000     
   1.64444447       46441902.357998990        0.0000000000000000     
   1.64513886       46457155.952289715        0.0000000000000000     
   1.64583337       46476801.375566997        0.0000000000000000     
   1.64652777       46492214.295201518        0.0000000000000000     
   1.64722228       46508582.762241103        0.0000000000000000     
   1.64791667       46525501.573272482        0.0000000000000000     
   1.64861107       46541860.944455668        0.0000000000000000     
   1.64930558       46558364.440233253        0.0000000000000000     
   1.64999998       46575034.059163190        0.0000000000000000     
   1.65069449       46591548.839873321        0.0000000000000000     
   1.65138888       46608144.049004085        0.0000000000000000     
   1.65208328       46624764.754237749        0.0000000000000000     
   1.65277779       46782210.979819901        0.0000000000000000     
   1.65347219       46675479.229060188        0.0000000000000000     
   1.65416670       46233363.835057117        0.0000000000000000     
   1.65486109       46383131.986129649        0.0000000000000000     
   1.65555561       46548265.004306264        0.0000000000000000     
   1.65625000       46558026.073829316        0.0000000000000000     
   1.65694439       46574937.043344006        0.0000000000000000     
   1.65763891       46591635.877244338        0.0000000000000000     
   1.65833330       47284004.421579771        0.0000000000000000     
   1.65902781       45996216.713632964        0.0000000000000000     
   1.65972221       46013727.451985054        0.0000000000000000     
   1.66041672       46033343.099732310        0.0000000000000000     
   1.66111112       46048780.922467656        0.0000000000000000     
   1.66180551       46067450.009815253        0.0000000000000000     
   1.66250002       46083577.633208297        0.0000000000000000     
   1.66319442       46569348.598473936        0.0000000000000000     
   1.66388893       46107361.864158377        0.0000000000000000     
   1.66458333       46124360.860348105        0.0000000000000000     
   1.66527772       46610845.140347853        0.0000000000000000     
   1.66597223       46626427.055469267        0.0000000000000000     
   1.66666663       46642880.752520919        0.0000000000000000     
   1.66736114       46660115.973146498        0.0000000000000000     
   1.66805553       46677133.330433406        0.0000000000000000     
   1.66875005       46693964.012242056        0.0000000000000000     
   1.66944444       46710846.518143214        0.0000000000000000     
   1.67013884       46727895.160836473        0.0000000000000000     
   1.67083335       46744852.216564707        0.0000000000000000     
   1.67152774       46761812.061453722        0.0000000000000000     
   1.67222226       46778825.753311753        0.0000000000000000     
   1.67291665       46795844.714178830        0.0000000000000000     
   1.67361116       46812863.888020933        0.0000000000000000     
   1.67430556       46829905.193122990        0.0000000000000000     
   1.67499995       46846960.878351882        0.0000000000000000     
   1.67569447       46906435.302606478        0.0000000000000000     
   1.67638886       46874964.551699892        0.0000000000000000     
   1.67708337       46921069.645328008        0.0000000000000000     
   1.67777777       46877812.110715181        0.0000000000000000     
   1.67847228       46890035.043088496        0.0000000000000000     
   1.67916667       46909371.875940450        0.0000000000000000     
   1.67986107       46926111.374901369        0.0000000000000000     
   1.68055558       46943016.607389651        0.0000000000000000     
   1.68124998       46960343.839421570        0.0000000000000000     
   1.68194449       46977616.680365115        0.0000000000000000     
   1.68263888       46994675.114782743        0.0000000000000000     
   1.68333328       47067158.032080814        0.0000000000000000     
   1.68402779       47135195.675592355        0.0000000000000000     
   1.68472219       47047562.189487047        0.0000000000000000     
   1.68541670       46828998.997781120        0.0000000000000000     
   1.68611109       46847975.751638949        0.0000000000000000     
   1.68680561       46868785.255223751        0.0000000000000000     
   1.68750000       46884416.172551639        0.0000000000000000     
   1.68819439       47612300.660443164        0.0000000000000000     
   1.68888891       46914962.083722226        0.0000000000000000     
   1.68958330       47768653.015966840        0.0000000000000000     
   1.69027781       46837556.685558520        0.0000000000000000     
   1.69097221       46854607.450204395        0.0000000000000000     
   1.69166672       46874494.428484105        0.0000000000000000     
   1.69236112       46889740.278605603        0.0000000000000000     
   1.69305551       47049012.864468664        0.0000000000000000     
   1.69375002       46942802.809416816        0.0000000000000000     
   1.69444442       46500908.674591534        0.0000000000000000     
   1.69513893       46651479.400977798        0.0000000000000000     
   1.69583333       46817569.718491353        0.0000000000000000     
   1.69652772       46827898.088541731        0.0000000000000000     
   1.69722223       46845658.915462330        0.0000000000000000     
   1.69791663       46863146.935628258        0.0000000000000000     
   1.69861114       46880586.538388483        0.0000000000000000     
   1.69930553       46898104.365006335        0.0000000000000000     
   1.70000005       46915745.620622113        0.0000000000000000     
   1.70069444       46933223.576652668        0.0000000000000000     
   1.70138884       46950829.939725816        0.0000000000000000     
   1.70208335       46968428.762808494        0.0000000000000000     
   1.70277774       46986009.157941200        0.0000000000000000     
   1.70347226       47003640.681482293        0.0000000000000000     
   1.70416665       47021263.931408092        0.0000000000000000     
   1.70486116       47038907.365781032        0.0000000000000000     
   1.70555556       47056564.479469113        0.0000000000000000     
   1.70624995       47074233.869224280        0.0000000000000000     
   1.70694447       47091917.115218505        0.0000000000000000     
   1.70763886       47811569.944131993        0.0000000000000000     
   1.70833337       47215567.566621445        0.0000000000000000     
   1.70902777       46695827.945944555        0.0000000000000000     
   1.70972228       46995030.267832391        0.0000000000000000     
   1.71041667       46507128.156342484        0.0000000000000000     
   1.71111107       46522958.197219044        0.0000000000000000     
   1.71180558       46544036.339113824        0.0000000000000000     
   1.71249998       46559431.987420864        0.0000000000000000     
   1.71319449       46579736.141469777        0.0000000000000000     
   1.71388888       46596931.150429986        0.0000000000000000     
   1.71458328       46615594.194882549        0.0000000000000000     
   1.71527779       46633773.520237736        0.0000000000000000     
   1.71597219       46652132.058400631        0.0000000000000000     
   1.71666670       46670395.014173105        0.0000000000000000     
   1.71736109       46688768.544087134        0.0000000000000000     
   1.71805561       46707088.591848664        0.0000000000000000     
   1.71875000       47191859.252198115        0.0000000000000000     
   1.71944439       46774165.857943781        0.0000000000000000     
   1.72013891       46744368.322357960        0.0000000000000000     
   1.72083330       46750235.864626579        0.0000000000000000     
   1.72152781       47239703.735425934        0.0000000000000000     
   1.72222221       47252772.003907226        0.0000000000000000     
   1.72291672       47394311.187263466        0.0000000000000000     
   1.72361112       47221310.861494653        0.0000000000000000     
   1.72430551       47233107.877147295        0.0000000000000000     
   1.72500002       47256479.791297130        0.0000000000000000     
   1.72569442       47272975.926698193        0.0000000000000000     
   1.72638893       47290777.904691979        0.0000000000000000     
   1.72708333       47309363.090847805        0.0000000000000000     
   1.72777772       47383496.463051058        0.0000000000000000     
   1.72847223       47371362.523995303        0.0000000000000000     
   1.72916663       47412640.950118944        0.0000000000000000     
   1.72986114       47194517.518258020        0.0000000000000000     
   1.73055553       47211267.166246392        0.0000000000000000     
   1.73125005       47374043.684440732        0.0000000000000000     
   1.73194444       47268444.921428040        0.0000000000000000     
   1.73263884       46827761.929183885        0.0000000000000000     
   1.73333335       46979690.592062138        0.0000000000000000     
   1.73402774       47146747.524488486        0.0000000000000000     
   1.73472226       47157034.544150285        0.0000000000000000     
   1.73541665       47175838.682059169        0.0000000000000000     
   1.73611116       47194204.956944793        0.0000000000000000     
   1.73680556       47212179.180012442        0.0000000000000000     
   1.73749995       47230523.036964998        0.0000000000000000     
   1.73819447       47248960.812894799        0.0000000000000000     
   1.73888886       47267131.045115441        0.0000000000000000     
   1.73958337       47285503.364783265        0.0000000000000000     
   1.74027777       47303867.687389240        0.0000000000000000     
   1.74097228       47322184.273653857        0.0000000000000000     
   1.74166667       47340568.266375341        0.0000000000000000     
   1.74236107       47358947.204953440        0.0000000000000000     
   1.74305558       48039705.206582613        0.0000000000000000     
   1.74374998       46790827.095341012        0.0000000000000000     
   1.74444449       47281445.943338044        0.0000000000000000     
   1.74513888       47302017.992079765        0.0000000000000000     
   1.74583328       47315557.371038616        0.0000000000000000     
   1.74652779       47336435.857383259        0.0000000000000000     
   1.74722219       47355404.248677455        0.0000000000000000     
   1.74791670       47373219.508137658        0.0000000000000000     
   1.74861109       47391533.974872194        0.0000000000000000     
   1.74930561       47410469.676494464        0.0000000000000000     
   1.75000000       47428897.700275928        0.0000000000000000     
   1.75069439       47447311.057535268        0.0000000000000000     
   1.75138891       47465966.637189999        0.0000000000000000     
   1.75208330       47484527.766521834        0.0000000000000000     
   1.75277781       47503089.830545120        0.0000000000000000     
   1.75347221       47521689.313384831        0.0000000000000000     
   1.75416672       47540303.788878873        0.0000000000000000     
   1.75486112       47558925.020109914        0.0000000000000000     
   1.75555551       47577558.291871049        0.0000000000000000     
   1.75625002       47596208.921716727        0.0000000000000000     
   1.75694442       47614872.940194257        0.0000000000000000     
   1.75763893       47633548.047588162        0.0000000000000000     
   1.75833333       47652238.137363732        0.0000000000000000     
   1.75902772       47670941.778511979        0.0000000000000000     
   1.75972223       47689658.432992510        0.0000000000000000     
   1.76041663       47790294.630813375        0.0000000000000000     
   1.76111114       47680939.086447924        0.0000000000000000     
   1.76180553       47740214.308772102        0.0000000000000000     
   1.76250005       47714985.986308701        0.0000000000000000     
   1.76319444       47761276.595491789        0.0000000000000000     
   1.76388884       47719776.835703179        0.0000000000000000     
   1.76458335       48452057.972900152        0.0000000000000000     
   1.76527774       48611092.216539614        0.0000000000000000     
   1.76597226       47950591.643963799        0.0000000000000000     
   1.76666665       47720865.672010310        0.0000000000000000     
   1.76736116       47717801.006224841        0.0000000000000000     
   1.76805556       47886434.447393112        0.0000000000000000     
   1.76874995       47788083.126630299        0.0000000000000000     
   1.76944447       47398567.088977672        0.0000000000000000     
   1.77013886       47520450.529057734        0.0000000000000000     
   1.77083337       47713012.609806754        0.0000000000000000     
   1.77152777       47487876.769351728        0.0000000000000000     
   1.77222228       47505107.581011057        0.0000000000000000     
   1.77291667       47528929.736966945        0.0000000000000000     
   1.77361107       47546350.084207237        0.0000000000000000     
   1.77430558       47564479.325177580        0.0000000000000000     
   1.77499998       47584203.149011858        0.0000000000000000     
   1.77569449       47603554.991323642        0.0000000000000000     
   1.77638888       47621934.114867307        0.0000000000000000     
   1.77708328       47641308.376110300        0.0000000000000000     
   1.77777779       48349505.052997388        0.0000000000000000     
   1.77847219       47619938.935183346        0.0000000000000000     
   1.77916670       47641482.997978657        0.0000000000000000     
   1.77986109       47663528.808061890        0.0000000000000000     
   1.78055561       47680347.629066579        0.0000000000000000     
   1.78125000       47699938.333500929        0.0000000000000000     
   1.78194439       47719442.727635667        0.0000000000000000     
   1.78263891       47738437.742624186        0.0000000000000000     
   1.78333330       47757509.189215861        0.0000000000000000     
   1.78402781       47776856.213220522        0.0000000000000000     
   1.78472221       47796009.420305319        0.0000000000000000     
   1.78541672       47815231.359849706        0.0000000000000000     
   1.78611112       47834476.998942859        0.0000000000000000     
   1.78680551       48694657.464593999        0.0000000000000000     
   1.78750002       48216302.214592278        0.0000000000000000     
   1.78819442       48360060.680608496        0.0000000000000000     
   1.78888893       47909592.932973899        0.0000000000000000     
   1.78958333       47507217.633957922        0.0000000000000000     
   1.79027772       47012291.303905919        0.0000000000000000     
   1.79097223       47502988.648408368        0.0000000000000000     
   1.79166663       47070943.720385239        0.0000000000000000     
   1.79236114       47554430.404737733        0.0000000000000000     
   1.79305553       47566829.100958981        0.0000000000000000     
   1.79375005       47588667.000176221        0.0000000000000000     
   1.79444444       47611681.313261002        0.0000000000000000     
   1.79513884       47628447.881699465        0.0000000000000000     
   1.79583335       47732419.542899057        0.0000000000000000     
   1.79652774       47624475.284312919        0.0000000000000000     
   1.79722226       47643346.420692153        0.0000000000000000     
   1.79791665       47666812.519504726        0.0000000000000000     
   1.79861116       47686185.124875702        0.0000000000000000     
   1.79930556       47706341.079556338        0.0000000000000000     
   1.79999995       47727082.368286945        0.0000000000000000     
   1.80069447       47747307.090364635        0.0000000000000000     
   1.80138886       47767659.782069393        0.0000000000000000     
   1.80208337       47830112.226570092        0.0000000000000000     
   1.80277777       47803803.451028131        0.0000000000000000     
   1.80347228       47992765.205642410        0.0000000000000000     
   1.80416667       47830884.078259908        0.0000000000000000     
   1.80486107       47387127.883475624        0.0000000000000000     
   1.80555558       47543245.737608761        0.0000000000000000     
   1.80624998       47712177.013083033        0.0000000000000000     
   1.80694449       47724877.222945847        0.0000000000000000     
   1.80763888       48139929.082748294        0.0000000000000000     
   1.80833328       47352157.635789916        0.0000000000000000     
   1.80902779       47396831.051649541        0.0000000000000000     
   1.80972219       47387763.965774037        0.0000000000000000     
   1.81041670       47426167.790081196        0.0000000000000000     
   1.81111109       47216835.212517329        0.0000000000000000     
   1.81180561       47233340.637611188        0.0000000000000000     
   1.81250000       47258654.851057813        0.0000000000000000     
   1.81319439       47277256.433959804        0.0000000000000000     
   1.81388891       47296957.973251320        0.0000000000000000     
   1.81458330       47317709.309122115        0.0000000000000000     
   1.81527781       47338415.317696869        0.0000000000000000     
   1.81597221       47358048.849187359        0.0000000000000000     
   1.81666672       47378706.525448188        0.0000000000000000     
   1.81736112       47399122.503751293        0.0000000000000000     
   1.81805551       47419313.368851222        0.0000000000000000     
   1.81875002       47439748.624305949        0.0000000000000000     
   1.81944442       47460176.225811772        0.0000000000000000     
   1.82013893       47480526.549538434        0.0000000000000000     
   1.82083333       47500954.470448680        0.0000000000000000     
   1.82152772       47521397.635457009        0.0000000000000000     
   1.82222223       47993773.429077484        0.0000000000000000     
   1.82291663       47467926.548157498        0.0000000000000000     
   1.82361114       47485979.331525445        0.0000000000000000     
   1.82430553       47510888.361828357        0.0000000000000000     
   1.82500005       47526177.308323912        0.0000000000000000     
   1.82569444       47550474.467391670        0.0000000000000000     
   1.82638884       47569151.566629328        0.0000000000000000     
   1.82708335       47590300.988974549        0.0000000000000000     
   1.82777774       47610684.947075583        0.0000000000000000     
   1.82847226       47631341.663618699        0.0000000000000000     
   1.82916665       47651850.056146733        0.0000000000000000     
   1.82986116       47672488.647078574        0.0000000000000000     
   1.83055556       47774913.204517446        0.0000000000000000     
   1.83124995       47667842.229512982        0.0000000000000000     
   1.83194447       48204980.878517590        0.0000000000000000     
   1.83263886       48228763.750722125        0.0000000000000000     
   1.83333337       48248717.893772840        0.0000000000000000     
   1.83402777       48269323.345399298        0.0000000000000000     
   1.83472228       48290549.143824823        0.0000000000000000     
   1.83541667       48311244.247283347        0.0000000000000000     
   1.83611107       48332035.475695297        0.0000000000000000     
   1.83680558       48352969.429232515        0.0000000000000000     
   1.83749998       48513855.535710655        0.0000000000000000     
   1.83819449       48413325.496662036        0.0000000000000000     
   1.83888888       47975459.071584947        0.0000000000000000     
   1.83958328       48593885.814221159        0.0000000000000000     
   1.84027779       48271693.491656169        0.0000000000000000     
   1.84097219       48326618.218010284        0.0000000000000000     
   1.84166670       48301997.969350219        0.0000000000000000     
   1.84236109       48349882.181290522        0.0000000000000000     
   1.84305561       48310886.889333285        0.0000000000000000     
   1.84375000       48326452.199650966        0.0000000000000000     
   1.84444439       48349996.803812340        0.0000000000000000     
   1.84513891       48838920.568655275        0.0000000000000000     
   1.84583330       48381933.941366509        0.0000000000000000     
   1.84652781       48872270.400154777        0.0000000000000000     
   1.84722221       48892493.303420521        0.0000000000000000     
   1.84791672       48968853.613132954        0.0000000000000000     
   1.84861112       48960257.917561434        0.0000000000000000     
   1.84930551       49003428.231442444        0.0000000000000000     
   1.85000002       48787472.624821968        0.0000000000000000     
   1.85069442       48806465.259177484        0.0000000000000000     
   1.85138893       48831576.430313580        0.0000000000000000     
   1.85208333       48850691.254541814        0.0000000000000000     
   1.85277772       48870673.727843024        0.0000000000000000     
   1.85347223       48891975.148731656        0.0000000000000000     
   1.85416663       48913013.777763955        0.0000000000000000     
   1.85486114       48933062.644370884        0.0000000000000000     
   1.85555553       48954133.628334872        0.0000000000000000     
   1.85625005       48974961.930986129        0.0000000000000000     
   1.85694444       48995544.116529882        0.0000000000000000     
   1.85763884       49016397.355992474        0.0000000000000000     
   1.85833335       49537391.985800453        0.0000000000000000     
   1.85902774       49555390.376611426        0.0000000000000000     
   1.85972226       49574846.978513405        0.0000000000000000     
   1.86041665       49596968.324060515        0.0000000000000000     
   1.86111116       49618542.596085161        0.0000000000000000     
   1.86180556       49639176.618967466        0.0000000000000000     
   1.86249995       49659818.888439626        0.0000000000000000     
   1.86319447       49680767.683203690        0.0000000000000000     
   1.86388886       49783564.825492851        0.0000000000000000     
   1.86458337       49676401.038530409        0.0000000000000000     
   1.86527777       50373173.150370076        0.0000000000000000     
   1.86597228       49091774.780677214        0.0000000000000000     
   1.86666667       49579502.454020031        0.0000000000000000     
   1.86736107       49133796.564055160        0.0000000000000000     
   1.86805558       49620688.476938687        0.0000000000000000     
   1.86874998       49171449.224536449        0.0000000000000000     
   1.86944449       49191672.819959804        0.0000000000000000     
   1.87013888       49683118.745494768        0.0000000000000000     
   1.87083328       49841330.510801211        0.0000000000000000     
   1.87152779       49739594.415093884        0.0000000000000000     
   1.87222219       49300728.887978368        0.0000000000000000     
   1.87291670       49454894.859095253        0.0000000000000000     
   1.87361109       49625529.722349837        0.0000000000000000     
   1.87430561       49638591.510750942        0.0000000000000000     
   1.87500000       49660099.183142483        0.0000000000000000     
   1.87569439       49681240.400871344        0.0000000000000000     
   1.87638891       50475267.850010723        0.0000000000000000     
   1.87708330       50495468.736070812        0.0000000000000000     
   1.87777781       50515083.875941493        0.0000000000000000     
   1.87847221       50577280.613863006        0.0000000000000000     
   1.87916672       50551789.302016117        0.0000000000000000     
   1.87986112       50601957.740632586        0.0000000000000000     
   1.88055551       50562770.814212069        0.0000000000000000     
   1.88125002       50579857.702115275        0.0000000000000000     
   1.88194442       50603543.538987167        0.0000000000000000     
   1.88263893       50624112.797933742        0.0000000000000000     
   1.88333333       50644763.376936935        0.0000000000000000     
   1.88402772       50666024.320176013        0.0000000000000000     
   1.88472223       50743181.126185663        0.0000000000000000     
   1.88541663       50736362.498755299        0.0000000000000000     
   1.88611114       50781263.394474700        0.0000000000000000     
   1.88680553       50566981.783656977        0.0000000000000000     
   1.88750005       50586981.561584428        0.0000000000000000     
   1.88819444       50612748.298662327        0.0000000000000000     
   1.88888884       51343679.892081924        0.0000000000000000     
   1.88958335       51484274.532576479        0.0000000000000000     
   1.89027774       50561368.096206397        0.0000000000000000     
   1.89097226       50582244.510918111        0.0000000000000000     
   1.89166665       50605418.458079085        0.0000000000000000     
   1.89236116       50625687.832603030        0.0000000000000000     
   1.89305556       50648198.310604624        0.0000000000000000     
   1.89374995       50669171.390947506        0.0000000000000000     
   1.89444447       50690958.010566376        0.0000000000000000     
   1.89513886       50712539.417114489        0.0000000000000000     
   1.89583337       50734171.167003922        0.0000000000000000     
   1.89652777       50838187.585818224        0.0000000000000000     
   1.89722228       50731816.594546139        0.0000000000000000     
   1.89791667       50751950.091197819        0.0000000000000000     
   1.89861107       50776599.509430297        0.0000000000000000     
   1.89930558       50797421.667231284        0.0000000000000000     
   1.89999998       50818911.100119308        0.0000000000000000     
   1.90069449       50840961.621064469        0.0000000000000000     
   1.90138888       50862574.660874739        0.0000000000000000     
   1.90208328       50884269.977905810        0.0000000000000000     
   1.90277779       51046441.029732384        0.0000000000000000     
   1.90347219       50947055.753074765        0.0000000000000000     
   1.90416670       50508615.193097211        0.0000000000000000     
   1.90486109       51366709.305461176        0.0000000000000000     
   1.90555561       50922162.424572974        0.0000000000000000     
   1.90625000       50400354.378142655        0.0000000000000000     
   1.90694439       50703623.806492642        0.0000000000000000     
   1.90763891       50218810.844043665        0.0000000000000000     
   1.90833330       50238645.382870853        0.0000000000000000     
   1.90902781       50263966.532778263        0.0000000000000000     
   1.90972221       50283676.539776646        0.0000000000000000     
   1.91041672       50308065.786150463        0.0000000000000000     
   1.91111112       50329519.955562554        0.0000000000000000     
   1.91180551       50352392.174503431        0.0000000000000000     
   1.91250002       50374754.058264196        0.0000000000000000     
   1.91319442       50397337.710831948        0.0000000000000000     
   1.91388893       50461906.378466576        0.0000000000000000     
   1.91458333       50906906.681986965        0.0000000000000000     
   1.91527772       50476758.907631196        0.0000000000000000     
   1.91597223       50906784.502092935        0.0000000000000000     
   1.91666663       50924076.024231344        0.0000000000000000     
   1.91736114       50947876.189216875        0.0000000000000000     
   1.91805553       50970031.610329784        0.0000000000000000     
   1.91875005       50991180.592216797        0.0000000000000000     
   1.91944444       51013976.672477640        0.0000000000000000     
   1.92013884       51091368.807550520        0.0000000000000000     
   1.92083335       51085293.731677338        0.0000000000000000     
   1.92152774       51130620.620791398        0.0000000000000000     
   1.92222226       50917360.705494784        0.0000000000000000     
   1.92291665       50938045.798588179        0.0000000000000000     
   1.92361116       50964631.330079682        0.0000000000000000     
   1.92430556       50985245.094729990        0.0000000000000000     
   1.92499995       51006764.333870031        0.0000000000000000     
   1.92569447       51029584.293189369        0.0000000000000000     
   1.92638886       51052125.859265290        0.0000000000000000     
   1.92708337       51073698.996569455        0.0000000000000000     
   1.92777777       51178665.087673739        0.0000000000000000     
   1.92847228       51073155.675148718        0.0000000000000000     
   1.92916667       51093755.662554473        0.0000000000000000     
   1.92986107       51119087.335550807        0.0000000000000000     
   1.93055558       51140573.778102882        0.0000000000000000     
   1.93124998       51162651.037273936        0.0000000000000000     
   1.93194449       51185343.752164565        0.0000000000000000     
   1.93263888       51207587.471148022        0.0000000000000000     
   1.93333328       51229886.038260773        0.0000000000000000     
   1.93402779       52056994.475250408        0.0000000000000000     
   1.93472219       50689723.450661406        0.0000000000000000     
   1.93541670       50724069.772010922        0.0000000000000000     
   1.93611109       50882346.190504171        0.0000000000000000     
   1.93680561       51049569.755552128        0.0000000000000000     
   1.93750000       51066443.882334970        0.0000000000000000     
   1.93819439       51089617.044749819        0.0000000000000000     
   1.93888891       51703468.863534957        0.0000000000000000     
   1.93958330       51726121.970479555        0.0000000000000000     
   1.94027781       51749036.737065032        0.0000000000000000     
   1.94097221       51771664.461370401        0.0000000000000000     
   1.94166672       51794181.073706187        0.0000000000000000     
   1.94236112       51816932.081290036        0.0000000000000000     
   1.94305551       51839747.833820827        0.0000000000000000     
   1.94375002       51862397.805789918        0.0000000000000000     
   1.94444442       51885199.925911896        0.0000000000000000     
   1.94513893       51907923.023533337        0.0000000000000000     
   1.94583333       51930672.355473436        0.0000000000000000     
   1.94652772       51953432.413506441        0.0000000000000000     
   1.94722223       51976220.660264425        0.0000000000000000     
   1.94791663       51999030.316205479        0.0000000000000000     
   1.94861114       52064193.568910509        0.0000000000000000     
   1.94930553       52041361.899627797        0.0000000000000000     
   1.95000005       52091927.781166263        0.0000000000000000     
   1.95069444       52053711.247797959        0.0000000000000000     
   1.95138884       52789607.972177707        0.0000000000000000     
   1.95208335       52953360.302265517        0.0000000000000000     
   1.95277774       52298083.260153301        0.0000000000000000     
   1.95347226       52072016.594044499        0.0000000000000000     
   1.95416665       52073371.893195584        0.0000000000000000     
   1.95486116       52161744.929464594        0.0000000000000000     
   1.95555556       52161496.883496612        0.0000000000000000     
   1.95624995       52202340.935656913        0.0000000000000000     
   1.95694447       51988180.014964886        0.0000000000000000     
   1.95763886       52011552.722943000        0.0000000000000000     
   1.95833337       53144574.876505040        0.0000000000000000     
   1.95902777       52606926.282064416        0.0000000000000000     
   1.95972228       52349858.961213082        0.0000000000000000     
   1.96041667       53078395.765232064        0.0000000000000000     
   1.96111107       53097871.074956968        0.0000000000000000     
   1.96180558       53669202.928483754        0.0000000000000000     
   1.96249998       53852995.026668541        0.0000000000000000     
   1.96319449       50793690.717894845        0.0000000000000000     
   1.96388888       51145668.450727284        0.0000000000000000     
   1.96458328       50439837.669134364        0.0000000000000000     
   1.96527779       48353629.671658695        0.0000000000000000     
   1.96597219       48522388.390170552        0.0000000000000000     
   1.96666670       48153942.609125838        0.0000000000000000     
   1.96736109       47327169.770340875        0.0000000000000000     
   1.96805561       47872380.257989138        0.0000000000000000     
   1.96875000       47022365.994747959        0.0000000000000000     
   1.96944439       47017756.792746529        0.0000000000000000     
   1.97013891       47022386.478102602        0.0000000000000000     
   1.97083330       47028501.917247415        0.0000000000000000     
   1.97152781       47038587.148496807        0.0000000000000000     
   1.97222221       47726446.082162790        0.0000000000000000     
   1.97291672       46967876.186326250        0.0000000000000000     
   1.97361112       46985475.928945132        0.0000000000000000     
   1.97430551       47004559.950627469        0.0000000000000000     
   1.97500002       47016366.532064877        0.0000000000000000     
   1.97569442       47033488.723189026        0.0000000000000000     
   1.97638893       47050497.789370552        0.0000000000000000     
   1.97708333       47067084.194806382        0.0000000000000000     
   1.97777772       47084488.168852836        0.0000000000000000     
   1.97847223       47103008.856070332        0.0000000000000000     
   1.97916663       47121922.370754421        0.0000000000000000     
   1.97986114       47141536.578792006        0.0000000000000000     
   1.98055553       47161678.117420167        0.0000000000000000     
   1.98125005       47182174.235451698        0.0000000000000000     
   1.98194444       47244894.872640945        0.0000000000000000     
   1.98263884       47221599.612918667        0.0000000000000000     
   1.98333335       48115870.281090200        0.0000000000000000     
   1.98402774       47547151.608295791        0.0000000000000000     
   1.98472226       47820550.784887299        0.0000000000000000     
   1.98541665       46560194.211807735        0.0000000000000000     
   1.98611116       46587067.610287718        0.0000000000000000     
   1.98680556       46609440.301784918        0.0000000000000000     
   1.98749995       46627894.365071878        0.0000000000000000     
   1.98819447       46793022.116703413        0.0000000000000000     
   1.98888886       46659740.614420369        0.0000000000000000     
   1.98958337       46704398.164911479        0.0000000000000000     
   1.99027777       46493912.892858885        0.0000000000000000     
   1.99097228       46514973.607583292        0.0000000000000000     
   1.99166667       46542470.055189416        0.0000000000000000     
   1.99236107       47020847.805076525        0.0000000000000000     
   1.99305558       46520857.348957449        0.0000000000000000     
   1.99374998       46543196.136494473        0.0000000000000000     
   1.99444449       46712053.189160362        0.0000000000000000     
   1.99513888       46609126.084825031        0.0000000000000000     
   1.99583328       46171110.842574425        0.0000000000000000     
   1.99652779       46328308.413081221        0.0000000000000000     
   1.99722219       46502692.567973502        0.0000000000000000     
   1.99791670       46518086.674960777        0.0000000000000000     
   1.99861109       46542400.144223452        0.0000000000000000     
   1.99930561       46566309.042526335        0.0000000000000000     
   2.00000000       46590010.551202409        0.0000000000000000     
   2.00069451       46614007.438921042        0.0000000000000000     
   2.00138879       46638046.825622007        0.0000000000000000     
   2.00208330       46661861.043912254        0.0000000000000000     
   2.00277781       46685877.877724878        0.0000000000000000     
   2.00347233       47175799.208363652        0.0000000000000000     
   2.00416660       46712607.189815536        0.0000000000000000     
   2.00486112       46736050.611901872        0.0000000000000000     
   2.00555563       46761075.312796138        0.0000000000000000     
   2.00624990       46783868.000410356        0.0000000000000000     
   2.00694442       47277576.781362541        0.0000000000000000     
   2.00763893       47294528.544791847        0.0000000000000000     
   2.00833344       47317547.543891013        0.0000000000000000     
   2.00902772       47343458.557613492        0.0000000000000000     
   2.00972223       47365310.472311199        0.0000000000000000     
   2.01041675       47389067.591927543        0.0000000000000000     
   2.01111102       47412268.693482295        0.0000000000000000     
   2.01180553       47435800.618818954        0.0000000000000000     
   2.01250005       47459074.783819109        0.0000000000000000     
   2.01319456       47482383.569441065        0.0000000000000000     
   2.01388884       47505780.249736875        0.0000000000000000     
   2.01458335       47571012.749973930        0.0000000000000000     
   2.01527786       47550447.823156029        0.0000000000000000     
   2.01597214       47600694.004386000        0.0000000000000000     
   2.01666665       47563461.200438052        0.0000000000000000     
   2.01736116       47663880.681339994        0.0000000000000000     
   2.01805544       47562462.978688240        0.0000000000000000     
   2.01874995       47583867.332446776        0.0000000000000000     
   2.01944447       47609870.270777509        0.0000000000000000     
   2.02013898       47632488.995976739        0.0000000000000000     
   2.02083325       47711782.135719933        0.0000000000000000     
   2.02152777       47707802.182306156        0.0000000000000000     
   2.02222228       47754252.157954678        0.0000000000000000     
   2.02291656       47540232.427028716        0.0000000000000000     
   2.02361107       47703173.011905752        0.0000000000000000     
   2.02430558       48030997.947926916        0.0000000000000000     
   2.02500010       46512836.349569045        0.0000000000000000     
   2.02569437       46671191.286807895        0.0000000000000000     
   2.02638888       46849266.943745144        0.0000000000000000     
   2.02708340       46862088.193489484        0.0000000000000000     
   2.02777767       46887777.082746685        0.0000000000000000     
   2.02847219       46910903.719021462        0.0000000000000000     
   2.02916670       47399977.313232586        0.0000000000000000     
   2.02986121       46933687.034073256        0.0000000000000000     
   2.03055549       46957064.160910219        0.0000000000000000     
   2.03125000       46982074.753875315        0.0000000000000000     
   2.03194451       47004563.132205106        0.0000000000000000     
   2.03263879       47029381.370421000        0.0000000000000000     
   2.03333330       47521259.228929371        0.0000000000000000     
   2.03402781       47068971.050730869        0.0000000000000000     
   2.03472233       47562777.813380376        0.0000000000000000     
   2.03541660       47584574.222496524        0.0000000000000000     
   2.03611112       47607391.224307679        0.0000000000000000     
   2.03680563       47631564.533873133        0.0000000000000000     
   2.03749990       47654013.977447316        0.0000000000000000     
   2.03819442       47677656.142388202        0.0000000000000000     
   2.03888893       47700684.162886970        0.0000000000000000     
   2.03958344       47723946.263492316        0.0000000000000000     
   2.04027772       47747156.582972333        0.0000000000000000     
   2.04097223       47770337.252918176        0.0000000000000000     
   2.04166675       47793542.149905026        0.0000000000000000     
   2.04236102       47816736.061681271        0.0000000000000000     
   2.04305553       47839917.474456623        0.0000000000000000     
   2.04375005       47863103.888486259        0.0000000000000000     
   2.04444456       47886281.791915327        0.0000000000000000     
   2.04513884       47909456.006821342        0.0000000000000000     
   2.04583335       47932626.391395345        0.0000000000000000     
   2.04652786       48037331.114823684        0.0000000000000000     
   2.04722214       47934049.958760820        0.0000000000000000     
   2.04791665       47998281.778641082        0.0000000000000000     
   2.04861116       47979496.762353502        0.0000000000000000     
   2.04930544       48029156.100714415        0.0000000000000000     
   2.04999995       47990588.808647603        0.0000000000000000     
   2.05069447       48694141.971552216        0.0000000000000000     
   2.05138898       47419460.188383475        0.0000000000000000     
   2.05208325       47912800.449472681        0.0000000000000000     
   2.05277777       47605168.013295934        0.0000000000000000     
   2.05347228       48032657.325442731        0.0000000000000000     
   2.05416656       47563267.077317446        0.0000000000000000     
   2.05486107       47743020.764557540        0.0000000000000000     
   2.05555558       47681702.780551687        0.0000000000000000     
   2.05625010       47693359.604741372        0.0000000000000000     
   2.05694437       47721988.397786938        0.0000000000000000     
   2.05763888       47743317.794910342        0.0000000000000000     
   2.05833340       47765595.333563417        0.0000000000000000     
   2.05902767       47789382.980051339        0.0000000000000000     
   2.05972219       47812828.331587829        0.0000000000000000     
   2.06041670       47835170.446459189        0.0000000000000000     
   2.06111121       47858662.723121338        0.0000000000000000     
   2.06180549       47881791.748775855        0.0000000000000000     
   2.06250000       47904681.100864947        0.0000000000000000     
   2.06319451       47927853.081454672        0.0000000000000000     
   2.06388879       47950946.554210499        0.0000000000000000     
   2.06458330       47973964.423838258        0.0000000000000000     
   2.06527781       47997046.563289873        0.0000000000000000     
   2.06597233       48020117.022373147        0.0000000000000000     
   2.06666660       48043157.232817896        0.0000000000000000     
   2.06736112       48066212.073969923        0.0000000000000000     
   2.06805563       48089262.320122547        0.0000000000000000     
   2.06874990       48112300.355994977        0.0000000000000000     
   2.06944442       48135339.077120207        0.0000000000000000     
   2.07013893       48866494.511048615        0.0000000000000000     
   2.07083344       48172626.726223961        0.0000000000000000     
   2.07152772       49032107.710868135        0.0000000000000000     
   2.07222223       47636069.295211107        0.0000000000000000     
   2.07291675       48138604.582905650        0.0000000000000000     
   2.07361102       48152568.252369851        0.0000000000000000     
   2.07430553       48174310.345860846        0.0000000000000000     
   2.07500005       48201174.023569584        0.0000000000000000     
   2.07569456       48222288.602844536        0.0000000000000000     
   2.07638884       48327913.889126159        0.0000000000000000     
   2.07708335       48223292.480126098        0.0000000000000000     
   2.07777786       48245070.976704709        0.0000000000000000     
   2.07847214       48270862.217512086        0.0000000000000000     
   2.07916665       48292915.514052451        0.0000000000000000     
   2.07986116       48315794.515096948        0.0000000000000000     
   2.08055544       48381328.727237396        0.0000000000000000     
   2.08124995       48359655.468303159        0.0000000000000000     
   2.08194447       48409753.357927084        0.0000000000000000     
   2.08263898       48513231.779298618        0.0000000000000000     
   2.08333325       48409254.411088809        0.0000000000000000     
   2.08402777       47970294.442947276        0.0000000000000000     
   2.08472228       48127379.751062199        0.0000000000000000     
   2.08541656       48300226.450743109        0.0000000000000000     
   2.08611107       49072475.013269737        0.0000000000000000     
   2.08680558       48453329.915320680        0.0000000000000000     
   2.08750010       47958539.600042850        0.0000000000000000     
   2.08819437       48029072.605991997        0.0000000000000000     
   2.08888888       47543894.328467384        0.0000000000000000     
   2.08958340       47569424.804311089        0.0000000000000000     
   2.09027767       47594163.691568159        0.0000000000000000     
   2.09097219       47614145.211679436        0.0000000000000000     
   2.09166670       47640325.792889558        0.0000000000000000     
   2.09236121       47663002.006337978        0.0000000000000000     
   2.09305549       47686230.975615770        0.0000000000000000     
   2.09375000       47709917.474952064        0.0000000000000000     
   2.09444451       47733507.133199811        0.0000000000000000     
   2.09513879       48223137.665665723        0.0000000000000000     
   2.09583330       48286950.547459282        0.0000000000000000     
   2.09652781       48310329.935855351        0.0000000000000000     
   2.09722233       48802714.411136441        0.0000000000000000     
   2.09791660       48822934.413553528        0.0000000000000000     
   2.09861112       48845359.892707482        0.0000000000000000     
   2.09930563       48869324.388601691        0.0000000000000000     
   2.09999990       48892147.512684956        0.0000000000000000     
   2.10069442       48915053.100873381        0.0000000000000000     
   2.10138893       48937951.511828408        0.0000000000000000     
   2.10208344       48961091.113718592        0.0000000000000000     
   2.10277772       48984047.267386548        0.0000000000000000     
   2.10347223       49007008.236505672        0.0000000000000000     
   2.10416675       49030031.892159797        0.0000000000000000     
   2.10486102       49053026.504806429        0.0000000000000000     
   2.10555553       49075998.000247441        0.0000000000000000     
   2.10625005       49181252.973015256        0.0000000000000000     
   2.10694456       49076765.263360389        0.0000000000000000     
   2.10763884       49098234.956853762        0.0000000000000000     
   2.10833335       49124139.143903896        0.0000000000000000     
   2.10902786       49146245.060754038        0.0000000000000000     
   2.10972214       49169005.316279553        0.0000000000000000     
   2.11041665       49192294.093754902        0.0000000000000000     
   2.11111116       49215124.207756884        0.0000000000000000     
   2.11180544       49238018.209844954        0.0000000000000000     
   2.11249995       49402238.736485846        0.0000000000000000     
   2.11319447       49303479.988080233        0.0000000000000000     
   2.11388898       48905553.537179902        0.0000000000000000     
   2.11458325       49680627.461891726        0.0000000000000000     
   2.11527777       48613080.880427822        0.0000000000000000     
   2.11597228       49039473.080598257        0.0000000000000000     
   2.11666656       49059473.945808530        0.0000000000000000     
   2.11736107       49079779.220275410        0.0000000000000000     
   2.11805558       49104624.839224368        0.0000000000000000     
   2.11875010       49127720.671186686        0.0000000000000000     
   2.11944437       49699095.264956638        0.0000000000000000     
   2.12013888       49942829.081327237        0.0000000000000000     
   2.12083340       49706591.573387705        0.0000000000000000     
   2.12152767       48995938.659194261        0.0000000000000000     
   2.12222219       49026731.567922868        0.0000000000000000     
   2.12291670       49057958.447942473        0.0000000000000000     
   2.12361121       49580730.760276310        0.0000000000000000     
   2.12430549       49600474.015177555        0.0000000000000000     
   2.12500000       49621863.644319989        0.0000000000000000     
   2.12569451       49644056.089451283        0.0000000000000000     
   2.12638879       49666068.020802252        0.0000000000000000     
   2.12708330       49689724.853311159        0.0000000000000000     
   2.12777781       49713455.350190766        0.0000000000000000     
   2.12847233       49737271.960011519        0.0000000000000000     
   2.12916660       49761127.990670323        0.0000000000000000     
   2.12986112       49784669.948764354        0.0000000000000000     
   2.13055563       49808034.913707338        0.0000000000000000     
   2.13124990       49831398.093707025        0.0000000000000000     
   2.13194442       50572646.892891303        0.0000000000000000     
   2.13263893       50734176.107255146        0.0000000000000000     
   2.13333344       50078146.043606140        0.0000000000000000     
   2.13402772       49852050.948687412        0.0000000000000000     
   2.13472223       49852823.759744652        0.0000000000000000     
   2.13541675       49884936.561969377        0.0000000000000000     
   2.13611102       49994781.759792924        0.0000000000000000     
   2.13680553       49885226.978359021        0.0000000000000000     
   2.13750005       50679672.372014850        0.0000000000000000     
   2.13819456       50707402.424626045        0.0000000000000000     
   2.13888884       50727637.241544761        0.0000000000000000     
   2.13958335       50748391.729258195        0.0000000000000000     
   2.14027786       50771709.316426724        0.0000000000000000     
   2.14097214       50795068.720086612        0.0000000000000000     
   2.14166665       50818344.403147273        0.0000000000000000     
   2.14236116       51191148.066345498        0.0000000000000000     
   2.14305544       51206474.046641856        0.0000000000000000     
   2.14374995       50385030.754700698        0.0000000000000000     
   2.14444447       50522182.292398110        0.0000000000000000     
   2.14513898       50703284.875453427        0.0000000000000000     
   2.14583325       50722057.994780026        0.0000000000000000     
   2.14652777       50740678.556680784        0.0000000000000000     
   2.14722228       50806237.813109420        0.0000000000000000     
   2.14791656       50785708.762860231        0.0000000000000000     
   2.14861107       50835472.680265643        0.0000000000000000     
   2.14930558       50796606.363344707        0.0000000000000000     
   2.15000010       50814651.456800438        0.0000000000000000     
   2.15069437       50839719.727492481        0.0000000000000000     
   2.15138888       50861947.320462391        0.0000000000000000     
   2.15208340       50884549.666070797        0.0000000000000000     
   2.15277767       51643510.053860500        0.0000000000000000     
   2.15347219       50874860.561524354        0.0000000000000000     
   2.15416670       50924436.720397606        0.0000000000000000     
   2.15486121       50716323.992761634        0.0000000000000000     
   2.15555549       50734277.503358625        0.0000000000000000     
   2.15625000       50762141.953334428        0.0000000000000000     
   2.15694451       50783903.236712374        0.0000000000000000     
   2.15763879       50805754.554749995        0.0000000000000000     
   2.15833330       50828998.105347216        0.0000000000000000     
   2.15902781       50852305.753118321        0.0000000000000000     
   2.15972233       50874331.925609685        0.0000000000000000     
   2.16041660       50897407.730409257        0.0000000000000000     
   2.16111112       50920235.833678141        0.0000000000000000     
   2.16180563       50942804.750061579        0.0000000000000000     
   2.16249990       50965632.651393779        0.0000000000000000     
   2.16319442       51833728.018432051        0.0000000000000000     
   2.16388893       51331548.977797128        0.0000000000000000     
   2.16458344       51622985.807822131        0.0000000000000000     
   2.16527772       50350120.683160074        0.0000000000000000     
   2.16597223       50459629.894736819        0.0000000000000000     
   2.16666675       50356467.282353498        0.0000000000000000     
   2.16736102       50373597.926474862        0.0000000000000000     
   2.16805553       50403595.324433543        0.0000000000000000     
   2.16875005       50424979.928783625        0.0000000000000000     
   2.16944456       50447759.773316354        0.0000000000000000     
   2.17013884       50471598.534933329        0.0000000000000000     
   2.17083335       50494823.894680768        0.0000000000000000     
   2.17152786       50517892.337544605        0.0000000000000000     
   2.17222214       50998711.707269877        0.0000000000000000     
   2.17291665       50638734.336996019        0.0000000000000000     
   2.17361116       50537640.727039896        0.0000000000000000     
   2.17430544       50100294.459748723        0.0000000000000000     
   2.17499995       50254150.304604761        0.0000000000000000     
   2.17569447       50429917.780278429        0.0000000000000000     
   2.17638898       50443668.668331072        0.0000000000000000     
   2.17708325       50467676.850453377        0.0000000000000000     
   2.17777777       50490860.219113894        0.0000000000000000     
   2.17847228       50513916.685478814        0.0000000000000000     
   2.17916656       50537130.639521517        0.0000000000000000     
   2.17986107       50560477.260597639        0.0000000000000000     
   2.18055558       50625596.951533251        0.0000000000000000     
   2.18125010       50604116.033056334        0.0000000000000000     
   2.18194437       50654512.881931059        0.0000000000000000     
   2.18263888       50617036.275698163        0.0000000000000000     
   2.18333340       51101446.342769273        0.0000000000000000     
   2.18402767       50641159.261057906        0.0000000000000000     
   2.18472219       50663435.450991049        0.0000000000000000     
   2.18541670       50687365.940927833        0.0000000000000000     
   2.18611121       50709615.839484110        0.0000000000000000     
   2.18680549       51258389.630981691        0.0000000000000000     
   2.18750000       51246679.570077963        0.0000000000000000     
   2.18819451       51292113.547419183        0.0000000000000000     
   2.18888879       51081002.147589542        0.0000000000000000     
   2.18958330       51100628.154503778        0.0000000000000000     
   2.19027781       51128008.526436560        0.0000000000000000     
   2.19097233       51148857.256531812        0.0000000000000000     
   2.19166660       51170940.805151425        0.0000000000000000     
   2.19236112       51194056.175634436        0.0000000000000000     
   2.19305563       51216894.770389035        0.0000000000000000     
   2.19374990       51238850.333244205        0.0000000000000000     
   2.19444442       51261752.356518611        0.0000000000000000     
   2.19513893       51284358.513530262        0.0000000000000000     
   2.19583344       51306748.631332658        0.0000000000000000     
   2.19652772       51329379.457011662        0.0000000000000000     
   2.19722223       51434408.208212972        0.0000000000000000     
   2.19791675       51921037.428096116        0.0000000000000000     
   2.19861102       51942642.433656074        0.0000000000000000     
   2.19930553       51968089.603143841        0.0000000000000000     
   2.20000005       51989871.789919421        0.0000000000000000     
   2.20069456       52012428.592291281        0.0000000000000000     
   2.20138884       52035352.701107524        0.0000000000000000     
   2.20208335       52057992.377479464        0.0000000000000000     
   2.20277786       52080581.559275605        0.0000000000000000     
   2.20347214       52244388.468215749        0.0000000000000000     
   2.20416665       52145478.430421539        0.0000000000000000     
   2.20486116       52126974.268448189        0.0000000000000000     
   2.20555544       51207246.547298230        0.0000000000000000     
   2.20624995       51380944.692682989        0.0000000000000000     
   2.20694447       51399469.338760793        0.0000000000000000     
   2.20763898       51420045.728863083        0.0000000000000000     
   2.20833325       51445488.265382752        0.0000000000000000     
   2.20902777       51467235.059970811        0.0000000000000000     
   2.20972228       51955177.831033818        0.0000000000000000     
   2.21041656       51489749.733176515        0.0000000000000000     
   2.21111107       51512167.934411101        0.0000000000000000     
   2.21180558       51536633.224342726        0.0000000000000000     
   2.21250010       51558476.113541037        0.0000000000000000     
   2.21319437       51582563.386487387        0.0000000000000000     
   2.21388888       52072794.235359371        0.0000000000000000     
   2.21458340       51663143.241832934        0.0000000000000000     
   2.21527767       52110766.627821930        0.0000000000000000     
   2.21597219       52159044.175958231        0.0000000000000000     
   2.21666670       52120877.036801167        0.0000000000000000     
   2.21736121       52942097.111404508        0.0000000000000000     
   2.21805549       52367573.840904988        0.0000000000000000     
   2.21875000       52429751.243749358        0.0000000000000000     
   2.21944451       53158755.574861333        0.0000000000000000     
   2.22013879       53155960.529600635        0.0000000000000000     
   2.22083330       53421029.922391817        0.0000000000000000     
   2.22152781       53797115.765143692        0.0000000000000000     
   2.22222233       52648642.688668370        0.0000000000000000     
   2.22291660       52016035.007021800        0.0000000000000000     
   2.22361112       51551904.220650367        0.0000000000000000     
   2.22430563       51492685.282173656        0.0000000000000000     
   2.22499990       48250167.208029099        0.0000000000000000     
   2.22569442       48959540.935400158        0.0000000000000000     
   2.22638893       48325807.369529404        0.0000000000000000     
   2.22708344       46924271.915278643        0.0000000000000000     
   2.22777772       47403451.817567855        0.0000000000000000     
   2.22847223       47633288.790972173        0.0000000000000000     
   2.22916675       47249108.545195229        0.0000000000000000     
   2.22986102       47642629.654225148        0.0000000000000000     
   2.23055553       47658722.410405539        0.0000000000000000     
   2.23125005       47670823.144935012        0.0000000000000000     
   2.23194456       47684586.061590932        0.0000000000000000     
   2.23263884       48384403.631288953        0.0000000000000000     
   2.23333335       47098419.503913134        0.0000000000000000     
   2.23402786       47724948.526815578        0.0000000000000000     
   2.23472214       47149499.008824781        0.0000000000000000     
   2.23541665       47173233.363872595        0.0000000000000000     
   2.23611116       47320655.375566967        0.0000000000000000     
   2.23680544       47487002.494876608        0.0000000000000000     
   2.23749995       47499133.602909520        0.0000000000000000     
   2.23819447       47516523.744980335        0.0000000000000000     
   2.23888898       47536675.032306477        0.0000000000000000     
   2.23958325       47555720.310208887        0.0000000000000000     
   2.24027777       47575756.015974261        0.0000000000000000     
   2.24097228       47595962.185202815        0.0000000000000000     
   2.24166656       47616094.162028320        0.0000000000000000     
   2.24236107       47636635.495994352        0.0000000000000000     
   2.24305558       47657254.824587695        0.0000000000000000     
   2.24375010       47677960.273900010        0.0000000000000000     
   2.24444437       47698858.094271652        0.0000000000000000     
   2.24513888       47719856.038052753        0.0000000000000000     
   2.24583340       47740984.551196508        0.0000000000000000     
   2.24652767       47762239.694938153        0.0000000000000000     
   2.24722219       47783593.229711376        0.0000000000000000     
   2.24791670       47805030.474687487        0.0000000000000000     
   2.24861121       47826532.974062636        0.0000000000000000     
   2.24930549       47890341.040295035        0.0000000000000000     
   2.25000000       47866592.459958725        0.0000000000000000     
   2.25069451       47915696.296515003        0.0000000000000000     
   2.25138879       47876463.966765337        0.0000000000000000     
   2.25208330       47893279.722501516        0.0000000000000000     
   2.25277781       47917214.645968981        0.0000000000000000     
   2.25347233       48647414.369008012        0.0000000000000000     
   2.25416660       47950809.630514272        0.0000000000000000     
   2.25486112       48810228.803693876        0.0000000000000000     
   2.25555563       47467339.840999417        0.0000000000000000     
   2.25624990       47940658.853311092        0.0000000000000000     
   2.25694442       47976692.695026346        0.0000000000000000     
   2.25763893       47760971.148014329        0.0000000000000000     
   2.25833344       47866839.600058012        0.0000000000000000     
   2.25902772       47764347.282104999        0.0000000000000000     
   2.25972223       47783412.224009849        0.0000000000000000     
   2.26041675       47807423.170481220        0.0000000000000000     
   2.26111102       47829338.987833284        0.0000000000000000     
   2.26180553       47851205.961057298        0.0000000000000000     
   2.26250005       47872685.272416919        0.0000000000000000     
   2.26319456       47894883.573895015        0.0000000000000000     
   2.26388884       47916769.694775492        0.0000000000000000     
   2.26458335       47938531.745121606        0.0000000000000000     
   2.26527786       48101787.033338629        0.0000000000000000     
   2.26597214       48001212.108793870        0.0000000000000000     
   2.26666665       47559896.620238826        0.0000000000000000     
   2.26736116       47715986.004258156        0.0000000000000000     
   2.26805544       47887589.591931351        0.0000000000000000     
   2.26874995       47901398.421672150        0.0000000000000000     
   2.26944447       47923596.955061011        0.0000000000000000     
   2.27013898       48648047.252789982        0.0000000000000000     
   2.27083325       48053656.754601710        0.0000000000000000     
   2.27152777       47534100.734373115        0.0000000000000000     
   2.27222228       47838837.814214751        0.0000000000000000     
   2.27291656       47353858.326981694        0.0000000000000000     
   2.27361107       47373916.354069106        0.0000000000000000     
   2.27430558       47399235.287505545        0.0000000000000000     
   2.27500010       47418720.565107159        0.0000000000000000     
   2.27569437       47443223.378998168        0.0000000000000000     
   2.27638888       47464524.768587612        0.0000000000000000     
   2.27708340       47487306.487634577        0.0000000000000000     
   2.27777767       47509577.736363806        0.0000000000000000     
   2.27847219       47532013.478346534        0.0000000000000000     
   2.27916670       47554333.180817060        0.0000000000000000     
   2.27986121       48043955.057441503        0.0000000000000000     
   2.28055549       47586649.780905589        0.0000000000000000     
   2.28125000       47608753.259513803        0.0000000000000000     
   2.28194451       48100311.650735669        0.0000000000000000     
   2.28263879       48119832.458275907        0.0000000000000000     
   2.28333330       48140999.568178006        0.0000000000000000     
   2.28402781       48205591.750979103        0.0000000000000000     
   2.28472233       48182378.342450529        0.0000000000000000     
   2.28541660       48231408.106555961        0.0000000000000000     
   2.28611112       48192538.623580694        0.0000000000000000     
   2.28680563       48209599.837317392        0.0000000000000000     
   2.28749990       48233543.263628550        0.0000000000000000     
   2.28819442       48254869.006229825        0.0000000000000000     
   2.28888893       48276414.975627728        0.0000000000000000     
   2.28958344       48379770.381320879        0.0000000000000000     
   2.29027772       48330307.159931503        0.0000000000000000     
   2.29097223       48322453.448587164        0.0000000000000000     
   2.29166675       48370300.253266439        0.0000000000000000     
   2.29236102       48155746.072893254        0.0000000000000000     
   2.29305553       48175828.354317881        0.0000000000000000     
   2.29375005       48202325.545313060        0.0000000000000000     
   2.29444456       48222381.532913655        0.0000000000000000     
   2.29513884       48243382.096422270        0.0000000000000000     
   2.29583335       48265811.671105519        0.0000000000000000     
   2.29652786       48428615.286512777        0.0000000000000000     
   2.29722214       48327873.705749415        0.0000000000000000     
   2.29791665       47888032.375777483        0.0000000000000000     
   2.29861116       48043833.170126311        0.0000000000000000     
   2.29930544       48214853.575069062        0.0000000000000000     
   2.29999995       48891975.386510655        0.0000000000000000     
   2.30069447       47645402.836809471        0.0000000000000000     
   2.30138898       48140424.064913087        0.0000000000000000     
   2.30208325       48163698.081518769        0.0000000000000000     
   2.30277777       48180509.303755574        0.0000000000000000     
   2.30347228       48204864.252733886        0.0000000000000000     
   2.30416656       48226852.705228783        0.0000000000000000     
   2.30486107       48247944.217610225        0.0000000000000000     
   2.30555558       48269431.927395232        0.0000000000000000     
   2.30625010       48291522.280064665        0.0000000000000000     
   2.30694437       48313110.859120838        0.0000000000000000     
   2.30763888       48334643.584833682        0.0000000000000000     
   2.30833340       48356415.028003819        0.0000000000000000     
   2.30902767       48378071.334995642        0.0000000000000000     
   2.30972219       48399707.506170310        0.0000000000000000     
   2.31041670       48421366.421529800        0.0000000000000000     
   2.31111121       48443022.152643077        0.0000000000000000     
   2.31180549       48464666.013580233        0.0000000000000000     
   2.31250000       48486304.686831310        0.0000000000000000     
   2.31319451       48507943.110785149        0.0000000000000000     
   2.31388879       48529576.926366299        0.0000000000000000     
   2.31458330       48551204.152324826        0.0000000000000000     
   2.31527781       48572828.709549002        0.0000000000000000     
   2.31597233       48594449.019399256        0.0000000000000000     
   2.31666660       48616064.627567843        0.0000000000000000     
   2.31736112       48637676.120139889        0.0000000000000000     
   2.31805563       48659283.503364734        0.0000000000000000     
   2.31874990       49400300.691117339        0.0000000000000000     
   2.31944442       49602835.888778590        0.0000000000000000     
   2.32013893       48898037.725655355        0.0000000000000000     
   2.32083344       48698376.531515442        0.0000000000000000     
   2.32152772       48719083.204489693        0.0000000000000000     
   2.32222223       48617351.465066105        0.0000000000000000     
   2.32291675       48644699.930040725        0.0000000000000000     
   2.32361102       48663365.520031646        0.0000000000000000     
   2.32430553       48683831.276964605        0.0000000000000000     
   2.32500005       48707278.329999208        0.0000000000000000     
   2.32569456       48784501.102548376        0.0000000000000000     
   2.32638884       48777013.773935027        0.0000000000000000     
   2.32708335       48822101.564117052        0.0000000000000000     
   2.32777786       48747612.513348185        0.0000000000000000     
   2.32847214       48855778.291442201        0.0000000000000000     
   2.32916665       48535655.580243707        0.0000000000000000     
   2.32986116       48307248.927703887        0.0000000000000000     
   2.33055544       48457769.009026483        0.0000000000000000     
   2.33124995       48480619.869624540        0.0000000000000000     
   2.33194447       48507066.305211343        0.0000000000000000     
   2.33263898       48523244.006596372        0.0000000000000000     
   2.33333325       48544778.384294659        0.0000000000000000     
   2.33402777       48568244.696403772        0.0000000000000000     
   2.33472228       48589115.779833302        0.0000000000000000     
   2.33541656       48610095.102322802        0.0000000000000000     
   2.33611107       48632051.924770005        0.0000000000000000     
   2.33680558       48653571.383079171        0.0000000000000000     
   2.33750010       48674916.560449757        0.0000000000000000     
   2.33819437       48696462.713534132        0.0000000000000000     
   2.33888888       48717981.042740591        0.0000000000000000     
   2.33958340       49418475.593628414        0.0000000000000000     
   2.34027767       48676331.826590993        0.0000000000000000     
   2.34097219       48701488.614019647        0.0000000000000000     
   2.34166670       48727003.132853203        0.0000000000000000     
   2.34236121       48745024.089452930        0.0000000000000000     
   2.34305549       48767250.306000903        0.0000000000000000     
   2.34375000       48789223.177936248        0.0000000000000000     
   2.34444451       49328533.354041263        0.0000000000000000     
   2.34513879       49349961.218930632        0.0000000000000000     
   2.34583330       49371802.548616014        0.0000000000000000     
   2.34652781       49393303.700329401        0.0000000000000000     
   2.34722233       49414936.378435887        0.0000000000000000     
   2.34791660       49436501.923888355        0.0000000000000000     
   2.34861112       49458067.676671945        0.0000000000000000     
   2.34930563       49479614.013625458        0.0000000000000000     
   2.34999990       49501156.259868518        0.0000000000000000     
   2.35069442       50366769.534124807        0.0000000000000000     
   2.35138893       49863789.910971388        0.0000000000000000     
   2.35208344       50152760.778756745        0.0000000000000000     
   2.35277772       48962776.337142736        0.0000000000000000     
   2.35347223       48862562.314527981        0.0000000000000000     
   2.35416675       48883156.143044986        0.0000000000000000     
   2.35486102       48945728.972169638        0.0000000000000000     
   2.35555553       48925284.211940013        0.0000000000000000     
   2.35625005       48973677.175484486        0.0000000000000000     
   2.35694456       48935049.042593569        0.0000000000000000     
   2.35763884       48952344.498948626        0.0000000000000000     
   2.35833335       48976625.567232177        0.0000000000000000     
   2.35902786       48998203.910855629        0.0000000000000000     
   2.35972214       49160981.227958515        0.0000000000000000     
   2.36041665       49518148.836776257        0.0000000000000000     
   2.36111116       48608552.643297412        0.0000000000000000     
   2.36180544       48734492.597726963        0.0000000000000000     
   2.36249995       48932425.205144092        0.0000000000000000     
   2.36319447       48707435.581096746        0.0000000000000000     
   2.36388898       48731024.213843465        0.0000000000000000     
   2.36458325       48756192.314187564        0.0000000000000000     
   2.36527777       48776897.967885956        0.0000000000000000     
   2.36597228       48798119.683265887        0.0000000000000000     
   2.36666656       48820900.424149267        0.0000000000000000     
   2.36736107       48843061.793971822        0.0000000000000000     
   2.36805558       48864469.985197119        0.0000000000000000     
   2.36875010       49383987.797348738        0.0000000000000000     
   2.36944437       49397025.643690594        0.0000000000000000     
   2.37013888       48912884.370380238        0.0000000000000000     
   2.37083340       48938103.610684425        0.0000000000000000     
   2.37152767       48962717.965565152        0.0000000000000000     
   2.37222219       49952903.383298919        0.0000000000000000     
   2.37291670       49490586.607680440        0.0000000000000000     
   2.37361121       49512710.930248231        0.0000000000000000     
   2.37430549       49534287.633751921        0.0000000000000000     
   2.37500000       49553918.818418719        0.0000000000000000     
   2.37569451       50044953.918920875        0.0000000000000000     
   2.37638879       49592429.111404441        0.0000000000000000     
   2.37708330       50084761.734747797        0.0000000000000000     
   2.37777781       50105000.933742665        0.0000000000000000     
   2.37847233       50126282.146215990        0.0000000000000000     
   2.37916660       50148710.369334310        0.0000000000000000     
   2.37986112       50169526.766653165        0.0000000000000000     
   2.38055563       50191187.545894645        0.0000000000000000     
   2.38124990       50212408.318232089        0.0000000000000000     
   2.38194442       50233726.143097445        0.0000000000000000     
   2.38263893       50254937.625640444        0.0000000000000000     
   2.38333344       50276155.761048608        0.0000000000000000     
   2.38402772       50297451.632089056        0.0000000000000000     
   2.38472223       50400286.443846934        0.0000000000000000     
   2.38541675       50294717.438464127        0.0000000000000000     
   2.38611102       50314584.443207711        0.0000000000000000     
   2.38680553       50338920.520366281        0.0000000000000000     
   2.38750005       51132549.587961309        0.0000000000000000     
   2.38819456       51151803.878584370        0.0000000000000000     
   2.38888884       51171452.680508949        0.0000000000000000     
   2.38958335       51191166.697986767        0.0000000000000000     
   2.39027786       51212266.101290822        0.0000000000000000     
   2.39097214       51276961.506170012        0.0000000000000000     
   2.39166665       51393249.742497750        0.0000000000000000     
   2.39236116       51321647.914954089        0.0000000000000000     
   2.39305544       50821413.494324967        0.0000000000000000     
   2.39374995       50971351.153477073        0.0000000000000000     
   2.39444447       51564447.803009130        0.0000000000000000     
   2.39513898       50502013.398170024        0.0000000000000000     
   2.39583325       50524625.837672487        0.0000000000000000     
   2.39652777       50550529.076997221        0.0000000000000000     
   2.39722228       50625368.544561490        0.0000000000000000     
   2.39791656       50621172.288587838        0.0000000000000000     
   2.39861107       50665176.331138656        0.0000000000000000     
   2.39930558       50451293.877677277        0.0000000000000000     
   2.40000010       50935659.460862011        0.0000000000000000     
   2.40069437       50472084.883145712        0.0000000000000000     
   2.40138888       50491709.576104462        0.0000000000000000     
   2.40208340       50514292.573372453        0.0000000000000000     
   2.40277767       50535397.463430338        0.0000000000000000     
   2.40347219       50558682.788529441        0.0000000000000000     
   2.40416670       50579353.942675121        0.0000000000000000     
   2.40486121       51069994.788482070        0.0000000000000000     
   2.40555549       50615105.871095687        0.0000000000000000     
   2.40625000       51105972.458087809        0.0000000000000000     
   2.40694451       51126644.054564416        0.0000000000000000     
   2.40763879       51147583.280128978        0.0000000000000000     
   2.40833330       51169579.845989265        0.0000000000000000     
   2.40902781       51190301.898336686        0.0000000000000000     
   2.40972233       51212030.656834550        0.0000000000000000     
   2.41041660       51233120.998303175        0.0000000000000000     
   2.41111112       51254456.753730193        0.0000000000000000     
   2.41180563       51275772.625065446        0.0000000000000000     
   2.41249990       51297047.725129798        0.0000000000000000     
   2.41319442       51318348.763710238        0.0000000000000000     
   2.41388893       51339648.419298299        0.0000000000000000     
   2.41458344       51360929.664290719        0.0000000000000000     
   2.41527772       51382211.573521666        0.0000000000000000     
   2.41597223       51403485.936096951        0.0000000000000000     
   2.41666675       51424757.248889133        0.0000000000000000     
   2.41736102       51528222.535476387        0.0000000000000000     
   2.41805553       51421673.428917825        0.0000000000000000     
   2.41875005       51441432.499276951        0.0000000000000000     
   2.41944456       51465664.169259496        0.0000000000000000     
   2.42013884       51486052.339541979        0.0000000000000000     
   2.42083335       51507102.349850409        0.0000000000000000     
   2.42152786       51528684.432894476        0.0000000000000000     
   2.42222214       51549801.106950015        0.0000000000000000     
   2.42291665       51570983.089040764        0.0000000000000000     
   2.42361116       51592300.948057942        0.0000000000000000     
   2.42430544       52439317.713892698        0.0000000000000000     
   2.42499995       51037261.680200487        0.0000000000000000     
   2.42569447       51066149.316018716        0.0000000000000000     
   2.42638898       50751294.751952454        0.0000000000000000     
   2.42708325       51432522.994743437        0.0000000000000000     
   2.42777777       51396512.512912765        0.0000000000000000     
   2.42847228       51444931.334136084        0.0000000000000000     
   2.42916656       51407540.891844742        0.0000000000000000     
   2.42986107       51422034.314985320        0.0000000000000000     
   2.43055558       51446287.003006317        0.0000000000000000     
   2.43125010       51466841.785403900        0.0000000000000000     
   2.43194437       51487759.726529531        0.0000000000000000     
   2.43263888       51509157.795541510        0.0000000000000000     
   2.43333340       51585639.802481882        0.0000000000000000     
   2.43402767       51578436.931534216        0.0000000000000000     
   2.43472219       51622715.963022739        0.0000000000000000     
   2.43541670       51408953.285017639        0.0000000000000000     
   2.43611121       51428681.029890008        0.0000000000000000     
   2.43680549       51454249.002567515        0.0000000000000000     
   2.43750000       51473854.831235118        0.0000000000000000     
   2.43819451       51494305.277951710        0.0000000000000000     
   2.43888879       51516050.349491276        0.0000000000000000     
   2.43958330       51537522.106984131        0.0000000000000000     
   2.44027781       51557983.540963188        0.0000000000000000     
   2.44097233       51579444.231806993        0.0000000000000000     
   2.44166660       51600652.379260384        0.0000000000000000     
   2.44236112       51621591.379357666        0.0000000000000000     
   2.44305563       51642784.305024110        0.0000000000000000     
   2.44374990       51663937.191419147        0.0000000000000000     
   2.44444442       51684996.559681445        0.0000000000000000     
   2.44513893       51706118.401794575        0.0000000000000000     
   2.44583344       51727235.954993799        0.0000000000000000     
   2.44652772       52457587.814777546        0.0000000000000000     
   2.44722223       51760098.545853280        0.0000000000000000     
   2.44791675       52618988.056731127        0.0000000000000000     
   2.44861102       51218878.454718836        0.0000000000000000     
   2.44930553       51719568.349370189        0.0000000000000000     
   2.45000005       51813766.205931462        0.0000000000000000     
   2.45069456       51705944.594779700        0.0000000000000000     
   2.45138884       52320828.450046182        0.0000000000000000     
   2.45208335       52343731.840649590        0.0000000000000000     
   2.45277786       52364072.653278373        0.0000000000000000     
   2.45347214       52384874.735070825        0.0000000000000000     
   2.45416665       52406790.807896994        0.0000000000000000     
   2.45486116       52427608.139681302        0.0000000000000000     
   2.45555544       52448807.169387288        0.0000000000000000     
   2.45624995       52470141.792433836        0.0000000000000000     
   2.45694447       52632177.814883985        0.0000000000000000     
   2.45763898       52531292.210215703        0.0000000000000000     
   2.45833325       52091099.230925277        0.0000000000000000     
   2.45902777       52246148.858651161        0.0000000000000000     
   2.45972228       52416671.523046404        0.0000000000000000     
   2.46041656       52429982.133519441        0.0000000000000000     
   2.46111107       52451445.704040609        0.0000000000000000     
   2.46180558       52472672.474753976        0.0000000000000000     
   2.46250010       52493621.994976915        0.0000000000000000     
   2.46319437       52514793.026924863        0.0000000000000000     
   2.46388888       53280920.012297973        0.0000000000000000     
   2.46458340       52639535.857621744        0.0000000000000000     
   2.46527767       52146899.249276675        0.0000000000000000     
   2.46597219       52389585.671524480        0.0000000000000000     
   2.46666670       51899453.833667174        0.0000000000000000     
   2.46736121       51920926.580793031        0.0000000000000000     
   2.46805549       51945036.292109363        0.0000000000000000     
   2.46875000       51963514.399142534        0.0000000000000000     
   2.46944451       51987378.339148246        0.0000000000000000     
   2.47013879       52063503.691351719        0.0000000000000000     
   2.47083330       52056903.078235157        0.0000000000000000     
   2.47152781       52101540.636113055        0.0000000000000000     
   2.47222233       51887720.069751851        0.0000000000000000     
   2.47291660       52726935.542915933        0.0000000000000000     
   2.47361112       52217427.166793279        0.0000000000000000     
   2.47430563       53204636.629675433        0.0000000000000000     
   2.47499990       53066034.626860663        0.0000000000000000     
   2.47569442       52626312.037745908        0.0000000000000000     
   2.47638893       53955975.681204975        0.0000000000000000     
   2.47708344       53673561.559543632        0.0000000000000000     
   2.47777772       52584469.511234477        0.0000000000000000     
   2.47847223       52543517.173145197        0.0000000000000000     
   2.47916675       51571470.612305030        0.0000000000000000     
   2.47986102       52260351.086774670        0.0000000000000000     
   2.48055553       48333349.736826494        0.0000000000000000     
   2.48125005       49515741.577740870        0.0000000000000000     
   2.48194456       48918857.326277256        0.0000000000000000     
   2.48263884       49452618.535751879        0.0000000000000000     
   2.48333335       49355476.166796900        0.0000000000000000     
   2.48402786       49432732.290147260        0.0000000000000000     
   2.48472214       47007442.534475520        0.0000000000000000     
   2.48541665       47380221.402987927        0.0000000000000000     
   2.48611116       47363289.352490380        0.0000000000000000     
   2.48680544       47376909.403203301        0.0000000000000000     
   2.48749995       47389667.768341400        0.0000000000000000     
   2.48819447       47402637.632593833        0.0000000000000000     
   2.48888898       47416765.245006934        0.0000000000000000     
   2.48958325       47571503.877239831        0.0000000000000000     
   2.49027777       47465220.943417065        0.0000000000000000     
   2.49097228       47021151.433263421        0.0000000000000000     
   2.49166656       47170415.188957058        0.0000000000000000     
   2.49236107       47335677.770012751        0.0000000000000000     
   2.49305558       47344737.004858404        0.0000000000000000     
   2.49375010       47362516.263116896        0.0000000000000000     
   2.49444437       47380593.355467081        0.0000000000000000     
   2.49513888       47398800.887700237        0.0000000000000000     
   2.49583340       48081254.318736047        0.0000000000000000     
   2.49652767       46829969.016790643        0.0000000000000000     
   2.49722219       47322282.487832263        0.0000000000000000     
   2.49791670       47343390.084529422        0.0000000000000000     
   2.49861121       47357681.075146139        0.0000000000000000     
   2.49930549       47379542.099517360        0.0000000000000000     
   2.50000000       47399476.560520642        0.0000000000000000     
   2.50069451       47460664.477891997        0.0000000000000000     
   2.50138879       47434074.549771987        0.0000000000000000     
   2.50208330       47482191.522280835        0.0000000000000000     
   2.50277781       47441312.618454404        0.0000000000000000     
   2.50347233       47456318.659621395        0.0000000000000000     
   2.50416660       47478718.934776217        0.0000000000000000     
   2.50486112       47498422.402651392        0.0000000000000000     
   2.50555563       47518314.986088775        0.0000000000000000     
   2.50624990       47538669.092143111        0.0000000000000000     
   2.50694442       47558977.509604730        0.0000000000000000     
   2.50763893       47635384.682137206        0.0000000000000000     
   2.50833344       47626087.344218574        0.0000000000000000     
   2.50902772       47669488.712755144        0.0000000000000000     
   2.50972223       47452735.231274232        0.0000000000000000     
   2.51041675       47471606.639840379        0.0000000000000000     
   2.51111102       47496394.328275099        0.0000000000000000     
   2.51180553       47515189.847103953        0.0000000000000000     
   2.51250005       47534888.141066171        0.0000000000000000     
   2.51319456       47555885.365954086        0.0000000000000000     
   2.51388884       47576607.204767056        0.0000000000000000     
   2.51458335       47596334.918040805        0.0000000000000000     
   2.51527786       48336426.179392599        0.0000000000000000     
   2.51597214       48577930.810261995        0.0000000000000000     
   2.51666665       47789876.331339397        0.0000000000000000     
   2.51736116       47559951.241354056        0.0000000000000000     
   2.51805544       47561314.856519252        0.0000000000000000     
   2.51874995       47590166.710018314        0.0000000000000000     
   2.51944447       47615452.054980256        0.0000000000000000     
   2.52013898       47630740.639690503        0.0000000000000000     
   2.52083325       47651042.221025325        0.0000000000000000     
   2.52152777       47673332.897055492        0.0000000000000000     
   2.52222228       47693273.979324296        0.0000000000000000     
   2.52291656       47853806.185354903        0.0000000000000000     
   2.52361107       47752561.161888681        0.0000000000000000     
   2.52430558       47312445.518472284        0.0000000000000000     
   2.52500010       47466465.217846878        0.0000000000000000     
   2.52569437       47636116.397031687        0.0000000000000000     
   2.52638888       47648798.888245516        0.0000000000000000     
   2.52708340       48359017.899875738        0.0000000000000000     
   2.52777767       47631136.910320878        0.0000000000000000     
   2.52847219       47653715.249431379        0.0000000000000000     
   2.52916670       47676981.990697064        0.0000000000000000     
   2.52986121       47695231.624842748        0.0000000000000000     
   2.53055549       47715944.718353890        0.0000000000000000     
   2.53125000       47736695.289509825        0.0000000000000000     
   2.53194451       47756916.547576934        0.0000000000000000     
   2.53263879       47777152.264272615        0.0000000000000000     
   2.53333330       47797680.931735978        0.0000000000000000     
   2.53402781       47817983.904216349        0.0000000000000000     
   2.53472233       47838342.020306900        0.0000000000000000     
   2.53541660       48699773.845192544        0.0000000000000000     
   2.53611112       48222754.554013073        0.0000000000000000     
   2.53680563       48368202.156609565        0.0000000000000000     
   2.53749990       47935267.332036868        0.0000000000000000     
   2.53819442       47565393.513058625        0.0000000000000000     
   2.53888893       47023914.521988302        0.0000000000000000     
   2.53958344       47545570.888606489        0.0000000000000000     
   2.54027772       47051856.465451911        0.0000000000000000     
   2.54097223       47533914.644217603        0.0000000000000000     
   2.54166675       47549407.745918959        0.0000000000000000     
   2.54236102       47571818.390739560        0.0000000000000000     
   2.54305553       47595546.698941931        0.0000000000000000     
   2.54375005       47613374.386453010        0.0000000000000000     
   2.54444456       47636882.351646215        0.0000000000000000     
   2.54513884       47712960.234813757        0.0000000000000000     
   2.54583335       47704822.851869501        0.0000000000000000     
   2.54652786       47749156.978313901        0.0000000000000000     
   2.54722214       47534219.247850455        0.0000000000000000     
   2.54791665       47553957.393210791        0.0000000000000000     
   2.54861116       47579582.403980330        0.0000000000000000     
   2.54930544       47681024.541416787        0.0000000000000000     
   2.54999995       47573925.129810967        0.0000000000000000     
   2.55069447       47594169.232579894        0.0000000000000000     
   2.55138898       47618639.432247400        0.0000000000000000     
   2.55208325       47638246.914326198        0.0000000000000000     
   2.55277777       47659519.870518081        0.0000000000000000     
   2.55347228       47681082.485398486        0.0000000000000000     
   2.55416656       47701911.819635816        0.0000000000000000     
   2.55486107       48118281.561033703        0.0000000000000000     
   2.55555558       47331316.868908934        0.0000000000000000     
   2.55625010       47462017.728768133        0.0000000000000000     
   2.55694437       47361601.058951087        0.0000000000000000     
   2.55763888       46918232.971394859        0.0000000000000000     
   2.55833340       47077173.472360164        0.0000000000000000     
   2.55902767       47244514.158936411        0.0000000000000000     
   2.55972219       47258141.740071550        0.0000000000000000     
   2.56041670       47279041.807570145        0.0000000000000000     
   2.56111121       47299929.911997363        0.0000000000000000     
   2.56180549       47320340.692891464        0.0000000000000000     
   2.56250000       47341124.910037547        0.0000000000000000     
   2.56319451       47361919.577038221        0.0000000000000000     
   2.56388879       47382519.121744588        0.0000000000000000     
   2.56458330       47403239.525385089        0.0000000000000000     
   2.56527781       47423950.756315961        0.0000000000000000     
   2.56597233       47444605.733670212        0.0000000000000000     
   2.56666660       47465302.881482951        0.0000000000000000     
   2.56736112       47485973.409508184        0.0000000000000000     
   2.56805563       47957701.352181338        0.0000000000000000     
   2.56874990       47436047.825601749        0.0000000000000000     
   2.56944442       47454353.390914902        0.0000000000000000     
   2.57013893       47479319.398770541        0.0000000000000000     
   2.57083344       47494926.503231026        0.0000000000000000     
   2.57152772       47519240.534456395        0.0000000000000000     
   2.57222223       47538097.718458854        0.0000000000000000     
   2.57291675       47559330.467922553        0.0000000000000000     
   2.57361102       47579803.035869919        0.0000000000000000     
   2.57430553       47600523.013362788        0.0000000000000000     
   2.57500005       47621081.730690584        0.0000000000000000     
   2.57569456       47641748.462287486        0.0000000000000000     
   2.57638884       47704640.772189111        0.0000000000000000     
   2.57708335       47678892.299398787        0.0000000000000000     
   2.57777786       47727447.217661612        0.0000000000000000     
   2.57847214       47687364.807542324        0.0000000000000000     
   2.57916665       47703073.464172162        0.0000000000000000     
   2.57986116       47725881.053824298        0.0000000000000000     
   2.58055544       47746057.902298763        0.0000000000000000     
   2.58124995       47766393.517235599        0.0000000000000000     
   2.58194447       47787132.516711682        0.0000000000000000     
   2.58263898       47889166.553470597        0.0000000000000000     
   2.58333325       47838704.830488518        0.0000000000000000     
   2.58402777       47828163.658096358        0.0000000000000000     
   2.58472228       47874794.132294394        0.0000000000000000     
   2.58541656       48121870.815967858        0.0000000000000000     
   2.58611107       47648361.187995806        0.0000000000000000     
   2.58680558       47672922.576136246        0.0000000000000000     
   2.58750010       47693249.539627761        0.0000000000000000     
   2.58819437       47711469.332227975        0.0000000000000000     
   2.58888888       47733844.996524617        0.0000000000000000     
   2.58958340       47754106.357129805        0.0000000000000000     
   2.59027767       47914960.622897513        0.0000000000000000     
   2.59097219       48281274.279742680        0.0000000000000000     
   2.59166670       47364082.862178504        0.0000000000000000     
   2.59236121       48504818.687135167        0.0000000000000000     
   2.59305549       48673663.211547740        0.0000000000000000     
   2.59375000       48685831.048743226        0.0000000000000000     
   2.59444451       48706802.520093195        0.0000000000000000     
   2.59513879       48726472.327651709        0.0000000000000000     
   2.59583330       48746858.993178509        0.0000000000000000     
   2.59652781       48766807.150479883        0.0000000000000000     
   2.59722233       48787050.186801553        0.0000000000000000     
   2.59791660       48807089.636062913        0.0000000000000000     
   2.59861112       48827233.820789851        0.0000000000000000     
   2.59930563       48847363.895981893        0.0000000000000000     
   2.59999990       48867471.557075411        0.0000000000000000     
   2.60069442       48887604.478118092        0.0000000000000000     
   2.60138893       48907713.770400859        0.0000000000000000     
   2.60208344       48927824.505860612        0.0000000000000000     
   2.60277772       48947930.388746120        0.0000000000000000     
   2.60347223       48968030.038183898        0.0000000000000000     
   2.60416675       48988123.338227637        0.0000000000000000     
   2.60486102       49008210.122464627        0.0000000000000000     
   2.60555553       49028293.133563779        0.0000000000000000     
   2.60625005       49048372.911054954        0.0000000000000000     
   2.60694456       49068449.509287484        0.0000000000000000     
   2.60763884       49088522.543408796        0.0000000000000000     
   2.60833335       49108593.104908556        0.0000000000000000     
   2.60902786       49128659.213179946        0.0000000000000000     
   2.60972214       49148720.080105901        0.0000000000000000     
   2.61041665       49168777.853068277        0.0000000000000000     
   2.61111116       49188830.636236206        0.0000000000000000     
   2.61180544       49886461.056655310        0.0000000000000000     
   2.61249995       48603028.646467723        0.0000000000000000     
   2.61319447       49090700.523641698        0.0000000000000000     
   2.61388898       48644299.002126090        0.0000000000000000     
   2.61458325       49171836.484182164        0.0000000000000000     
   2.61527777       48676023.237020396        0.0000000000000000     
   2.61597228       48723079.478314310        0.0000000000000000     
   2.61666656       49153017.488510437        0.0000000000000000     
   2.61736107       49246843.836191423        0.0000000000000000     
   2.61805558       49140659.763097323        0.0000000000000000     
   2.61875010       49654748.413061939        0.0000000000000000     
   2.61944437       49159704.666368395        0.0000000000000000     
   2.62013888       49674685.742413953        0.0000000000000000     
   2.62083340       49701247.421025150        0.0000000000000000     
   2.62152767       49281653.229037799        0.0000000000000000     
   2.62222219       49772451.092106462        0.0000000000000000     
   2.62291670       49813199.625307806        0.0000000000000000     
   2.62361121       49597979.460307799        0.0000000000000000     
   2.62430549       49756386.907497086        0.0000000000000000     
   2.62500000       49658377.161526918        0.0000000000000000     
   2.62569451       49217491.360148855        0.0000000000000000     
   2.62638879       49370608.362126939        0.0000000000000000     
   2.62708330       49540597.471062362        0.0000000000000000     
   2.62777781       49553525.100639150        0.0000000000000000     
   2.62847233       49573221.962105177        0.0000000000000000     
   2.62916660       49593686.808567241        0.0000000000000000     
   2.62986112       49613676.291106313        0.0000000000000000     
   2.63055563       49633534.912110068        0.0000000000000000     
   2.63124990       49653632.186426878        0.0000000000000000     
   2.63194442       49673377.016060770        0.0000000000000000     
   2.63263893       49693120.303902499        0.0000000000000000     
   2.63333344       49712932.282838531        0.0000000000000000     
   2.63402772       49732796.270065054        0.0000000000000000     
   2.63472223       49752723.615891583        0.0000000000000000     
   2.63541675       49772656.743589327        0.0000000000000000     
   2.63611102       49792590.878744207        0.0000000000000000     
   2.63680553       50523703.565488957        0.0000000000000000     
   2.63750005       50663157.149573274        0.0000000000000000     
   2.63819456       49738837.015358955        0.0000000000000000     
   2.63888884       50530759.454787478        0.0000000000000000     
   2.63958335       50552643.841047876        0.0000000000000000     
   2.64027786       50569557.772116743        0.0000000000000000     
   2.64097214       50589040.226475820        0.0000000000000000     
   2.64166665       50608408.321711659        0.0000000000000000     
   2.64236116       50629118.508890599        0.0000000000000000     
   2.64305544       50649687.656148463        0.0000000000000000     
   2.64374995       50670296.497276433        0.0000000000000000     
   2.64444447       50690285.007335663        0.0000000000000000     
   2.64513898       50709919.199638590        0.0000000000000000     
   2.64583325       50729394.055606723        0.0000000000000000     
   2.64652777       50749053.770298123        0.0000000000000000     
   2.64722228       50768992.672513925        0.0000000000000000     
   2.64791656       50789122.251473323        0.0000000000000000     
   2.64861107       50809311.674166903        0.0000000000000000     
   2.64930558       50829399.944473118        0.0000000000000000     
   2.65000010       50849318.523720771        0.0000000000000000     
   2.65069437       50869112.561444484        0.0000000000000000     
   2.65138888       50970547.497640088        0.0000000000000000     
   2.65208340       50862926.591469996        0.0000000000000000     
   2.65277767       50881302.234304324        0.0000000000000000     
   2.65347219       51647978.048199974        0.0000000000000000     
   2.65416670       51006383.808191285        0.0000000000000000     
   2.65486121       50520256.673405409        0.0000000000000000     
   2.65555549       50760636.239884458        0.0000000000000000     
   2.65625000       50269735.286639273        0.0000000000000000     
   2.65694451       50289878.619589448        0.0000000000000000     
   2.65763879       50312718.532919258        0.0000000000000000     
   2.65833330       50329980.762864269        0.0000000000000000     
   2.65902781       50493399.203191213        0.0000000000000000     
   2.65972233       50390176.111023493        0.0000000000000000     
   2.66041660       50005723.100849889        0.0000000000000000     
   2.66111112       50129910.713476449        0.0000000000000000     
   2.66180563       50322324.360660300        0.0000000000000000     
   2.66249990       50099962.320673160        0.0000000000000000     
   2.66319442       50119188.696726777        0.0000000000000000     
   2.66388893       50611420.051703587        0.0000000000000000     
   2.66458344       50150396.369982027        0.0000000000000000     
   2.66527772       50169748.077795014        0.0000000000000000     
   2.66597223       50659791.130767904        0.0000000000000000     
   2.66666675       50678047.637733288        0.0000000000000000     
   2.66736102       50696634.761484265        0.0000000000000000     
   2.66805553       50717310.245876990        0.0000000000000000     
   2.66875005       50737251.596768439        0.0000000000000000     
   2.66944456       50756749.782685265        0.0000000000000000     
   2.67013884       50776544.181146361        0.0000000000000000     
   2.67083335       50796497.931233458        0.0000000000000000     
   2.67152786       50816206.968372442        0.0000000000000000     
   2.67222214       50835972.014461488        0.0000000000000000     
   2.67291665       50855785.840278424        0.0000000000000000     
   2.67361116       50875553.623073407        0.0000000000000000     
   2.67430544       50895317.006884202        0.0000000000000000     
   2.67499995       50915092.492368415        0.0000000000000000     
   2.67569447       50934855.218611695        0.0000000000000000     
   2.67638898       50954614.696497545        0.0000000000000000     
   2.67708325       50974370.691251718        0.0000000000000000     
   2.67777777       50994121.908277087        0.0000000000000000     
   2.67847228       51013869.322593659        0.0000000000000000     
   2.67916656       51033612.174224049        0.0000000000000000     
   2.67986107       51053351.169654734        0.0000000000000000     
   2.68055558       51073085.330312096        0.0000000000000000     
   2.68125010       51092815.822740726        0.0000000000000000     
   2.68194437       51112541.159384198        0.0000000000000000     
   2.68263888       51132262.818125181        0.0000000000000000     
   2.68333340       51151979.783291169        0.0000000000000000     
   2.68402767       51171693.022845112        0.0000000000000000     
   2.68472219       51191401.647255138        0.0000000000000000     
   2.68541670       51211106.643642485        0.0000000000000000     
   2.68611121       51976208.379197322        0.0000000000000000     
   2.68680549       50601320.844936028        0.0000000000000000     
   2.68750000       51092858.853305861        0.0000000000000000     
   2.68819451       51117533.489103138        0.0000000000000000     
   2.68888879       51131507.552959010        0.0000000000000000     
   2.68958330       51153429.045313969        0.0000000000000000     
   2.69027781       51173894.292556293        0.0000000000000000     
   2.69097233       51192796.256997973        0.0000000000000000     
   2.69166660       51212221.763935849        0.0000000000000000     
   2.69236112       51232392.791991413        0.0000000000000000     
   2.69305563       51294389.352175005        0.0000000000000000     
   2.69374990       51406945.643660009        0.0000000000000000     
   2.69444442       51333177.837744609        0.0000000000000000     
   2.69513893       50833004.768054299        0.0000000000000000     
   2.69583344       50981101.406086847        0.0000000000000000     
   2.69652772       51151727.630370341        0.0000000000000000     
   2.69722223       51163427.702975586        0.0000000000000000     
   2.69791675       51183074.110690072        0.0000000000000000     
   2.69861102       51202893.845795058        0.0000000000000000     
   2.69930553       51222458.437413864        0.0000000000000000     
   2.70000005       51297850.054508962        0.0000000000000000     
   2.70069456       51287763.097628571        0.0000000000000000     
   2.70138884       51330333.203308709        0.0000000000000000     
   2.70208335       51114116.970428906        0.0000000000000000     
   2.70277786       51132309.282923870        0.0000000000000000     
   2.70347214       51156316.432130426        0.0000000000000000     
   2.70416665       51174387.383896433        0.0000000000000000     
   2.70486116       51193269.348329708        0.0000000000000000     
   2.70555544       51213453.194116823        0.0000000000000000     
   2.70624995       51951819.916482419        0.0000000000000000     
   2.70694447       52108994.071491599        0.0000000000000000     
   2.70763898       51451131.069279850        0.0000000000000000     
   2.70833325       51814081.841602869        0.0000000000000000     
   2.70902777       52021919.335528523        0.0000000000000000     
   2.70972228       52167021.751288243        0.0000000000000000     
   2.71041656       51813195.563846603        0.0000000000000000     
   2.71111107       51339179.889858589        0.0000000000000000     
   2.71180558       51832629.427530102        0.0000000000000000     
   2.71250010       51861439.802736819        0.0000000000000000     
   2.71319437       51878353.241735362        0.0000000000000000     
   2.71388888       51894403.450693943        0.0000000000000000     
   2.71458340       51917464.454472579        0.0000000000000000     
   2.71527767       51936399.308504574        0.0000000000000000     
   2.71597219       51955605.395238675        0.0000000000000000     
   2.71666670       51975385.243116044        0.0000000000000000     
   2.71736121       51995229.181399092        0.0000000000000000     
   2.71805549       52014769.685944222        0.0000000000000000     
   2.71875000       52034366.639155939        0.0000000000000000     
   2.71944451       52054052.888785124        0.0000000000000000     
   2.72013879       52073690.004471868        0.0000000000000000     
   2.72083330       52093286.346854217        0.0000000000000000     
   2.72152781       52194750.030544639        0.0000000000000000     
   2.72222233       52086616.279827774        0.0000000000000000     
   2.72291660       52104716.239536382        0.0000000000000000     
   2.72361112       52127333.392091654        0.0000000000000000     
   2.72430563       52146069.571343668        0.0000000000000000     
   2.72499990       52165472.173732415        0.0000000000000000     
   2.72569442       52185412.577114776        0.0000000000000000     
   2.72638893       52204883.224125914        0.0000000000000000     
   2.72708344       52224418.460561991        0.0000000000000000     
   2.72777772       52244091.065065116        0.0000000000000000     
   2.72847223       52938299.245630652        0.0000000000000000     
   2.72916675       52328322.128037535        0.0000000000000000     
   2.72986102       52229666.564915895        0.0000000000000000     
   2.73055553       51793696.267255723        0.0000000000000000     
   2.73125005       52763967.380233265        0.0000000000000000     
   2.73194456       52404660.628675982        0.0000000000000000     
   2.73263884       52572662.456357025        0.0000000000000000     
   2.73333335       53279487.637858942        0.0000000000000000     
   2.73402786       53291655.163388588        0.0000000000000000     
   2.73472214       53432444.225010507        0.0000000000000000     
   2.73541665       53576402.997768864        0.0000000000000000     
   2.73611116       52623427.407045610        0.0000000000000000     
   2.73680544       52521776.106130727        0.0000000000000000     
   2.73749995       51590930.821245514        0.0000000000000000     
   2.73819447       52191245.549014390        0.0000000000000000     
   2.73888898       51315912.348755933        0.0000000000000000     
   2.73958325       48940551.190340683        0.0000000000000000     
   2.74027777       49436038.093166083        0.0000000000000000     
   2.74097228       48767357.748338893        0.0000000000000000     
   2.74166656       47618829.640662953        0.0000000000000000     
   2.74236107       48575404.270109832        0.0000000000000000     
   2.74305558       48519518.783630811        0.0000000000000000     
   2.74375010       47209176.773604922        0.0000000000000000     
   2.74444437       47469154.181712672        0.0000000000000000     
   2.74513888       46533572.552143082        0.0000000000000000     
   2.74583340       46206249.057997800        0.0000000000000000     
   2.74652767       46216253.399029702        0.0000000000000000     
   2.74722219       46224340.347075842        0.0000000000000000     
   2.74791670       46241751.596269056        0.0000000000000000     
   2.74861121       46254309.044371456        0.0000000000000000     
   2.74930549       46267997.609983802        0.0000000000000000     
   2.75000000       46282714.140268438        0.0000000000000000     
   2.75069451       46297751.974493198        0.0000000000000000     
   2.75138879       46313266.253334731        0.0000000000000000     
   2.75208330       46329606.616592027        0.0000000000000000     
   2.75277781       46346483.257639006        0.0000000000000000     
   2.75347233       46363739.221079081        0.0000000000000000     
   2.75416660       46837498.236761004        0.0000000000000000     
   2.75486112       46330787.282379515        0.0000000000000000     
   2.75555563       46346876.777901188        0.0000000000000000     
   2.75624990       46368266.166679569        0.0000000000000000     
   2.75694442       46464173.216074824        0.0000000000000000     
   2.75763893       46357763.571947128        0.0000000000000000     
   2.75833344       46373296.181212194        0.0000000000000000     
   2.75902772       46395290.438301392        0.0000000000000000     
   2.75972223       46412942.788009591        0.0000000000000000     
   2.76041675       46431597.423441984        0.0000000000000000     
   2.76111102       46450785.282974996        0.0000000000000000     
   2.76180553       46469680.160583787        0.0000000000000000     
   2.76250005       46488657.662775308        0.0000000000000000     
   2.76319456       46507853.659149446        0.0000000000000000     
   2.76388884       46526929.875821263        0.0000000000000000     
   2.76458335       46686198.434509806        0.0000000000000000     
   2.76527786       46583652.886600301        0.0000000000000000     
   2.76597214       46144478.694501705        0.0000000000000000     
   2.76666665       46297026.671918161        0.0000000000000000     
   2.76736116       46929740.092852905        0.0000000000000000     
   2.76805544       46456986.648075767        0.0000000000000000     
   2.76874995       46476057.591511168        0.0000000000000000     
   2.76944447       46496446.545769684        0.0000000000000000     
   2.77013898       46514569.670033053        0.0000000000000000     
   2.77083325       46534730.507886872        0.0000000000000000     
   2.77152777       47021697.603691250        0.0000000000000000     
   2.77222228       46566769.823894449        0.0000000000000000     
   2.77291656       47097553.856633022        0.0000000000000000     
   2.77361107       47068127.423360482        0.0000000000000000     
   2.77430558       47114938.782434933        0.0000000000000000     
   2.77500010       47074079.009612426        0.0000000000000000     
   2.77569437       47087466.274162419        0.0000000000000000     
   2.77638888       47108946.256477654        0.0000000000000000     
   2.77708340       47127308.359495156        0.0000000000000000     
   2.77777767       47146020.367871068        0.0000000000000000     
   2.77847219       47165105.703876264        0.0000000000000000     
   2.77916670       47184098.649632625        0.0000000000000000     
   2.77986121       47258251.814916283        0.0000000000000000     
   2.78055549       47247357.683163509        0.0000000000000000     
   2.78125000       47289245.591871262        0.0000000000000000     
   2.78194451       47073768.739221148        0.0000000000000000     
   2.78263879       47091309.286126629        0.0000000000000000     
   2.78333330       47114644.386851035        0.0000000000000000     
   2.78402781       47132035.215615459        0.0000000000000000     
   2.78472233       47150227.973901317        0.0000000000000000     
   2.78541660       47169717.687074281        0.0000000000000000     
   2.78611112       47188978.783298694        0.0000000000000000     
   2.78680563       47207193.823940702        0.0000000000000000     
   2.78749990       47226406.141678505        0.0000000000000000     
   2.78819442       47245392.622383155        0.0000000000000000     
   2.78888893       47264093.898562312        0.0000000000000000     
   2.78958344       47283046.385044008        0.0000000000000000     
   2.79027772       47301970.564448096        0.0000000000000000     
   2.79097223       47320796.152205765        0.0000000000000000     
   2.79166675       47339682.535921179        0.0000000000000000     
   2.79236102       47358568.902103573        0.0000000000000000     
   2.79305553       47880047.729175836        0.0000000000000000     
   2.79375005       46695240.485127807        0.0000000000000000     
   2.79444456       46713703.686549850        0.0000000000000000     
   2.79513884       46739575.237587795        0.0000000000000000     
   2.79583335       46755046.193964288        0.0000000000000000     
   2.79652786       46776324.215039290        0.0000000000000000     
   2.79722214       46794782.314307883        0.0000000000000000     
   2.79791665       46814467.550387457        0.0000000000000000     
   2.79861116       46833571.706482835        0.0000000000000000     
   2.79930544       47316955.226997204        0.0000000000000000     
   2.79999995       46846492.926008798        0.0000000000000000     
   2.80069447       47005682.909334339        0.0000000000000000     
   2.80138898       46903929.646461241        0.0000000000000000     
   2.80208325       46462505.999232233        0.0000000000000000     
   2.80277777       46616242.960717186        0.0000000000000000     
   2.80347228       46783850.519035384        0.0000000000000000     
   2.80416656       46795893.642989039        0.0000000000000000     
   2.80486107       47283583.511519410        0.0000000000000000     
   2.80555558       46825970.139097549        0.0000000000000000     
   2.80625010       47313887.268227383        0.0000000000000000     
   2.80694437       47332322.092331618        0.0000000000000000     
   2.80763888       47350811.577421546        0.0000000000000000     
   2.80833340       47370056.144663140        0.0000000000000000     
   2.80902767       47388315.370906994        0.0000000000000000     
   2.80972219       47407491.474493489        0.0000000000000000     
   2.81041670       47426064.354510278        0.0000000000000000     
   2.81111121       47444872.635516092        0.0000000000000000     
   2.81180549       47463651.242049746        0.0000000000000000     
   2.81250000       47482396.310249396        0.0000000000000000     
   2.81319451       47543061.727032155        0.0000000000000000     
   2.81388879       47515141.844758846        0.0000000000000000     
   2.81458330       47520176.117462993        0.0000000000000000     
   2.81527781       47541895.174316280        0.0000000000000000     
   2.81597233       47559247.282851681        0.0000000000000000     
   2.81666660       47620718.605620541        0.0000000000000000     
   2.81736112       47574281.302331418        0.0000000000000000     
   2.81805563       47589167.995010741        0.0000000000000000     
   2.81874990       47610092.429039448        0.0000000000000000     
   2.81944442       47628140.958514318        0.0000000000000000     
   2.82013893       47646697.675147258        0.0000000000000000     
   2.82083344       47721270.772586904        0.0000000000000000     
   2.82152772       47710823.685587704        0.0000000000000000     
   2.82222223       47752418.612725899        0.0000000000000000     
   2.82291675       47536510.936264038        0.0000000000000000     
   2.82361102       47553869.041741863        0.0000000000000000     
   2.82430553       47576922.667261496        0.0000000000000000     
   2.82500005       47594140.874047004        0.0000000000000000     
   2.82569456       47612084.638692826        0.0000000000000000     
   2.82638884       47631339.625302300        0.0000000000000000     
   2.82708335       48335278.198955156        0.0000000000000000     
   2.82777786       47051010.807660051        0.0000000000000000     
   2.82847214       47539900.875873215        0.0000000000000000     
   2.82916665       47170615.343417056        0.0000000000000000     
   2.82986116       47529204.791290417        0.0000000000000000     
   2.83055544       47074822.703514978        0.0000000000000000     
   2.83124995       47565655.975010626        0.0000000000000000     
   2.83194447       47582676.411807880        0.0000000000000000     
   2.83263898       47600893.379354991        0.0000000000000000     
   2.83333325       47620545.907349169        0.0000000000000000     
   2.83402777       47638563.560274541        0.0000000000000000     
   2.83472228       47657281.752298057        0.0000000000000000     
   2.83541656       47676000.278250962        0.0000000000000000     
   2.83611107       47694574.921398073        0.0000000000000000     
   2.83680558       47853079.924936451        0.0000000000000000     
   2.83750010       47750111.409654260        0.0000000000000000     
   2.83819437       47311140.435989998        0.0000000000000000     
   2.83888888       47462935.618632935        0.0000000000000000     
   2.83958340       47630077.471605688        0.0000000000000000     
   2.84027767       47641312.374748893        0.0000000000000000     
   2.84097219       47660161.802423000        0.0000000000000000     
   2.84166670       47678779.095008753        0.0000000000000000     
   2.84236121       47697240.508024395        0.0000000000000000     
   2.84305549       47715824.868756056        0.0000000000000000     
   2.84375000       47734500.745907627        0.0000000000000000     
   2.84444451       47752983.236554511        0.0000000000000000     
   2.84513879       47771591.851006627        0.0000000000000000     
   2.84583330       47790166.865121827        0.0000000000000000     
   2.84652781       47808707.556018591        0.0000000000000000     
   2.84722233       47827282.701169670        0.0000000000000000     
   2.84791660       47845830.845809326        0.0000000000000000     
   2.84861112       47864381.760002203        0.0000000000000000     
   2.84930563       47882928.894104086        0.0000000000000000     
   2.84999990       47901470.395551071        0.0000000000000000     
   2.85069442       47920008.137245215        0.0000000000000000     
   2.85138893       48646921.064449623        0.0000000000000000     
   2.85208344       47948671.468257189        0.0000000000000000     
   2.85277772       48803020.400332414        0.0000000000000000     
   2.85347223       47402732.046856783        0.0000000000000000     
   2.85416675       47899570.781067930        0.0000000000000000     
   2.85486102       47951737.893789396        0.0000000000000000     
   2.85555553       47921896.662989728        0.0000000000000000     
   2.85625005       47972356.834077798        0.0000000000000000     
   2.85694456       47928675.123374641        0.0000000000000000     
   2.85763884       47942534.955805920        0.0000000000000000     
   2.85833335       47963097.871776298        0.0000000000000000     
   2.85902786       47981443.460650533        0.0000000000000000     
   2.85972214       47999550.039953709        0.0000000000000000     
   2.86041665       48018109.483523056        0.0000000000000000     
   2.86111116       48036760.280046262        0.0000000000000000     
   2.86180544       48055071.508155629        0.0000000000000000     
   2.86249995       48129472.528775364        0.0000000000000000     
   2.86319447       48117394.241687305        0.0000000000000000     
   2.86388898       48158768.090399712        0.0000000000000000     
   2.86458325       47940905.599805757        0.0000000000000000     
   2.86527777       48476064.427820981        0.0000000000000000     
   2.86597228       48581092.772150084        0.0000000000000000     
   2.86666656       48470002.129525989        0.0000000000000000     
   2.86736107       48486321.868281156        0.0000000000000000     
   2.86805558       48508533.543124720        0.0000000000000000     
   2.86875010       48526551.264645658        0.0000000000000000     
   2.86944437       48544208.161780134        0.0000000000000000     
   2.87013888       48563395.042561494        0.0000000000000000     
   2.87083340       49282840.998687692        0.0000000000000000     
   2.87152767       48686209.497734100        0.0000000000000000     
   2.87222219       48162998.859298922        0.0000000000000000     
   2.87291670       48463748.393727027        0.0000000000000000     
   2.87361121       48117813.699137278        0.0000000000000000     
   2.87430549       48012277.291937351        0.0000000000000000     
   2.87500000       47575887.604855113        0.0000000000000000     
   2.87569451       47725252.674293742        0.0000000000000000     
   2.87638879       47894976.903291941        0.0000000000000000     
   2.87708330       47905541.258292057        0.0000000000000000     
   2.87777781       47925139.348675996        0.0000000000000000     
   2.87847233       47944008.280348644        0.0000000000000000     
   2.87916660       47962898.185803846        0.0000000000000000     
   2.87986112       47981791.499040075        0.0000000000000000     
   2.88055563       48000878.324711293        0.0000000000000000     
   2.88124990       48019705.715496399        0.0000000000000000     
   2.88194442       48038694.199026860        0.0000000000000000     
   2.88263893       48524252.914437652        0.0000000000000000     
   2.88333344       48062530.394099049        0.0000000000000000     
   2.88402772       48081138.618214048        0.0000000000000000     
   2.88472223       48100776.411530264        0.0000000000000000     
   2.88541675       48587414.519235596        0.0000000000000000     
   2.88611102       48602805.830817014        0.0000000000000000     
   2.88680553       48620815.473895952        0.0000000000000000     
   2.88750005       48640800.551241875        0.0000000000000000     
   2.88819456       48658477.614580490        0.0000000000000000     
   2.88888884       48676982.036354937        0.0000000000000000     
   2.88958335       48695433.265478633        0.0000000000000000     
   2.89027786       48713948.642048724        0.0000000000000000     
   2.89097214       48732317.371224366        0.0000000000000000     
   2.89166665       48750724.682949506        0.0000000000000000     
   2.89236116       48769178.117526419        0.0000000000000000     
   2.89305544       48787586.672909088        0.0000000000000000     
   2.89374995       49300637.863685854        0.0000000000000000     
   2.89444447       48801635.811654828        0.0000000000000000     
   2.89513898       49315443.455310144        0.0000000000000000     
   2.89583325       49340757.485522442        0.0000000000000000     
   2.89652777       48863863.173894405        0.0000000000000000     
   2.89722228       49425131.071168579        0.0000000000000000     
   2.89791656       49393777.580246247        0.0000000000000000     
   2.89861107       49440300.328244075        0.0000000000000000     
   2.89930558       49397624.877918571        0.0000000000000000     
   2.90000010       49410151.574840941        0.0000000000000000     
   2.90069437       49430530.180768035        0.0000000000000000     
   2.90138888       49448787.220700078        0.0000000000000000     
   2.90208340       49467381.474198110        0.0000000000000000     
   2.90277767       49567854.057365678        0.0000000000000000     
   2.90347219       49458692.669870012        0.0000000000000000     
   2.90416670       49530726.173712045        0.0000000000000000     
   2.90486121       49522357.519655854        0.0000000000000000     
   2.90555549       49562838.147567980        0.0000000000000000     
   2.90625000       49347109.664211951        0.0000000000000000     
   2.90694451       50026182.278398111        0.0000000000000000     
   2.90763879       48780832.908811465        0.0000000000000000     
   2.90833330       49269359.377334282        0.0000000000000000     
   2.90902781       49289181.546237864        0.0000000000000000     
   2.90972233       49303092.587593816        0.0000000000000000     
   2.91041660       49324229.983027481        0.0000000000000000     
   2.91111112       49483243.584118001        0.0000000000000000     
   2.91180563       49378107.126866050        0.0000000000000000     
   2.91249990       48936615.394179188        0.0000000000000000     
   2.91319442       49088480.662460424        0.0000000000000000     
   2.91388893       49255438.793389358        0.0000000000000000     
   2.91458344       49266357.242782235        0.0000000000000000     
   2.91527772       50057886.518543057        0.0000000000000000     
   2.91597223       50076208.135389090        0.0000000000000000     
   2.91666675       50093290.766447723        0.0000000000000000     
   2.91736102       50110415.228665553        0.0000000000000000     
   2.91805553       50128694.075151801        0.0000000000000000     
   2.91875005       50147521.858810060        0.0000000000000000     
   2.91944456       50166506.844283871        0.0000000000000000     
   2.92013884       50185400.928099796        0.0000000000000000     
   2.92083335       50203797.313212775        0.0000000000000000     
   2.92152786       50221815.079738051        0.0000000000000000     
   2.92222214       50239733.005895905        0.0000000000000000     
   2.92291665       50257814.363332555        0.0000000000000000     
   2.92361116       50276142.910607196        0.0000000000000000     
   2.92430544       50294647.447715111        0.0000000000000000     
   2.92499995       50313203.003295459        0.0000000000000000     
   2.92569447       50331663.448218256        0.0000000000000000     
   2.92638898       50349969.060738653        0.0000000000000000     
   2.92708325       50368162.446744554        0.0000000000000000     
   2.92777777       50386327.578162439        0.0000000000000000     
   2.92847228       50404535.858529881        0.0000000000000000     
   2.92916656       50422813.370141916        0.0000000000000000     
   2.92986107       51160249.060975388        0.0000000000000000     
   2.93055558       51316615.047262222        0.0000000000000000     
   2.93125010       50653776.916340254        0.0000000000000000     
   2.93194437       50423485.979035676        0.0000000000000000     
   2.93263888       50419497.713122107        0.0000000000000000     
   2.93333340       50447069.413066290        0.0000000000000000     
   2.93402767       50470445.647217385        0.0000000000000000     
   2.93472219       50483199.736604646        0.0000000000000000     
   2.93541670       50501462.824003950        0.0000000000000000     
   2.93611121       50521669.853639767        0.0000000000000000     
   2.93680549       50539354.339245848        0.0000000000000000     
   2.93750000       50557005.594895281        0.0000000000000000     
   2.93819451       50575621.790925987        0.0000000000000000     
   2.93888879       50635812.037387893        0.0000000000000000     
   2.93958330       50606787.146335714        0.0000000000000000     
   2.94027781       50611569.124066770        0.0000000000000000     
   2.94097233       50715055.162800387        0.0000000000000000     
   2.94166660       50603280.513650559        0.0000000000000000     
   2.94236112       50662529.210269518        0.0000000000000000     
   2.94305563       50618874.411153555        0.0000000000000000     
   2.94374990       51322057.428767361        0.0000000000000000     
   2.94444442       50592689.428852387        0.0000000000000000     
   2.94513893       50612966.311086729        0.0000000000000000     
   2.94583344       50633778.585469283        0.0000000000000000     
   2.94652772       50649852.750099681        0.0000000000000000     
   2.94722223       50724547.166164875        0.0000000000000000     
   2.94791675       50712869.170335323        0.0000000000000000     
   2.94861102       50893990.878701203        0.0000000000000000     
   2.94930553       50554579.060141876        0.0000000000000000     
   2.95000005       50113753.355145626        0.0000000000000000     
   2.95069456       50269509.873976231        0.0000000000000000     
   2.95138884       50434733.324338429        0.0000000000000000     
   2.95208335       50444901.335478477        0.0000000000000000     
   2.95277786       51304683.837912582        0.0000000000000000     
   2.95347214       50826231.570611879        0.0000000000000000     
   2.95416665       50968121.010057643        0.0000000000000000     
   2.95486116       50534837.987292148        0.0000000000000000     
   2.95555544       50120747.077693485        0.0000000000000000     
   2.95624995       49623260.859414108        0.0000000000000000     
   2.95694447       50113922.412575334        0.0000000000000000     
   2.95763898       49679852.617941745        0.0000000000000000     
   2.95833325       50162905.254176550        0.0000000000000000     
   2.95902777       50174049.873396195        0.0000000000000000     
   2.95972228       50194571.851099357        0.0000000000000000     
   2.96041656       50216195.729043566        0.0000000000000000     
   2.96111107       50231596.485146761        0.0000000000000000     
   2.96180558       50252691.045306981        0.0000000000000000     
   2.96250010       50270719.879679643        0.0000000000000000     
   2.96319437       50289673.258540988        0.0000000000000000     
   2.96388888       50308675.226230755        0.0000000000000000     
   2.96458340       50327446.989241511        0.0000000000000000     
   2.96527767       50346312.063803434        0.0000000000000000     
   2.96597219       50365199.035767525        0.0000000000000000     
   2.96666670       50384017.227072552        0.0000000000000000     
   2.96736121       50402877.183904201        0.0000000000000000     
   2.96805549       50421715.755430527        0.0000000000000000     
   2.96875000       50440549.322706021        0.0000000000000000     
   2.96944451       50459383.795844540        0.0000000000000000     
   2.97013879       50478210.233664706        0.0000000000000000     
   2.97083330       50497033.499991693        0.0000000000000000     
   2.97152781       50515852.430366345        0.0000000000000000     
   2.97222233       50534666.865911640        0.0000000000000000     
   2.97291660       50553476.794830367        0.0000000000000000     
   2.97361112       50572282.759071805        0.0000000000000000     
   2.97430563       50985193.443924583        0.0000000000000000     
   2.97499990       50196555.849264383        0.0000000000000000     
   2.97569442       50184773.107629918        0.0000000000000000     
   2.97638893       50203567.787159950        0.0000000000000000     
   2.97708344       50217163.579421267        0.0000000000000000     
   2.97777772       50240257.230732858        0.0000000000000000     
   2.97847223       50337962.522510640        0.0000000000000000     
   2.97916675       50229214.225695387        0.0000000000000000     
   2.97986102       50246025.616169155        0.0000000000000000     
   2.98055553       50267590.856766135        0.0000000000000000     
   2.98125005       50285012.013153829        0.0000000000000000     
   2.98194456       50303282.581318460        0.0000000000000000     
   2.98263884       50364329.388761640        0.0000000000000000     
   2.98333335       50335128.994906530        0.0000000000000000     
   2.98402786       50381935.751489058        0.0000000000000000     
   2.98472214       50340098.460000396        0.0000000000000000     
   2.98541665       50353551.050696224        0.0000000000000000     
   2.98611116       50374144.862512819        0.0000000000000000     
   2.98680544       50532574.080597304        0.0000000000000000     
   2.98749995       50428054.036305442        0.0000000000000000     
   2.98819447       49988197.243830800        0.0000000000000000     
   2.98888898       50139827.165452652        0.0000000000000000     
   2.98958325       50306572.688937478        0.0000000000000000     
   2.99027777       50824742.421626464        0.0000000000000000     
   2.99097228       50859539.936220124        0.0000000000000000     
   2.99166656       50898797.351924859        0.0000000000000000     
   2.99236107       50686247.232705519        0.0000000000000000     
   2.99305558       50698113.582913004        0.0000000000000000     
   2.99375010       50724914.759452552        0.0000000000000000     
   2.99444437       50739894.443074375        0.0000000000000000     
   2.99513888       50758331.650355175        0.0000000000000000     
   2.99583340       50777185.123323753        0.0000000000000000     
   2.99652767       50796108.504022121        0.0000000000000000     
   2.99722219       50813792.289611913        0.0000000000000000     
   2.99791670       50832571.608116463        0.0000000000000000     
   2.99861121       50851079.319858693        0.0000000000000000     
   2.99930549       50869337.275141798        0.0000000000000000     
   3.00000000       50887819.372199170        0.0000000000000000     
   3.00069451       50906312.035449833        0.0000000000000000     
   3.00138879       50924702.998658977        0.0000000000000000     
   3.00208330       50943168.753975265        0.0000000000000000     
   3.00277781       50961648.625170462        0.0000000000000000     
   3.00347233       50980109.742316835        0.0000000000000000     
   3.00416660       50998596.196397513        0.0000000000000000     
   3.00486112       51017099.702247091        0.0000000000000000     
   3.00555563       51035603.593272813        0.0000000000000000     
   3.00624990       51054120.934633009        0.0000000000000000     
   3.00694442       51072648.954395115        0.0000000000000000     
   3.00763893       51091184.182868198        0.0000000000000000     
   3.00833344       51109729.278666951        0.0000000000000000     
   3.00902772       51128285.726634070        0.0000000000000000     
   3.00972223       51146851.583566740        0.0000000000000000     
   3.01041675       51629736.230313383        0.0000000000000000     
   3.01111102       51154858.206366360        0.0000000000000000     
   3.01180553       51172666.029595263        0.0000000000000000     
   3.01250005       51192759.496288329        0.0000000000000000     
   3.01319456       51209764.235187039        0.0000000000000000     
   3.01388884       51229558.787316047        0.0000000000000000     
   3.01458335       51247619.331456982        0.0000000000000000     
   3.01527786       51266472.076666810        0.0000000000000000     
   3.01597214       52570978.846982867        0.0000000000000000     
   3.01666665       51661680.899161354        0.0000000000000000     
   3.01736116       52124369.431867972        0.0000000000000000     
   3.01805544       52862275.057514518        0.0000000000000000     
   3.01874995       52833491.963604011        0.0000000000000000     
   3.01944447       53052202.454782575        0.0000000000000000     
   3.02013898       52807669.899765074        0.0000000000000000     
   3.02083325       52737197.900896899        0.0000000000000000     
   3.02152777       52712028.979181103        0.0000000000000000     
   3.02222228       51847556.712306067        0.0000000000000000     
   3.02291656       52921720.704351060        0.0000000000000000     
   3.02361107       51610205.797373973        0.0000000000000000     
   3.02430558       51651536.102461495        0.0000000000000000     
   3.02500010       51187652.256163299        0.0000000000000000     
   3.02569437       48051729.575651467        0.0000000000000000     
   3.02638888       48157260.662716821        0.0000000000000000     
   3.02708340       47795757.675152078        0.0000000000000000     
   3.02777767       47952024.756268241        0.0000000000000000     
   3.02847219       48430098.874351270        0.0000000000000000     
   3.02916670       48358166.396852821        0.0000000000000000     
   3.02986121       48336949.477352761        0.0000000000000000     
   3.03055549       48863680.878884435        0.0000000000000000     
   3.03125000       47118074.072689883        0.0000000000000000     
   3.03194451       47476597.312130429        0.0000000000000000     
   3.03263879       47472032.212303713        0.0000000000000000     
   3.03333330       47485837.212469451        0.0000000000000000     
   3.03402781       47213486.006407343        0.0000000000000000     
   3.03472233       47196747.799110331        0.0000000000000000     
   3.03541660       47233778.407246262        0.0000000000000000     
   3.03611112       47012396.124978662        0.0000000000000000     
   3.03680563       47026444.761747628        0.0000000000000000     
   3.03749990       47046816.773514494        0.0000000000000000     
   3.03819442       47061595.028495736        0.0000000000000000     
   3.03888893       47077415.219280750        0.0000000000000000     
   3.03958344       47771927.692290865        0.0000000000000000     
   3.04027772       46484057.558583930        0.0000000000000000     
   3.04097223       46967484.276636653        0.0000000000000000     
   3.04166675       46519174.512731187        0.0000000000000000     
   3.04236102       46535499.540498130        0.0000000000000000     
   3.04305553       46554474.821437046        0.0000000000000000     
   3.04375005       47039213.410518229        0.0000000000000000     
   3.04444456       46581567.573276170        0.0000000000000000     
   3.04513884       47067955.716322489        0.0000000000000000     
   3.04583335       47085813.365365550        0.0000000000000000     
   3.04652786       47103167.957315065        0.0000000000000000     
   3.04722214       47121514.636183910        0.0000000000000000     
   3.04791665       47139151.832839303        0.0000000000000000     
   3.04861116       47157531.937675029        0.0000000000000000     
   3.04930544       47175418.304463282        0.0000000000000000     
   3.04999995       47193579.492807940        0.0000000000000000     
   3.05069447       47211759.785143115        0.0000000000000000     
   3.05138898       47229928.556245558        0.0000000000000000     
   3.05208325       47248155.173938267        0.0000000000000000     
   3.05277777       47266423.398152694        0.0000000000000000     
   3.05347228       47284717.349678665        0.0000000000000000     
   3.05416656       47384464.051698938        0.0000000000000000     
   3.05486107       47275241.472984947        0.0000000000000000     
   3.05555558       47292095.912731946        0.0000000000000000     
   3.05625010       47313522.243370719        0.0000000000000000     
   3.05694437       47331055.747496538        0.0000000000000000     
   3.05763888       47349284.211287901        0.0000000000000000     
   3.05833340       47368076.762040600        0.0000000000000000     
   3.05902767       47386415.864890598        0.0000000000000000     
   3.05972219       47404838.468222387        0.0000000000000000     
   3.06041670       47423420.101482481        0.0000000000000000     
   3.06111121       47441881.023537904        0.0000000000000000     
   3.06180549       47460408.772423193        0.0000000000000000     
   3.06250000       47619676.003934368        0.0000000000000000     
   3.06319451       47515223.379064992        0.0000000000000000     
   3.06388879       47074176.875547096        0.0000000000000000     
   3.06458330       47226097.691895895        0.0000000000000000     
   3.06527781       47393409.444236726        0.0000000000000000     
   3.06597233       47404689.520849116        0.0000000000000000     
   3.06666660       48134854.123062603        0.0000000000000000     
   3.06736112       48273166.272711329        0.0000000000000000     
   3.06805563       47388816.973478280        0.0000000000000000     
   3.06874990       47359537.350222975        0.0000000000000000     
   3.06944442       47408854.900940962        0.0000000000000000     
   3.07013893       47365724.486231551        0.0000000000000000     
   3.07083344       47380454.271154456        0.0000000000000000     
   3.07152772       47400944.833613157        0.0000000000000000     
   3.07222223       47419363.456117108        0.0000000000000000     
   3.07291675       47437782.183808185        0.0000000000000000     
   3.07361102       47456696.385673121        0.0000000000000000     
   3.07430553       47475451.809705779        0.0000000000000000     
   3.07500005       47494096.668089375        0.0000000000000000     
   3.07569456       47568576.391002879        0.0000000000000000     
   3.07638884       47556909.951718904        0.0000000000000000     
   3.07708335       47598584.403378427        0.0000000000000000     
   3.07777786       47381605.074948803        0.0000000000000000     
   3.07847214       47398984.192574464        0.0000000000000000     
   3.07916665       47422201.533653021        0.0000000000000000     
   3.07986116       47439498.580902688        0.0000000000000000     
   3.08055544       47457602.355444141        0.0000000000000000     
   3.08124995       47477018.948238872        0.0000000000000000     
   3.08194447       47496219.694312744        0.0000000000000000     
   3.08263898       47514387.171385594        0.0000000000000000     
   3.08333325       47533565.326434068        0.0000000000000000     
   3.08402777       47552530.813586354        0.0000000000000000     
   3.08472228       48273410.582376100        0.0000000000000000     
   3.08541656       47676811.861094713        0.0000000000000000     
   3.08611107       47160276.477517687        0.0000000000000000     
   3.08680558       47459882.567538090        0.0000000000000000     
   3.08750010       46972992.550940916        0.0000000000000000     
   3.08819437       46990063.983976670        0.0000000000000000     
   3.08888888       47012291.810446002        0.0000000000000000     
   3.08958340       47028906.016000837        0.0000000000000000     
   3.09027767       47050379.132480137        0.0000000000000000     
   3.09097219       47150446.141492568        0.0000000000000000     
   3.09166670       47042444.825059965        0.0000000000000000     
   3.09236121       47060280.208371893        0.0000000000000000     
   3.09305549       47082831.821815133        0.0000000000000000     
   3.09375000       47101383.851192676        0.0000000000000000     
   3.09444451       47120720.023518674        0.0000000000000000     
   3.09513879       47607368.354121506        0.0000000000000000     
   3.09583330       47148487.404630482        0.0000000000000000     
   3.09652781       47167702.176677898        0.0000000000000000     
   3.09722233       47187917.624372274        0.0000000000000000     
   3.09791660       47676267.200306065        0.0000000000000000     
   3.09861112       47831574.642443851        0.0000000000000000     
   3.09930563       47728182.506918676        0.0000000000000000     
   3.09999990       47290528.008166775        0.0000000000000000     
   3.10069442       47442035.314554274        0.0000000000000000     
   3.10138893       47610007.903136209        0.0000000000000000     
   3.10208344       47621664.032893956        0.0000000000000000     
   3.10277772       47641181.593105823        0.0000000000000000     
   3.10347223       47660296.304800689        0.0000000000000000     
   3.10416675       47679296.969573744        0.0000000000000000     
   3.10486102       47698516.120018244        0.0000000000000000     
   3.10555553       47717788.202502601        0.0000000000000000     
   3.10625005       47736869.040776327        0.0000000000000000     
   3.10694456       47756119.387481406        0.0000000000000000     
   3.10763884       47775337.951717660        0.0000000000000000     
   3.10833335       47794533.512139410        0.0000000000000000     
   3.10902786       47855993.142878458        0.0000000000000000     
   3.10972214       47828071.659780495        0.0000000000000000     
   3.11041665       47875634.411300711        0.0000000000000000     
   3.11111116       47834451.751344912        0.0000000000000000     
   3.11180544       47848828.878436871        0.0000000000000000     
   3.11249995       47870311.158491015        0.0000000000000000     
   3.11319447       47889187.213294320        0.0000000000000000     
   3.11388898       47908230.463859908        0.0000000000000000     
   3.11458325       47927691.115231797        0.0000000000000000     
   3.11527777       47947091.882377721        0.0000000000000000     
   3.11597228       48021661.697576977        0.0000000000000000     
   3.11666656       48011239.382895447        0.0000000000000000     
   3.11736107       48053564.228367358        0.0000000000000000     
   3.11805558       48502165.452677548        0.0000000000000000     
   3.11875010       47252595.777608022        0.0000000000000000     
   3.11944437       47749482.783271991        0.0000000000000000     
   3.12013888       47769336.085961327        0.0000000000000000     
   3.12083340       47783164.772791006        0.0000000000000000     
   3.12152767       47805604.282533117        0.0000000000000000     
   3.12222219       47825824.699750952        0.0000000000000000     
   3.12291670       47843916.073931232        0.0000000000000000     
   3.12361121       47863483.457668692        0.0000000000000000     
   3.12430549       47883440.658090018        0.0000000000000000     
   3.12500000       47902608.952205583        0.0000000000000000     
   3.12569451       47922016.374099210        0.0000000000000000     
   3.12638879       48023330.747438245        0.0000000000000000     
   3.12708330       47915073.440543689        0.0000000000000000     
   3.12777781       47933045.696084321        0.0000000000000000     
   3.12847233       47955584.020620666        0.0000000000000000     
   3.12916660       48492275.223124497        0.0000000000000000     
   3.12986112       48511722.518487804        0.0000000000000000     
   3.13055563       48531764.551038578        0.0000000000000000     
   3.13124990       48551306.888854630        0.0000000000000000     
   3.13194442       48570994.476244695        0.0000000000000000     
   3.13263893       48590755.367336109        0.0000000000000000     
   3.13333344       48610404.222610541        0.0000000000000000     
   3.13402772       48770804.869277127        0.0000000000000000     
   3.13472223       48667944.734068677        0.0000000000000000     
   3.13541675       48227594.364256598        0.0000000000000000     
   3.13611102       48380901.838992298        0.0000000000000000     
   3.13680553       48549642.790266968        0.0000000000000000     
   3.13750005       48561858.527705908        0.0000000000000000     
   3.13819456       49300147.538512185        0.0000000000000000     
   3.13888884       49458258.585766055        0.0000000000000000     
   3.13958335       48799841.529142871        0.0000000000000000     
   3.14027786       48571049.597569667        0.0000000000000000     
   3.14097214       48569252.910863698        0.0000000000000000     
   3.14166665       48598159.848211817        0.0000000000000000     
   3.14236116       48623030.056665778        0.0000000000000000     
   3.14305544       48637487.712252229        0.0000000000000000     
   3.14374995       48657334.953199789        0.0000000000000000     
   3.14444447       48679118.868777961        0.0000000000000000     
   3.14513898       48698439.089210771        0.0000000000000000     
   3.14583325       48926936.683700256        0.0000000000000000     
   3.14652777       49061817.754207306        0.0000000000000000     
   3.14722228       48699194.863225341        0.0000000000000000     
   3.14791656       48698069.578104645        0.0000000000000000     
   3.14861107       48769496.736544289        0.0000000000000000     
   3.14930558       48746751.492625505        0.0000000000000000     
   3.15000010       48790088.743530996        0.0000000000000000     
   3.15069437       48748968.919790410        0.0000000000000000     
   3.15138888       48765971.674783327        0.0000000000000000     
   3.15208340       48787606.743212491        0.0000000000000000     
   3.15277767       48806630.246215507        0.0000000000000000     
   3.15347219       48826745.805210933        0.0000000000000000     
   3.15416670       48846985.826390207        0.0000000000000000     
   3.15486121       48866927.065928310        0.0000000000000000     
   3.15555549       48942880.967809767        0.0000000000000000     
   3.15625000       49428826.894902676        0.0000000000000000     
   3.15694451       48957455.887426242        0.0000000000000000     
   3.15763879       49237780.630422704        0.0000000000000000     
   3.15833330       49262244.478085078        0.0000000000000000     
   3.15902781       48790350.100514568        0.0000000000000000     
   3.15972233       49309535.432487115        0.0000000000000000     
   3.16041660       49327096.870514072        0.0000000000000000     
   3.16111112       50104802.869806722        0.0000000000000000     
   3.16180563       49228154.061105758        0.0000000000000000     
   3.16249990       49249398.164894029        0.0000000000000000     
   3.16319442       49277056.478533082        0.0000000000000000     
   3.16388893       49292785.941937082        0.0000000000000000     
   3.16458344       49313876.692406721        0.0000000000000000     
   3.16527772       49335246.897956423        0.0000000000000000     
   3.16597223       49355114.110245138        0.0000000000000000     
   3.16666675       49375130.832669400        0.0000000000000000     
   3.16736102       49395766.107308112        0.0000000000000000     
   3.16805553       49415911.134974599        0.0000000000000000     
   3.16875005       49577300.427008636        0.0000000000000000     
   3.16944456       49474383.315254152        0.0000000000000000     
   3.17013884       49032730.762237281        0.0000000000000000     
   3.17083335       49186654.711476207        0.0000000000000000     
   3.17152786       49356123.401662536        0.0000000000000000     
   3.17222214       49368738.577447787        0.0000000000000000     
   3.17291665       49389307.494531892        0.0000000000000000     
   3.17361116       49409648.407040320        0.0000000000000000     
   3.17430544       50274538.590873368        0.0000000000000000     
   3.17499995       49765457.929494858        0.0000000000000000     
   3.17569447       50815756.376521304        0.0000000000000000     
   3.17638898       49551128.240067065        0.0000000000000000     
   3.17708325       49575535.383328259        0.0000000000000000     
   3.17777777       49595051.776203237        0.0000000000000000     
   3.17847228       49611180.306254201        0.0000000000000000     
   3.17916656       49636490.266518727        0.0000000000000000     
   3.17986107       49657100.991376400        0.0000000000000000     
   3.18055558       49678399.411988296        0.0000000000000000     
   3.18125010       49699731.911668420        0.0000000000000000     
   3.18194437       49720458.529572763        0.0000000000000000     
   3.18263888       49740882.779746130        0.0000000000000000     
   3.18333340       49761657.601201802        0.0000000000000000     
   3.18402767       49782716.812508740        0.0000000000000000     
   3.18472219       50259786.236270390        0.0000000000000000     
   3.18541670       49757521.386896916        0.0000000000000000     
   3.18611121       49776946.089588761        0.0000000000000000     
   3.18680549       49843483.915190212        0.0000000000000000     
   3.18750000       49814338.141496502        0.0000000000000000     
   3.18819451       49866025.674462721        0.0000000000000000     
   3.18888879       49825155.648115523        0.0000000000000000     
   3.18958330       49841826.669105202        0.0000000000000000     
   3.19027781       49865064.380072176        0.0000000000000000     
   3.19097233       49885906.165339701        0.0000000000000000     
   3.19166660       49906770.379009046        0.0000000000000000     
   3.19236112       49928097.572267681        0.0000000000000000     
   3.19305563       49949290.729886182        0.0000000000000000     
   3.19374990       50026337.862173013        0.0000000000000000     
   3.19444442       50017935.678278722        0.0000000000000000     
   3.19513893       50144001.855102591        0.0000000000000000     
   3.19583344       49801272.594342202        0.0000000000000000     
   3.19652772       49819542.464308456        0.0000000000000000     
   3.19722223       50313082.317950249        0.0000000000000000     
   3.19791675       49846488.224766582        0.0000000000000000     
   3.19861102       49866308.690588534        0.0000000000000000     
   3.19930553       49889544.868247591        0.0000000000000000     
   3.20000005       49909875.951154098        0.0000000000000000     
   3.20069456       49931238.051930770        0.0000000000000000     
   3.20138884       50421011.447293609        0.0000000000000000     
   3.20208335       50107072.898241214        0.0000000000000000     
   3.20277786       50476410.425514624        0.0000000000000000     
   3.20347214       50036620.343753077        0.0000000000000000     
   3.20416665       50190745.577926919        0.0000000000000000     
   3.20486116       50361394.085306332        0.0000000000000000     
   3.20555544       50373759.067300305        0.0000000000000000     
   3.20624995       50395303.266185425        0.0000000000000000     
   3.20694447       50416046.249244317        0.0000000000000000     
   3.20763898       50436771.894903697        0.0000000000000000     
   3.20833325       50457690.059759364        0.0000000000000000     
   3.20902777       50478654.138854951        0.0000000000000000     
   3.20972228       50499449.257886328        0.0000000000000000     
   3.21041656       50520405.639240466        0.0000000000000000     
   3.21111107       50541319.322622389        0.0000000000000000     
   3.21180558       50562225.774765067        0.0000000000000000     
   3.21250010       50583178.503355943        0.0000000000000000     
   3.21319437       50604117.123247892        0.0000000000000000     
   3.21388888       50625072.866844095        0.0000000000000000     
   3.21458340       50646039.127760246        0.0000000000000000     
   3.21527767       50667012.967864223        0.0000000000000000     
   3.21597219       50687997.582973517        0.0000000000000000     
   3.21666670       50708991.870278932        0.0000000000000000     
   3.21736121       50729996.088729538        0.0000000000000000     
   3.21805549       50751009.535826735        0.0000000000000000     
   3.21875000       50772033.252020806        0.0000000000000000     
   3.21944451       50793066.028564677        0.0000000000000000     
   3.22013879       50814109.101993069        0.0000000000000000     
   3.22083330       51255881.425375372        0.0000000000000000     
   3.22152781       50201345.683883034        0.0000000000000000     
   3.22222233       50223573.751520611        0.0000000000000000     
   3.22291660       50248708.359679557        0.0000000000000000     
   3.22361112       50267349.620630346        0.0000000000000000     
   3.22430563       50333463.078915104        0.0000000000000000     
   3.22499990       50307560.603361383        0.0000000000000000     
   3.22569442       50357723.705119558        0.0000000000000000     
   3.22638893       50782308.481308259        0.0000000000000000     
   3.22708344       50309707.181752890        0.0000000000000000     
   3.22777772       50414366.354547590        0.0000000000000000     
   3.22847223       50309906.169718631        0.0000000000000000     
   3.22916675       50328398.019776076        0.0000000000000000     
   3.22986102       50354286.907990940        0.0000000000000000     
   3.23055553       50429987.200831302        0.0000000000000000     
   3.23125005       50891212.275325812        0.0000000000000000     
   3.23194456       50459970.887328185        0.0000000000000000     
   3.23263884       50715654.026663803        0.0000000000000000     
   3.23333335       50734638.559664197        0.0000000000000000     
   3.23402786       50759929.656989902        0.0000000000000000     
   3.23472214       50920438.616081610        0.0000000000000000     
   3.23541665       50818876.422561787        0.0000000000000000     
   3.23611116       50381677.290787712        0.0000000000000000     
   3.23680544       50536753.589606971        0.0000000000000000     
   3.23749995       50706485.136942528        0.0000000000000000     
   3.23819447       50720254.302168027        0.0000000000000000     
   3.23888898       50741935.079238214        0.0000000000000000     
   3.23958325       50763153.823429719        0.0000000000000000     
   3.24027777       50784369.981514558        0.0000000000000000     
   3.24097228       51397714.046027087        0.0000000000000000     
   3.24166656       51419626.389659978        0.0000000000000000     
   3.24236107       51440848.680748321        0.0000000000000000     
   3.24305558       51462406.493441589        0.0000000000000000     
   3.24375010       51483987.861851029        0.0000000000000000     
   3.24444437       51505420.930134669        0.0000000000000000     
   3.24513888       51527077.988061130        0.0000000000000000     
   3.24583340       51548602.924988724        0.0000000000000000     
   3.24652767       51570202.494962394        0.0000000000000000     
   3.24722219       51591765.779086694        0.0000000000000000     
   3.24791670       51613340.190054618        0.0000000000000000     
   3.24861121       51634925.274544090        0.0000000000000000     
   3.24930549       51656529.711492494        0.0000000000000000     
   3.25000000       51678149.030788250        0.0000000000000000     
   3.25069451       52384005.805895098        0.0000000000000000     
   3.25138879       51105177.087046564        0.0000000000000000     
   3.25208330       51596683.186870396        0.0000000000000000     
   3.25277781       51148381.964229934        0.0000000000000000     
   3.25347233       51638049.375436135        0.0000000000000000     
   3.25416660       51187667.934804372        0.0000000000000000     
   3.25486112       51678966.258062229        0.0000000000000000     
   3.25555563       51699704.272560589        0.0000000000000000     
   3.25624990       51721119.840002991        0.0000000000000000     
   3.25694442       51743626.921733655        0.0000000000000000     
   3.25763893       51764793.118218444        0.0000000000000000     
   3.25833344       51786695.392525516        0.0000000000000000     
   3.25902772       51808427.160645895        0.0000000000000000     
   3.25972223       51830195.542353921        0.0000000000000000     
   3.26041675       51976591.077762440        0.0000000000000000     
   3.26111102       51824137.825651981        0.0000000000000000     
   3.26180553       51872343.310695104        0.0000000000000000     
   3.26250005       52638575.166895218        0.0000000000000000     
   3.26319456       52063312.333545893        0.0000000000000000     
   3.26388884       52164656.650681868        0.0000000000000000     
   3.26458335       52940669.817122892        0.0000000000000000     
   3.26527786       53023368.047474965        0.0000000000000000     
   3.26597214       53586427.742351063        0.0000000000000000     
   3.26666665       54012436.719281249        0.0000000000000000     
   3.26736116       52796130.481129467        0.0000000000000000     
   3.26805544       52282901.641272619        0.0000000000000000     
   3.26874995       51203656.612994052        0.0000000000000000     
   3.26944447       51437917.966557220        0.0000000000000000     
   3.27013898       51321802.689650699        0.0000000000000000     
   3.27083325       48390357.500354446        0.0000000000000000     
   3.27152777       49114645.369236581        0.0000000000000000     
   3.27222228       49467790.635592498        0.0000000000000000     
   3.27291656       48130030.823122174        0.0000000000000000     
   3.27361107       49785969.351439416        0.0000000000000000     
   3.27430558       47588412.727083392        0.0000000000000000     
   3.27500010       46821717.914441295        0.0000000000000000     
   3.27569437       47188494.093884632        0.0000000000000000     
   3.27638888       47179503.971718147        0.0000000000000000     
   3.27708340       47197290.493116327        0.0000000000000000     
   3.27777767       47209540.554577686        0.0000000000000000     
   3.27847219       47224488.993276902        0.0000000000000000     
   3.27916670       47239921.485227369        0.0000000000000000     
   3.27986121       47256309.717455842        0.0000000000000000     
   3.28055549       47272394.972730428        0.0000000000000000     
   3.28125000       47289101.643067159        0.0000000000000000     
   3.28194451       47306442.654325664        0.0000000000000000     
   3.28263879       47324327.396843702        0.0000000000000000     
   3.28333330       47342788.190354399        0.0000000000000000     
   3.28402781       47361840.648204230        0.0000000000000000     
   3.28472233       47381276.827026814        0.0000000000000000     
   3.28541660       47400998.732206725        0.0000000000000000     
   3.28611112       47420937.734285347        0.0000000000000000     
   3.28680563       47441076.568406910        0.0000000000000000     
   3.28749990       47461378.447447024        0.0000000000000000     
   3.28819442       47481817.382389791        0.0000000000000000     
   3.28888893       48203819.884460472        0.0000000000000000     
   3.28958344       47609432.125504337        0.0000000000000000     
   3.29027772       47088248.799466223        0.0000000000000000     
   3.29097223       47391994.175213620        0.0000000000000000     
   3.29166675       46989097.271282822        0.0000000000000000     
   3.29236102       46880814.670961648        0.0000000000000000     
   3.29305553       46904107.027893469        0.0000000000000000     
   3.29375005       46926104.531143710        0.0000000000000000     
   3.29444456       46949352.931859963        0.0000000000000000     
   3.29513884       46970123.875343159        0.0000000000000000     
   3.29583335       47035401.388198845        0.0000000000000000     
   3.29652786       47011320.465245306        0.0000000000000000     
   3.29722214       47061369.807793051        0.0000000000000000     
   3.29791665       47162704.658152185        0.0000000000000000     
   3.29861116       47525154.698907062        0.0000000000000000     
   3.29930544       46610858.589100979        0.0000000000000000     
   3.29999995       46766438.643050946        0.0000000000000000     
   3.30069447       46938590.278361626        0.0000000000000000     
   3.30138898       47421906.257046327        0.0000000000000000     
   3.30208325       47495397.885419294        0.0000000000000000     
   3.30277777       47488433.711612388        0.0000000000000000     
   3.30347228       47535594.076322176        0.0000000000000000     
   3.30416656       47319712.064426407        0.0000000000000000     
   3.30486107       47340414.276685975        0.0000000000000000     
   3.30555558       47366665.904689528        0.0000000000000000     
   3.30625010       47387264.701014966        0.0000000000000000     
   3.30694437       47408517.137204021        0.0000000000000000     
   3.30763888       47431107.661498562        0.0000000000000000     
   3.30833340       47453522.063942507        0.0000000000000000     
   3.30902767       47474896.900099225        0.0000000000000000     
   3.30972219       47497288.917464398        0.0000000000000000     
   3.31041670       47519452.709058128        0.0000000000000000     
   3.31111121       47541366.751636505        0.0000000000000000     
   3.31180549       47563548.626479737        0.0000000000000000     
   3.31250000       47585702.656871267        0.0000000000000000     
   3.31319451       47607782.521026641        0.0000000000000000     
   3.31388879       47629941.640643366        0.0000000000000000     
   3.31458330       47652107.985001765        0.0000000000000000     
   3.31527781       47674258.570996135        0.0000000000000000     
   3.31597233       47696438.058686636        0.0000000000000000     
   3.31666660       47718629.013181448        0.0000000000000000     
   3.31736112       47740822.520650350        0.0000000000000000     
   3.31805563       47763031.286375031        0.0000000000000000     
   3.31874990       48447437.584694684        0.0000000000000000     
   3.31944442       47201617.506756559        0.0000000000000000     
   3.32013893       47696505.478096187        0.0000000000000000     
   3.32083344       47720484.949255161        0.0000000000000000     
   3.32152772       47737746.140958063        0.0000000000000000     
   3.32222223       47844367.822177857        0.0000000000000000     
   3.32291675       47739963.137779742        0.0000000000000000     
   3.32361102       47760085.405089721        0.0000000000000000     
   3.32430553       47785151.529296957        0.0000000000000000     
   3.32500005       47807042.412236124        0.0000000000000000     
   3.32569456       47829059.078180276        0.0000000000000000     
   3.32638884       47851596.644552834        0.0000000000000000     
   3.32708335       47873921.836788610        0.0000000000000000     
   3.32777786       47896211.371706925        0.0000000000000000     
   3.32847214       48058674.651572824        0.0000000000000000     
   3.32916665       47960052.398492508        0.0000000000000000     
   3.32986116       47522508.464466058        0.0000000000000000     
   3.33055544       47721376.875256218        0.0000000000000000     
   3.33124995       47847442.135996379        0.0000000000000000     
   3.33194447       47889472.094009914        0.0000000000000000     
   3.33263898       47850849.082353286        0.0000000000000000     
   3.33333325       47868482.529931739        0.0000000000000000     
   3.33402777       47892911.776909441        0.0000000000000000     
   3.33472228       47914992.178537026        0.0000000000000000     
   3.33541656       47937306.766449124        0.0000000000000000     
   3.33611107       48015352.713519730        0.0000000000000000     
   3.33680558       48728860.352804430        0.0000000000000000     
   3.33750010       48913081.089250393        0.0000000000000000     
   3.33819437       48020672.610007383        0.0000000000000000     
   3.33888888       47793161.574186787        0.0000000000000000     
   3.33958340       47797844.463335559        0.0000000000000000     
   3.34027767       47828202.567524850        0.0000000000000000     
   3.34097219       47855154.427054636        0.0000000000000000     
   3.34166670       47872806.215659365        0.0000000000000000     
   3.34236121       47895692.343593866        0.0000000000000000     
   3.34305549       47919538.226828426        0.0000000000000000     
   3.34375000       47941890.399229996        0.0000000000000000     
   3.34444451       47963977.630223691        0.0000000000000000     
   3.34513879       47986798.634527497        0.0000000000000000     
   3.34583330       48009565.959020577        0.0000000000000000     
   3.34652781       48032053.394708730        0.0000000000000000     
   3.34722233       48054653.083412185        0.0000000000000000     
   3.34791660       48766435.628906131        0.0000000000000000     
   3.34861112       48040541.177187093        0.0000000000000000     
   3.34930563       48065559.495278001        0.0000000000000000     
   3.34999990       48091123.137374416        0.0000000000000000     
   3.35069442       48111549.393902391        0.0000000000000000     
   3.35138893       48134671.821826220        0.0000000000000000     
   3.35208344       48157699.997901514        0.0000000000000000     
   3.35277772       48262761.770711608        0.0000000000000000     
   3.35347223       48157408.793494664        0.0000000000000000     
   3.35416675       48178782.087096497        0.0000000000000000     
   3.35486102       48204421.216015704        0.0000000000000000     
   3.35555553       49067331.989489667        0.0000000000000000     
   3.35625005       48592252.105329312        0.0000000000000000     
   3.35694456       48739897.248889275        0.0000000000000000     
   3.35763884       48309606.730980866        0.0000000000000000     
   3.35833335       47899940.602820873        0.0000000000000000     
   3.35902786       47547891.370861866        0.0000000000000000     
   3.35972214       47922620.685467236        0.0000000000000000     
   3.36041665       47494402.836795606        0.0000000000000000     
   3.36111116       47648496.978339911        0.0000000000000000     
   3.36180544       47817285.442141593        0.0000000000000000     
   3.36249995       47838787.209250309        0.0000000000000000     
   3.36319447       47859018.287623085        0.0000000000000000     
   3.36388898       47926952.894027270        0.0000000000000000     
   3.36458325       47905068.437907808        0.0000000000000000     
   3.36527777       47956365.330923602        0.0000000000000000     
   3.36597228       47919375.913702384        0.0000000000000000     
   3.36666656       47938283.023554645        0.0000000000000000     
   3.36736107       47964421.098595515        0.0000000000000000     
   3.36805558       47987991.508217677        0.0000000000000000     
   3.36875010       48011632.884208299        0.0000000000000000     
   3.36944437       48091195.887601614        0.0000000000000000     
   3.37013888       48088021.794394575        0.0000000000000000     
   3.37083340       48135150.735438019        0.0000000000000000     
   3.37152767       47924359.197035581        0.0000000000000000     
   3.37222219       47946957.885109395        0.0000000000000000     
   3.37291670       48488199.290983409        0.0000000000000000     
   3.37361121       47409125.879447639        0.0000000000000000     
   3.37430549       47432178.394071274        0.0000000000000000     
   3.37500000       47457100.612007774        0.0000000000000000     
   3.37569451       47473805.193274535        0.0000000000000000     
   3.37638879       48022182.989500172        0.0000000000000000     
   3.37708330       48042311.568929672        0.0000000000000000     
   3.37777781       48067254.297912546        0.0000000000000000     
   3.37847233       48090847.503727496        0.0000000000000000     
   3.37916660       48114836.877594702        0.0000000000000000     
   3.37986112       48138525.882796772        0.0000000000000000     
   3.38055563       48162405.045540333        0.0000000000000000     
   3.38124990       48186209.252436094        0.0000000000000000     
   3.38194442       48210069.160102844        0.0000000000000000     
   3.38263893       48316275.320469581        0.0000000000000000     
   3.38333344       48212392.661164053        0.0000000000000000     
   3.38402772       48234776.875135034        0.0000000000000000     
   3.38472223       48261628.341157660        0.0000000000000000     
   3.38541675       48284687.821401328        0.0000000000000000     
   3.38611102       48308417.396848693        0.0000000000000000     
   3.38680553       48332684.660730124        0.0000000000000000     
   3.38750005       48356504.248872042        0.0000000000000000     
   3.38819456       48380400.348673426        0.0000000000000000     
   3.38888884       48545957.310179897        0.0000000000000000     
   3.38958335       48447595.156865641        0.0000000000000000     
   3.39027786       48007294.286448486        0.0000000000000000     
   3.39097214       48165895.193444364        0.0000000000000000     
   3.39166665       48340113.818164371        0.0000000000000000     
   3.39236116       48355755.565455012        0.0000000000000000     
   3.39305544       48380127.862488210        0.0000000000000000     
   3.39374995       48404279.547080189        0.0000000000000000     
   3.39444447       48428059.548552759        0.0000000000000000     
   3.39513898       48452181.049177080        0.0000000000000000     
   3.39583325       48476350.235496901        0.0000000000000000     
   3.39652777       48542497.034373820        0.0000000000000000     
   3.39722228       48521803.961965725        0.0000000000000000     
   3.39791656       48573201.170790531        0.0000000000000000     
   3.39861107       48536296.223678164        0.0000000000000000     
   3.39930558       49050210.518526614        0.0000000000000000     
   3.40000010       48558895.734090947        0.0000000000000000     
   3.40069437       49078060.192315049        0.0000000000000000     
   3.40138888       49108892.308525354        0.0000000000000000     
   3.40208340       49146049.844454192        0.0000000000000000     
   3.40277767       49108575.411249883        0.0000000000000000     
   3.40347219       49151591.102280200        0.0000000000000000     
   3.40416670       48944466.724928766        0.0000000000000000     
   3.40486121       48962306.542494513        0.0000000000000000     
   3.40555549       48993188.739438832        0.0000000000000000     
   3.40625000       49014009.881356992        0.0000000000000000     
   3.40694451       49038398.197618015        0.0000000000000000     
   3.40763879       49063563.658695802        0.0000000000000000     
   3.40833330       49088477.678762719        0.0000000000000000     
   3.40902781       49112146.993588075        0.0000000000000000     
   3.40972233       49136920.909261778        0.0000000000000000     
   3.41041660       49161361.099851556        0.0000000000000000     
   3.41111112       49185556.028575979        0.0000000000000000     
   3.41180563       49291808.396154642        0.0000000000000000     
   3.41249990       49188893.271418676        0.0000000000000000     
   3.41319442       49211457.519762196        0.0000000000000000     
   3.41388893       49238607.810255848        0.0000000000000000     
   3.41458344       49262045.020892762        0.0000000000000000     
   3.41527772       49750105.382584676        0.0000000000000000     
   3.41597223       49285823.323090859        0.0000000000000000     
   3.41666675       50082560.845395096        0.0000000000000000     
   3.41736102       50106506.634045169        0.0000000000000000     
   3.41805553       50268735.191958033        0.0000000000000000     
   3.41875005       50170728.176363930        0.0000000000000000     
   3.41944456       50198361.410584286        0.0000000000000000     
   3.42013884       49882642.521594778        0.0000000000000000     
   3.42083335       50527187.416663155        0.0000000000000000     
   3.42152786       50541955.487760596        0.0000000000000000     
   3.42222214       50566007.455796584        0.0000000000000000     
   3.42291665       50590674.485206291        0.0000000000000000     
   3.42361116       50613079.604904100        0.0000000000000000     
   3.42430544       50637263.653965354        0.0000000000000000     
   3.42499995       50661183.436803758        0.0000000000000000     
   3.42569447       50685367.760031328        0.0000000000000000     
   3.42638898       50709776.337450340        0.0000000000000000     
   3.42708325       50733997.597871244        0.0000000000000000     
   3.42777777       50758046.888452291        0.0000000000000000     
   3.42847228       50824031.418286860        0.0000000000000000     
   3.42916656       50803588.774159238        0.0000000000000000     
   3.42986107       50854617.104961328        0.0000000000000000     
   3.43055558       50817861.772236727        0.0000000000000000     
   3.43125010       50837149.966811806        0.0000000000000000     
   3.43194437       50863521.862863511        0.0000000000000000     
   3.43263888       50887247.841960661        0.0000000000000000     
   3.43333340       50911113.177036211        0.0000000000000000     
   3.43402767       50990815.314759739        0.0000000000000000     
   3.43472219       50988131.439792737        0.0000000000000000     
   3.43541670       51035438.268352479        0.0000000000000000     
   3.43611121       50824693.608858295        0.0000000000000000     
   3.43680549       51578654.970524520        0.0000000000000000     
   3.43750000       50857471.195973814        0.0000000000000000     
   3.43819451       50875491.522424176        0.0000000000000000     
   3.43888879       50898196.857439078        0.0000000000000000     
   3.43958330       51736773.694808096        0.0000000000000000     
   3.44027781       50348309.222500846        0.0000000000000000     
   3.44097233       50928764.198478371        0.0000000000000000     
   3.44166660       50348466.112291582        0.0000000000000000     
   3.44236112       50844015.973941006        0.0000000000000000     
   3.44305563       50867943.990405262        0.0000000000000000     
   3.44374990       50890637.925692454        0.0000000000000000     
   3.44444442       50916592.771244474        0.0000000000000000     
   3.44513893       50939789.230037399        0.0000000000000000     
   3.44583344       50964695.321716227        0.0000000000000000     
   3.44652772       51129415.869981423        0.0000000000000000     
   3.44722223       51033094.449475802        0.0000000000000000     
   3.44791675       50594764.588369571        0.0000000000000000     
   3.44861102       50753651.740673617        0.0000000000000000     
   3.44930553       50928212.099285126        0.0000000000000000     
   3.45000005       50944005.199564457        0.0000000000000000     
   3.45069456       50968737.762116671        0.0000000000000000     
   3.45138884       50993266.193999380        0.0000000000000000     
   3.45208335       51017362.079071231        0.0000000000000000     
   3.45277786       51041850.159789786        0.0000000000000000     
   3.45347214       51066372.317136124        0.0000000000000000     
   3.45416665       51090669.780961446        0.0000000000000000     
   3.45486116       51115170.981421575        0.0000000000000000     
   3.45555544       51139615.609010942        0.0000000000000000     
   3.45624995       51164049.205877110        0.0000000000000000     
   3.45694447       51893570.781718217        0.0000000000000000     
   3.45763898       51305528.700048991        0.0000000000000000     
   3.45833325       50794118.725921325        0.0000000000000000     
   3.45902777       51101893.767863825        0.0000000000000000     
   3.45972228       50616675.061630480        0.0000000000000000     
   3.46041656       50682115.540466256        0.0000000000000000     
   3.46111107       50664990.186334699        0.0000000000000000     
   3.46180558       50714720.269255407        0.0000000000000000     
   3.46250010       50680129.889069609        0.0000000000000000     
   3.46319437       50699307.625736296        0.0000000000000000     
   3.46388888       50727109.212424740        0.0000000000000000     
   3.46458340       51219128.874668047        0.0000000000000000     
   3.46527767       50768427.209469333        0.0000000000000000     
   3.46597219       51319232.760150515        0.0000000000000000     
   3.46666670       51315604.779678524        0.0000000000000000     
   3.46736121       51363111.885610476        0.0000000000000000     
   3.46805549       51150795.572879620        0.0000000000000000     
   3.46875000       51255110.118886262        0.0000000000000000     
   3.46944451       51157642.885311358        0.0000000000000000     
   3.47013879       51179010.246561825        0.0000000000000000     
   3.47083330       51206013.035751358        0.0000000000000000     
   3.47152781       51230469.020302400        0.0000000000000000     
   3.47222233       51255209.888481006        0.0000000000000000     
   3.47291660       51871362.723480918        0.0000000000000000     
   3.47361112       51897019.782831565        0.0000000000000000     
   3.47430563       52061746.974790312        0.0000000000000000     
   3.47499990       51966240.870428987        0.0000000000000000     
   3.47569442       51529987.941239104        0.0000000000000000     
   3.47638893       51689198.206135824        0.0000000000000000     
   3.47708344       51864174.328696676        0.0000000000000000     
   3.47777772       51880456.770145573        0.0000000000000000     
   3.47847223       51905834.479838416        0.0000000000000000     
   3.47916675       51930880.576329991        0.0000000000000000     
   3.47986102       51955519.331957199        0.0000000000000000     
   3.48055553       51980561.277648143        0.0000000000000000     
   3.48125005       52005639.488789752        0.0000000000000000     
   3.48194456       52695143.267464384        0.0000000000000000     
   3.48263884       51452998.286445975        0.0000000000000000     
   3.48333335       51952425.837665908        0.0000000000000000     
   3.48402786       51978810.877945758        0.0000000000000000     
   3.48472214       51998979.892847858        0.0000000000000000     
   3.48541665       52026685.300591774        0.0000000000000000     
   3.48611116       52052035.895574853        0.0000000000000000     
   3.48680544       52076487.222945385        0.0000000000000000     
   3.48749995       52101356.002905883        0.0000000000000000     
   3.48819447       52126873.432678729        0.0000000000000000     
   3.48888898       52151853.696160011        0.0000000000000000     
   3.48958325       52176821.930755369        0.0000000000000000     
   3.49027777       52202033.146645255        0.0000000000000000     
   3.49097228       53090006.797263004        0.0000000000000000     
   3.49166656       52538869.915328071        0.0000000000000000     
   3.49236107       53521045.051470466        0.0000000000000000     
   3.49305558       53194025.795679793        0.0000000000000000     
   3.49375010       53215499.345171213        0.0000000000000000     
   3.49444437       54041323.285404749        0.0000000000000000     
   3.49513888       53541654.125611722        0.0000000000000000     
   3.49583340       52594409.446950831        0.0000000000000000     
   3.49652767       52653431.966009356        0.0000000000000000     
   3.49722219       51560843.860575505        0.0000000000000000     
   3.49791670       52378019.226601541        0.0000000000000000     
   3.49861121       52174563.222486794        0.0000000000000000     
   3.49930549       48575905.669026226        0.0000000000000000     
   3.50000000       49056676.459582157        0.0000000000000000     
   3.50069451       48891072.850057527        0.0000000000000000     
   3.50138879       48387462.712206304        0.0000000000000000     
   3.50208330       48979287.539786100        0.0000000000000000     
   3.50277781       48054079.568976730        0.0000000000000000     
   3.50347233       46350651.985678986        0.0000000000000000     
   3.50416660       46872211.554231621        0.0000000000000000     
   3.50486112       47012755.939916931        0.0000000000000000     
   3.50555563       47019891.118465960        0.0000000000000000     
   3.50624990       47039539.649625413        0.0000000000000000     
   3.50694442       47056613.581167571        0.0000000000000000     
   3.50763893       47073739.715025395        0.0000000000000000     
   3.50833344       47092948.315412156        0.0000000000000000     
   3.50902772       47112075.330922104        0.0000000000000000     
   3.50972223       47131306.038353130        0.0000000000000000     
   3.51041675       47151505.984861739        0.0000000000000000     
   3.51111102       47172430.670996524        0.0000000000000000     
   3.51180553       47193893.111445308        0.0000000000000000     
   3.51250005       47216004.279120013        0.0000000000000000     
   3.51319456       47238549.972051546        0.0000000000000000     
   3.51388884       47261378.588726357        0.0000000000000000     
   3.51458335       47284429.282545991        0.0000000000000000     
   3.51527786       47983752.174286947        0.0000000000000000     
   3.51597214       47236386.235695913        0.0000000000000000     
   3.51666665       47264107.047704101        0.0000000000000000     
   3.51736116       47292208.703774489        0.0000000000000000     
   3.51805544       47312131.887326382        0.0000000000000000     
   3.51874995       47337083.027062520        0.0000000000000000     
   3.51944447       47361793.222209185        0.0000000000000000     
   3.52013898       47385748.007239126        0.0000000000000000     
   3.52083325       47410024.580490239        0.0000000000000000     
   3.52152777       47477089.678112000        0.0000000000000000     
   3.52222228       47457785.723706312        0.0000000000000000     
   3.52291656       47509343.948323354        0.0000000000000000     
   3.52361107       47554684.603033520        0.0000000000000000     
   3.52430558       47447849.192510583        0.0000000000000000     
   3.52500010       47473391.439222708        0.0000000000000000     
   3.52569437       48346430.536465861        0.0000000000000000     
   3.52638888       47840935.659809589        0.0000000000000000     
   3.52708340       48180107.951513730        0.0000000000000000     
   3.52777767       46893607.173384629        0.0000000000000000     
   3.52847219       46947335.660554409        0.0000000000000000     
   3.52916670       46875778.329097696        0.0000000000000000     
   3.52986121       46774831.742830530        0.0000000000000000     
   3.53055549       46345358.563979857        0.0000000000000000     
   3.53125000       46503248.194344141        0.0000000000000000     
   3.53194451       46678514.434261657        0.0000000000000000     
   3.53263879       46696407.957860477        0.0000000000000000     
   3.53333330       46722985.602841683        0.0000000000000000     
   3.53402781       47204597.929854713        0.0000000000000000     
   3.53472233       46708335.234768070        0.0000000000000000     
   3.53541660       46732647.109642766        0.0000000000000000     
   3.53611112       46761679.698729210        0.0000000000000000     
   3.53680563       46783927.302196555        0.0000000000000000     
   3.53749990       46812616.331964605        0.0000000000000000     
   3.53819442       46837227.534442000        0.0000000000000000     
   3.53888893       46863644.195773087        0.0000000000000000     
   3.53958344       46889537.254640356        0.0000000000000000     
   3.54027772       46915585.429586269        0.0000000000000000     
   3.54097223       46941554.584670700        0.0000000000000000     
   3.54166675       46967618.532424442        0.0000000000000000     
   3.54236102       46993636.222923748        0.0000000000000000     
   3.54305553       47019698.945191711        0.0000000000000000     
   3.54375005       47510707.080466315        0.0000000000000000     
   3.54444456       47051964.644116968        0.0000000000000000     
   3.54513884       47077567.565419778        0.0000000000000000     
   3.54583335       47104679.604330450        0.0000000000000000     
   3.54652786       47129696.875200257        0.0000000000000000     
   3.54722214       47625524.839779280        0.0000000000000000     
   3.54791665       47174554.864038035        0.0000000000000000     
   3.54861116       47671554.378625497        0.0000000000000000     
   3.54930544       47695523.837797821        0.0000000000000000     
   3.54999995       47720543.497312926        0.0000000000000000     
   3.55069447       47829589.333027847        0.0000000000000000     
   3.55138898       47769194.545015194        0.0000000000000000     
   3.55208325       47750493.222171836        0.0000000000000000     
   3.55277777       47805443.792386986        0.0000000000000000     
   3.55347228       47769017.958425350        0.0000000000000000     
   3.55416656       47789570.117513731        0.0000000000000000     
   3.55486107       47817682.672446892        0.0000000000000000     
   3.55555558       47842747.510102093        0.0000000000000000     
   3.55625010       48009773.689319193        0.0000000000000000     
   3.55694437       47970441.272522092        0.0000000000000000     
   3.55763888       47503898.614506662        0.0000000000000000     
   3.55833340       47688136.001611687        0.0000000000000000     
   3.55902767       47626479.478652328        0.0000000000000000     
   3.55972219       47641761.809330322        0.0000000000000000     
   3.56041670       47672163.697468996        0.0000000000000000     
   3.56111121       47696383.026205227        0.0000000000000000     
   3.56180549       47721124.857567273        0.0000000000000000     
   3.56250000       47747566.835178874        0.0000000000000000     
   3.56319451       48195338.834587276        0.0000000000000000     
   3.56388879       47144550.500146613        0.0000000000000000     
   3.56458330       47171987.689102314        0.0000000000000000     
   3.56527781       47201899.225657068        0.0000000000000000     
   3.56597233       47225176.359022498        0.0000000000000000     
   3.56666660       47253823.346558079        0.0000000000000000     
   3.56736112       47743522.098785751        0.0000000000000000     
   3.56805563       47281818.597866476        0.0000000000000000     
   3.56874990       47307586.692784764        0.0000000000000000     
   3.56944442       47335295.940727353        0.0000000000000000     
   3.57013893       47360407.946851358        0.0000000000000000     
   3.57083344       47855415.878313504        0.0000000000000000     
   3.57152772       47406720.202929191        0.0000000000000000     
   3.57222223       47902977.294166423        0.0000000000000000     
   3.57291675       47927068.145509362        0.0000000000000000     
   3.57361102       47952430.306729630        0.0000000000000000     
   3.57430553       47979384.313591473        0.0000000000000000     
   3.57500005       48004526.644831918        0.0000000000000000     
   3.57569456       48030759.467117198        0.0000000000000000     
   3.57638884       48056513.374290355        0.0000000000000000     
   3.57708335       48164457.073431350        0.0000000000000000     
   3.57777786       48063704.489727467        0.0000000000000000     
   3.57847214       48088115.824839637        0.0000000000000000     
   3.57916665       48116981.640911922        0.0000000000000000     
   3.57986116       48142097.068305455        0.0000000000000000     
   3.58055544       48167858.724370055        0.0000000000000000     
   3.58124995       48236922.169919774        0.0000000000000000     
   3.58194447       48218983.812840812        0.0000000000000000     
   3.58263898       48413113.883218423        0.0000000000000000     
   3.58333325       48255983.928756177        0.0000000000000000     
   3.58402777       47812001.478711382        0.0000000000000000     
   3.58472228       47975345.696439803        0.0000000000000000     
   3.58541656       48151722.117869049        0.0000000000000000     
   3.58611107       48225295.493642837        0.0000000000000000     
   3.58680558       48911590.933328502        0.0000000000000000     
   3.58750010       47661411.515269041        0.0000000000000000     
   3.58819437       47921469.349883772        0.0000000000000000     
   3.58888888       47474107.646938153        0.0000000000000000     
   3.58958340       47974776.519752912        0.0000000000000000     
   3.59027767       47995053.120515838        0.0000000000000000     
   3.59097219       48019734.504921980        0.0000000000000000     
   3.59166670       48048834.583782077        0.0000000000000000     
   3.59236121       48073426.352473155        0.0000000000000000     
   3.59305549       48099817.741582751        0.0000000000000000     
   3.59375000       48125990.034093618        0.0000000000000000     
   3.59444451       48152302.522188723        0.0000000000000000     
   3.59513879       48178315.520535268        0.0000000000000000     
   3.59583330       48204536.724939823        0.0000000000000000     
   3.59652781       48230785.621235438        0.0000000000000000     
   3.59722233       48256943.022984311        0.0000000000000000     
   3.59791660       48283161.587172054        0.0000000000000000     
   3.59861112       48309404.536038719        0.0000000000000000     
   3.59930563       48335621.882084005        0.0000000000000000     
   3.59999990       48361868.038147852        0.0000000000000000     
   3.60069442       48388124.197045609        0.0000000000000000     
   3.60138893       48414381.630188212        0.0000000000000000     
   3.60208344       48440654.294110201        0.0000000000000000     
   3.60277772       48466935.717131421        0.0000000000000000     
   3.60347223       49093779.953337125        0.0000000000000000     
   3.60416675       49702109.003307521        0.0000000000000000     
   3.60486102       49008919.519754022        0.0000000000000000     
   3.60555553       49876670.084275477        0.0000000000000000     
   3.60625005       48953090.648410685        0.0000000000000000     
   3.60694456       48978259.822402485        0.0000000000000000     
   3.60763884       49007429.513762586        0.0000000000000000     
   3.60833335       49172341.489652172        0.0000000000000000     
   3.60902786       49080083.344404384        0.0000000000000000     
   3.60972214       48685945.324254028        0.0000000000000000     
   3.61041665       48804478.523517966        0.0000000000000000     
   3.61111116       49008235.706290051        0.0000000000000000     
   3.61180544       48964094.072713025        0.0000000000000000     
   3.61249995       48986213.424945496        0.0000000000000000     
   3.61319447       49015293.261547059        0.0000000000000000     
   3.61388898       49041068.170236200        0.0000000000000000     
   3.61458325       49123996.095114209        0.0000000000000000     
   3.61527777       49125544.000987113        0.0000000000000000     
   3.61597228       49175732.483266041        0.0000000000000000     
   3.61666656       48966086.691714808        0.0000000000000000     
   3.61736107       48991286.449026547        0.0000000000000000     
   3.61805558       49725480.237607010        0.0000000000000000     
   3.61875010       49134524.189218901        0.0000000000000000     
   3.61944437       48619161.498238750        0.0000000000000000     
   3.62013888       48930112.956307761        0.0000000000000000     
   3.62083340       48448441.092479274        0.0000000000000000     
   3.62152767       48472793.328662410        0.0000000000000000     
   3.62222219       48503498.225603335        0.0000000000000000     
   3.62291670       48528025.494126260        0.0000000000000000     
   3.62361121       49051165.483333029        0.0000000000000000     
   3.62430549       48557407.855253920        0.0000000000000000     
   3.62500000       49079781.292060643        0.0000000000000000     
   3.62569451       49114780.166977435        0.0000000000000000     
   3.62638879       49115915.279235572        0.0000000000000000     
   3.62708330       49163345.181036435        0.0000000000000000     
   3.62777781       49657631.270539775        0.0000000000000000     
   3.62847233       49764741.487355344        0.0000000000000000     
   3.62916660       49664891.808430143        0.0000000000000000     
   3.62986112       49689972.798887350        0.0000000000000000     
   3.63055563       49718622.553635769        0.0000000000000000     
   3.63124990       49745555.682774670        0.0000000000000000     
   3.63194442       49772512.461988196        0.0000000000000000     
   3.63263893       49800106.158615388        0.0000000000000000     
   3.63333344       49827070.489520639        0.0000000000000000     
   3.63402772       49995008.778516077        0.0000000000000000     
   3.63472223       49901175.428690381        0.0000000000000000     
   3.63541675       49463403.273921177        0.0000000000000000     
   3.63611102       49625401.651638485        0.0000000000000000     
   3.63680553       49802990.301946476        0.0000000000000000     
   3.63750005       49862566.309577256        0.0000000000000000     
   3.63819456       49847609.873885766        0.0000000000000000     
   3.63888884       49900914.658751674        0.0000000000000000     
   3.63958335       50639606.744442806        0.0000000000000000     
   3.64027786       50661636.925170504        0.0000000000000000     
   3.64097214       50689347.550402328        0.0000000000000000     
   3.64166665       50714206.036780946        0.0000000000000000     
   3.64236116       51461049.166779786        0.0000000000000000     
   3.64305544       50194421.602494746        0.0000000000000000     
   3.64374995       50720572.427877262        0.0000000000000000     
   3.64444447       50514662.612817600        0.0000000000000000     
   3.64513898       50535530.126111984        0.0000000000000000     
   3.64583325       50569473.108280249        0.0000000000000000     
   3.64652777       50594707.354901247        0.0000000000000000     
   3.64722228       50620379.063075341        0.0000000000000000     
   3.64791656       50648031.012993149        0.0000000000000000     
   3.64861107       50676213.099421076        0.0000000000000000     
   3.64930558       50703043.807079487        0.0000000000000000     
   3.65000010       50730745.444138430        0.0000000000000000     
   3.65069437       50758163.553257540        0.0000000000000000     
   3.65138888       50785121.006282955        0.0000000000000000     
   3.65208340       50812293.317851625        0.0000000000000000     
   3.65277767       50839499.180972695        0.0000000000000000     
   3.65347219       50866742.387217559        0.0000000000000000     
   3.65416670       50976211.135777377        0.0000000000000000     
   3.65486121       50877054.117706262        0.0000000000000000     
   3.65555549       50902914.713237457        0.0000000000000000     
   3.65625000       50933144.373210423        0.0000000000000000     
   3.65694451       51678645.018138289        0.0000000000000000     
   3.65763879       51845056.732980937        0.0000000000000000     
   3.65833330       51193087.896609463        0.0000000000000000     
   3.65902781       51111304.857576653        0.0000000000000000     
   3.65972233       51206750.773160793        0.0000000000000000     
   3.66041660       50896715.541063480        0.0000000000000000     
   3.66111112       50687015.043349132        0.0000000000000000     
   3.66180563       50841581.210859023        0.0000000000000000     
   3.66249990       50867619.731802575        0.0000000000000000     
   3.66319442       50901455.480174392        0.0000000000000000     
   3.66388893       50924168.529200986        0.0000000000000000     
   3.66458344       50950504.842424013        0.0000000000000000     
   3.66527772       51022465.282587521        0.0000000000000000     
   3.66597223       51006914.227900721        0.0000000000000000     
   3.66666675       51060033.325289696        0.0000000000000000     
   3.66736102       51026433.428131633        0.0000000000000000     
   3.66805553       51049225.008523077        0.0000000000000000     
   3.66875005       51078782.798800625        0.0000000000000000     
   3.66944456       51105904.381925672        0.0000000000000000     
   3.67013884       51189742.894533098        0.0000000000000000     
   3.67083335       51192283.589548849        0.0000000000000000     
   3.67152786       51243578.769674815        0.0000000000000000     
   3.67222214       51034585.785885490        0.0000000000000000     
   3.67291665       51739323.554738984        0.0000000000000000     
   3.67361116       51004416.241429061        0.0000000000000000     
   3.67430544       51034180.703509025        0.0000000000000000     
   3.67499995       51065373.316442199        0.0000000000000000     
   3.67569447       51090018.285662025        0.0000000000000000     
   3.67638898       51118709.980784565        0.0000000000000000     
   3.67708325       51146250.719414994        0.0000000000000000     
   3.67777777       51173965.447097696        0.0000000000000000     
   3.67847228       51201500.505194150        0.0000000000000000     
   3.67916656       51311736.044698447        0.0000000000000000     
   3.67986107       51212512.943940900        0.0000000000000000     
   3.68055558       51238725.729791231        0.0000000000000000     
   3.68125010       51269270.326742217        0.0000000000000000     
   3.68194437       52142005.597137444        0.0000000000000000     
   3.68263888       51643687.258013964        0.0000000000000000     
   3.68333340       51938310.466170438        0.0000000000000000     
   3.68402767       50813377.792847089        0.0000000000000000     
   3.68472219       50725994.657764561        0.0000000000000000     
   3.68541670       50289502.911256410        0.0000000000000000     
   3.68611121       50448759.342071362        0.0000000000000000     
   3.68680549       50631992.641550981        0.0000000000000000     
   3.68750000       50650100.591740631        0.0000000000000000     
   3.68819451       50678754.277673356        0.0000000000000000     
   3.68888879       51299778.220781244        0.0000000000000000     
   3.68958330       51786289.180245876        0.0000000000000000     
   3.69027781       51291290.494709536        0.0000000000000000     
   3.69097233       51318345.740753323        0.0000000000000000     
   3.69166660       51350228.687165827        0.0000000000000000     
   3.69236112       51417244.441364869        0.0000000000000000     
   3.69305563       51406916.467081524        0.0000000000000000     
   3.69374990       51460363.771357864        0.0000000000000000     
   3.69444442       51428503.674062595        0.0000000000000000     
   3.69513893       51452324.733951844        0.0000000000000000     
   3.69583344       51483366.657174334        0.0000000000000000     
   3.69652772       51511670.866868526        0.0000000000000000     
   3.69722223       51596540.254272103        0.0000000000000000     
   3.69791675       51600695.074176595        0.0000000000000000     
   3.69861102       52120091.215298876        0.0000000000000000     
   3.69930553       51425693.804681070        0.0000000000000000     
   3.70000005       51452591.715479441        0.0000000000000000     
   3.70069456       51486838.221154891        0.0000000000000000     
   3.70138884       51982741.524849989        0.0000000000000000     
   3.70208335       52005466.541392401        0.0000000000000000     
   3.70277786       52033636.435516730        0.0000000000000000     
   3.70347214       52146196.209470272        0.0000000000000000     
   3.70416665       52046665.194720805        0.0000000000000000     
   3.70486116       52073877.397543341        0.0000000000000000     
   3.70555544       52923227.480749212        0.0000000000000000     
   3.70624995       52406781.040696919        0.0000000000000000     
   3.70694447       52901894.344770417        0.0000000000000000     
   3.70763898       53194846.331417836        0.0000000000000000     
   3.70833325       53288467.314634852        0.0000000000000000     
   3.70902777       53337059.210873976        0.0000000000000000     
   3.70972228       53053433.641776621        0.0000000000000000     
   3.71041656       51724526.025714882        0.0000000000000000     
   3.71111107       52273300.905112803        0.0000000000000000     
   3.71180558       51351241.530416250        0.0000000000000000     
   3.71250010       51422402.650359482        0.0000000000000000     
   3.71319437       51313953.363880128        0.0000000000000000     
   3.71388888       48416530.212358736        0.0000000000000000     
   3.71458340       49146723.027892068        0.0000000000000000     
   3.71527767       49217467.283201613        0.0000000000000000     
   3.71597219       47513765.060103700        0.0000000000000000     
   3.71666670       48347481.632856861        0.0000000000000000     
   3.71736121       47573621.000323698        0.0000000000000000     
   3.71805549       46322852.892665923        0.0000000000000000     
   3.71875000       46709459.514630087        0.0000000000000000     
   3.71944451       47214104.816886753        0.0000000000000000     
   3.72013879       46702231.160521023        0.0000000000000000     
   3.72083330       46748176.432551540        0.0000000000000000     
   3.72152781       46708568.258466877        0.0000000000000000     
   3.72222233       46724097.380561821        0.0000000000000000     
   3.72291660       47218213.162026435        0.0000000000000000     
   3.72361112       46763460.622152179        0.0000000000000000     
   3.72430563       47314421.734574988        0.0000000000000000     
   3.72499990       47310998.071206026        0.0000000000000000     
   3.72569442       47358229.543452084        0.0000000000000000     
   3.72638893       47145849.033412151        0.0000000000000000     
   3.72708344       47168597.332444541        0.0000000000000000     
   3.72777772       47280864.221910521        0.0000000000000000     
   3.72847223       47178560.968960404        0.0000000000000000     
   3.72916675       47202615.968770482        0.0000000000000000     
   3.72986102       47232382.515547998        0.0000000000000000     
   3.73055553       47258174.390624203        0.0000000000000000     
   3.73125005       47283970.848446012        0.0000000000000000     
   3.73194456       47311431.526609153        0.0000000000000000     
   3.73263884       47479035.265881076        0.0000000000000000     
   3.73333335       47385692.067930609        0.0000000000000000     
   3.73402786       46948134.864140868        0.0000000000000000     
   3.73472214       47110902.481035002        0.0000000000000000     
   3.73541665       47289463.028435215        0.0000000000000000     
   3.73611116       47307593.106581755        0.0000000000000000     
   3.73680544       47335732.168162160        0.0000000000000000     
   3.73749995       48049585.876824483        0.0000000000000000     
   3.73819447       46775711.904338859        0.0000000000000000     
   3.73888898       47275920.468184657        0.0000000000000000     
   3.73958325       46830821.725740641        0.0000000000000000     
   3.74027777       47329747.965249576        0.0000000000000000     
   3.74097228       47353595.248257473        0.0000000000000000     
   3.74166656       47380664.573899791        0.0000000000000000     
   3.74236107       47411154.742690682        0.0000000000000000     
   3.74305558       47437457.490977652        0.0000000000000000     
   3.74375010       47466474.413333319        0.0000000000000000     
   3.74444437       47494294.633997798        0.0000000000000000     
   3.74513888       47522613.733928427        0.0000000000000000     
   3.74583340       47592871.717966229        0.0000000000000000     
   3.74652767       47579757.516506858        0.0000000000000000     
   3.74722219       47633921.757188343        0.0000000000000000     
   3.74791670       47600856.754300952        0.0000000000000000     
   3.74861121       47624341.422314294        0.0000000000000000     
   3.74930549       47654862.380121872        0.0000000000000000     
   3.75000000       47682755.744261585        0.0000000000000000     
   3.75069451       47767703.808906250        0.0000000000000000     
   3.75138879       47771687.082399942        0.0000000000000000     
   3.75208330       47906660.147905864        0.0000000000000000     
   3.75277781       47570400.296835817        0.0000000000000000     
   3.75347233       48305557.434390672        0.0000000000000000     
   3.75416660       48458537.448478550        0.0000000000000000     
   3.75486112       47536961.641244039        0.0000000000000000     
   3.75555563       47564501.955240734        0.0000000000000000     
   3.75624990       47596154.800880715        0.0000000000000000     
   3.75694442       47764678.118623115        0.0000000000000000     
   3.75763893       47672217.640785411        0.0000000000000000     
   3.75833344       47232884.107453473        0.0000000000000000     
   3.75902772       47397373.714338355        0.0000000000000000     
   3.75972223       47577410.656200357        0.0000000000000000     
   3.76041675       47596546.658513732        0.0000000000000000     
   3.76111102       47625504.614247076        0.0000000000000000     
   3.76180553       47654280.418195322        0.0000000000000000     
   3.76250005       47682406.082785703        0.0000000000000000     
   3.76319456       47711144.071052663        0.0000000000000000     
   3.76388884       47739827.725623973        0.0000000000000000     
   3.76458335       47768268.776018843        0.0000000000000000     
   3.76527786       47796965.155887030        0.0000000000000000     
   3.76597214       48528528.398446709        0.0000000000000000     
   3.76666665       47942297.309799626        0.0000000000000000     
   3.76736116       47430497.469630226        0.0000000000000000     
   3.76805544       47742974.881155796        0.0000000000000000     
   3.76874995       47262342.327233329        0.0000000000000000     
   3.76944447       47289321.912948959        0.0000000000000000     
   3.77013898       47321650.977979213        0.0000000000000000     
   3.77083325       47348128.986538976        0.0000000000000000     
   3.77152777       47379650.792455979        0.0000000000000000     
   3.77222228       47450408.841640852        0.0000000000000000     
   3.77291656       47438439.631987162        0.0000000000000000     
   3.77361107       47962021.182248026        0.0000000000000000     
   3.77430558       47450023.094509803        0.0000000000000000     
   3.77500010       47944152.725761004        0.0000000000000000     
   3.77569437       48055992.478965521        0.0000000000000000     
   3.77638888       47957684.470389694        0.0000000000000000     
   3.77708340       48043289.276666120        0.0000000000000000     
   3.77777767       48049581.340989344        0.0000000000000000     
   3.77847219       48102115.011372797        0.0000000000000000     
   3.77916670       47891063.056698561        0.0000000000000000     
   3.77986121       47918703.466925435        0.0000000000000000     
   3.78055549       48092850.409202799        0.0000000000000000     
   3.78125000       47999755.414891466        0.0000000000000000     
   3.78194451       47561878.614079259        0.0000000000000000     
   3.78263879       47727077.525696300        0.0000000000000000     
   3.78333330       47907575.914731734        0.0000000000000000     
   3.78402781       47926221.003335312        0.0000000000000000     
   3.78472233       47955959.322285265        0.0000000000000000     
   3.78541660       47985100.240264237        0.0000000000000000     
   3.78611112       48013389.360968076        0.0000000000000000     
   3.78680563       48042561.613470607        0.0000000000000000     
   3.78749990       48071611.648902848        0.0000000000000000     
   3.78819442       48764309.553789936        0.0000000000000000     
   3.78888893       47525303.457841925        0.0000000000000000     
   3.78958344       48028915.546036914        0.0000000000000000     
   3.79027772       48058779.142418742        0.0000000000000000     
   3.79097223       48082778.706477799        0.0000000000000000     
   3.79166675       48114662.728473097        0.0000000000000000     
   3.79236102       48143855.999419667        0.0000000000000000     
   3.79305553       48172261.043112814        0.0000000000000000     
   3.79375005       48201058.385004580        0.0000000000000000     
   3.79444456       48230536.062671244        0.0000000000000000     
   3.79513884       48259450.763725586        0.0000000000000000     
   3.79583335       48288357.206398547        0.0000000000000000     
   3.79652786       48317518.098148458        0.0000000000000000     
   3.79722214       48346569.436219901        0.0000000000000000     
   3.79791665       48417669.059330285        0.0000000000000000     
   3.79861116       48406043.953178339        0.0000000000000000     
   3.79930544       48543051.297369413        0.0000000000000000     
   3.79999995       48384384.834253930        0.0000000000000000     
   3.80069447       48407221.870410100        0.0000000000000000     
   3.80138898       48441390.350322977        0.0000000000000000     
   3.80208325       49188753.234750204        0.0000000000000000     
   3.80277777       49413706.117236607        0.0000000000000000     
   3.80347228       48738839.227248676        0.0000000000000000     
   3.80416656       48684073.800618663        0.0000000000000000     
   3.80486107       48541843.920071997        0.0000000000000000     
   3.80555558       48227538.645812854        0.0000000000000000     
   3.80625010       48542021.068377830        0.0000000000000000     
   3.80694437       48697943.379596978        0.0000000000000000     
   3.80763888       48725053.534058586        0.0000000000000000     
   3.80833340       48761563.788129948        0.0000000000000000     
   3.80902767       48786550.830653027        0.0000000000000000     
   3.80972219       48814165.153264761        0.0000000000000000     
   3.81041670       48846229.490314431        0.0000000000000000     
   3.81111121       48875354.068933010        0.0000000000000000     
   3.81180549       48903840.935966559        0.0000000000000000     
   3.81250000       48933841.942985430        0.0000000000000000     
   3.81319451       48963454.029050298        0.0000000000000000     
   3.81388879       48992730.105380483        0.0000000000000000     
   3.81458330       49022293.629411258        0.0000000000000000     
   3.81527781       49051871.541946784        0.0000000000000000     
   3.81597233       49081374.801923707        0.0000000000000000     
   3.81666660       49789557.373681329        0.0000000000000000     
   3.81736112       49052972.577951327        0.0000000000000000     
   3.81805563       49086358.514217846        0.0000000000000000     
   3.81874990       49120046.858410537        0.0000000000000000     
   3.81944442       49146032.578659318        0.0000000000000000     
   3.82013893       49176440.707194723        0.0000000000000000     
   3.82083344       49206552.239058882        0.0000000000000000     
   3.82152772       49235855.255016051        0.0000000000000000     
   3.82222223       49265316.287141249        0.0000000000000000     
   3.82291675       49378067.259608276        0.0000000000000000     
   3.82361102       49322957.383595742        0.0000000000000000     
   3.82430553       49807080.954771273        0.0000000000000000     
   3.82500005       50701670.809917599        0.0000000000000000     
   3.82569456       49636914.916907571        0.0000000000000000     
   3.82638884       49931912.890335456        0.0000000000000000     
   3.82708335       48814073.280743897        0.0000000000000000     
   3.82777786       49232549.563178338        0.0000000000000000     
   3.82847214       48856690.997395419        0.0000000000000000     
   3.82916665       48994816.505869456        0.0000000000000000     
   3.82986116       49203433.998809807        0.0000000000000000     
   3.83055544       48981468.312163346        0.0000000000000000     
   3.83124995       49010414.344229110        0.0000000000000000     
   3.83194447       49503200.603365391        0.0000000000000000     
   3.83263898       49009052.785321631        0.0000000000000000     
   3.83333325       49037606.230710872        0.0000000000000000     
   3.83402777       49072394.676150054        0.0000000000000000     
   3.83472228       49099488.483059444        0.0000000000000000     
   3.83541656       49132110.389704369        0.0000000000000000     
   3.83611107       49161723.052326083        0.0000000000000000     
   3.83680558       49192659.977906786        0.0000000000000000     
   3.83750010       49222823.996658124        0.0000000000000000     
   3.83819437       50026527.349459969        0.0000000000000000     
   3.83888888       50056226.149584211        0.0000000000000000     
   3.83958340       50084721.787244067        0.0000000000000000     
   3.84027767       50579746.768213421        0.0000000000000000     
   3.84097219       50124832.570938744        0.0000000000000000     
   3.84166670       50156102.974999592        0.0000000000000000     
   3.84236121       50188848.412196919        0.0000000000000000     
   3.84305549       50689547.909488976        0.0000000000000000     
   3.84375000       50713807.764605112        0.0000000000000000     
   3.84444451       50742557.413658254        0.0000000000000000     
   3.84513879       50856426.084632285        0.0000000000000000     
   3.84583330       50759396.476310402        0.0000000000000000     
   3.84652781       50788186.786768645        0.0000000000000000     
   3.84722233       50821444.051869638        0.0000000000000000     
   3.84791660       50851306.611565374        0.0000000000000000     
   3.84861112       50923334.486133054        0.0000000000000000     
   3.84930563       50913754.330954082        0.0000000000000000     
   3.84999990       51110299.099219956        0.0000000000000000     
   3.85069442       50958384.952155985        0.0000000000000000     
   3.85138893       50516528.690741442        0.0000000000000000     
   3.85208344       50684816.582927898        0.0000000000000000     
   3.85277772       50866389.819540843        0.0000000000000000     
   3.85347223       50944170.311019942        0.0000000000000000     
   3.85416675       50951168.527770862        0.0000000000000000     
   3.85486102       51005721.006602012        0.0000000000000000     
   3.85555553       50795891.802891240        0.0000000000000000     
   3.85625005       51246298.932566874        0.0000000000000000     
   3.85694456       50207030.775155090        0.0000000000000000     
   3.85763884       50236732.301067643        0.0000000000000000     
   3.85833335       50270792.714669578        0.0000000000000000     
   3.85902786       50299601.921183154        0.0000000000000000     
   3.85972214       50797410.437550083        0.0000000000000000     
   3.86041665       50338983.834778734        0.0000000000000000     
   3.86111116       50370217.942546248        0.0000000000000000     
   3.86180544       50402314.509390771        0.0000000000000000     
   3.86249995       50431983.961152837        0.0000000000000000     
   3.86319447       50933319.916925013        0.0000000000000000     
   3.86388898       50954368.959341764        0.0000000000000000     
   3.86458325       50984118.035690762        0.0000000000000000     
   3.86527777       51018255.289403170        0.0000000000000000     
   3.86597228       51046456.428348430        0.0000000000000000     
   3.86666656       51077361.015081555        0.0000000000000000     
   3.86736107       51107550.065178148        0.0000000000000000     
   3.86805558       51220306.033553168        0.0000000000000000     
   3.86875010       51124694.288665123        0.0000000000000000     
   3.86944437       51153574.907163121        0.0000000000000000     
   3.87013888       51186927.248067312        0.0000000000000000     
   3.87083340       51216545.896425411        0.0000000000000000     
   3.87152767       51246774.381375968        0.0000000000000000     
   3.87222219       51277579.640897959        0.0000000000000000     
   3.87291670       51449946.958650254        0.0000000000000000     
   3.87361121       51401603.341967061        0.0000000000000000     
   3.87430549       50922408.046187341        0.0000000000000000     
   3.87500000       51114717.275695086        0.0000000000000000     
   3.87569451       51235589.626608826        0.0000000000000000     
   3.87638879       51937088.116483927        0.0000000000000000     
   3.87708330       50671024.904886819        0.0000000000000000     
   3.87777781       51173721.109222576        0.0000000000000000     
   3.87847233       50788131.894204699        0.0000000000000000     
   3.87916660       51266555.015212484        0.0000000000000000     
   3.87986112       51317091.889671482        0.0000000000000000     
   3.88055563       51105689.787026659        0.0000000000000000     
   3.88124990       51137316.806073606        0.0000000000000000     
   3.88194442       51170394.632002547        0.0000000000000000     
   3.88263893       51792211.221728288        0.0000000000000000     
   3.88333344       51822572.640257485        0.0000000000000000     
   3.88402772       51853978.164472058        0.0000000000000000     
   3.88472223       51884977.252629712        0.0000000000000000     
   3.88541675       51915248.724552706        0.0000000000000000     
   3.88611102       51946440.804535143        0.0000000000000000     
   3.88680553       51977409.293194801        0.0000000000000000     
   3.88750005       52008092.360448532        0.0000000000000000     
   3.88819456       52039132.962105535        0.0000000000000000     
   3.88888884       52070034.008151442        0.0000000000000000     
   3.88958335       52100892.589119710        0.0000000000000000     
   3.89027786       52131835.664516471        0.0000000000000000     
   3.89097214       52953934.575408906        0.0000000000000000     
   3.89166665       52141120.267743401        0.0000000000000000     
   3.89236116       53008543.041303918        0.0000000000000000     
   3.89305544       52094172.749795087        0.0000000000000000     
   3.89374995       52123280.031672500        0.0000000000000000     
   3.89444447       52156392.207661681        0.0000000000000000     
   3.89513898       52326669.341721684        0.0000000000000000     
   3.89583325       52239679.629734583        0.0000000000000000     
   3.89652777       51803441.601179153        0.0000000000000000     
   3.89722228       51970816.960177228        0.0000000000000000     
   3.89791656       52973124.260940261        0.0000000000000000     
   3.89861107       52496582.796126053        0.0000000000000000     
   3.89930558       52955786.149155729        0.0000000000000000     
   3.90000010       53278127.047954254        0.0000000000000000     
   3.90069437       53169482.871769525        0.0000000000000000     
   3.90138888       53336321.061588638        0.0000000000000000     
   3.90208340       53523861.020282842        0.0000000000000000     
   3.90277767       53322076.030058190        0.0000000000000000     
   3.90347219       52589601.996664904        0.0000000000000000     
   3.90416670       51154957.658635154        0.0000000000000000     
   3.90486121       51284075.869580604        0.0000000000000000     
   3.90555549       50669001.593031995        0.0000000000000000     
   3.90625000       47781281.989170626        0.0000000000000000     
   3.90694451       48519761.225813612        0.0000000000000000     
   3.90763879       48168756.328236520        0.0000000000000000     
   3.90833330       47537704.555641226        0.0000000000000000     
   3.90902781       48375689.466451615        0.0000000000000000     
   3.90972233       48065498.533557713        0.0000000000000000     
   3.91041660       46339403.593074143        0.0000000000000000     
   3.91111112       47197540.954397723        0.0000000000000000     
   3.91180563       47197072.655475482        0.0000000000000000     
   3.91249990       47300617.999276720        0.0000000000000000     
   3.91319442       47199776.391773492        0.0000000000000000     
   3.91388893       47220647.797357753        0.0000000000000000     
   3.91458344       47248040.280828185        0.0000000000000000     
   3.91527772       47271610.385153972        0.0000000000000000     
   3.91597223       47296223.510728613        0.0000000000000000     
   3.91666675       47321959.178309754        0.0000000000000000     
   3.91736102       47489298.245923497        0.0000000000000000     
   3.91805553       47395502.750645913        0.0000000000000000     
   3.91875005       46954455.167353995        0.0000000000000000     
   3.91944456       47118630.894345596        0.0000000000000000     
   3.92013884       47299136.545500159        0.0000000000000000     
   3.92083335       47317823.576187328        0.0000000000000000     
   3.92152786       47347229.558117963        0.0000000000000000     
   3.92222214       47418528.425086431        0.0000000000000000     
   3.92291665       47407821.824098453        0.0000000000000000     
   3.92361116       48126482.342581175        0.0000000000000000     
   3.92430544       46827144.384562247        0.0000000000000000     
   3.92499995       47326836.976171441        0.0000000000000000     
   3.92569447       47359651.749629468        0.0000000000000000     
   3.92638898       47384171.058713153        0.0000000000000000     
   3.92708325       47475090.811178274        0.0000000000000000     
   3.92777777       47482067.537601285        0.0000000000000000     
   3.92847228       47536123.602966964        0.0000000000000000     
   3.92916656       47325545.299198493        0.0000000000000000     
   3.92986107       47354923.142554894        0.0000000000000000     
   3.93055558       47389704.244598024        0.0000000000000000     
   3.93125010       47418374.001015007        0.0000000000000000     
   3.93194437       47448626.756316952        0.0000000000000000     
   3.93263888       47479984.685287274        0.0000000000000000     
   3.93333340       47510849.433324896        0.0000000000000000     
   3.93402767       47541041.463576272        0.0000000000000000     
   3.93472219       47654071.561067589        0.0000000000000000     
   3.93541670       47559531.175692953        0.0000000000000000     
   3.93611121       47588778.745840535        0.0000000000000000     
   3.93680549       48342534.387109406        0.0000000000000000     
   3.93750000       48511557.981965303        0.0000000000000000     
   3.93819451       47861546.455447637        0.0000000000000000     
   3.93888879       47643191.468439601        0.0000000000000000     
   3.93958330       48005037.601343028        0.0000000000000000     
   3.94027781       48041221.022182710        0.0000000000000000     
   3.94097233       47227986.061494030        0.0000000000000000     
   3.94166660       47372242.491803937        0.0000000000000000     
   3.94236112       47563735.089210264        0.0000000000000000     
   3.94305563       47590716.271300770        0.0000000000000000     
   3.94374990       47617427.433213145        0.0000000000000000     
   3.94444442       47648122.742028013        0.0000000000000000     
   3.94513893       47680834.762140647        0.0000000000000000     
   3.94583344       47711766.783768483        0.0000000000000000     
   3.94652772       47784898.978520058        0.0000000000000000     
   3.94722223       47776260.166310668        0.0000000000000000     
   3.94791675       47833043.498602174        0.0000000000000000     
   3.94861102       47801827.125820667        0.0000000000000000     
   3.94930553       47828253.091408014        0.0000000000000000     
   3.95000005       47861779.727524452        0.0000000000000000     
   3.95069456       48629187.232009567        0.0000000000000000     
   3.95138884       47871707.462391146        0.0000000000000000     
   3.95208335       47931241.923148513        0.0000000000000000     
   3.95277786       47727678.236038297        0.0000000000000000     
   3.95347214       47753678.673075594        0.0000000000000000     
   3.95416665       47790152.915030375        0.0000000000000000     
   3.95486116       47820249.917914033        0.0000000000000000     
   3.95555544       47850708.739792407        0.0000000000000000     
   3.95624995       47882553.708079219        0.0000000000000000     
   3.95694447       47996736.777681142        0.0000000000000000     
   3.95763898       47901254.415754758        0.0000000000000000     
   3.95833325       48778123.924593903        0.0000000000000000     
   3.95902777       48286777.501534499        0.0000000000000000     
   3.95972228       48585225.925310269        0.0000000000000000     
   3.96041656       47321601.261012867        0.0000000000000000     
   3.96111107       47499623.777025789        0.0000000000000000     
   3.96180558       47413031.561206326        0.0000000000000000     
   3.96250010       46973105.935619324        0.0000000000000000     
   3.96319437       47145443.556222826        0.0000000000000000     
   3.96388888       47329067.404194020        0.0000000000000000     
   3.96458340       47808564.740178674        0.0000000000000000     
   3.96527767       47321091.771551900        0.0000000000000000     
   3.96597219       47352039.572685078        0.0000000000000000     
   3.96666670       47386685.023029700        0.0000000000000000     
   3.96736121       47415772.328954443        0.0000000000000000     
   3.96805549       47450689.685928419        0.0000000000000000     
   3.96875000       47481577.035244673        0.0000000000000000     
   3.96944451       47514404.583144218        0.0000000000000000     
   3.97013879       47589257.184532285        0.0000000000000000     
   3.97083330       47581380.709841840        0.0000000000000000     
   3.97152781       47639143.674186014        0.0000000000000000     
   3.97222233       48075022.554031521        0.0000000000000000     
   3.97291660       47616836.998485416        0.0000000000000000     
   3.97361112       47650992.920388088        0.0000000000000000     
   3.97430563       47740839.805665582        0.0000000000000000     
   3.97499990       48220851.618629359        0.0000000000000000     
   3.97569442       48270574.607735835        0.0000000000000000     
   3.97638893       48061583.418326132        0.0000000000000000     
   3.97708344       48094529.319296867        0.0000000000000000     
   3.97777772       48128966.736493073        0.0000000000000000     
   3.97847223       48241786.551384553        0.0000000000000000     
   3.97916675       48146602.502223320        0.0000000000000000     
   3.97986102       48177651.243726373        0.0000000000000000     
   3.98055553       48212192.272475235        0.0000000000000000     
   3.98125005       48242438.107165001        0.0000000000000000     
   3.98194456       48274407.146364063        0.0000000000000000     
   3.98263884       48447843.349763684        0.0000000000000000     
   3.98333335       48359750.640028492        0.0000000000000000     
   3.98402786       47922508.411007419        0.0000000000000000     
   3.98472214       48090960.657075427        0.0000000000000000     
   3.98541665       48275408.952895470        0.0000000000000000     
   3.98611116       48297001.449685782        0.0000000000000000     
   3.98680544       48329313.895878769        0.0000000000000000     
   3.98749995       48783284.176707111        0.0000000000000000     
   3.98819447       47740675.355399869        0.0000000000000000     
   3.98888898       48292316.547606766        0.0000000000000000     
   3.98958325       48328658.041523777        0.0000000000000000     
   3.99027777       48358478.314220391        0.0000000000000000     
   3.99097228       48859168.785364389        0.0000000000000000     
   3.99166656       48401303.994345583        0.0000000000000000     
   3.99236107       48433915.838386923        0.0000000000000000     
   3.99305558       48509873.964177921        0.0000000000000000     
   3.99375010       48971514.176129028        0.0000000000000000     
   3.99444437       49022819.399077035        0.0000000000000000     
   3.99513888       48992481.828729890        0.0000000000000000     
   3.99583340       49022645.318665951        0.0000000000000000     
   3.99652767       49055576.490977116        0.0000000000000000     
   3.99722219       49143562.560779221        0.0000000000000000     
   3.99791670       49154632.229681887        0.0000000000000000     
   3.99861121       49211374.128435738        0.0000000000000000     
   3.99930549       49086888.358806923        0.0000000000000000     
   4.00000000       48992605.662672833        0.0000000000000000     
   4.00069427       49027683.817734599        0.0000000000000000     
   4.00138903       49060909.796984032        0.0000000000000000     
   4.00208330       49091678.369880214        0.0000000000000000     
   4.00277758       49124305.825377628        0.0000000000000000     
   4.00347233       49156924.802136645        0.0000000000000000     
   4.00416660       49330658.793201476        0.0000000000000000     
   4.00486088       49241990.733145930        0.0000000000000000     
   4.00555563       49296996.452060670        0.0000000000000000     
   4.00624990       49632186.151176415        0.0000000000000000     
   4.00694466       49013234.124980040        0.0000000000000000     
   4.00763893       49515314.754235223        0.0000000000000000     
   4.00833321       48578377.457369037        0.0000000000000000     
   4.00902796       49583641.066713035        0.0000000000000000     
   4.00972223       49608327.095723309        0.0000000000000000     
   4.01041651       49639039.781352639        0.0000000000000000     
   4.01111126       49673270.269232012        0.0000000000000000     
   4.01180553       49702139.861709192        0.0000000000000000     
   4.01249981       49734877.587947913        0.0000000000000000     
   4.01319456       49766753.099402122        0.0000000000000000     
   4.01388884       49799328.049709298        0.0000000000000000     
   4.01458311       49831614.747365355        0.0000000000000000     
   4.01527786       49863625.799392276        0.0000000000000000     
   4.01597214       49937674.398495130        0.0000000000000000     
   4.01666689       49930893.793166675        0.0000000000000000     
   4.01736116       49987497.116938680        0.0000000000000000     
   4.01805544       49957843.067601934        0.0000000000000000     
   4.01875019       49984840.166437007        0.0000000000000000     
   4.01944447       50791990.519238338        0.0000000000000000     
   4.02013874       51587195.961305685        0.0000000000000000     
   4.02083349       50959819.443252482        0.0000000000000000     
   4.02152777       51727876.607483827        0.0000000000000000     
   4.02222204       50572249.598846085        0.0000000000000000     
   4.02291679       50605312.364222094        0.0000000000000000     
   4.02361107       50644127.820617490        0.0000000000000000     
   4.02430534       50673274.915833004        0.0000000000000000     
   4.02500010       50706010.824213907        0.0000000000000000     
   4.02569437       50879580.726245150        0.0000000000000000     
   4.02638912       50790539.111206546        0.0000000000000000     
   4.02708340       50350748.370532379        0.0000000000000000     
   4.02777767       50519788.738820352        0.0000000000000000     
   4.02847242       50704602.002900258        0.0000000000000000     
   4.02916670       50726637.410929687        0.0000000000000000     
   4.02986097       50759369.628237352        0.0000000000000000     
   4.03055573       50791509.357410528        0.0000000000000000     
   4.03125000       51524582.555392981        0.0000000000000000     
   4.03194427       50943279.411183611        0.0000000000000000     
   4.03263903       50437155.001637220        0.0000000000000000     
   4.03333330       50752468.530623496        0.0000000000000000     
   4.03402758       50274955.475400485        0.0000000000000000     
   4.03472233       50305219.490315400        0.0000000000000000     
   4.03541660       50340744.835498035        0.0000000000000000     
   4.03611088       50370387.469118506        0.0000000000000000     
   4.03680563       50404984.812653311        0.0000000000000000     
   4.03749990       50436376.737787262        0.0000000000000000     
   4.03819466       50936992.324199185        0.0000000000000000     
   4.03888893       50491184.472908624        0.0000000000000000     
   4.03958321       51035988.819274440        0.0000000000000000     
   4.04027796       51026026.036260203        0.0000000000000000     
   4.04097223       51082323.608673714        0.0000000000000000     
   4.04166651       51052622.148511574        0.0000000000000000     
   4.04236126       51078622.839542583        0.0000000000000000     
   4.04305553       51195710.018570669        0.0000000000000000     
   4.04374981       51157053.500657275        0.0000000000000000     
   4.04444456       51165632.119406067        0.0000000000000000     
   4.04513884       51224588.801369563        0.0000000000000000     
   4.04583311       51015829.135620609        0.0000000000000000     
   4.04652786       51045532.674872011        0.0000000000000000     
   4.04722214       51222997.890373170        0.0000000000000000     
   4.04791689       51133786.399967618        0.0000000000000000     
   4.04861116       50696200.181890659        0.0000000000000000     
   4.04930544       50865000.256452344        0.0000000000000000     
   4.05000019       51049299.201201379        0.0000000000000000     
   4.05069447       51070129.706437588        0.0000000000000000     
   4.05138874       51102579.646708742        0.0000000000000000     
   4.05208349       51799756.651134826        0.0000000000000000     
   4.05277777       50560659.773166157        0.0000000000000000     
   4.05347204       51068346.263595015        0.0000000000000000     
   4.05416679       51100655.988927960        0.0000000000000000     
   4.05486107       51126901.089514531        0.0000000000000000     
   4.05555534       51161508.740562327        0.0000000000000000     
   4.05625010       51193107.204992294        0.0000000000000000     
   4.05694437       51223937.264610611        0.0000000000000000     
   4.05763912       51255190.647311002        0.0000000000000000     
   4.05833340       51287078.260940753        0.0000000000000000     
   4.05902767       51318374.224805772        0.0000000000000000     
   4.05972242       51349651.869674146        0.0000000000000000     
   4.06041670       51381162.979244195        0.0000000000000000     
   4.06111097       52004627.079017110        0.0000000000000000     
   4.06180573       52036529.354110144        0.0000000000000000     
   4.06250000       52067899.228955261        0.0000000000000000     
   4.06319427       52141938.965861596        0.0000000000000000     
   4.06388903       52133727.175579883        0.0000000000000000     
   4.06458330       52992138.605691299        0.0000000000000000     
   4.06527758       52975472.285030410        0.0000000000000000     
   4.06597233       52321335.116188221        0.0000000000000000     
   4.06666660       52108206.447294421        0.0000000000000000     
   4.06736088       52383706.029537432        0.0000000000000000     
   4.06805563       52519760.105972767        0.0000000000000000     
   4.06874990       52342672.395648271        0.0000000000000000     
   4.06944466       51993483.349986702        0.0000000000000000     
   4.07013893       51564649.575381711        0.0000000000000000     
   4.07083321       51742504.983607896        0.0000000000000000     
   4.07152796       51919421.870856933        0.0000000000000000     
   4.07222223       51939545.715745158        0.0000000000000000     
   4.07291651       51974204.056306601        0.0000000000000000     
   4.07361126       52005634.618601151        0.0000000000000000     
   4.07430553       52035280.173643731        0.0000000000000000     
   4.07499981       52067582.804738738        0.0000000000000000     
   4.07569456       52099188.557842650        0.0000000000000000     
   4.07638884       52949317.419910774        0.0000000000000000     
   4.07708311       52440820.254380353        0.0000000000000000     
   4.07777786       52941934.846812159        0.0000000000000000     
   4.07847214       53919204.806817643        0.0000000000000000     
   4.07916689       53108998.601247832        0.0000000000000000     
   4.07986116       53285405.557987072        0.0000000000000000     
   4.08055544       53478658.815174624        0.0000000000000000     
   4.08125019       52514747.368976727        0.0000000000000000     
   4.08194447       52421526.388727494        0.0000000000000000     
   4.08263874       51501398.030129030        0.0000000000000000     
   4.08333349       51587728.670211636        0.0000000000000000     
   4.08402777       51483340.247381553        0.0000000000000000     
   4.08472204       48587956.633376457        0.0000000000000000     
   4.08541679       49325556.254056208        0.0000000000000000     
   4.08611107       49904465.363856003        0.0000000000000000     
   4.08680534       48660907.980752982        0.0000000000000000     
   4.08750010       49728411.771515287        0.0000000000000000     
   4.08819437       47682482.075076349        0.0000000000000000     
   4.08888912       46374258.846437678        0.0000000000000000     
   4.08958340       46758488.174669951        0.0000000000000000     
   4.09027767       46758359.790916592        0.0000000000000000     
   4.09097242       46926596.666885212        0.0000000000000000     
   4.09166670       46886159.080982737        0.0000000000000000     
   4.09236097       46417366.111973695        0.0000000000000000     
   4.09305573       47061247.851635776        0.0000000000000000     
   4.09375000       46473340.115841940        0.0000000000000000     
   4.09444427       46485226.759818584        0.0000000000000000     
   4.09513903       46519263.272549674        0.0000000000000000     
   4.09583330       46540616.636872701        0.0000000000000000     
   4.09652758       46569407.946972072        0.0000000000000000     
   4.09722233       46596787.909425080        0.0000000000000000     
   4.09791660       46625915.796519518        0.0000000000000000     
   4.09861088       46653813.742843553        0.0000000000000000     
   4.09930563       46683447.009180151        0.0000000000000000     
   4.09999990       46712658.710470647        0.0000000000000000     
   4.10069466       47207783.013497099        0.0000000000000000     
   4.10138893       46754405.617782585        0.0000000000000000     
   4.10208321       46783747.285685219        0.0000000000000000     
   4.10277796       46814400.484466575        0.0000000000000000     
   4.10347223       47313780.660179518        0.0000000000000000     
   4.10416651       47336473.488856845        0.0000000000000000     
   4.10486126       47365112.117076933        0.0000000000000000     
   4.10555553       47397803.433575116        0.0000000000000000     
   4.10624981       47425909.782950357        0.0000000000000000     
   4.10694456       47455881.160573408        0.0000000000000000     
   4.10763884       47485685.786191300        0.0000000000000000     
   4.10833311       47515754.224587567        0.0000000000000000     
   4.10902786       47628476.275077298        0.0000000000000000     
   4.10972214       47531551.893851645        0.0000000000000000     
   4.11041689       47560102.999830835        0.0000000000000000     
   4.11111116       47592905.225132935        0.0000000000000000     
   4.11180544       47664962.055395685        0.0000000000000000     
   4.11250019       47654025.225280620        0.0000000000000000     
   4.11319447       47851057.358159252        0.0000000000000000     
   4.11388874       47699249.153656602        0.0000000000000000     
   4.11458349       47257216.944299899        0.0000000000000000     
   4.11527777       47425780.293744676        0.0000000000000000     
   4.11597204       48085042.833692670        0.0000000000000000     
   4.11666679       47011973.926866412        0.0000000000000000     
   4.11736107       47068349.349049851        0.0000000000000000     
   4.11805534       46863337.982977375        0.0000000000000000     
   4.11875010       46889081.860082768        0.0000000000000000     
   4.11944437       47390479.970562898        0.0000000000000000     
   4.12013912       46931399.121162131        0.0000000000000000     
   4.12083340       46961321.097685628        0.0000000000000000     
   4.12152767       46993978.485047378        0.0000000000000000     
   4.12222242       47023747.282514364        0.0000000000000000     
   4.12291670       47523530.607281640        0.0000000000000000     
   4.12361097       47076215.013865471        0.0000000000000000     
   4.12430573       47577900.607795566        0.0000000000000000     
   4.12500000       47606062.188170008        0.0000000000000000     
   4.12569427       47635611.318491794        0.0000000000000000     
   4.12638903       47666839.321946606        0.0000000000000000     
   4.12708330       47695959.023562759        0.0000000000000000     
   4.12777758       47726447.512012161        0.0000000000000000     
   4.12847233       47756270.966359235        0.0000000000000000     
   4.12916660       47786329.563407071        0.0000000000000000     
   4.12986088       47816331.591909647        0.0000000000000000     
   4.13055563       47846295.080914624        0.0000000000000000     
   4.13124990       47958760.274537392        0.0000000000000000     
   4.13194466       47862526.217104346        0.0000000000000000     
   4.13263893       47890995.866251633        0.0000000000000000     
   4.13333321       47923772.839521036        0.0000000000000000     
   4.13402796       47952894.402667642        0.0000000000000000     
   4.13472223       47982632.232880659        0.0000000000000000     
   4.13541651       48012870.386639602        0.0000000000000000     
   4.13611126       48227565.229281545        0.0000000000000000     
   4.13680553       48782240.684063628        0.0000000000000000     
   4.13749981       47065531.988223568        0.0000000000000000     
   4.13819456       47642934.916807100        0.0000000000000000     
   4.13888884       47346287.140422896        0.0000000000000000     
   4.13958311       47840693.366490431        0.0000000000000000     
   4.14027786       47922078.942513518        0.0000000000000000     
   4.14097214       47929251.187602997        0.0000000000000000     
   4.14166689       47985331.451590307        0.0000000000000000     
   4.14236116       47776158.137410298        0.0000000000000000     
   4.14305544       47805301.441885546        0.0000000000000000     
   4.14375019       47838934.531231470        0.0000000000000000     
   4.14444447       47867254.133937493        0.0000000000000000     
   4.14513874       47896431.994371831        0.0000000000000000     
   4.14583349       47926780.507632568        0.0000000000000000     
   4.14652777       47956796.901175626        0.0000000000000000     
   4.14722204       47985916.681225151        0.0000000000000000     
   4.14791679       48016009.433375277        0.0000000000000000     
   4.14861107       48045760.529978372        0.0000000000000000     
   4.14930534       48075308.581627719        0.0000000000000000     
   4.15000010       48105102.816937603        0.0000000000000000     
   4.15069437       48134809.807861619        0.0000000000000000     
   4.15138912       48873454.545462258        0.0000000000000000     
   4.15208340       48186309.613763131        0.0000000000000000     
   4.15277767       49054176.694954686        0.0000000000000000     
   4.15347242       48135386.770230673        0.0000000000000000     
   4.15416670       48246233.702299900        0.0000000000000000     
   4.15486097       48152123.295951210        0.0000000000000000     
   4.15555573       48178420.923562154        0.0000000000000000     
   4.15625000       48211806.271688394        0.0000000000000000     
   4.15694427       48240226.469274603        0.0000000000000000     
   4.15763903       48269740.382587016        0.0000000000000000     
   4.15833330       48299582.928202502        0.0000000000000000     
   4.15902758       48470945.609009258        0.0000000000000000     
   4.15972233       48379799.327495642        0.0000000000000000     
   4.16041660       47940575.041528553        0.0000000000000000     
   4.16111088       48148973.696728878        0.0000000000000000     
   4.16180563       48289180.920641780        0.0000000000000000     
   4.16249990       48334768.487452962        0.0000000000000000     
   4.16319466       49004305.825216509        0.0000000000000000     
   4.16388893       48415994.318534777        0.0000000000000000     
   4.16458321       47909149.696426407        0.0000000000000000     
   4.16527796       48277949.748591051        0.0000000000000000     
   4.16597223       47776261.025255039        0.0000000000000000     
   4.16666651       47828132.954157896        0.0000000000000000     
   4.16736126       47623462.407545514        0.0000000000000000     
   4.16805553       47649026.503695339        0.0000000000000000     
   4.16874981       47685629.074408174        0.0000000000000000     
   4.16944456       47713013.112130262        0.0000000000000000     
   4.17013884       48261105.479573123        0.0000000000000000     
   4.17083311       48760420.173062682        0.0000000000000000     
   4.17152786       48310610.938911237        0.0000000000000000     
   4.17222214       48810008.607731000        0.0000000000000000     
   4.17291689       48838987.778214164        0.0000000000000000     
   4.17361116       48867917.394142948        0.0000000000000000     
   4.17430544       48898259.493052475        0.0000000000000000     
   4.17500019       48926951.635418847        0.0000000000000000     
   4.17569447       48957008.857421972        0.0000000000000000     
   4.17638874       48986197.570388794        0.0000000000000000     
   4.17708349       49097291.932672657        0.0000000000000000     
   4.17777777       49001494.351206072        0.0000000000000000     
   4.17847204       49029437.394255660        0.0000000000000000     
   4.17916679       49061760.676985897        0.0000000000000000     
   4.17986107       49090398.189915106        0.0000000000000000     
   4.18055534       49119636.896697171        0.0000000000000000     
   4.18125010       49149393.075584359        0.0000000000000000     
   4.18194437       49319473.044114158        0.0000000000000000     
   4.18263912       49229301.378308371        0.0000000000000000     
   4.18333340       48792713.432821780        0.0000000000000000     
   4.18402767       48957770.342838086        0.0000000000000000     
   4.18472242       49138584.137039512        0.0000000000000000     
   4.18541670       49823372.059480935        0.0000000000000000     
   4.18611097       48626010.514318988        0.0000000000000000     
   4.18680573       49090168.772848733        0.0000000000000000     
   4.18750000       49145592.851485401        0.0000000000000000     
   4.18819427       49602311.673933521        0.0000000000000000     
   4.18888903       49110637.475584686        0.0000000000000000     
   4.18958330       49637069.722125262        0.0000000000000000     
   4.19027758       49672797.503172927        0.0000000000000000     
   4.19097233       49264239.435529739        0.0000000000000000     
   4.19166660       49770406.025380127        0.0000000000000000     
   4.19236088       49821401.246055320        0.0000000000000000     
   4.19305563       49609940.081046358        0.0000000000000000     
   4.19374990       49637249.335858107        0.0000000000000000     
   4.19444466       49669788.234898329        0.0000000000000000     
   4.19513893       49696952.921213962        0.0000000000000000     
   4.19583321       49725901.547261283        0.0000000000000000     
   4.19652796       49756266.684363246        0.0000000000000000     
   4.19722223       49785935.625650235        0.0000000000000000     
   4.19791651       49814629.861033849        0.0000000000000000     
   4.19861126       50563092.859832749        0.0000000000000000     
   4.19930553       50731936.778568484        0.0000000000000000     
   4.19999981       50082651.158452429        0.0000000000000000     
   4.20069456       49944832.733189039        0.0000000000000000     
   4.20138884       50035907.539245352        0.0000000000000000     
   4.20208311       50189363.946554333        0.0000000000000000     
   4.20277786       49848178.270232141        0.0000000000000000     
   4.20347214       50626428.211159401        0.0000000000000000     
   4.20416689       50662548.049037501        0.0000000000000000     
   4.20486116       50695999.117781147        0.0000000000000000     
   4.20555544       50860078.159735925        0.0000000000000000     
   4.20625019       50767437.616379909        0.0000000000000000     
   4.20694447       50331613.080210984        0.0000000000000000     
   4.20763874       50497140.946264036        0.0000000000000000     
   4.20833349       50678205.652774610        0.0000000000000000     
   4.20902777       50698187.705269694        0.0000000000000000     
   4.20972204       50727423.061754584        0.0000000000000000     
   4.21041679       50756008.873879209        0.0000000000000000     
   4.21111107       50784305.049199216        0.0000000000000000     
   4.21180534       50855766.545922369        0.0000000000000000     
   4.21250010       50844706.367600605        0.0000000000000000     
   4.21319437       51577797.981506445        0.0000000000000000     
   4.21388912       50781041.512163073        0.0000000000000000     
   4.21458340       50809083.694175526        0.0000000000000000     
   4.21527767       50844227.708430275        0.0000000000000000     
   4.21597242       50869118.149087124        0.0000000000000000     
   4.21666670       50955907.404114671        0.0000000000000000     
   4.21736097       50961354.634980492        0.0000000000000000     
   4.21805573       51014134.285751522        0.0000000000000000     
   4.21875000       50803965.764246427        0.0000000000000000     
   4.21944427       50831652.175564475        0.0000000000000000     
   4.22013903       50864884.899175033        0.0000000000000000     
   4.22083330       50892029.484062180        0.0000000000000000     
   4.22152758       50920389.490790211        0.0000000000000000     
   4.22222233       51795963.679666087        0.0000000000000000     
   4.22291660       51298959.020660691        0.0000000000000000     
   4.22361088       51596008.247405104        0.0000000000000000     
   4.22430563       50410667.627402335        0.0000000000000000     
   4.22499990       50318916.115062639        0.0000000000000000     
   4.22569466       50346864.037998676        0.0000000000000000     
   4.22638893       50374819.243677899        0.0000000000000000     
   4.22708321       50407259.292614967        0.0000000000000000     
   4.22777796       50435540.013820432        0.0000000000000000     
   4.22847223       50465147.640381336        0.0000000000000000     
   4.22916651       51092949.778316051        0.0000000000000000     
   4.22986126       50480460.576826207        0.0000000000000000     
   4.23055553       50041934.301477022        0.0000000000000000     
   4.23124981       50210275.528417028        0.0000000000000000     
   4.23194456       50387609.564940214        0.0000000000000000     
   4.23263884       50410107.439852484        0.0000000000000000     
   4.23333311       50438769.497751154        0.0000000000000000     
   4.23402786       50468910.997879446        0.0000000000000000     
   4.23472214       50497782.943968676        0.0000000000000000     
   4.23541689       50527445.157807589        0.0000000000000000     
   4.23611116       50556932.953900009        0.0000000000000000     
   4.23680544       50586220.344579086        0.0000000000000000     
   4.23750019       50615695.783924252        0.0000000000000000     
   4.23819447       51154768.111439586        0.0000000000000000     
   4.23888874       50654919.306622773        0.0000000000000000     
   4.23958349       50709829.795766100        0.0000000000000000     
   4.24027777       50678099.398844019        0.0000000000000000     
   4.24097204       51171746.807277299        0.0000000000000000     
   4.24166679       51197543.028565191        0.0000000000000000     
   4.24236107       51225023.783106320        0.0000000000000000     
   4.24305534       51313621.478112705        0.0000000000000000     
   4.24375010       51316513.791067563        0.0000000000000000     
   4.24444437       51369285.739595108        0.0000000000000000     
   4.24513912       51157903.602951013        0.0000000000000000     
   4.24583340       51185049.039834909        0.0000000000000000     
   4.24652767       51217880.328025043        0.0000000000000000     
   4.24722242       51244643.699885972        0.0000000000000000     
   4.24791670       51354062.026030220        0.0000000000000000     
   4.24861097       51257940.001942202        0.0000000000000000     
   4.24930573       51285131.252075680        0.0000000000000000     
   4.25000000       51908102.062461302        0.0000000000000000     
   4.25069427       51936693.121032454        0.0000000000000000     
   4.25138903       51964975.352612831        0.0000000000000000     
   4.25208330       51993790.321219482        0.0000000000000000     
   4.25277758       52022477.915518843        0.0000000000000000     
   4.25347233       52192927.430823058        0.0000000000000000     
   4.25416660       52100104.644084960        0.0000000000000000     
   4.25486088       52082085.682514511        0.0000000000000000     
   4.25555563       51171767.986012124        0.0000000000000000     
   4.25624990       51353241.415297985        0.0000000000000000     
   4.25694466       51376642.314866699        0.0000000000000000     
   4.25763893       51403447.391735114        0.0000000000000000     
   4.25833321       51435015.998554319        0.0000000000000000     
   4.25902796       51928520.053200394        0.0000000000000000     
   4.25972223       51467318.696532294        0.0000000000000000     
   4.26041651       51495942.786611319        0.0000000000000000     
   4.26111126       51526318.859650746        0.0000000000000000     
   4.26180553       52022122.558839053        0.0000000000000000     
   4.26249981       51578722.721724845        0.0000000000000000     
   4.26319456       52077764.893236831        0.0000000000000000     
   4.26388884       52104418.250572130        0.0000000000000000     
   4.26458311       52174361.095424421        0.0000000000000000     
   4.26527786       52162842.425360933        0.0000000000000000     
   4.26597214       53035823.537202030        0.0000000000000000     
   4.26666689       52463500.042139746        0.0000000000000000     
   4.26736116       52957374.864469387        0.0000000000000000     
   4.26805544       53254512.047048412        0.0000000000000000     
   4.26875019       53207420.542662732        0.0000000000000000     
   4.26944447       53433984.596689858        0.0000000000000000     
   4.27013874       53596631.447664589        0.0000000000000000     
   4.27083349       52657506.465642393        0.0000000000000000     
   4.27152777       52322799.764661171        0.0000000000000000     
   4.27222204       51397683.050515011        0.0000000000000000     
   4.27291679       51568663.359189935        0.0000000000000000     
   4.27361107       51332756.181014203        0.0000000000000000     
   4.27430534       48423610.143489838        0.0000000000000000     
   4.27500010       49159877.122340031        0.0000000000000000     
   4.27569437       48808544.376436077        0.0000000000000000     
   4.27638912       48859705.836505286        0.0000000000000000     
   4.27708340       48395423.809108436        0.0000000000000000     
   4.27777767       48228230.030553974        0.0000000000000000     
   4.27847242       46384513.014920153        0.0000000000000000     
   4.27916670       46773372.109511659        0.0000000000000000     
   4.27986097       46902994.202588178        0.0000000000000000     
   4.28055573       47073073.766153283        0.0000000000000000     
   4.28125000       47085977.732164666        0.0000000000000000     
   4.28194427       47104898.165490277        0.0000000000000000     
   4.28263903       47127024.104116991        0.0000000000000000     
   4.28333330       47147828.853665724        0.0000000000000000     
   4.28402758       47169776.085645638        0.0000000000000000     
   4.28472233       47192199.250641614        0.0000000000000000     
   4.28541660       47214857.111057729        0.0000000000000000     
   4.28611088       47238554.498102911        0.0000000000000000     
   4.28680563       47262748.206202410        0.0000000000000000     
   4.28749990       47287485.533886947        0.0000000000000000     
   4.28819466       47312697.186611675        0.0000000000000000     
   4.28888893       47338144.016137756        0.0000000000000000     
   4.28958321       47363798.610238291        0.0000000000000000     
   4.29027796       47389622.594124101        0.0000000000000000     
   4.29097223       47415586.886042632        0.0000000000000000     
   4.29166651       47484214.452513821        0.0000000000000000     
   4.29236126       48176306.458322175        0.0000000000000000     
   4.29305553       47512207.124441631        0.0000000000000000     
   4.29374981       48313639.241593108        0.0000000000000000     
   4.29444456       47388198.546543837        0.0000000000000000     
   4.29513884       47416071.816713616        0.0000000000000000     
   4.29583311       47444775.184248701        0.0000000000000000     
   4.29652786       47526910.745197296        0.0000000000000000     
   4.29722214       47612002.886464454        0.0000000000000000     
   4.29791689       47536479.695614398        0.0000000000000000     
   4.29861116       47323441.820080236        0.0000000000000000     
   4.29930544       47351803.074735165        0.0000000000000000     
   4.30000019       47382514.569487140        0.0000000000000000     
   4.30069447       47407648.021021113        0.0000000000000000     
   4.30138874       47434595.784869812        0.0000000000000000     
   4.30208349       47602522.527354710        0.0000000000000000     
   4.30277777       47510571.815227322        0.0000000000000000     
   4.30347204       47073823.728813492        0.0000000000000000     
   4.30416679       47236510.251804322        0.0000000000000000     
   4.30486107       47414501.683266230        0.0000000000000000     
   4.30555534       48134215.844015919        0.0000000000000000     
   4.30625010       47547521.808345221        0.0000000000000000     
   4.30694437       47036030.543306574        0.0000000000000000     
   4.30763912       47345895.027284659        0.0000000000000000     
   4.30833340       46865192.531151287        0.0000000000000000     
   4.30902767       46890839.730940476        0.0000000000000000     
   4.30972242       46921512.249185525        0.0000000000000000     
   4.31041670       46946613.991322406        0.0000000000000000     
   4.31111097       46976614.748287626        0.0000000000000000     
   4.31180573       47003404.293096989        0.0000000000000000     
   4.31250000       47031721.160307623        0.0000000000000000     
   4.31319427       47526206.000588693        0.0000000000000000     
   4.31388903       47076991.135054789        0.0000000000000000     
   4.31458330       47572925.792976029        0.0000000000000000     
   4.31527758       47598989.967040807        0.0000000000000000     
   4.31597233       47625620.829224452        0.0000000000000000     
   4.31666660       47653754.337185033        0.0000000000000000     
   4.31736088       47680092.606687926        0.0000000000000000     
   4.31805563       47707739.802729905        0.0000000000000000     
   4.31874990       47776753.437494420        0.0000000000000000     
   4.31944466       47762436.231668197        0.0000000000000000     
   4.32013893       47815515.105097517        0.0000000000000000     
   4.32083321       47781325.912231475        0.0000000000000000     
   4.32152796       47803639.099845037        0.0000000000000000     
   4.32222223       47915474.502274543        0.0000000000000000     
   4.32291651       47815209.352670200        0.0000000000000000     
   4.32361126       47896996.397336841        0.0000000000000000     
   4.32430553       47902342.405553214        0.0000000000000000     
   4.32499981       47952323.791396476        0.0000000000000000     
   4.32569456       47742475.324326195        0.0000000000000000     
   4.32638884       47768357.576634973        0.0000000000000000     
   4.32708311       47940572.875811286        0.0000000000000000     
   4.32777786       47845523.768771783        0.0000000000000000     
   4.32847214       47407356.236469671        0.0000000000000000     
   4.32916689       48233791.383679233        0.0000000000000000     
   4.32986116       47145045.618814074        0.0000000000000000     
   4.33055544       47636228.913729995        0.0000000000000000     
   4.33125019       47665141.708538994        0.0000000000000000     
   4.33194447       47687374.646913707        0.0000000000000000     
   4.33263874       47716556.333502956        0.0000000000000000     
   4.33333349       47743968.449637786        0.0000000000000000     
   4.33402777       47770415.814998813        0.0000000000000000     
   4.33472204       47796923.303604737        0.0000000000000000     
   4.33541679       47824383.053386070        0.0000000000000000     
   4.33611107       47851166.467197560        0.0000000000000000     
   4.33680534       47877882.911464669        0.0000000000000000     
   4.33750010       47904893.030397989        0.0000000000000000     
   4.33819437       47931743.303157680        0.0000000000000000     
   4.33888912       47958570.149080604        0.0000000000000000     
   4.33958340       47985422.176903389        0.0000000000000000     
   4.34027767       48012259.439989321        0.0000000000000000     
   4.34097242       48039077.131422289        0.0000000000000000     
   4.34166670       48065885.270744741        0.0000000000000000     
   4.34236097       48092685.649161592        0.0000000000000000     
   4.34305573       48119474.353987306        0.0000000000000000     
   4.34375000       48864221.022942558        0.0000000000000000     
   4.34444427       49029711.078609578        0.0000000000000000     
   4.34513903       48378583.752956554        0.0000000000000000     
   4.34583330       48156402.616033450        0.0000000000000000     
   4.34652758       48413521.669505276        0.0000000000000000     
   4.34722233       48605579.019006200        0.0000000000000000     
   4.34791660       48160018.984297238        0.0000000000000000     
   4.34861088       48100376.737734094        0.0000000000000000     
   4.34930563       48132926.675308779        0.0000000000000000     
   4.34999990       48166917.727588393        0.0000000000000000     
   4.35069466       48188066.153997011        0.0000000000000000     
   4.35138893       48270571.586273201        0.0000000000000000     
   4.35208321       48274236.295949310        0.0000000000000000     
   4.35277796       48466116.451850325        0.0000000000000000     
   4.35347223       48133619.966710761        0.0000000000000000     
   4.35416651       47691772.972769119        0.0000000000000000     
   4.35486126       47858323.705894798        0.0000000000000000     
   4.35555553       48034292.800006576        0.0000000000000000     
   4.35624981       48051235.219574265        0.0000000000000000     
   4.35694456       48078933.678747088        0.0000000000000000     
   4.35763884       48105887.894989289        0.0000000000000000     
   4.35833311       48131440.201931186        0.0000000000000000     
   4.35902786       48158482.251442693        0.0000000000000000     
   4.35972214       48862798.535965070        0.0000000000000000     
   4.36041689       48124120.595051818        0.0000000000000000     
   4.36111116       48154621.492055900        0.0000000000000000     
   4.36180544       48185279.708972171        0.0000000000000000     
   4.36250019       48208129.454407893        0.0000000000000000     
   4.36319447       48235475.452276342        0.0000000000000000     
   4.36388874       48262473.507821888        0.0000000000000000     
   4.36458349       48288629.056870267        0.0000000000000000     
   4.36527777       48314936.004354499        0.0000000000000000     
   4.36597204       48341607.454238907        0.0000000000000000     
   4.36666679       48367957.870398469        0.0000000000000000     
   4.36736107       48394371.789231226        0.0000000000000000     
   4.36805534       48420797.822986856        0.0000000000000000     
   4.36875010       48447198.659760103        0.0000000000000000     
   4.36944437       49318818.677195072        0.0000000000000000     
   4.37013912       49337549.746309608        0.0000000000000000     
   4.37083340       49631660.766640797        0.0000000000000000     
   4.37152767       48363383.941923030        0.0000000000000000     
   4.37222242       48395301.208559953        0.0000000000000000     
   4.37291670       48504279.061623842        0.0000000000000000     
   4.37361097       48400641.493443251        0.0000000000000000     
   4.37430573       48429991.419031613        0.0000000000000000     
   4.37500000       48501688.977610029        0.0000000000000000     
   4.37569427       48484398.416460820        0.0000000000000000     
   4.37638903       48538214.720715947        0.0000000000000000     
   4.37708330       48960427.639319174        0.0000000000000000     
   4.37777758       48460579.740879357        0.0000000000000000     
   4.37847233       48629249.520242549        0.0000000000000000     
   4.37916660       48538385.104800329        0.0000000000000000     
   4.37986088       48153132.087091178        0.0000000000000000     
   4.38055563       48292648.058428377        0.0000000000000000     
   4.38124990       48493019.692414969        0.0000000000000000     
   4.38194466       48273929.110244259        0.0000000000000000     
   4.38263893       48299738.383231111        0.0000000000000000     
   4.38333321       48331363.037232831        0.0000000000000000     
   4.38402796       48356253.644988716        0.0000000000000000     
   4.38472223       48382787.972347051        0.0000000000000000     
   4.38541651       48410503.750181004        0.0000000000000000     
   4.38611126       48437574.314861983        0.0000000000000000     
   4.38680553       48930547.653157324        0.0000000000000000     
   4.38749981       48470162.244252495        0.0000000000000000     
   4.38819456       48496592.974448763        0.0000000000000000     
   4.38888884       48524444.719627105        0.0000000000000000     
   4.38958311       49019252.183082074        0.0000000000000000     
   4.39027786       49535524.256647371        0.0000000000000000     
   4.39097214       49041675.205086179        0.0000000000000000     
   4.39166689       49564836.150123790        0.0000000000000000     
   4.39236116       49597496.013811380        0.0000000000000000     
   4.39305544       49128754.572712868        0.0000000000000000     
   4.39375019       49655559.365722492        0.0000000000000000     
   4.39444447       49679558.636758812        0.0000000000000000     
   4.39513874       49705227.373670444        0.0000000000000000     
   4.39583349       49730916.775858052        0.0000000000000000     
   4.39652777       49756067.032578573        0.0000000000000000     
   4.39722204       49781952.134552926        0.0000000000000000     
   4.39791679       49808373.274602078        0.0000000000000000     
   4.39861107       49835021.370027557        0.0000000000000000     
   4.39930534       49943821.721906818        0.0000000000000000     
   4.40000010       49843036.560641542        0.0000000000000000     
   4.40069437       49867779.190833822        0.0000000000000000     
   4.40138912       49896894.088528484        0.0000000000000000     
   4.40208340       49922206.631087892        0.0000000000000000     
   4.40277767       49948054.446615547        0.0000000000000000     
   4.40347242       50016549.988855392        0.0000000000000000     
   4.40416670       49999625.924617894        0.0000000000000000     
   4.40486097       50614638.590124048        0.0000000000000000     
   4.40555573       49383850.082851782        0.0000000000000000     
   4.40625000       49712808.008269735        0.0000000000000000     
   4.40694427       49880004.473668762        0.0000000000000000     
   4.40763903       50052685.938726895        0.0000000000000000     
   4.40833330       50126762.799091794        0.0000000000000000     
   4.40902758       50127293.209636927        0.0000000000000000     
   4.40972233       50644828.457996257        0.0000000000000000     
   4.41041660       49944015.833163843        0.0000000000000000     
   4.41111088       49969416.742698483        0.0000000000000000     
   4.41180563       50002047.603302106        0.0000000000000000     
   4.41249990       50025055.927928381        0.0000000000000000     
   4.41319466       50519932.405232005        0.0000000000000000     
   4.41388893       50071530.371341839        0.0000000000000000     
   4.41458321       50568955.888661049        0.0000000000000000     
   4.41527796       50592728.601962633        0.0000000000000000     
   4.41597223       50618875.531005897        0.0000000000000000     
   4.41666651       50646192.293600827        0.0000000000000000     
   4.41736126       50671263.507601783        0.0000000000000000     
   4.41805553       50697472.523553342        0.0000000000000000     
   4.41874981       50723121.923087128        0.0000000000000000     
   4.41944456       50748950.747900866        0.0000000000000000     
   4.42013884       50774858.446589068        0.0000000000000000     
   4.42083311       50800802.170809634        0.0000000000000000     
   4.42152786       50826761.242958702        0.0000000000000000     
   4.42222214       50852683.378131784        0.0000000000000000     
   4.42291689       50878537.570123874        0.0000000000000000     
   4.42361116       50904359.363276407        0.0000000000000000     
   4.42430544       50930172.349747799        0.0000000000000000     
   4.42500019       50955996.820232525        0.0000000000000000     
   4.42569447       51063707.890366755        0.0000000000000000     
   4.42638874       50963029.957848184        0.0000000000000000     
   4.42708349       50987359.756236911        0.0000000000000000     
   4.42777777       51016070.834522232        0.0000000000000000     
   4.42847204       51041006.395491935        0.0000000000000000     
   4.42916679       51752281.270724803        0.0000000000000000     
   4.42986107       50477212.078384362        0.0000000000000000     
   4.43055534       50974475.426702790        0.0000000000000000     
   4.43125010       50668763.917129725        0.0000000000000000     
   4.43194437       51044295.108484253        0.0000000000000000     
   4.43263912       50644467.651830859        0.0000000000000000     
   4.43333340       50760749.502293974        0.0000000000000000     
   4.43402767       50965951.914782919        0.0000000000000000     
   4.43472242       50919522.489871979        0.0000000000000000     
   4.43541670       50941598.766069122        0.0000000000000000     
   4.43611097       50969307.633649267        0.0000000000000000     
   4.43680573       50994309.700894192        0.0000000000000000     
   4.43750000       51075769.141406015        0.0000000000000000     
   4.43819427       51076033.421165153        0.0000000000000000     
   4.43888903       51125133.810552523        0.0000000000000000     
   4.43958330       50915612.627019778        0.0000000000000000     
   4.44027758       50939768.987726286        0.0000000000000000     
   4.44097233       50969729.103418730        0.0000000000000000     
   4.44166660       50993664.692675576        0.0000000000000000     
   4.44236088       51018613.415131435        0.0000000000000000     
   4.44305563       51044812.087180085        0.0000000000000000     
   4.44374990       51070617.669591181        0.0000000000000000     
   4.44444466       51095515.988484360        0.0000000000000000     
   4.44513893       51121402.914717332        0.0000000000000000     
   4.44583321       51146965.554813124        0.0000000000000000     
   4.44652796       51880648.307927601        0.0000000000000000     
   4.44722223       51189766.115771957        0.0000000000000000     
   4.44791651       52052044.981846280        0.0000000000000000     
   4.44861126       51129666.552737966        0.0000000000000000     
   4.44930553       51154123.733452789        0.0000000000000000     
   4.44999981       51181923.497418500        0.0000000000000000     
   4.45069456       51205535.276724413        0.0000000000000000     
   4.45138884       51231916.257388003        0.0000000000000000     
   4.45208311       51256958.407402001        0.0000000000000000     
   4.45277786       51364888.573659725        0.0000000000000000     
   4.45347214       51263030.835401781        0.0000000000000000     
   4.45416689       51286994.312337629        0.0000000000000000     
   4.45486116       51315215.475193322        0.0000000000000000     
   4.45555544       51339789.929734699        0.0000000000000000     
   4.45625019       51364938.664584853        0.0000000000000000     
   4.45694447       51390617.730639488        0.0000000000000000     
   4.45763874       51415840.710133016        0.0000000000000000     
   4.45833349       51582398.370239094        0.0000000000000000     
   4.45902777       52078625.398616277        0.0000000000000000     
   4.45972204       51639735.763929054        0.0000000000000000     
   4.46041679       51799931.085560046        0.0000000000000000     
   4.46111107       52678370.811753541        0.0000000000000000     
   4.46180534       52079764.369013511        0.0000000000000000     
   4.46250010       51608075.042928092        0.0000000000000000     
   4.46319437       51872606.152411878        0.0000000000000000     
   4.46388912       51417049.904334158        0.0000000000000000     
   4.46458340       51378943.214356497        0.0000000000000000     
   4.46527767       51403079.674516283        0.0000000000000000     
   4.46597242       51428278.463777497        0.0000000000000000     
   4.46666670       51455980.195505902        0.0000000000000000     
   4.46736097       51536718.237582520        0.0000000000000000     
   4.46805573       51537356.676803224        0.0000000000000000     
   4.46875000       51586803.433462098        0.0000000000000000     
   4.46944427       51844072.143365301        0.0000000000000000     
   4.47013903       51390830.024670556        0.0000000000000000     
   4.47083330       51888860.093333475        0.0000000000000000     
   4.47152758       51443192.202191688        0.0000000000000000     
   4.47222233       51938604.380923674        0.0000000000000000     
   4.47291660       51961875.724569738        0.0000000000000000     
   4.47361088       51986887.643660791        0.0000000000000000     
   4.47430563       52012907.368543573        0.0000000000000000     
   4.47499990       52037727.316061176        0.0000000000000000     
   4.47569466       52063162.096806973        0.0000000000000000     
   4.47638893       52088160.319143899        0.0000000000000000     
   4.47708321       52932881.250458129        0.0000000000000000     
   4.47777796       52418714.066604592        0.0000000000000000     
   4.47847223       52913835.213373147        0.0000000000000000     
   4.47916651       53204674.339231804        0.0000000000000000     
   4.47986126       53235754.634330831        0.0000000000000000     
   4.48055553       53274842.827751532        0.0000000000000000     
   4.48124981       53453932.674813777        0.0000000000000000     
   4.48194456       51990046.714114375        0.0000000000000000     
   4.48263884       52385935.806150205        0.0000000000000000     
   4.48333311       51468964.478226610        0.0000000000000000     
   4.48402786       51538900.006428346        0.0000000000000000     
   4.48472214       51426494.318477482        0.0000000000000000     
   4.48541689       48651575.721986473        0.0000000000000000     
   4.48611116       49256855.765201762        0.0000000000000000     
   4.48680544       48442009.920891948        0.0000000000000000     
   4.48750019       48612559.525641434        0.0000000000000000     
   4.48819447       48319753.505107224        0.0000000000000000     
   4.48888874       48005349.993010834        0.0000000000000000     
   4.48958349       46758164.799833283        0.0000000000000000     
   4.49027777       47132748.373951755        0.0000000000000000     
   4.49097204       47129458.944686159        0.0000000000000000     
   4.49166679       47145891.676557057        0.0000000000000000     
   4.49236107       47203741.711138211        0.0000000000000000     
   4.49305534       47176788.737303890        0.0000000000000000     
   4.49375010       47221551.018158540        0.0000000000000000     
   4.49444437       47178646.453662351        0.0000000000000000     
   4.49513912       47192068.336126640        0.0000000000000000     
   4.49583340       47213483.489432819        0.0000000000000000     
   4.49652767       47232685.678939752        0.0000000000000000     
   4.49722242       47252735.017697848        0.0000000000000000     
   4.49791670       47329839.630459972        0.0000000000000000     
   4.49861097       47324890.575721912        0.0000000000000000     
   4.49930573       47370070.295468032        0.0000000000000000     
   4.50000000       47155526.957059056        0.0000000000000000     
   4.50069427       47176436.957677804        0.0000000000000000     
   4.50138903       47203319.700358599        0.0000000000000000     
   4.50208330       47224448.069707029        0.0000000000000000     
   4.50277758       47246667.392045930        0.0000000000000000     
   4.50347233       47989386.392366551        0.0000000000000000     
   4.50416660       48151956.593819983        0.0000000000000000     
   4.50486088       47495230.335217811        0.0000000000000000     
   4.50555563       47269837.427384540        0.0000000000000000     
   4.50624990       47481153.100681387        0.0000000000000000     
   4.50694466       47630145.832289390        0.0000000000000000     
   4.50763893       47364179.230182044        0.0000000000000000     
   4.50833321       47237430.034263432        0.0000000000000000     
   4.50902796       47267552.471844845        0.0000000000000000     
   4.50972223       47300312.897281721        0.0000000000000000     
   4.51041651       47318433.033659555        0.0000000000000000     
   4.51111126       47341404.710725725        0.0000000000000000     
   4.51180553       47367757.239139877        0.0000000000000000     
   4.51249981       47391187.691708937        0.0000000000000000     
   4.51319456       47554988.779947147        0.0000000000000000     
   4.51388884       47458794.197356962        0.0000000000000000     
   4.51458311       47020769.974901848        0.0000000000000000     
   4.51527786       47179134.387326583        0.0000000000000000     
   4.51597214       47353258.443582252        0.0000000000000000     
   4.51666689       47368778.416093618        0.0000000000000000     
   4.51736116       47393187.118818827        0.0000000000000000     
   4.51805544       47417363.233349957        0.0000000000000000     
   4.51875019       47441129.041162185        0.0000000000000000     
   4.51944447       47465269.203793116        0.0000000000000000     
   4.52013874       47489420.065483764        0.0000000000000000     
   4.52083349       48190953.350367375        0.0000000000000000     
   4.52152777       47449568.348209150        0.0000000000000000     
   4.52222204       47477456.302380964        0.0000000000000000     
   4.52291679       47505629.995739736        0.0000000000000000     
   4.52361107       47568376.971683495        0.0000000000000000     
   4.52430534       47549358.696107723        0.0000000000000000     
   4.52500010       47600751.092852786        0.0000000000000000     
   4.52569437       47563223.949207604        0.0000000000000000     
   4.52638912       47582209.632178761        0.0000000000000000     
   4.52708340       47608642.480213083        0.0000000000000000     
   4.52777767       47632118.680708937        0.0000000000000000     
   4.52847242       47655834.300911501        0.0000000000000000     
   4.52916670       47736051.648400925        0.0000000000000000     
   4.52986097       47733407.708401047        0.0000000000000000     
   4.53055573       47780645.481430680        0.0000000000000000     
   4.53125000       48412527.738978192        0.0000000000000000     
   4.53194427       47909635.010440141        0.0000000000000000     
   4.53263903       48204656.268293865        0.0000000000000000     
   4.53333330       46933694.136450902        0.0000000000000000     
   4.53402758       46962326.098970495        0.0000000000000000     
   4.53472233       46987437.574172132        0.0000000000000000     
   4.53541660       47089134.575087719        0.0000000000000000     
   4.53611088       46990329.637739554        0.0000000000000000     
   4.53680563       47012597.596927658        0.0000000000000000     
   4.53749990       47039734.689522728        0.0000000000000000     
   4.53819466       47063382.982189231        0.0000000000000000     
   4.53888893       47087777.754400998        0.0000000000000000     
   4.53958321       47568805.463024557        0.0000000000000000     
   4.54027796       47071052.337806970        0.0000000000000000     
   4.54097223       47093686.391927741        0.0000000000000000     
   4.54166651       47262273.922126330        0.0000000000000000     
   4.54236126       47161334.900204234        0.0000000000000000     
   4.54305553       46725099.586999722        0.0000000000000000     
   4.54374981       46882629.302510828        0.0000000000000000     
   4.54444456       47057444.869500190        0.0000000000000000     
   4.54513884       47073193.914421275        0.0000000000000000     
   4.54583311       47097942.641012542        0.0000000000000000     
   4.54652786       47122323.511921823        0.0000000000000000     
   4.54722214       47146381.344142973        0.0000000000000000     
   4.54791689       47170729.749585897        0.0000000000000000     
   4.54861116       47195125.958648153        0.0000000000000000     
   4.54930544       47219261.419442885        0.0000000000000000     
   4.55000019       47708668.077967070        0.0000000000000000     
   4.55069447       47247878.530631639        0.0000000000000000     
   4.55138874       47271602.611197121        0.0000000000000000     
   4.55208349       47296869.785582520        0.0000000000000000     
   4.55277777       47319982.663324773        0.0000000000000000     
   4.55347204       47813372.052986763        0.0000000000000000     
   4.55416679       47361857.377642371        0.0000000000000000     
   4.55486107       47856310.789659277        0.0000000000000000     
   4.55555534       47920888.639989033        0.0000000000000000     
   4.55625010       47899594.221384741        0.0000000000000000     
   4.55694437       47951221.230876982        0.0000000000000000     
   4.55763912       47912652.958616577        0.0000000000000000     
   4.55833340       47931642.113725781        0.0000000000000000     
   4.55902767       47957250.935047999        0.0000000000000000     
   4.55972242       47980394.866193026        0.0000000000000000     
   4.56041670       48003650.840611838        0.0000000000000000     
   4.56111097       48083384.180595443        0.0000000000000000     
   4.56180573       48080080.295163229        0.0000000000000000     
   4.56250000       48126837.575291030        0.0000000000000000     
   4.56319427       47913573.643496156        0.0000000000000000     
   4.56388903       47935576.781455494        0.0000000000000000     
   4.56458330       48045493.875981450        0.0000000000000000     
   4.56527758       47940081.397200696        0.0000000000000000     
   4.56597233       47961347.157564767        0.0000000000000000     
   4.56666660       47988315.564546563        0.0000000000000000     
   4.56736088       48011158.769198515        0.0000000000000000     
   4.56805563       48033703.319438338        0.0000000000000000     
   4.56874990       48057766.605241768        0.0000000000000000     
   4.56944466       48081078.375767663        0.0000000000000000     
   4.57013893       48104211.189370401        0.0000000000000000     
   4.57083321       48690337.310662016        0.0000000000000000     
   4.57152796       47516338.441274516        0.0000000000000000     
   4.57222223       47076652.502273649        0.0000000000000000     
   4.57291651       47238661.667429753        0.0000000000000000     
   4.57361126       47409803.701557890        0.0000000000000000     
   4.57430553       47427423.471614905        0.0000000000000000     
   4.57499981       47450460.280741997        0.0000000000000000     
   4.57569456       47939492.035865888        0.0000000000000000     
   4.57638884       47473415.791028269        0.0000000000000000     
   4.57708311       47496676.241332099        0.0000000000000000     
   4.57777786       47521879.770122208        0.0000000000000000     
   4.57847214       47544218.949813828        0.0000000000000000     
   4.57916689       47569060.347560681        0.0000000000000000     
   4.57986116       48060527.366318606        0.0000000000000000     
   4.58055544       47608581.342419937        0.0000000000000000     
   4.58125019       48101972.859444991        0.0000000000000000     
   4.58194447       48123712.609514736        0.0000000000000000     
   4.58263874       48146480.518233970        0.0000000000000000     
   4.58333349       48170594.538435549        0.0000000000000000     
   4.58402777       48192977.004246190        0.0000000000000000     
   4.58472204       48216546.969191201        0.0000000000000000     
   4.58541679       48239496.555364437        0.0000000000000000     
   4.58611107       48262672.516244300        0.0000000000000000     
   4.58680534       48285791.146719366        0.0000000000000000     
   4.58750010       48308873.346383594        0.0000000000000000     
   4.58819437       48374597.093873076        0.0000000000000000     
   4.58888912       48352806.212654471        0.0000000000000000     
   4.58958340       48403204.222789593        0.0000000000000000     
   4.59027767       48364695.595553629        0.0000000000000000     
   4.59097242       48382849.956448331        0.0000000000000000     
   4.59166670       48408117.003277130        0.0000000000000000     
   4.59236097       48430710.586771183        0.0000000000000000     
   4.59305573       48453475.296864606        0.0000000000000000     
   4.59375000       48614159.248682730        0.0000000000000000     
   4.59444427       48483600.840564914        0.0000000000000000     
   4.59513903       48528333.389769688        0.0000000000000000     
   4.59583330       48317744.206878439        0.0000000000000000     
   4.59652758       48338411.406735688        0.0000000000000000     
   4.59722233       48883676.458424293        0.0000000000000000     
   4.59791660       49591199.399935380        0.0000000000000000     
   4.59861088       48311687.759197511        0.0000000000000000     
   4.59930563       48806459.521820731        0.0000000000000000     
   4.59999990       48498711.000253983        0.0000000000000000     
   4.60069466       48869879.113959953        0.0000000000000000     
   4.60138893       48428530.556081861        0.0000000000000000     
   4.60208321       48584848.872723721        0.0000000000000000     
   4.60277796       48759460.507192902        0.0000000000000000     
   4.60347223       48772572.686204240        0.0000000000000000     
   4.60416651       48796788.009961821        0.0000000000000000     
   4.60486126       48819522.658731081        0.0000000000000000     
   4.60555553       48842373.118190549        0.0000000000000000     
   4.60624981       48865439.419288471        0.0000000000000000     
   4.60694456       48888447.798798032        0.0000000000000000     
   4.60763884       48911316.795535438        0.0000000000000000     
   4.60833311       48934328.272820637        0.0000000000000000     
   4.60902786       48957240.439777166        0.0000000000000000     
   4.60972214       48980147.004102871        0.0000000000000000     
   4.61041689       49003073.137813225        0.0000000000000000     
   4.61111116       49025961.115707882        0.0000000000000000     
   4.61180544       49048852.024034306        0.0000000000000000     
   4.61250019       49071732.743381023        0.0000000000000000     
   4.61319447       49094600.310582891        0.0000000000000000     
   4.61388874       49117459.034871183        0.0000000000000000     
   4.61458349       49140307.373900726        0.0000000000000000     
   4.61527777       49163143.600127786        0.0000000000000000     
   4.61597204       49185968.128136024        0.0000000000000000     
   4.61666679       49208782.683834612        0.0000000000000000     
   4.61736107       49940039.624666631        0.0000000000000000     
   4.61805534       49246189.163384296        0.0000000000000000     
   4.61875010       50105485.879084341        0.0000000000000000     
   4.61944437       48708761.740471087        0.0000000000000000     
   4.62013912       49708171.921983942        0.0000000000000000     
   4.62083340       49754561.932596818        0.0000000000000000     
   4.62152767       49225906.043138124        0.0000000000000000     
   4.62222242       49282658.997088209        0.0000000000000000     
   4.62291670       49245733.793088466        0.0000000000000000     
   4.62361097       49847961.270247944        0.0000000000000000     
   4.62430573       49747513.491915330        0.0000000000000000     
   4.62500000       49769221.467319094        0.0000000000000000     
   4.62569427       49793029.593477786        0.0000000000000000     
   4.62638903       49813648.713700689        0.0000000000000000     
   4.62708330       49891854.104526728        0.0000000000000000     
   4.62777758       49887198.932558522        0.0000000000000000     
   4.62847233       49933021.217907898        0.0000000000000000     
   4.62916660       49719643.244951189        0.0000000000000000     
   4.62986088       49881268.793612525        0.0000000000000000     
   4.63055563       49787567.486197501        0.0000000000000000     
   4.63124990       49348176.257659897        0.0000000000000000     
   4.63194466       49504068.985600658        0.0000000000000000     
   4.63263893       49676672.379339844        0.0000000000000000     
   4.63333321       50392814.733126141        0.0000000000000000     
   4.63402796       49800104.960156322        0.0000000000000000     
   4.63472223       49282564.903289326        0.0000000000000000     
   4.63541651       49587437.393741928        0.0000000000000000     
   4.63611126       49103441.140060328        0.0000000000000000     
   4.63680553       49124296.807339214        0.0000000000000000     
   4.63749981       49923216.292917699        0.0000000000000000     
   4.63819456       49943034.351337180        0.0000000000000000     
   4.63888884       49966720.939422257        0.0000000000000000     
   4.63958311       49987228.773624852        0.0000000000000000     
   4.64027786       50010468.001774445        0.0000000000000000     
   4.64097214       50034094.524714887        0.0000000000000000     
   4.64166689       50057955.538658351        0.0000000000000000     
   4.64236116       50081648.857474163        0.0000000000000000     
   4.64305544       50572127.060340673        0.0000000000000000     
   4.64375019       50114636.403288603        0.0000000000000000     
   4.64444447       50136926.350181818        0.0000000000000000     
   4.64513874       50628889.084722437        0.0000000000000000     
   4.64583349       50649079.222631134        0.0000000000000000     
   4.64652777       50671115.720024094        0.0000000000000000     
   4.64722204       50694577.605127506        0.0000000000000000     
   4.64791679       50717199.766181864        0.0000000000000000     
   4.64861107       50739510.819095396        0.0000000000000000     
   4.64930534       50761727.189654708        0.0000000000000000     
   4.65000010       50784113.248522505        0.0000000000000000     
   4.65069437       50806371.595656358        0.0000000000000000     
   4.65138912       50828705.270454161        0.0000000000000000     
   4.65208340       50851152.222683981        0.0000000000000000     
   4.65277767       50873583.698934257        0.0000000000000000     
   4.65347242       50895957.643278904        0.0000000000000000     
   4.65416670       51000329.524774805        0.0000000000000000     
   4.65486097       50937163.976826422        0.0000000000000000     
   4.65555573       50913561.831289396        0.0000000000000000     
   4.65625000       50965851.627320901        0.0000000000000000     
   4.65694427       50926906.709039889        0.0000000000000000     
   4.65763903       50944183.678475276        0.0000000000000000     
   4.65833330       50969008.219828859        0.0000000000000000     
   4.65902758       50990747.900844738        0.0000000000000000     
   4.65972233       51012693.005723692        0.0000000000000000     
   4.66041660       51175470.291594036        0.0000000000000000     
   4.66111088       51132014.548218481        0.0000000000000000     
   4.66180563       50665814.948975384        0.0000000000000000     
   4.66249990       50845116.250686690        0.0000000000000000     
   4.66319466       51445351.971346289        0.0000000000000000     
   4.66388893       50188078.543884665        0.0000000000000000     
   4.66458321       50688708.033931002        0.0000000000000000     
   4.66527796       50711169.015545860        0.0000000000000000     
   4.66597223       50727459.214502685        0.0000000000000000     
   4.66666651       50752855.903017603        0.0000000000000000     
   4.66736126       50775820.499621846        0.0000000000000000     
   4.66805553       50796516.908468165        0.0000000000000000     
   4.66874981       50818837.109144904        0.0000000000000000     
   4.66944456       50841457.415236883        0.0000000000000000     
   4.67013884       50863246.593950093        0.0000000000000000     
   4.67083311       50885299.976556651        0.0000000000000000     
   4.67152786       50907509.505503431        0.0000000000000000     
   4.67222214       50929518.231734946        0.0000000000000000     
   4.67291689       50951571.904623896        0.0000000000000000     
   4.67361116       50973637.374597773        0.0000000000000000     
   4.67430544       50995665.136559181        0.0000000000000000     
   4.67500019       51017693.945943430        0.0000000000000000     
   4.67569447       51039711.587972127        0.0000000000000000     
   4.67638874       51061713.293775856        0.0000000000000000     
   4.67708349       51083709.396428399        0.0000000000000000     
   4.67777777       51105691.978081062        0.0000000000000000     
   4.67847204       51127663.620309122        0.0000000000000000     
   4.67916679       51149624.928161204        0.0000000000000000     
   4.67986107       51171575.723448612        0.0000000000000000     
   4.68055534       51193514.477002449        0.0000000000000000     
   4.68125010       51934389.680162773        0.0000000000000000     
   4.68194437       52095306.629611321        0.0000000000000000     
   4.68263912       51437639.545682997        0.0000000000000000     
   4.68333340       51210648.767352521        0.0000000000000000     
   4.68402767       51210565.289310135        0.0000000000000000     
   4.68472242       51241766.984610148        0.0000000000000000     
   4.68541670       51351052.809903599        0.0000000000000000     
   4.68611097       51239526.036614515        0.0000000000000000     
   4.68680573       51259895.588531524        0.0000000000000000     
   4.68750000       51286606.874086775        0.0000000000000000     
   4.68819427       51307005.040743023        0.0000000000000000     
   4.68888903       51328055.828011595        0.0000000000000000     
   4.68958330       51350590.680958994        0.0000000000000000     
   4.69027758       51414907.036573656        0.0000000000000000     
   4.69097233       51599474.570332550        0.0000000000000000     
   4.69166660       51903274.873441517        0.0000000000000000     
   4.69236088       51360483.769554980        0.0000000000000000     
   4.69305563       50897214.439755388        0.0000000000000000     
   4.69374990       51063861.783267044        0.0000000000000000     
   4.69444466       51238855.244381465        0.0000000000000000     
   4.69513893       51247542.289224707        0.0000000000000000     
   4.69583321       51269629.556984812        0.0000000000000000     
   4.69652796       51349314.230019137        0.0000000000000000     
   4.69722223       51341860.124247529        0.0000000000000000     
   4.69791651       51386314.873721592        0.0000000000000000     
   4.69861126       51171619.185877897        0.0000000000000000     
   4.69930553       51783727.058770224        0.0000000000000000     
   4.69999981       51810207.757051401        0.0000000000000000     
   4.70069456       51830236.209187515        0.0000000000000000     
   4.70138884       51851317.453861296        0.0000000000000000     
   4.70208311       52552598.309472874        0.0000000000000000     
   4.70277786       51811591.911924772        0.0000000000000000     
   4.70347214       51836400.643452033        0.0000000000000000     
   4.70416689       51862462.223182864        0.0000000000000000     
   4.70486116       51880851.023890145        0.0000000000000000     
   4.70555544       51903103.338523008        0.0000000000000000     
   4.70625019       51925368.613792717        0.0000000000000000     
   4.70694447       51946793.945359223        0.0000000000000000     
   4.70763874       51968251.168838061        0.0000000000000000     
   4.70833349       51990146.489330493        0.0000000000000000     
   4.70902777       52011738.015607521        0.0000000000000000     
   4.70972204       52033352.302441500        0.0000000000000000     
   4.71041679       52054993.416531391        0.0000000000000000     
   4.71111107       52076611.964833647        0.0000000000000000     
   4.71180534       52098211.139387883        0.0000000000000000     
   4.71250010       52119800.843101256        0.0000000000000000     
   4.71319437       52141388.615699358        0.0000000000000000     
   4.71388912       53007913.037216380        0.0000000000000000     
   4.71458340       52503851.735855073        0.0000000000000000     
   4.71527767       52793645.259481646        0.0000000000000000     
   4.71597242       51518970.524066158        0.0000000000000000     
   4.71666670       51627371.744430646        0.0000000000000000     
   4.71736097       51522498.822745852        0.0000000000000000     
   4.71805573       51538348.739157371        0.0000000000000000     
   4.71875000       51567131.599408664        0.0000000000000000     
   4.71944427       51587240.891994007        0.0000000000000000     
   4.72013903       52427989.392771304        0.0000000000000000     
   4.72083330       51910776.647641048        0.0000000000000000     
   4.72152758       52401622.757919364        0.0000000000000000     
   4.72222233       52687838.058755212        0.0000000000000000     
   4.72291660       53088544.457268618        0.0000000000000000     
   4.72361088       52868420.885556675        0.0000000000000000     
   4.72430563       52918169.253637314        0.0000000000000000     
   4.72499990       50991895.404138871        0.0000000000000000     
   4.72569466       51554875.537049495        0.0000000000000000     
   4.72638893       50742865.626035057        0.0000000000000000     
   4.72708321       50825414.982567757        0.0000000000000000     
   4.72777796       50650953.464171529        0.0000000000000000     
   4.72847223       47724092.178929619        0.0000000000000000     
   4.72916651       48443977.434390597        0.0000000000000000     
   4.72986126       48088355.953710735        0.0000000000000000     
   4.73055553       47466219.685148828        0.0000000000000000     
   4.73124981       48284569.664365433        0.0000000000000000     
   4.73194456       47505533.735423580        0.0000000000000000     
   4.73263884       46315447.257956021        0.0000000000000000     
   4.73333311       46660856.329977550        0.0000000000000000     
   4.73402786       46675001.219515219        0.0000000000000000     
   4.73472214       46451111.295368731        0.0000000000000000     
   4.73541689       46928847.245918006        0.0000000000000000     
   4.73611116       46459268.491318911        0.0000000000000000     
   4.73680544       46471516.501414798        0.0000000000000000     
   4.73750019       46486982.008247696        0.0000000000000000     
   4.73819447       46501638.523263492        0.0000000000000000     
   4.73888874       46986788.802766226        0.0000000000000000     
   4.73958349       46528785.356632560        0.0000000000000000     
   4.74027777       47016209.321933344        0.0000000000000000     
   4.74097204       47031997.551687449        0.0000000000000000     
   4.74166679       47049181.310956933        0.0000000000000000     
   4.74236107       47068338.258676298        0.0000000000000000     
   4.74305534       47086255.342314564        0.0000000000000000     
   4.74375010       47105143.911653444        0.0000000000000000     
   4.74444437       47123940.780732289        0.0000000000000000     
   4.74513912       47143051.456746839        0.0000000000000000     
   4.74583340       47162221.317179203        0.0000000000000000     
   4.74652767       47181529.954294257        0.0000000000000000     
   4.74722242       47201004.074566796        0.0000000000000000     
   4.74791670       47220589.425672516        0.0000000000000000     
   4.74861097       47240300.767756939        0.0000000000000000     
   4.74930573       47341820.714415036        0.0000000000000000     
   4.75000000       47234506.946014203        0.0000000000000000     
   4.75069427       47253031.402131967        0.0000000000000000     
   4.75138903       47276106.620946035        0.0000000000000000     
   4.75208330       47295389.343799397        0.0000000000000000     
   4.75277758       47315372.219918028        0.0000000000000000     
   4.75347233       47335928.461192846        0.0000000000000000     
   4.75416660       47356048.894901276        0.0000000000000000     
   4.75486088       47376261.620088257        0.0000000000000000     
   4.75555563       47396638.255466364        0.0000000000000000     
   4.75624990       47557143.974302366        0.0000000000000000     
   4.75694466       47455995.665503316        0.0000000000000000     
   4.75763893       47016835.505120315        0.0000000000000000     
   4.75833321       47591567.322135814        0.0000000000000000     
   4.75902796       46685485.292009465        0.0000000000000000     
   4.75972223       46699223.641300447        0.0000000000000000     
   4.76041651       46723946.669920914        0.0000000000000000     
   4.76111126       46741944.310534447        0.0000000000000000     
   4.76180553       46764810.202206612        0.0000000000000000     
   4.76249981       46784538.180749558        0.0000000000000000     
   4.76319456       46848467.638602361        0.0000000000000000     
   4.76388884       47286793.948605314        0.0000000000000000     
   4.76458311       46846632.020193845        0.0000000000000000     
   4.76527786       46805913.220891096        0.0000000000000000     
   4.76597214       46823177.040925734        0.0000000000000000     
   4.76666689       46844871.484866142        0.0000000000000000     
   4.76736116       46866333.898042984        0.0000000000000000     
   4.76805544       46886430.684202470        0.0000000000000000     
   4.76875019       47375256.237179145        0.0000000000000000     
   4.76944447       46975642.129390486        0.0000000000000000     
   4.77013874       47436587.736069500        0.0000000000000000     
   4.77083349       47479246.505177632        0.0000000000000000     
   4.77152777       47264358.341279000        0.0000000000000000     
   4.77222204       47283910.973861888        0.0000000000000000     
   4.77291679       47308019.107435487        0.0000000000000000     
   4.77361107       47327160.449235775        0.0000000000000000     
   4.77430534       47346546.958203770        0.0000000000000000     
   4.77500010       47367450.866644800        0.0000000000000000     
   4.77569437       47388065.618503883        0.0000000000000000     
   4.77638912       47407617.335199416        0.0000000000000000     
   4.77708340       47428184.383388869        0.0000000000000000     
   4.77777767       47448500.881560311        0.0000000000000000     
   4.77847242       47468529.515905723        0.0000000000000000     
   4.77916670       47488810.993980028        0.0000000000000000     
   4.77986097       47509047.495969370        0.0000000000000000     
   4.78055573       47529183.249456972        0.0000000000000000     
   4.78125000       47549375.207296692        0.0000000000000000     
   4.78194427       47569557.272970282        0.0000000000000000     
   4.78263903       47671465.107054338        0.0000000000000000     
   4.78333330       47564160.971855253        0.0000000000000000     
   4.78402758       47582793.729237653        0.0000000000000000     
   4.78472233       47605907.146429963        0.0000000000000000     
   4.78541660       47625156.820698120        0.0000000000000000     
   4.78611088       47645066.771140508        0.0000000000000000     
   4.78680563       47665503.753036715        0.0000000000000000     
   4.78749990       47685467.952187449        0.0000000000000000     
   4.78819466       47705489.752032004        0.0000000000000000     
   4.78888893       47725641.362857059        0.0000000000000000     
   4.78958321       48570494.592414171        0.0000000000000000     
   4.79027796       47167592.634574756        0.0000000000000000     
   4.79097223       47199251.662058026        0.0000000000000000     
   4.79166651       46882691.094835073        0.0000000000000000     
   4.79236126       47519686.721123815        0.0000000000000000     
   4.79305553       47059931.834816083        0.0000000000000000     
   4.79374981       47549822.421481051        0.0000000000000000     
   4.79444456       47569034.899761319        0.0000000000000000     
   4.79513884       47588570.072422951        0.0000000000000000     
   4.79583311       47609280.530487761        0.0000000000000000     
   4.79652786       47628813.070687115        0.0000000000000000     
   4.79722214       47648807.823627919        0.0000000000000000     
   4.79791689       47668778.639621653        0.0000000000000000     
   4.79861116       47688715.075290568        0.0000000000000000     
   4.79930544       47708580.909752823        0.0000000000000000     
   4.80000019       47728505.901807286        0.0000000000000000     
   4.80069447       47790497.209869608        0.0000000000000000     
   4.80138874       47764313.682956561        0.0000000000000000     
   4.80208349       47811923.198623262        0.0000000000000000     
   4.80277777       47771391.864659712        0.0000000000000000     
   4.80347204       47786364.818199374        0.0000000000000000     
   4.80416679       47808395.843996540        0.0000000000000000     
   4.80486107       47827809.189094581        0.0000000000000000     
   4.80555534       47847369.311810561        0.0000000000000000     
   4.80625010       47867325.846174479        0.0000000000000000     
   4.80694437       47887201.395381033        0.0000000000000000     
   4.80763912       47962494.040664867        0.0000000000000000     
   4.80833340       47952740.939054929        0.0000000000000000     
   4.80902767       47995504.426727310        0.0000000000000000     
   4.80972242       47779945.266168922        0.0000000000000000     
   4.81041670       47798271.856206827        0.0000000000000000     
   4.81111097       47822424.685617141        0.0000000000000000     
   4.81180573       47840596.697951317        0.0000000000000000     
   4.81250000       48568295.570983596        0.0000000000000000     
   4.81319427       47871206.018810354        0.0000000000000000     
   4.81388903       48727797.477862567        0.0000000000000000     
   4.81458330       47327117.089961573        0.0000000000000000     
   4.81527758       47825985.596110150        0.0000000000000000     
   4.81597233       47836994.383292176        0.0000000000000000     
   4.81666660       47937007.980120264        0.0000000000000000     
   4.81736088       47832901.206989169        0.0000000000000000     
   4.81805563       47849245.029379822        0.0000000000000000     
   4.81874990       47872066.084417932        0.0000000000000000     
   4.81944466       47890682.305340245        0.0000000000000000     
   4.82013893       47910367.020379774        0.0000000000000000     
   4.82083321       47930156.662744604        0.0000000000000000     
   4.82152796       47949537.917498939        0.0000000000000000     
   4.82222223       47969145.967317596        0.0000000000000000     
   4.82291651       47988766.620817997        0.0000000000000000     
   4.82361126       48008234.220677190        0.0000000000000000     
   4.82430553       48168728.724567115        0.0000000000000000     
   4.82499981       48065491.586892769        0.0000000000000000     
   4.82569456       47624317.565486461        0.0000000000000000     
   4.82638884       47777447.986090906        0.0000000000000000     
   4.82708311       47945996.058983900        0.0000000000000000     
   4.82777786       47957938.773685098        0.0000000000000000     
   4.82847214       47977677.018804096        0.0000000000000000     
   4.82916689       47997176.688687637        0.0000000000000000     
   4.82986116       48016482.400258966        0.0000000000000000     
   4.83055544       48035932.406998292        0.0000000000000000     
   4.83125019       48757591.199188486        0.0000000000000000     
   4.83194447       48160774.083023906        0.0000000000000000     
   4.83263874       47638308.791832000        0.0000000000000000     
   4.83333349       47940140.794515200        0.0000000000000000     
   4.83402777       47453791.604195647        0.0000000000000000     
   4.83472204       47471263.659804702        0.0000000000000000     
   4.83541679       47494011.203260340        0.0000000000000000     
   4.83611107       47510966.423266709        0.0000000000000000     
   4.83680534       47532876.867688380        0.0000000000000000     
   4.83750010       47551613.509642325        0.0000000000000000     
   4.83819437       47571809.831628330        0.0000000000000000     
   4.83888912       47591491.822442718        0.0000000000000000     
   4.83958340       47653173.883965544        0.0000000000000000     
   4.84027767       47626956.610232808        0.0000000000000000     
   4.84097242       47632700.177425995        0.0000000000000000     
   4.84166670       47655379.120954260        0.0000000000000000     
   4.84236097       48140985.926147729        0.0000000000000000     
   4.84305573       47722832.115006089        0.0000000000000000     
   4.84375000       47676989.090455212        0.0000000000000000     
   4.84444427       47693551.637613535        0.0000000000000000     
   4.84513903       48184198.084092893        0.0000000000000000     
   4.84583330       48199193.523614340        0.0000000000000000     
   4.84652758       48217755.686042190        0.0000000000000000     
   4.84722233       48294844.902282670        0.0000000000000000     
   4.84791660       48284216.749336123        0.0000000000000000     
   4.84861088       48326391.427108154        0.0000000000000000     
   4.84930563       48110030.454256214        0.0000000000000000     
   4.84999990       48127904.037954032        0.0000000000000000     
   4.85069466       48151339.263540633        0.0000000000000000     
   4.85138893       48168958.017196111        0.0000000000000000     
   4.85208321       48269280.605488658        0.0000000000000000     
   4.85277796       48161060.996674545        0.0000000000000000     
   4.85347223       48178987.323348530        0.0000000000000000     
   4.85416651       48200401.985084563        0.0000000000000000     
   4.85486126       48218918.542910129        0.0000000000000000     
   4.85555553       48237869.615806282        0.0000000000000000     
   4.85624981       48257077.435737744        0.0000000000000000     
   4.85694456       48276064.338165000        0.0000000000000000     
   4.85763884       48295081.126517653        0.0000000000000000     
   4.85833311       48314135.370689616        0.0000000000000000     
   4.85902786       48333109.286227718        0.0000000000000000     
   4.85972214       48492754.041437782        0.0000000000000000     
   4.86041689       48389452.827257335        0.0000000000000000     
   4.86111116       47948741.024739377        0.0000000000000000     
   4.86180544       48101206.411140904        0.0000000000000000     
   4.86250019       48269054.795278527        0.0000000000000000     
   4.86319447       48280558.190371417        0.0000000000000000     
   4.86388874       48817831.712293997        0.0000000000000000     
   4.86458349       48836906.908164151        0.0000000000000000     
   4.86527777       49518494.219768971        0.0000000000000000     
   4.86597204       48269561.668630108        0.0000000000000000     
   4.86666679       48761177.411949798        0.0000000000000000     
   4.86736107       48782158.955446102        0.0000000000000000     
   4.86805534       48796270.020892031        0.0000000000000000     
   4.86875010       48817688.711061865        0.0000000000000000     
   4.86944437       48837111.433298230        0.0000000000000000     
   4.87013912       48855417.858340368        0.0000000000000000     
   4.87083340       48874181.822426975        0.0000000000000000     
   4.87152767       48893557.885702461        0.0000000000000000     
   4.87222242       48912398.682550855        0.0000000000000000     
   4.87291670       48931199.149690576        0.0000000000000000     
   4.87361097       48950219.221960261        0.0000000000000000     
   4.87430573       48969118.793582395        0.0000000000000000     
   4.87500000       48987994.225759722        0.0000000000000000     
   4.87569427       49006881.168826930        0.0000000000000000     
   4.87638903       49025756.314115092        0.0000000000000000     
   4.87708330       49044614.822812051        0.0000000000000000     
   4.87777758       49063461.694223061        0.0000000000000000     
   4.87847233       49082302.365576401        0.0000000000000000     
   4.87916660       49101134.598077372        0.0000000000000000     
   4.87986088       49119953.977679439        0.0000000000000000     
   4.88055563       49181029.761531949        0.0000000000000000     
   4.88124990       49153107.342413753        0.0000000000000000     
   4.88194466       49199996.696056582        0.0000000000000000     
   4.88263893       49158324.887219243        0.0000000000000000     
   4.88333321       49172209.038025536        0.0000000000000000     
   4.88402796       49193162.711816542        0.0000000000000000     
   4.88472223       49211495.083470985        0.0000000000000000     
   4.88541651       49229973.637377292        0.0000000000000000     
   4.88611126       49248850.123693146        0.0000000000000000     
   4.88680553       49986218.402760379        0.0000000000000000     
   4.88749981       50198229.362248383        0.0000000000000000     
   4.88819456       49589276.559032477        0.0000000000000000     
   4.88888884       49254582.057966970        0.0000000000000000     
   4.88958311       49015702.361046188        0.0000000000000000     
   4.89027786       49045317.329607226        0.0000000000000000     
   4.89097214       49072581.660020269        0.0000000000000000     
   4.89166689       49580998.305089846        0.0000000000000000     
   4.89236116       49589763.604928538        0.0000000000000000     
   4.89305544       49104699.878505401        0.0000000000000000     
   4.89375019       49126418.924350396        0.0000000000000000     
   4.89444447       49146544.919011049        0.0000000000000000     
   4.89513874       49668057.221285798        0.0000000000000000     
   4.89583349       49828535.921027221        0.0000000000000000     
   4.89652777       49725940.369354866        0.0000000000000000     
   4.89722204       49285485.702915639        0.0000000000000000     
   4.89791679       49436031.084088571        0.0000000000000000     
   4.89861107       49602916.643614359        0.0000000000000000     
   4.89930534       49614324.228397459        0.0000000000000000     
   4.90000010       50322340.773038179        0.0000000000000000     
   4.90069437       49593135.025997199        0.0000000000000000     
   4.90138912       49614200.878470525        0.0000000000000000     
   4.90208340       49635720.726037920        0.0000000000000000     
   4.90277767       49652092.503650986        0.0000000000000000     
   4.90347242       49670902.337790325        0.0000000000000000     
   4.90416670       49689686.634960301        0.0000000000000000     
   4.90486097       49707865.760337055        0.0000000000000000     
   4.90555573       49726002.257470220        0.0000000000000000     
   4.90625000       49744448.251044028        0.0000000000000000     
   4.90694427       49762718.908437006        0.0000000000000000     
   4.90763903       49781092.825776838        0.0000000000000000     
   4.90833330       49799504.470419846        0.0000000000000000     
   4.90902758       49817909.617446907        0.0000000000000000     
   4.90972233       50677584.960806578        0.0000000000000000     
   4.91041660       50197923.889951870        0.0000000000000000     
   4.91111088       50341231.703353070        0.0000000000000000     
   4.91180563       49906234.987107776        0.0000000000000000     
   4.91249990       50265069.439851664        0.0000000000000000     
   4.91319466       49767231.628631487        0.0000000000000000     
   4.91388893       50257246.130685687        0.0000000000000000     
   4.91458321       49821591.449637190        0.0000000000000000     
   4.91527796       50305333.063333809        0.0000000000000000     
   4.91597223       50317257.186077207        0.0000000000000000     
   4.91666651       50338634.013270475        0.0000000000000000     
   4.91736126       50361075.944381349        0.0000000000000000     
   4.91805553       50376789.327784069        0.0000000000000000     
   4.91874981       50397776.582517162        0.0000000000000000     
   4.91944456       50415610.944951326        0.0000000000000000     
   4.92013884       50434524.311700493        0.0000000000000000     
   4.92083311       50453736.266640633        0.0000000000000000     
   4.92152786       50472898.622716539        0.0000000000000000     
   4.92222214       50534463.953092113        0.0000000000000000     
   4.92291689       50506288.059415884        0.0000000000000000     
   4.92361116       50553576.318391822        0.0000000000000000     
   4.92430544       50512162.390961163        0.0000000000000000     
   4.92500019       50607529.344884120        0.0000000000000000     
   4.92569447       50501220.537006050        0.0000000000000000     
   4.92638874       50518270.918802075        0.0000000000000000     
   4.92708349       50540053.764869936        0.0000000000000000     
   4.92777777       50558342.634880461        0.0000000000000000     
   4.92847204       50577203.836850181        0.0000000000000000     
   4.92916679       50596335.732650578        0.0000000000000000     
   4.92986107       50670710.300687812        0.0000000000000000     
   4.93055534       50658968.839296453        0.0000000000000000     
   4.93125010       51095682.651069283        0.0000000000000000     
   4.93194437       50070466.384413205        0.0000000000000000     
   4.93263912       50057343.235833615        0.0000000000000000     
   4.93333340       50220918.079214253        0.0000000000000000     
   4.93402767       50110673.139990754        0.0000000000000000     
   4.93472242       49675018.436304964        0.0000000000000000     
   4.93541670       49824814.970817089        0.0000000000000000     
   4.93611097       49992764.169702247        0.0000000000000000     
   4.93680573       50003261.085059188        0.0000000000000000     
   4.93750000       50022388.617738172        0.0000000000000000     
   4.93819427       50040839.678191841        0.0000000000000000     
   4.93888903       50059059.351055838        0.0000000000000000     
   4.93958330       50077544.476276398        0.0000000000000000     
   4.94027758       50096117.316729940        0.0000000000000000     
   4.94097233       50114375.011555262        0.0000000000000000     
   4.94166660       50132841.074883163        0.0000000000000000     
   4.94236088       50151255.251612671        0.0000000000000000     
   4.94305563       50169604.886188954        0.0000000000000000     
   4.94374990       50187997.890591562        0.0000000000000000     
   4.94444466       50206360.074874684        0.0000000000000000     
   4.94513893       50224706.532496035        0.0000000000000000     
   4.94583321       50243046.627980784        0.0000000000000000     
   4.94652796       50712325.332116432        0.0000000000000000     
   4.94722223       50187377.962661028        0.0000000000000000     
   4.94791651       50203307.075503200        0.0000000000000000     
   4.94861126       50225956.185317203        0.0000000000000000     
   4.94930553       50239130.970180333        0.0000000000000000     
   4.94999981       50261115.151742510        0.0000000000000000     
   4.95069456       50277568.908469491        0.0000000000000000     
   4.95138884       50296417.978922218        0.0000000000000000     
   4.95208311       50314493.860449687        0.0000000000000000     
   4.95277786       50332811.902797237        0.0000000000000000     
   4.95347214       50350960.625198670        0.0000000000000000     
   4.95416689       50369212.188429549        0.0000000000000000     
   4.95486116       50387387.225395337        0.0000000000000000     
   4.95555544       50405588.420441836        0.0000000000000000     
   4.95625019       50423750.845624998        0.0000000000000000     
   4.95694447       50441923.449216634        0.0000000000000000     
   4.95763874       50460072.723102123        0.0000000000000000     
   4.95833349       50478215.920020528        0.0000000000000000     
   4.95902777       50496346.863681726        0.0000000000000000     
   4.95972204       50514467.846244574        0.0000000000000000     
   4.96041679       50532576.657006986        0.0000000000000000     
   4.96111107       50550675.643613152        0.0000000000000000     
   4.96180534       50568762.858182020        0.0000000000000000     
   4.96250010       50586839.636320852        0.0000000000000000     
   4.96319437       50604904.952710181        0.0000000000000000     
   4.96388912       50705009.585624538        0.0000000000000000     
   4.96458340       50594650.270402282        0.0000000000000000     
   4.96527767       50611171.727644831        0.0000000000000000     
   4.96597242       50674593.583115935        0.0000000000000000     
   4.96666670       51107774.815997347        0.0000000000000000     
   4.96736097       50661260.950505070        0.0000000000000000     
   4.96805573       50618409.096902661        0.0000000000000000     
   4.96875000       50632833.597845577        0.0000000000000000     
   4.96944427       50651350.726311192        0.0000000000000000     
   4.97013903       50670144.044612266        0.0000000000000000     
   4.97083330       50687211.541741259        0.0000000000000000     
   4.97152758       50705506.038534991        0.0000000000000000     
   4.97222233       50864061.251649573        0.0000000000000000     
   4.97291660       51226777.976168424        0.0000000000000000     
   4.97361088       50365310.034981020        0.0000000000000000     
   4.97430563       50953863.443614572        0.0000000000000000     
   4.97499990       51142427.075904571        0.0000000000000000     
   4.97569466       50917909.783485614        0.0000000000000000     
   4.97638893       50934715.655676126        0.0000000000000000     
   4.97708321       50956004.829095446        0.0000000000000000     
   4.97777796       50972261.258921735        0.0000000000000000     
   4.97847223       50988727.151752293        0.0000000000000000     
   4.97916651       51006801.725914016        0.0000000000000000     
   4.97986126       51024511.746107332        0.0000000000000000     
   4.98055553       51041206.758137658        0.0000000000000000     
   4.98124981       51058879.713907458        0.0000000000000000     
   4.98194456       51076318.656049222        0.0000000000000000     
   4.98263884       51093481.067121133        0.0000000000000000     
   4.98333311       51110865.849255189        0.0000000000000000     
   4.98402786       51128229.782450877        0.0000000000000000     
   4.98472214       51145486.067663111        0.0000000000000000     
   4.98541689       51162791.318421148        0.0000000000000000     
   4.98611116       51180094.091789976        0.0000000000000000     
   4.98680544       51197355.308034115        0.0000000000000000     
   4.98750019       51214620.320113547        0.0000000000000000     
   4.98819447       51231879.243930273        0.0000000000000000     
   4.98888874       51249118.854318440        0.0000000000000000     
   4.98958349       51266350.427902669        0.0000000000000000     
   4.99027777       51875507.771490850        0.0000000000000000     
   4.99097204       51893215.231958233        0.0000000000000000     
   4.99166679       51910338.019372284        0.0000000000000000     
   4.99236107       51927607.009566672        0.0000000000000000     
   4.99305534       51944967.288364500        0.0000000000000000     
   4.99375010       51962161.080376208        0.0000000000000000     
   4.99444437       51979527.910347715        0.0000000000000000     
   4.99513912       51996764.185721919        0.0000000000000000     
   4.99583340       52014048.603680663        0.0000000000000000     
   4.99652767       52031262.818369254        0.0000000000000000     
   4.99722242       52725327.358292304        0.0000000000000000     
   4.99791670       51439368.642804407        0.0000000000000000     
   4.99861097       51923242.741546854        0.0000000000000000     
   4.99930573       51475322.002179027        0.0000000000000000     
   5.00000000       51491536.576255403        0.0000000000000000     
   5.00069427       51510529.446975850        0.0000000000000000     
   5.00138903       51526970.701334924        0.0000000000000000     
   5.00208330       52013454.289458796        0.0000000000000000     
   5.00277758       51553312.511528447        0.0000000000000000     
   5.00347233       52120999.494830303        0.0000000000000000     
   5.00416660       52010166.983954556        0.0000000000000000     
   5.00486088       52025487.282027915        0.0000000000000000     
   5.00555563       52046027.590805531        0.0000000000000000     
   5.00624990       52061792.191431008        0.0000000000000000     
   5.00694466       52079076.469749071        0.0000000000000000     
   5.00763893       52096387.930600911        0.0000000000000000     
   5.00833321       52113369.519139439        0.0000000000000000     
   5.00902796       52130438.890939511        0.0000000000000000     
   5.00972223       52147614.782814413        0.0000000000000000     
   5.01041651       52164647.203994907        0.0000000000000000     
   5.01111126       52223992.668628834        0.0000000000000000     
   5.01180553       52192992.590381272        0.0000000000000000     
   5.01249981       52379389.792469099        0.0000000000000000     
   5.01319456       52213043.567322828        0.0000000000000000     
   5.01388884       51766396.014618732        0.0000000000000000     
   5.01458311       51918759.331935689        0.0000000000000000     
   5.01527786       52083858.295769796        0.0000000000000000     
   5.01597214       52912793.943761356        0.0000000000000000     
   5.01666689       52389885.969781332        0.0000000000000000     
   5.01736116       52874545.923469879        0.0000000000000000     
   5.01805544       53154457.428740658        0.0000000000000000     
   5.01875019       53092667.275381126        0.0000000000000000     
   5.01944447       53303537.832607128        0.0000000000000000     
   5.02013874       53435652.918210968        0.0000000000000000     
   5.02083349       51985541.343820617        0.0000000000000000     
   5.02152777       52133241.623049252        0.0000000000000000     
   5.02222204       51209057.651392713        0.0000000000000000     
   5.02291679       51270761.964539438        0.0000000000000000     
   5.02361107       50633794.305756517        0.0000000000000000     
   5.02430534       47483787.306342512        0.0000000000000000     
   5.02500010       48398594.622571327        0.0000000000000000     
   5.02569437       48003486.704921231        0.0000000000000000     
   5.02638912       48539666.195689477        0.0000000000000000     
   5.02708340       47432961.848936297        0.0000000000000000     
   5.02777767       47062827.805157572        0.0000000000000000     
   5.02847242       47544791.265075691        0.0000000000000000     
   5.02916670       46602760.001821950        0.0000000000000000     
   5.02986097       46608193.074037492        0.0000000000000000     
   5.03055573       46617554.872358829        0.0000000000000000     
   5.03125000       46623594.233705722        0.0000000000000000     
   5.03194427       46633390.067296200        0.0000000000000000     
   5.03263903       46642747.868246838        0.0000000000000000     
   5.03333330       46653042.535191417        0.0000000000000000     
   5.03402758       46663547.251049161        0.0000000000000000     
   5.03472233       46674753.249010853        0.0000000000000000     
   5.03541660       46686479.700025626        0.0000000000000000     
   5.03611088       46698946.126696140        0.0000000000000000     
   5.03680563       46711948.876345240        0.0000000000000000     
   5.03749990       46725477.824339062        0.0000000000000000     
   5.03819466       46739388.063708596        0.0000000000000000     
   5.03888893       46753592.653624125        0.0000000000000000     
   5.03958321       46768028.721128300        0.0000000000000000     
   5.04027796       46782678.572836965        0.0000000000000000     
   5.04097223       46797508.776150890        0.0000000000000000     
   5.04166651       46812496.505418286        0.0000000000000000     
   5.04236126       46827618.739697024        0.0000000000000000     
   5.04305553       46842879.472065382        0.0000000000000000     
   5.04374981       46858278.723450087        0.0000000000000000     
   5.04444456       46955373.051772326        0.0000000000000000     
   5.04513884       46842941.633755669        0.0000000000000000     
   5.04583311       46857179.230923586        0.0000000000000000     
   5.04652786       46876080.647896238        0.0000000000000000     
   5.04722214       46891107.766009793        0.0000000000000000     
   5.04791689       47609412.164631099        0.0000000000000000     
   5.04861116       47011248.128499202        0.0000000000000000     
   5.04930544       46491515.835998364        0.0000000000000000     
   5.05000019       46788428.328113064        0.0000000000000000     
   5.05069447       46299165.326447077        0.0000000000000000     
   5.05138874       46313324.138862953        0.0000000000000000     
   5.05208349       46332719.257612459        0.0000000000000000     
   5.05277777       46346536.876784548        0.0000000000000000     
   5.05347204       46505365.398791939        0.0000000000000000     
   5.05416679       46398368.564599492        0.0000000000000000     
   5.05486107       45958309.862291165        0.0000000000000000     
   5.05555534       46107770.752031766        0.0000000000000000     
   5.05625010       46272708.907664821        0.0000000000000000     
   5.05694437       46282462.334911168        0.0000000000000000     
   5.05763912       46341335.515666202        0.0000000000000000     
   5.05833340       46310135.967206173        0.0000000000000000     
   5.05902767       46313735.623066239        0.0000000000000000     
   5.05972242       46800326.183201365        0.0000000000000000     
   5.06041670       46337133.797983624        0.0000000000000000     
   5.06111097       46395743.311984070        0.0000000000000000     
   5.06180573       46348673.315550677        0.0000000000000000     
   5.06250000       46829701.972290218        0.0000000000000000     
   5.06319427       46845197.103995644        0.0000000000000000     
   5.06388903       46860434.171663605        0.0000000000000000     
   5.06458330       46877989.587247320        0.0000000000000000     
   5.06527758       46893760.371427909        0.0000000000000000     
   5.06597233       46910079.125242114        0.0000000000000000     
   5.06666660       46982167.135470316        0.0000000000000000     
   5.06736088       46967420.601694435        0.0000000000000000     
   5.06805563       47006459.367397040        0.0000000000000000     
   5.06874990       46787656.938724950        0.0000000000000000     
   5.06944466       46802611.229302518        0.0000000000000000     
   5.07013893       46823273.336255521        0.0000000000000000     
   5.07083321       46838034.608882219        0.0000000000000000     
   5.07152796       46853517.723156698        0.0000000000000000     
   5.07222223       46870313.261490785        0.0000000000000000     
   5.07291651       46886931.182221800        0.0000000000000000     
   5.07361126       46902445.886799328        0.0000000000000000     
   5.07430553       46918958.475074694        0.0000000000000000     
   5.07499981       46935274.916237153        0.0000000000000000     
   5.07569456       46951280.599576615        0.0000000000000000     
   5.07638884       46967532.818183750        0.0000000000000000     
   5.07708311       46983767.924934179        0.0000000000000000     
   5.07777786       46999895.793362372        0.0000000000000000     
   5.07847214       47016078.698700301        0.0000000000000000     
   5.07916689       47032264.902198717        0.0000000000000000     
   5.07986116       47048413.331606820        0.0000000000000000     
   5.08055544       47064569.555483110        0.0000000000000000     
   5.08125019       47080725.237917408        0.0000000000000000     
   5.08194447       47096865.465614744        0.0000000000000000     
   5.08263874       47113002.386769161        0.0000000000000000     
   5.08333349       47129135.347128317        0.0000000000000000     
   5.08402777       47145259.473036461        0.0000000000000000     
   5.08472204       47161377.876733027        0.0000000000000000     
   5.08541679       47177490.810623258        0.0000000000000000     
   5.08611107       47275029.392601877        0.0000000000000000     
   5.08680534       47826807.643882386        0.0000000000000000     
   5.08750010       46574114.535791017        0.0000000000000000     
   5.08819437       47065904.996549755        0.0000000000000000     
   5.08888912       47083460.405519687        0.0000000000000000     
   5.08958340       47094528.777110517        0.0000000000000000     
   5.09027767       47113230.724975958        0.0000000000000000     
   5.09097242       47129707.945670351        0.0000000000000000     
   5.09166670       47145037.895858929        0.0000000000000000     
   5.09236097       47160998.991589405        0.0000000000000000     
   5.09305573       47177402.775146961        0.0000000000000000     
   5.09375000       47193349.366744108        0.0000000000000000     
   5.09444427       47209267.920275412        0.0000000000000000     
   5.09513903       47225380.600217350        0.0000000000000000     
   5.09583330       47382146.644940063        0.0000000000000000     
   5.09652758       47274519.578936957        0.0000000000000000     
   5.09722233       46832263.791562617        0.0000000000000000     
   5.09791660       46981225.061180286        0.0000000000000000     
   5.09861088       47145496.330043249        0.0000000000000000     
   5.09930563       47154723.680710301        0.0000000000000000     
   5.09999990       47170902.452269919        0.0000000000000000     
   5.10069466       47186844.746935613        0.0000000000000000     
   5.10138893       47202778.732679896        0.0000000000000000     
   5.10208321       47218703.897991993        0.0000000000000000     
   5.10277796       47234753.676029421        0.0000000000000000     
   5.10347223       47250632.609683670        0.0000000000000000     
   5.10416651       47266601.817163013        0.0000000000000000     
   5.10486126       47282553.897322439        0.0000000000000000     
   5.10555553       47298465.421623848        0.0000000000000000     
   5.10624981       47356707.836466670        0.0000000000000000     
   5.10694456       47324028.090491667        0.0000000000000000     
   5.10763884       47368814.189321600        0.0000000000000000     
   5.10833311       47324661.574025765        0.0000000000000000     
   5.10902786       47335667.673410811        0.0000000000000000     
   5.10972214       47353755.109709725        0.0000000000000000     
   5.11041689       47369240.969191842        0.0000000000000000     
   5.11111116       48102757.770800248        0.0000000000000000     
   5.11180544       48256829.228777260        0.0000000000000000     
   5.11250019       47595612.138148449        0.0000000000000000     
   5.11319447       47363055.034611844        0.0000000000000000     
   5.11388874       47357323.416843124        0.0000000000000000     
   5.11458349       47437368.527156264        0.0000000000000000     
   5.11527777       47426666.990250781        0.0000000000000000     
   5.11597204       47459927.530280061        0.0000000000000000     
   5.11666679       47241795.797512256        0.0000000000000000     
   5.11736107       47258177.019285299        0.0000000000000000     
   5.11805534       47277885.713224471        0.0000000000000000     
   5.11875010       47291697.383415140        0.0000000000000000     
   5.11944437       47307124.105265506        0.0000000000000000     
   5.12013912       47323561.448173851        0.0000000000000000     
   5.12083340       47548650.739790425        0.0000000000000000     
   5.12152767       47678197.137600191        0.0000000000000000     
   5.12222242       47312054.139447205        0.0000000000000000     
   5.12291670       47307137.838808596        0.0000000000000000     
   5.12361097       47331687.993484601        0.0000000000000000     
   5.12430573       47352169.813741952        0.0000000000000000     
   5.12500000       47362990.483202308        0.0000000000000000     
   5.12569427       47378500.323761649        0.0000000000000000     
   5.12638903       47396185.394045025        0.0000000000000000     
   5.12708330       47411382.752143361        0.0000000000000000     
   5.12777758       47426562.240571328        0.0000000000000000     
   5.12847233       47442657.844170123        0.0000000000000000     
   5.12916660       47539875.275765724        0.0000000000000000     
   5.12986088       47427289.773690879        0.0000000000000000     
   5.13055563       47441484.511661515        0.0000000000000000     
   5.13124990       47460313.549050875        0.0000000000000000     
   5.13194466       47475091.654199213        0.0000000000000000     
   5.13263893       47490561.759401932        0.0000000000000000     
   5.13333321       47506607.399696574        0.0000000000000000     
   5.13402796       47522160.226023041        0.0000000000000000     
   5.13472223       47537768.230509415        0.0000000000000000     
   5.13541651       47553521.671692342        0.0000000000000000     
   5.13611126       47569131.781801738        0.0000000000000000     
   5.13680553       47584785.226459183        0.0000000000000000     
   5.13749981       47600440.199356504        0.0000000000000000     
   5.13819456       47616068.373595625        0.0000000000000000     
   5.13888884       47771975.866446450        0.0000000000000000     
   5.13958311       47664563.670109510        0.0000000000000000     
   5.14027786       47899442.687176585        0.0000000000000000     
   5.14097214       47278394.386726573        0.0000000000000000     
   5.14166689       47446185.956533805        0.0000000000000000     
   5.14236116       47459469.489974596        0.0000000000000000     
   5.14305544       47471392.030425005        0.0000000000000000     
   5.14375019       47487860.015884101        0.0000000000000000     
   5.14444447       47503967.048380822        0.0000000000000000     
   5.14513874       47519170.442880981        0.0000000000000000     
   5.14583349       47534671.021595441        0.0000000000000000     
   5.14652777       47550404.063010320        0.0000000000000000     
   5.14722204       47565899.797169410        0.0000000000000000     
   5.14791679       47581451.320216410        0.0000000000000000     
   5.14861107       47596989.871985629        0.0000000000000000     
   5.14930534       47612545.000702024        0.0000000000000000     
   5.15000010       47628070.952006526        0.0000000000000000     
   5.15069437       47643593.708682656        0.0000000000000000     
   5.15138912       47659116.618757673        0.0000000000000000     
   5.15208340       47674631.070337944        0.0000000000000000     
   5.15277767       47690135.890091084        0.0000000000000000     
   5.15347242       47705637.271667838        0.0000000000000000     
   5.15416670       47721132.087013118        0.0000000000000000     
   5.15486097       47736619.522712238        0.0000000000000000     
   5.15555573       47794374.607413031        0.0000000000000000     
   5.15625000       47760731.778044045        0.0000000000000000     
   5.15694427       48608298.629298747        0.0000000000000000     
   5.15763903       48097687.992465869        0.0000000000000000     
   5.15833330       48369305.135947272        0.0000000000000000     
   5.15902758       47141103.640738092        0.0000000000000000     
   5.15972233       47097270.921516672        0.0000000000000000     
   5.16041660       47109215.831599742        0.0000000000000000     
   5.16111088       47122555.278708324        0.0000000000000000     
   5.16180563       47141490.655187547        0.0000000000000000     
   5.16249990       47156095.533671424        0.0000000000000000     
   5.16319466       47171806.674159378        0.0000000000000000     
   5.16388893       47187815.399769165        0.0000000000000000     
   5.16458321       47259233.217791319        0.0000000000000000     
   5.16527796       47243457.217407934        0.0000000000000000     
   5.16597223       47282115.632711209        0.0000000000000000     
   5.16666651       47063653.324890696        0.0000000000000000     
   5.16736126       47078104.159524523        0.0000000000000000     
   5.16805553       47098270.963721856        0.0000000000000000     
   5.16874981       47112594.786011115        0.0000000000000000     
   5.16944456       47127553.961009018        0.0000000000000000     
   5.17013884       47143840.150835678        0.0000000000000000     
   5.17083311       47616003.577061325        0.0000000000000000     
   5.17152786       47105023.866868749        0.0000000000000000     
   5.17222214       47119151.613986589        0.0000000000000000     
   5.17291689       47138378.649191082        0.0000000000000000     
   5.17361116       47232034.807337627        0.0000000000000000     
   5.17430544       47121608.924818888        0.0000000000000000     
   5.17500019       47134447.051556773        0.0000000000000000     
   5.17569447       47153619.268527463        0.0000000000000000     
   5.17638874       47168267.503097102        0.0000000000000000     
   5.17708349       47183821.218138553        0.0000000000000000     
   5.17777777       47199766.542731531        0.0000000000000000     
   5.17847204       47215329.533016913        0.0000000000000000     
   5.17916679       47230910.748469941        0.0000000000000000     
   5.17986107       47246650.822594807        0.0000000000000000     
   5.18055534       47262227.706119671        0.0000000000000000     
   5.18125010       47277869.294005282        0.0000000000000000     
   5.18194437       47293499.530254245        0.0000000000000000     
   5.18263912       47309106.130559847        0.0000000000000000     
   5.18333340       47465409.442990236        0.0000000000000000     
   5.18402767       47357444.384063154        0.0000000000000000     
   5.18472242       46915573.273187496        0.0000000000000000     
   5.18541670       47064076.252740249        0.0000000000000000     
   5.18611097       47227899.978391461        0.0000000000000000     
   5.18680573       47236860.755646765        0.0000000000000000     
   5.18750000       47252615.173224337        0.0000000000000000     
   5.18819427       47733677.839126684        0.0000000000000000     
   5.18888903       47262383.783121623        0.0000000000000000     
   5.18958330       47277320.981077321        0.0000000000000000     
   5.19027758       47294051.785468355        0.0000000000000000     
   5.19097233       47308344.408375196        0.0000000000000000     
   5.19166660       47324750.788624048        0.0000000000000000     
   5.19236088       47339869.338135064        0.0000000000000000     
   5.19305563       47823300.464979060        0.0000000000000000     
   5.19374990       47365524.540066965        0.0000000000000000     
   5.19444466       47849612.172091611        0.0000000000000000     
   5.19513893       47864055.304598987        0.0000000000000000     
   5.19583321       47878849.874638341        0.0000000000000000     
   5.19652796       47894503.253994934        0.0000000000000000     
   5.19722223       47909167.868118919        0.0000000000000000     
   5.19791651       48442609.784314565        0.0000000000000000     
   5.19861126       48457668.145772718        0.0000000000000000     
   5.19930553       48472911.648671567        0.0000000000000000     
   5.19999981       48488095.006124973        0.0000000000000000     
   5.20069456       48503298.355710700        0.0000000000000000     
   5.20138884       48518452.765663676        0.0000000000000000     
   5.20208311       48533611.003871515        0.0000000000000000     
   5.20277786       48548746.469333649        0.0000000000000000     
   5.20347214       48563883.524015911        0.0000000000000000     
   5.20416689       48579020.499351174        0.0000000000000000     
   5.20486116       48594157.414285392        0.0000000000000000     
   5.20555544       48609291.100261718        0.0000000000000000     
   5.20625019       48666395.097062089        0.0000000000000000     
   5.20694447       48632768.198319644        0.0000000000000000     
   5.20763874       48635384.991658568        0.0000000000000000     
   5.20833349       48653514.949235693        0.0000000000000000     
   5.20902777       48667219.013808683        0.0000000000000000     
   5.20972204       48724323.828514606        0.0000000000000000     
   5.21041679       48675458.379425079        0.0000000000000000     
   5.21111107       48686728.551730439        0.0000000000000000     
   5.21180534       48703957.086782947        0.0000000000000000     
   5.21250010       48718379.107616298        0.0000000000000000     
   5.21319437       48733277.669765301        0.0000000000000000     
   5.21388912       48748553.989154615        0.0000000000000000     
   5.21458340       48763583.251802228        0.0000000000000000     
   5.21527767       48778529.515670486        0.0000000000000000     
   5.21597242       48849214.599039368        0.0000000000000000     
   5.21666670       48832341.889643736        0.0000000000000000     
   5.21736097       48870145.019487426        0.0000000000000000     
   5.21805573       48650474.683169499        0.0000000000000000     
   5.21875000       48746074.144093886        0.0000000000000000     
   5.21944427       48636562.663989641        0.0000000000000000     
   5.22013903       49069245.247328110        0.0000000000000000     
   5.22083330       48009062.541345477        0.0000000000000000     
   5.22152758       48024719.528976232        0.0000000000000000     
   5.22222233       48043878.951947838        0.0000000000000000     
   5.22291660       48055852.330034621        0.0000000000000000     
   5.22361088       48073537.241118595        0.0000000000000000     
   5.22430563       48087726.894361049        0.0000000000000000     
   5.22499990       48103450.350784756        0.0000000000000000     
   5.22569466       48118625.961406559        0.0000000000000000     
   5.22638893       48134020.918888904        0.0000000000000000     
   5.22708321       48149275.506354406        0.0000000000000000     
   5.22777796       48164587.981677011        0.0000000000000000     
   5.22847223       48783997.736739047        0.0000000000000000     
   5.22916651       48185600.447961442        0.0000000000000000     
   5.22986126       47744549.859614573        0.0000000000000000     
   5.23055553       47893895.864502147        0.0000000000000000     
   5.23124981       48055658.965974964        0.0000000000000000     
   5.23194456       47885618.792821124        0.0000000000000000     
   5.23263884       48578133.221547492        0.0000000000000000     
   5.23333311       48582891.525313452        0.0000000000000000     
   5.23402786       48091586.009294882        0.0000000000000000     
   5.23472214       48110605.220510170        0.0000000000000000     
   5.23541689       48596264.496572636        0.0000000000000000     
   5.23611116       48637664.905866809        0.0000000000000000     
   5.23680544       49122749.607636131        0.0000000000000000     
   5.23750019       49138531.770967349        0.0000000000000000     
   5.23819447       49151509.856757782        0.0000000000000000     
   5.23888874       49165385.716659471        0.0000000000000000     
   5.23958349       49179621.535609245        0.0000000000000000     
   5.24027777       49195055.996086985        0.0000000000000000     
   5.24097204       49209886.080746837        0.0000000000000000     
   5.24166679       49225030.255161002        0.0000000000000000     
   5.24236107       49240217.376976669        0.0000000000000000     
   5.24305534       49255185.520343743        0.0000000000000000     
   5.24375010       49270022.113802344        0.0000000000000000     
   5.24444437       49284823.472622581        0.0000000000000000     
   5.24513912       49299568.842745662        0.0000000000000000     
   5.24583340       49314228.802091509        0.0000000000000000     
   5.24652767       49328832.050852194        0.0000000000000000     
   5.24722242       49343455.656896941        0.0000000000000000     
   5.24791670       49358128.104028121        0.0000000000000000     
   5.24861097       49372850.807276733        0.0000000000000000     
   5.24930573       49387609.018455818        0.0000000000000000     
   5.25000000       49402375.019319832        0.0000000000000000     
   5.25069427       49417124.153886579        0.0000000000000000     
   5.25138903       49431846.575196669        0.0000000000000000     
   5.25208330       49446543.014324114        0.0000000000000000     
   5.25277758       49461218.597188033        0.0000000000000000     
   5.25347233       49475875.438279428        0.0000000000000000     
   5.25416660       49490518.030604541        0.0000000000000000     
   5.25486088       49505152.001096256        0.0000000000000000     
   5.25555563       49519784.922927879        0.0000000000000000     
   5.25624990       49534420.422436386        0.0000000000000000     
   5.25694466       49549058.100132845        0.0000000000000000     
   5.25763893       50336555.656727903        0.0000000000000000     
   5.25833321       50351038.803868942        0.0000000000000000     
   5.25902796       50406706.894736931        0.0000000000000000     
   5.25972223       50371410.858176380        0.0000000000000000     
   5.26041651       50373606.382814184        0.0000000000000000     
   5.26111126       50391763.222426839        0.0000000000000000     
   5.26180553       50405525.512716077        0.0000000000000000     
   5.26249981       50420767.092847042        0.0000000000000000     
   5.26319456       50477622.976370476        0.0000000000000000     
   5.26388884       51111512.597316161        0.0000000000000000     
   5.26458311       49901220.381739095        0.0000000000000000     
   5.26527786       50258247.367290057        0.0000000000000000     
   5.26597214       49802567.672868937        0.0000000000000000     
   5.26666689       50286394.430989631        0.0000000000000000     
   5.26736116       49831117.743991509        0.0000000000000000     
   5.26805544       49844809.198630728        0.0000000000000000     
   5.26875019       50384678.846328571        0.0000000000000000     
   5.26944447       50364941.831475645        0.0000000000000000     
   5.27013874       50401946.017973699        0.0000000000000000     
   5.27083349       50184193.850777753        0.0000000000000000     
   5.27152777       50196997.803069212        0.0000000000000000     
   5.27222204       50216216.215400197        0.0000000000000000     
   5.27291679       50229355.884354010        0.0000000000000000     
   5.27361107       50243229.985901259        0.0000000000000000     
   5.27430534       50258324.931258149        0.0000000000000000     
   5.27500010       50413324.870465383        0.0000000000000000     
   5.27569437       50303895.300630324        0.0000000000000000     
   5.27638912       49863445.827328295        0.0000000000000000     
   5.27708340       50010689.934634812        0.0000000000000000     
   5.27777767       49888013.745602056        0.0000000000000000     
   5.27847242       50038070.242571272        0.0000000000000000     
   5.27916670       50205689.073267423        0.0000000000000000     
   5.27986097       50209610.556616969        0.0000000000000000     
   5.28055573       50224689.184342369        0.0000000000000000     
   5.28125000       50239578.843130030        0.0000000000000000     
   5.28194427       50253590.881038629        0.0000000000000000     
   5.28263903       50268215.652253591        0.0000000000000000     
   5.28333330       50282804.332643367        0.0000000000000000     
   5.28402758       50297193.348304197        0.0000000000000000     
   5.28472233       50311684.684256166        0.0000000000000000     
   5.28541660       50326196.588716552        0.0000000000000000     
   5.28611088       50340616.074253857        0.0000000000000000     
   5.28680563       50355096.133005247        0.0000000000000000     
   5.28749990       50369543.522960603        0.0000000000000000     
   5.28819466       50383987.982764460        0.0000000000000000     
   5.28888893       50398429.990182638        0.0000000000000000     
   5.28958321       50412862.949486703        0.0000000000000000     
   5.29027796       50427287.962153211        0.0000000000000000     
   5.29097223       50441706.910433508        0.0000000000000000     
   5.29166651       50456118.689330474        0.0000000000000000     
   5.29236126       50470524.210983083        0.0000000000000000     
   5.29305553       50484924.188466966        0.0000000000000000     
   5.29374981       50499317.880394384        0.0000000000000000     
   5.29444456       50513705.725632191        0.0000000000000000     
   5.29513884       50528086.896964788        0.0000000000000000     
   5.29583311       51250455.360469997        0.0000000000000000     
   5.29652786       50548224.043940842        0.0000000000000000     
   5.29722214       51397297.773378655        0.0000000000000000     
   5.29791689       49994179.069664560        0.0000000000000000     
   5.29861116       50485353.291044571        0.0000000000000000     
   5.29930544       50491468.827841960        0.0000000000000000     
   5.30000019       50504671.357444510        0.0000000000000000     
   5.30069447       50522505.873671621        0.0000000000000000     
   5.30138874       50535131.960522249        0.0000000000000000     
   5.30208349       50549680.477294423        0.0000000000000000     
   5.30277777       50563877.088685885        0.0000000000000000     
   5.30347204       50578434.898695514        0.0000000000000000     
   5.30416679       50592616.003859706        0.0000000000000000     
   5.30486107       50606838.836395204        0.0000000000000000     
   5.30555534       50621211.828672342        0.0000000000000000     
   5.30625010       50635475.585160196        0.0000000000000000     
   5.30694437       50649722.202149339        0.0000000000000000     
   5.30763912       50664003.982008658        0.0000000000000000     
   5.30833340       50678265.074428447        0.0000000000000000     
   5.30902767       50692513.347200595        0.0000000000000000     
   5.30972242       50706760.712461151        0.0000000000000000     
   5.31041670       50721001.932806917        0.0000000000000000     
   5.31111097       50735235.973807275        0.0000000000000000     
   5.31180573       50749462.458952323        0.0000000000000000     
   5.31250000       50845490.650309905        0.0000000000000000     
   5.31319427       50772477.776472084        0.0000000000000000     
   5.31388903       50735936.827380568        0.0000000000000000     
   5.31458330       50741161.082073770        0.0000000000000000     
   5.31527758       50757481.044914693        0.0000000000000000     
   5.31597233       50770074.655007556        0.0000000000000000     
   5.31666660       50784735.809129708        0.0000000000000000     
   5.31736088       50799079.159931637        0.0000000000000000     
   5.31805563       50855273.296645761        0.0000000000000000     
   5.31874990       50804128.815103695        0.0000000000000000     
   5.31944466       50814664.931499846        0.0000000000000000     
   5.32013893       50831096.057442226        0.0000000000000000     
   5.32083321       50844423.963938087        0.0000000000000000     
   5.32152796       50858499.083885901        0.0000000000000000     
   5.32222223       51574083.140610687        0.0000000000000000     
   5.32291651       51111488.953242831        0.0000000000000000     
   5.32361126       50514069.867496185        0.0000000000000000     
   5.32430553       50323164.047165930        0.0000000000000000     
   5.32499981       49989192.001087964        0.0000000000000000     
   5.32569456       49630997.212047398        0.0000000000000000     
   5.32638884       49782450.263994686        0.0000000000000000     
   5.32708311       49951345.080302075        0.0000000000000000     
   5.32777786       49956086.961651251        0.0000000000000000     
   5.32847214       49969202.290446945        0.0000000000000000     
   5.32916689       49984895.461696714        0.0000000000000000     
   5.32986116       49999199.211246178        0.0000000000000000     
   5.33055544       50013063.104019478        0.0000000000000000     
   5.33125019       50027776.274155401        0.0000000000000000     
   5.33194447       50042255.685735911        0.0000000000000000     
   5.33263874       50056432.930967480        0.0000000000000000     
   5.33333349       50070913.572972663        0.0000000000000000     
   5.33402777       50085292.473370373        0.0000000000000000     
   5.33472204       50099634.105368689        0.0000000000000000     
   5.33541679       50113989.782798938        0.0000000000000000     
   5.33611107       50128362.177283980        0.0000000000000000     
   5.33680534       50142696.880150795        0.0000000000000000     
   5.33750010       50623244.872713655        0.0000000000000000     
   5.33819437       50156684.550077565        0.0000000000000000     
   5.33888912       50170632.357431732        0.0000000000000000     
   5.33958340       50185710.444746941        0.0000000000000000     
   5.34027767       50199213.888685681        0.0000000000000000     
   5.34097242       50214106.763539836        0.0000000000000000     
   5.34166670       50696528.281888217        0.0000000000000000     
   5.34236097       50237877.123112030        0.0000000000000000     
   5.34305573       50721432.914135948        0.0000000000000000     
   5.34375000       50734527.693366461        0.0000000000000000     
   5.34444427       50748213.376232617        0.0000000000000000     
   5.34513903       50762699.471095055        0.0000000000000000     
   5.34583330       50776159.969385244        0.0000000000000000     
   5.34652758       50790325.858782403        0.0000000000000000     
   5.34722233       50804122.285183713        0.0000000000000000     
   5.34791660       50818052.704647809        0.0000000000000000     
   5.34861088       50831950.621601813        0.0000000000000000     
   5.34930563       50845825.693464212        0.0000000000000000     
   5.34999990       50859711.719381541        0.0000000000000000     
   5.35069466       50873587.254107334        0.0000000000000000     
   5.35138893       50887451.789280355        0.0000000000000000     
   5.35208321       50901314.985068053        0.0000000000000000     
   5.35277796       50915169.719625466        0.0000000000000000     
   5.35347223       50929018.012082376        0.0000000000000000     
   5.35416651       50942860.530139141        0.0000000000000000     
   5.35486126       50956696.107334979        0.0000000000000000     
   5.35555553       51562358.371508710        0.0000000000000000     
   5.35624981       51576679.718555085        0.0000000000000000     
   5.35694456       51590395.639404267        0.0000000000000000     
   5.35763884       51604254.093100645        0.0000000000000000     
   5.35833311       51618222.629515491        0.0000000000000000     
   5.35902786       51632024.659363262        0.0000000000000000     
   5.35972214       51646007.804116845        0.0000000000000000     
   5.36041689       51659864.804105751        0.0000000000000000     
   5.36111116       51755103.201004155        0.0000000000000000     
   5.36180544       51640379.927490920        0.0000000000000000     
   5.36250019       51652687.605673634        0.0000000000000000     
   5.36319447       51669635.179607846        0.0000000000000000     
   5.36388874       51682568.193730943        0.0000000000000000     
   5.36458349       51696204.031011648        0.0000000000000000     
   5.36527777       51710398.271581560        0.0000000000000000     
   5.36597204       51724101.607115157        0.0000000000000000     
   5.36666679       51737862.152353019        0.0000000000000000     
   5.36736107       51751762.121121570        0.0000000000000000     
   5.36805534       51765517.413796671        0.0000000000000000     
   5.36875010       51779320.702033855        0.0000000000000000     
   5.36944437       51793126.888475440        0.0000000000000000     
   5.37013912       51849026.800962195        0.0000000000000000     
   5.37083340       52474546.022310458        0.0000000000000000     
   5.37152767       51207446.135660730        0.0000000000000000     
   5.37222242       51835222.100504972        0.0000000000000000     
   5.37291670       51727005.527930051        0.0000000000000000     
   5.37361097       51281934.584150262        0.0000000000000000     
   5.37430573       51430571.945094779        0.0000000000000000     
   5.37500000       51350584.255295664        0.0000000000000000     
   5.37569427       51433054.771185748        0.0000000000000000     
   5.37638903       51595660.665107310        0.0000000000000000     
   5.37708330       51601884.425415918        0.0000000000000000     
   5.37777758       51615245.199694015        0.0000000000000000     
   5.37847233       51629083.899337843        0.0000000000000000     
   5.37916660       51642691.464691721        0.0000000000000000     
   5.37986088       51656432.691849574        0.0000000000000000     
   5.38055563       51670122.163244531        0.0000000000000000     
   5.38124990       51739800.532455310        0.0000000000000000     
   5.38194466       51720817.066044338        0.0000000000000000     
   5.38263893       51757376.925327361        0.0000000000000000     
   5.38333321       51535586.178300418        0.0000000000000000     
   5.38402796       51547985.893044725        0.0000000000000000     
   5.38472223       51566060.020468086        0.0000000000000000     
   5.38541651       51578332.779806837        0.0000000000000000     
   5.38611126       51591160.499398604        0.0000000000000000     
   5.38680553       51605337.829783015        0.0000000000000000     
   5.38749981       52435155.600693472        0.0000000000000000     
   5.38819456       51902576.144825131        0.0000000000000000     
   5.38888884       52641798.567142017        0.0000000000000000     
   5.38958311       52854430.147639133        0.0000000000000000     
   5.39027786       52923951.847238675        0.0000000000000000     
   5.39097214       53139670.113005646        0.0000000000000000     
   5.39166689       52879882.815678708        0.0000000000000000     
   5.39236116       52784713.580387190        0.0000000000000000     
   5.39305544       52803058.957240678        0.0000000000000000     
   5.39375019       51900393.524324439        0.0000000000000000     
   5.39444447       53007468.566004090        0.0000000000000000     
   5.39513874       51664161.914006881        0.0000000000000000     
   5.39583349       51774811.616384976        0.0000000000000000     
   5.39652777       48230966.403013341        0.0000000000000000     
   5.39722204       49110473.474467114        0.0000000000000000     
   5.39791679       49197022.980968222        0.0000000000000000     
   5.39861107       49525888.914563321        0.0000000000000000     
   5.39930534       49591657.470771424        0.0000000000000000     
   5.40000010       49677110.307227232        0.0000000000000000     
   5.40069437       47522258.812810525        0.0000000000000000     
   5.40138912       48373389.814418785        0.0000000000000000     
   5.40208340       48491125.341499068        0.0000000000000000     
   5.40277767       47819024.113990933        0.0000000000000000     
   5.40347242       47578923.401886448        0.0000000000000000     
   5.40416670       47564472.128251739        0.0000000000000000     
   5.40486097       47582455.880299404        0.0000000000000000     
   5.40555573       47596334.110199064        0.0000000000000000     
   5.40625000       47599825.608732745        0.0000000000000000     
   5.40694427       47609335.201941520        0.0000000000000000     
   5.40763903       47621316.215438254        0.0000000000000000     
   5.40833330       47631352.875276148        0.0000000000000000     
   5.40902758       47641830.004104875        0.0000000000000000     
   5.40972233       47653624.816178404        0.0000000000000000     
   5.41041660       47665309.482143223        0.0000000000000000     
   5.41111088       47676887.275763042        0.0000000000000000     
   5.41180563       47770179.846746981        0.0000000000000000     
   5.41249990       47653417.852859154        0.0000000000000000     
   5.41319466       47663928.269422367        0.0000000000000000     
   5.41388893       47679187.317922004        0.0000000000000000     
   5.41458321       47690529.895165980        0.0000000000000000     
   5.41527796       47702664.958407931        0.0000000000000000     
   5.41597223       47715461.649617188        0.0000000000000000     
   5.41666651       47727885.229039907        0.0000000000000000     
   5.41736126       47740458.854264371        0.0000000000000000     
   5.41805553       47753253.263860472        0.0000000000000000     
   5.41874981       47765947.614105940        0.0000000000000000     
   5.41944456       47778731.792641409        0.0000000000000000     
   5.42013884       47791545.148540273        0.0000000000000000     
   5.42083311       48493563.796585329        0.0000000000000000     
   5.42152786       47756181.318948813        0.0000000000000000     
   5.42222214       47771494.302588224        0.0000000000000000     
   5.42291689       47787337.028904766        0.0000000000000000     
   5.42361116       47938122.938061126        0.0000000000000000     
   5.42430544       47827421.138787933        0.0000000000000000     
   5.42500019       47385846.225679494        0.0000000000000000     
   5.42569447       47531069.573027596        0.0000000000000000     
   5.42638874       47407410.603363141        0.0000000000000000     
   5.42708349       47555496.233793974        0.0000000000000000     
   5.42777777       47721002.440380335        0.0000000000000000     
   5.42847204       47723948.446516991        0.0000000000000000     
   5.42916679       47779371.932237953        0.0000000000000000     
   5.42986107       47742894.024799943        0.0000000000000000     
   5.43055534       47743693.162928984        0.0000000000000000     
   5.43125010       47759771.895293161        0.0000000000000000     
   5.43194437       47771416.275837541        0.0000000000000000     
   5.43263912       47784410.481749855        0.0000000000000000     
   5.43333340       47797659.808051430        0.0000000000000000     
   5.43402767       48693899.092410959        0.0000000000000000     
   5.43472242       48143554.866136692        0.0000000000000000     
   5.43541670       48276780.874220535        0.0000000000000000     
   5.43611097       47838055.554134548        0.0000000000000000     
   5.43680573       47418978.747093603        0.0000000000000000     
   5.43750000       46917530.769729860        0.0000000000000000     
   5.43819427       47401025.669081375        0.0000000000000000     
   5.43888903       46964291.753475837        0.0000000000000000     
   5.43958330       46974959.613006361        0.0000000000000000     
   5.44027758       47455558.930685885        0.0000000000000000     
   5.44097233       47046635.774806499        0.0000000000000000     
   5.44166660       47496444.405286498        0.0000000000000000     
   5.44236088       47534710.042318217        0.0000000000000000     
   5.44305563       47311959.197505258        0.0000000000000000     
   5.44374990       47323313.308359824        0.0000000000000000     
   5.44444466       47342264.507852346        0.0000000000000000     
   5.44513893       47353616.298747852        0.0000000000000000     
   5.44583321       47366504.472761542        0.0000000000000000     
   5.44652796       47380429.355007842        0.0000000000000000     
   5.44722223       47394267.214292951        0.0000000000000000     
   5.44791651       47406978.166207604        0.0000000000000000     
   5.44861126       47420655.273285605        0.0000000000000000     
   5.44930553       47434180.113416150        0.0000000000000000     
   5.44999981       47447382.035169326        0.0000000000000000     
   5.45069456       47460806.767888039        0.0000000000000000     
   5.45138884       47474241.382320307        0.0000000000000000     
   5.45208311       47487560.243824750        0.0000000000000000     
   5.45277786       47500925.378775097        0.0000000000000000     
   5.45347214       47514302.590165667        0.0000000000000000     
   5.45416689       47527640.278325669        0.0000000000000000     
   5.45486116       47540981.543469056        0.0000000000000000     
   5.45555544       47554325.105382137        0.0000000000000000     
   5.45625019       47567652.774282955        0.0000000000000000     
   5.45694447       47580975.427153960        0.0000000000000000     
   5.45763874       47594294.700819351        0.0000000000000000     
   5.45833349       47607605.036357932        0.0000000000000000     
   5.45902777       47620908.814935490        0.0000000000000000     
   5.45972204       47634207.108357444        0.0000000000000000     
   5.46041679       47647498.237796932        0.0000000000000000     
   5.46111107       47660782.715597123        0.0000000000000000     
   5.46180534       47674060.951741114        0.0000000000000000     
   5.46250010       47687332.487703681        0.0000000000000000     
   5.46319437       47700597.405976005        0.0000000000000000     
   5.46388912       47713855.856088251        0.0000000000000000     
   5.46458340       48202816.223786175        0.0000000000000000     
   5.46527767       47274290.946183823        0.0000000000000000     
   5.46597242       47254707.017029069        0.0000000000000000     
   5.46666670       47271289.605507880        0.0000000000000000     
   5.46736097       47278411.128706917        0.0000000000000000     
   5.46805573       47295889.695304215        0.0000000000000000     
   5.46875000       47306805.154698230        0.0000000000000000     
   5.46944427       47320297.411416292        0.0000000000000000     
   5.47013903       47333090.862597443        0.0000000000000000     
   5.47083330       47346248.121841185        0.0000000000000000     
   5.47152758       47359027.277951442        0.0000000000000000     
   5.47222233       47372025.037556790        0.0000000000000000     
   5.47291660       47384964.449473709        0.0000000000000000     
   5.47361088       47397889.152429588        0.0000000000000000     
   5.47430563       47410793.525369585        0.0000000000000000     
   5.47499990       47423727.188392118        0.0000000000000000     
   5.47569466       47436625.819355711        0.0000000000000000     
   5.47638893       47589204.574987628        0.0000000000000000     
   5.47708321       47478718.188725896        0.0000000000000000     
   5.47777796       47038457.399823733        0.0000000000000000     
   5.47847223       47183643.843323067        0.0000000000000000     
   5.47916651       47060332.864335284        0.0000000000000000     
   5.47986126       47207917.361808427        0.0000000000000000     
   5.48055553       47373103.067778543        0.0000000000000000     
   5.48124981       47376140.360359035        0.0000000000000000     
   5.48194456       47389561.140059263        0.0000000000000000     
   5.48263884       47402649.769997552        0.0000000000000000     
   5.48333311       47415143.918516465        0.0000000000000000     
   5.48402786       47428057.671088077        0.0000000000000000     
   5.48472214       47440967.055642329        0.0000000000000000     
   5.48541689       47453710.036650285        0.0000000000000000     
   5.48611116       47466528.929101937        0.0000000000000000     
   5.48680544       47479373.854122654        0.0000000000000000     
   5.48750019       47943139.018880941        0.0000000000000000     
   5.48819447       47409184.593251646        0.0000000000000000     
   5.48888874       47419524.957051575        0.0000000000000000     
   5.48958349       47436799.179866135        0.0000000000000000     
   5.49027777       47444267.314268805        0.0000000000000000     
   5.49097204       47502707.665302895        0.0000000000000000     
   5.49166679       47463590.913432434        0.0000000000000000     
   5.49236107       47465401.388222724        0.0000000000000000     
   5.49305534       47481022.570814677        0.0000000000000000     
   5.49375010       47492460.476560630        0.0000000000000000     
   5.49444437       47505242.358308747        0.0000000000000000     
   5.49513912       47518310.146426491        0.0000000000000000     
   5.49583340       47530861.617834233        0.0000000000000000     
   5.49652767       47585835.891381696        0.0000000000000000     
   5.49722242       47533311.328277268        0.0000000000000000     
   5.49791670       47542262.485545292        0.0000000000000000     
   5.49861097       47557267.699371353        0.0000000000000000     
   5.49930573       47569173.829038188        0.0000000000000000     
   5.50000000       47581753.897939987        0.0000000000000000     
   5.50069427       47594661.473707080        0.0000000000000000     
   5.50138903       47607286.807162970        0.0000000000000000     
   5.50208330       47619866.937128320        0.0000000000000000     
   5.50277758       47632604.967454568        0.0000000000000000     
   5.50347233       47701164.523068853        0.0000000000000000     
   5.50416660       47680380.332029194        0.0000000000000000     
   5.50486088       47715838.319320343        0.0000000000000000     
   5.50555563       47493301.687888235        0.0000000000000000     
   5.50624990       47504660.208434418        0.0000000000000000     
   5.50694466       47521721.608631521        0.0000000000000000     
   5.50763893       47532983.038895018        0.0000000000000000     
   5.50833321       47544758.971364342        0.0000000000000000     
   5.50902796       47557891.671061225        0.0000000000000000     
   5.50972223       47570961.185398616        0.0000000000000000     
   5.51041651       47582820.956945620        0.0000000000000000     
   5.51111126       47595673.926075839        0.0000000000000000     
   5.51180553       47608395.849787481        0.0000000000000000     
   5.51249981       47620766.651355065        0.0000000000000000     
   5.51319456       47633373.547371052        0.0000000000000000     
   5.51388884       47645988.653692514        0.0000000000000000     
   5.51458311       47658486.990673296        0.0000000000000000     
   5.51527786       47671031.437885560        0.0000000000000000     
   5.51597214       47683588.797306880        0.0000000000000000     
   5.51666689       48159911.033473201        0.0000000000000000     
   5.51736116       47679375.525177158        0.0000000000000000     
   5.51805544       47691084.289477013        0.0000000000000000     
   5.51875019       47705086.998596452        0.0000000000000000     
   5.51944447       47797887.911096245        0.0000000000000000     
   5.52013874       47681861.886376098        0.0000000000000000     
   5.52083349       47692238.944494724        0.0000000000000000     
   5.52152777       47708067.903540485        0.0000000000000000     
   5.52222204       47719566.027709238        0.0000000000000000     
   5.52291679       47731863.892021984        0.0000000000000000     
   5.52361107       47744665.426046059        0.0000000000000000     
   5.52430534       47757012.958941109        0.0000000000000000     
   5.52500010       47769401.232468888        0.0000000000000000     
   5.52569437       48249661.521386266        0.0000000000000000     
   5.52638912       47785681.158757329        0.0000000000000000     
   5.52708340       47797921.261252314        0.0000000000000000     
   5.52777767       47810807.493339747        0.0000000000000000     
   5.52847242       48291841.047867797        0.0000000000000000     
   5.52916670       48819800.938569307        0.0000000000000000     
   5.52986097       48831682.889657930        0.0000000000000000     
   5.53055573       48844954.542697959        0.0000000000000000     
   5.53125000       48856584.083814837        0.0000000000000000     
   5.53194427       49009351.153492510        0.0000000000000000     
   5.53263903       48896909.061246000        0.0000000000000000     
   5.53333330       48454311.648060516        0.0000000000000000     
   5.53402758       48598905.678059980        0.0000000000000000     
   5.53472233       48474812.669404268        0.0000000000000000     
   5.53541660       48621741.792552419        0.0000000000000000     
   5.53611088       48786322.710383929        0.0000000000000000     
   5.53680563       48788807.436564952        0.0000000000000000     
   5.53749990       48801510.580574855        0.0000000000000000     
   5.53819466       48813828.292932838        0.0000000000000000     
   5.53888893       48825630.703315638        0.0000000000000000     
   5.53958321       48837800.094786137        0.0000000000000000     
   5.54027796       48849977.073836431        0.0000000000000000     
   5.54097223       48861993.520663090        0.0000000000000000     
   5.54166651       48874076.836745881        0.0000000000000000     
   5.54236126       48886188.617733032        0.0000000000000000     
   5.54305553       48898218.841083571        0.0000000000000000     
   5.54374981       48910301.182920784        0.0000000000000000     
   5.54444456       48922353.633418821        0.0000000000000000     
   5.54513884       48934403.379872918        0.0000000000000000     
   5.54583311       48946449.595299102        0.0000000000000000     
   5.54652786       48958488.096168607        0.0000000000000000     
   5.54722214       48970519.237929910        0.0000000000000000     
   5.54791689       48982545.311594948        0.0000000000000000     
   5.54861116       48994563.777149387        0.0000000000000000     
   5.54930544       49006576.262441896        0.0000000000000000     
   5.55000019       49018582.000276595        0.0000000000000000     
   5.55069447       49030581.739500396        0.0000000000000000     
   5.55138874       49042574.876456402        0.0000000000000000     
   5.55208349       49054562.200222053        0.0000000000000000     
   5.55277777       49066542.928403765        0.0000000000000000     
   5.55347204       49078517.708259635        0.0000000000000000     
   5.55416679       49090485.832175821        0.0000000000000000     
   5.55486107       49102447.899259225        0.0000000000000000     
   5.55555534       49114403.267032631        0.0000000000000000     
   5.55625010       49168370.248171836        0.0000000000000000     
   5.55694437       49129614.920889497        0.0000000000000000     
   5.55763912       49130172.294262528        0.0000000000000000     
   5.55833340       49145166.559549309        0.0000000000000000     
   5.55902767       49155687.697724380        0.0000000000000000     
   5.55972242       49167723.905810729        0.0000000000000000     
   5.56041670       49855868.279890262        0.0000000000000000     
   5.56111097       48562660.024316758        0.0000000000000000     
   5.56180573       48617321.498278566        0.0000000000000000     
   5.56250000       48566833.557008475        0.0000000000000000     
   5.56319427       48573458.788750075        0.0000000000000000     
   5.56388903       48589387.717408359        0.0000000000000000     
   5.56458330       48599690.094747171        0.0000000000000000     
   5.56527758       48612345.310027592        0.0000000000000000     
   5.56597233       48624516.483663015        0.0000000000000000     
   5.56666660       49103704.196080141        0.0000000000000000     
   5.56736088       48638518.918252937        0.0000000000000000     
   5.56805563       48650492.484394290        0.0000000000000000     
   5.56874990       48718699.791967817        0.0000000000000000     
   5.56944466       48696817.189257890        0.0000000000000000     
   5.57013893       49200811.062129073        0.0000000000000000     
   5.57083321       48975100.104081817        0.0000000000000000     
   5.57152796       48985487.982470691        0.0000000000000000     
   5.57222223       49003034.104161605        0.0000000000000000     
   5.57291651       49508754.847941034        0.0000000000000000     
   5.57361126       49006928.610903285        0.0000000000000000     
   5.57430553       49515995.631166443        0.0000000000000000     
   5.57499981       49533903.357231803        0.0000000000000000     
   5.57569456       49048498.860532008        0.0000000000000000     
   5.57638884       49642632.887848824        0.0000000000000000     
   5.57708311       49523173.811549462        0.0000000000000000     
   5.57777786       49532934.886173792        0.0000000000000000     
   5.57847214       49547637.173440903        0.0000000000000000     
   5.57916689       49557827.569578759        0.0000000000000000     
   5.57986116       49569166.691052750        0.0000000000000000     
   5.58055544       49581515.415914580        0.0000000000000000     
   5.58125019       49593524.278886236        0.0000000000000000     
   5.58194447       49605405.572776161        0.0000000000000000     
   5.58263874       49617316.046168819        0.0000000000000000     
   5.58333349       49629085.420004167        0.0000000000000000     
   5.58402777       49640891.460366055        0.0000000000000000     
   5.58472204       49652660.082873076        0.0000000000000000     
   5.58541679       49664335.730533250        0.0000000000000000     
   5.58611107       49675925.282494895        0.0000000000000000     
   5.58680534       49687468.630485319        0.0000000000000000     
   5.58750010       49699039.073878020        0.0000000000000000     
   5.58819437       49710670.862645231        0.0000000000000000     
   5.58888912       49722338.876196936        0.0000000000000000     
   5.58958340       49874325.258444920        0.0000000000000000     
   5.59027767       49761503.474333562        0.0000000000000000     
   5.59097242       49319066.590334550        0.0000000000000000     
   5.59166670       49463096.797633491        0.0000000000000000     
   5.59236097       49338764.342160650        0.0000000000000000     
   5.59305573       49484899.640560269        0.0000000000000000     
   5.59375000       49648705.532546401        0.0000000000000000     
   5.59444427       49650849.981245719        0.0000000000000000     
   5.59513903       49662986.498792417        0.0000000000000000     
   5.59583330       49674708.071641855        0.0000000000000000     
   5.59652758       49686000.085837595        0.0000000000000000     
   5.59722233       49697613.173693992        0.0000000000000000     
   5.59791660       49709249.258559741        0.0000000000000000     
   5.59861088       49720733.368379541        0.0000000000000000     
   5.59930563       49732276.775597483        0.0000000000000000     
   5.59999990       49743847.588025875        0.0000000000000000     
   5.60069466       49755336.527803719        0.0000000000000000     
   5.60138893       49766872.137560271        0.0000000000000000     
   5.60208321       49778377.228156596        0.0000000000000000     
   5.60277796       49789877.609148227        0.0000000000000000     
   5.60347223       49801375.085686423        0.0000000000000000     
   5.60416651       51296220.399102770        0.0000000000000000     
   5.60486126       50592553.615322366        0.0000000000000000     
   5.60555553       51438053.387969390        0.0000000000000000     
   5.60624981       50030544.267567210        0.0000000000000000     
   5.60694456       50519590.272880442        0.0000000000000000     
   5.60763884       50524060.032185026        0.0000000000000000     
   5.60833311       50534853.161174186        0.0000000000000000     
   5.60902786       50549875.089567140        0.0000000000000000     
   5.60972214       50559984.043527059        0.0000000000000000     
   5.61041689       50571449.751364172        0.0000000000000000     
   5.61111116       50582602.467460111        0.0000000000000000     
   5.61180544       50594180.523564264        0.0000000000000000     
   5.61250019       50605562.854483269        0.0000000000000000     
   5.61319447       50617105.048013970        0.0000000000000000     
   5.61388874       50628815.719747610        0.0000000000000000     
   5.61458349       50640371.556575008        0.0000000000000000     
   5.61527777       50651816.930013500        0.0000000000000000     
   5.61597204       50663223.409576274        0.0000000000000000     
   5.61666679       50674595.105748884        0.0000000000000000     
   5.61736107       50685983.648915738        0.0000000000000000     
   5.61805534       50697416.249071576        0.0000000000000000     
   5.61875010       50708876.153434910        0.0000000000000000     
   5.61944437       50720335.155540429        0.0000000000000000     
   5.62013912       50731771.557084613        0.0000000000000000     
   5.62083340       50743180.427761644        0.0000000000000000     
   5.62152767       50754569.564777486        0.0000000000000000     
   5.62222242       50765952.681334510        0.0000000000000000     
   5.62291670       50777340.625403956        0.0000000000000000     
   5.62361097       50788735.035087131        0.0000000000000000     
   5.62430573       50842045.202831991        0.0000000000000000     
   5.62500000       50802401.344921432        0.0000000000000000     
   5.62569427       50802659.608122401        0.0000000000000000     
   5.62638903       50817086.982941583        0.0000000000000000     
   5.62708330       50827035.028846487        0.0000000000000000     
   5.62777758       50838491.053083919        0.0000000000000000     
   5.62847233       50850127.075151436        0.0000000000000000     
   5.62916660       50861314.594724111        0.0000000000000000     
   5.62986088       50914569.042904288        0.0000000000000000     
   5.63055563       50861234.505790129        0.0000000000000000     
   5.63124990       50868810.223182596        0.0000000000000000     
   5.63194466       50882410.396590710        0.0000000000000000     
   5.63263893       50892940.103328019        0.0000000000000000     
   5.63333321       50904130.808292262        0.0000000000000000     
   5.63402796       50915651.487084508        0.0000000000000000     
   5.63472223       51628162.185675360        0.0000000000000000     
   5.63541651       51024864.295487143        0.0000000000000000     
   5.63611126       50580115.528787754        0.0000000000000000     
   5.63680553       50741852.634108908        0.0000000000000000     
   5.63749981       50303917.145059995        0.0000000000000000     
   5.63819456       50282289.035375647        0.0000000000000000     
   5.63888884       50318520.290559292        0.0000000000000000     
   5.63958311       50093319.229432486        0.0000000000000000     
   5.64027786       50106025.604742497        0.0000000000000000     
   5.64097214       50120783.347810268        0.0000000000000000     
   5.64166689       50131305.835745424        0.0000000000000000     
   5.64236116       50141932.006846510        0.0000000000000000     
   5.64305544       50153934.096999936        0.0000000000000000     
   5.64375019       50165868.757209830        0.0000000000000000     
   5.64444447       50176662.757391311        0.0000000000000000     
   5.64513874       50188352.425165579        0.0000000000000000     
   5.64583349       50199985.441878058        0.0000000000000000     
   5.64652777       50211236.856536776        0.0000000000000000     
   5.64722204       50222723.368587427        0.0000000000000000     
   5.64791679       50234225.559954464        0.0000000000000000     
   5.64861107       50245610.400311194        0.0000000000000000     
   5.64930534       50257036.038042590        0.0000000000000000     
   5.65000010       50408831.060793452        0.0000000000000000     
   5.65069437       50295530.619817071        0.0000000000000000     
   5.65138912       49853119.928019784        0.0000000000000000     
   5.65208340       49996905.943806715        0.0000000000000000     
   5.65277767       50338944.540040426        0.0000000000000000     
   5.65347242       50004357.964340307        0.0000000000000000     
   5.65416670       50167455.726477273        0.0000000000000000     
   5.65486097       50170349.563055329        0.0000000000000000     
   5.65555573       50181522.634285763        0.0000000000000000     
   5.65625000       50193568.903097600        0.0000000000000000     
   5.65694427       50204419.372024581        0.0000000000000000     
   5.65763903       50684275.161807828        0.0000000000000000     
   5.65833330       50223054.145333983        0.0000000000000000     
   5.65902758       50703214.589721762        0.0000000000000000     
   5.65972233       50713848.664166585        0.0000000000000000     
   5.66041660       50724703.430072710        0.0000000000000000     
   5.66111088       50736089.737322174        0.0000000000000000     
   5.66180563       50746826.269165419        0.0000000000000000     
   5.66249990       50758061.329936571        0.0000000000000000     
   5.66319466       50768991.615613468        0.0000000000000000     
   5.66388893       50780036.256483220        0.0000000000000000     
   5.66458321       50791059.873063497        0.0000000000000000     
   5.66527796       50802058.107612208        0.0000000000000000     
   5.66597223       50813063.097874776        0.0000000000000000     
   5.66666651       50824060.868032798        0.0000000000000000     
   5.66736126       50835048.300353162        0.0000000000000000     
   5.66805553       50846032.409647979        0.0000000000000000     
   5.66874981       50857009.045346938        0.0000000000000000     
   5.66944456       50867979.382144086        0.0000000000000000     
   5.67013884       50878943.684299983        0.0000000000000000     
   5.67083311       50889901.151720315        0.0000000000000000     
   5.67152786       50900852.731497549        0.0000000000000000     
   5.67222214       50911797.576793917        0.0000000000000000     
   5.67291689       50922736.341672681        0.0000000000000000     
   5.67361116       50933668.495023265        0.0000000000000000     
   5.67430544       50944594.551709309        0.0000000000000000     
   5.67500019       50955513.966350585        0.0000000000000000     
   5.67569447       50966427.304265589        0.0000000000000000     
   5.67638874       50977333.999567404        0.0000000000000000     
   5.67708349       50988234.615246303        0.0000000000000000     
   5.67777777       50999128.590192862        0.0000000000000000     
   5.67847204       51010016.487305313        0.0000000000000000     
   5.67916679       51020897.744803831        0.0000000000000000     
   5.67986107       51031772.924865916        0.0000000000000000     
   5.68055534       51042641.466628142        0.0000000000000000     
   5.68125010       51053503.931712240        0.0000000000000000     
   5.68194437       51064359.759238712        0.0000000000000000     
   5.68263912       51075209.510375939        0.0000000000000000     
   5.68333340       51086052.624750979        0.0000000000000000     
   5.68402767       51096889.662785538        0.0000000000000000     
   5.68472242       51107720.064783402        0.0000000000000000     
   5.68541670       51118544.390542969        0.0000000000000000     
   5.68611097       51129362.081140213        0.0000000000000000     
   5.68680573       51140173.695726760        0.0000000000000000     
   5.68750000       51150978.676169500        0.0000000000000000     
   5.68819427       51161777.580930188        0.0000000000000000     
   5.68888903       51172569.852612212        0.0000000000000000     
   5.68958330       51183356.048940778        0.0000000000000000     
   5.69027758       51194135.613214247        0.0000000000000000     
   5.69097233       51204909.102403708        0.0000000000000000     
   5.69166660       51215675.960486017        0.0000000000000000     
   5.69236088       51226436.743682489        0.0000000000000000     
   5.69305563       51237190.896655932        0.0000000000000000     
   5.69374990       51247938.974893533        0.0000000000000000     
   5.69444466       51920746.847735435        0.0000000000000000     
   5.69513893       50663790.446507677        0.0000000000000000     
   5.69583321       51145449.044821106        0.0000000000000000     
   5.69652796       51201122.775689311        0.0000000000000000     
   5.69722223       51155467.961272202        0.0000000000000000     
   5.69791651       51157348.346297018        0.0000000000000000     
   5.69861126       51253423.048833460        0.0000000000000000     
   5.69930553       51132213.584674343        0.0000000000000000     
   5.69999981       51141308.493523046        0.0000000000000000     
   5.70069456       51155865.156839266        0.0000000000000000     
   5.70138884       51165377.952490538        0.0000000000000000     
   5.70208311       51175648.247405663        0.0000000000000000     
   5.70277786       51228901.131621808        0.0000000000000000     
   5.70347214       51174499.096436612        0.0000000000000000     
   5.70416689       51181362.987770036        0.0000000000000000     
   5.70486116       51194425.534839064        0.0000000000000000     
   5.70555544       51204201.824003771        0.0000000000000000     
   5.70625019       51214746.367991999        0.0000000000000000     
   5.70694447       51225623.274958625        0.0000000000000000     
   5.70763874       51236177.897526979        0.0000000000000000     
   5.70833349       51246717.225607842        0.0000000000000000     
   5.70902777       51257407.204882644        0.0000000000000000     
   5.70972204       51267986.539201677        0.0000000000000000     
   5.71041679       51333797.162827045        0.0000000000000000     
   5.71111107       51310177.894090220        0.0000000000000000     
   5.71180534       51343593.004601240        0.0000000000000000     
   5.71250010       51121029.943168402        0.0000000000000000     
   5.71319437       51270426.550841779        0.0000000000000000     
   5.71388912       51160962.647223957        0.0000000000000000     
   5.71458340       50717744.632820837        0.0000000000000000     
   5.71527767       50859674.327444471        0.0000000000000000     
   5.71597242       50735295.772305869        0.0000000000000000     
   5.71666670       50880442.689763255        0.0000000000000000     
   5.71736097       51042038.212457255        0.0000000000000000     
   5.71805573       50863477.005972378        0.0000000000000000     
   5.71875000       51055633.119956508        0.0000000000000000     
   5.71944427       51065639.339697152        0.0000000000000000     
   5.72013903       51075693.336700141        0.0000000000000000     
   5.72083330       51086604.553581849        0.0000000000000000     
   5.72152758       51096920.396049030        0.0000000000000000     
   5.72222233       51107418.463502720        0.0000000000000000     
   5.72291660       51117923.458321735        0.0000000000000000     
   5.72361088       51128415.679436967        0.0000000000000000     
   5.72430563       51138846.049151972        0.0000000000000000     
   5.72499990       51149346.084421538        0.0000000000000000     
   5.72569466       51159788.325281180        0.0000000000000000     
   5.72638893       51170242.660524085        0.0000000000000000     
   5.72708321       51180689.872794017        0.0000000000000000     
   5.72777796       51191129.049055837        0.0000000000000000     
   5.72847223       51201560.801752076        0.0000000000000000     
   5.72916651       51211988.547348939        0.0000000000000000     
   5.72986126       51222408.449831553        0.0000000000000000     
   5.73055553       51232822.256351933        0.0000000000000000     
   5.73124981       51243229.963331871        0.0000000000000000     
   5.73194456       51845423.426525854        0.0000000000000000     
   5.73263884       51263474.241739050        0.0000000000000000     
   5.73333311       52584641.952303506        0.0000000000000000     
   5.73402786       52732415.537357301        0.0000000000000000     
   5.73472214       52063326.853024378        0.0000000000000000     
   5.73541689       51825844.581929281        0.0000000000000000     
   5.73611116       51814153.859959759        0.0000000000000000     
   5.73680544       51834009.601429142        0.0000000000000000     
   5.73750019       51849570.533371195        0.0000000000000000     
   5.73819447       51854498.166615725        0.0000000000000000     
   5.73888874       51864831.757165082        0.0000000000000000     
   5.73958349       51877140.226299062        0.0000000000000000     
   5.74027777       51886955.832116857        0.0000000000000000     
   5.74097204       51896765.928309061        0.0000000000000000     
   5.74166679       51907554.960408963        0.0000000000000000     
   5.74236107       51918027.214432083        0.0000000000000000     
   5.74305534       51928230.128404804        0.0000000000000000     
   5.74375010       51938603.572473213        0.0000000000000000     
   5.74444437       51949009.010134950        0.0000000000000000     
   5.74513912       51959331.897929430        0.0000000000000000     
   5.74583340       51969662.268420190        0.0000000000000000     
   5.74652767       51980015.501760304        0.0000000000000000     
   5.74722242       51990350.996050447        0.0000000000000000     
   5.74791670       52000671.593480386        0.0000000000000000     
   5.74861097       52010988.317765161        0.0000000000000000     
   5.74930573       52021296.666521080        0.0000000000000000     
   5.75000000       52031594.531654947        0.0000000000000000     
   5.75069427       52041887.491059281        0.0000000000000000     
   5.75138903       52052176.413326614        0.0000000000000000     
   5.75208330       52062460.701748408        0.0000000000000000     
   5.75277758       52072739.342834011        0.0000000000000000     
   5.75347233       52083012.080265872        0.0000000000000000     
   5.75416660       52093277.547779158        0.0000000000000000     
   5.75486088       52103536.332619444        0.0000000000000000     
   5.75555563       52113788.332294978        0.0000000000000000     
   5.75624990       52124034.423900574        0.0000000000000000     
   5.75694466       52134274.107367158        0.0000000000000000     
   5.75763893       52833240.246181287        0.0000000000000000     
   5.75833321       52094599.973664716        0.0000000000000000     
   5.75902796       52107233.246793687        0.0000000000000000     
   5.75972223       52120385.296419486        0.0000000000000000     
   5.76041651       52128297.830674917        0.0000000000000000     
   5.76111126       52138933.475832164        0.0000000000000000     
   5.76180553       52149468.750108376        0.0000000000000000     
   5.76249981       52159495.246852018        0.0000000000000000     
   5.76319456       52169558.264040619        0.0000000000000000     
   5.76388884       52179881.773008063        0.0000000000000000     
   5.76458311       52271594.191194519        0.0000000000000000     
   5.76527786       52151808.204038136        0.0000000000000000     
   5.76597214       52160427.738534875        0.0000000000000000     
   5.76666689       52173765.999994233        0.0000000000000000     
   5.76736116       52182977.552327074        0.0000000000000000     
   5.76805544       52192902.424015239        0.0000000000000000     
   5.76875019       52203399.493075073        0.0000000000000000     
   5.76944447       52213397.152213529        0.0000000000000000     
   5.77013874       52223455.956704848        0.0000000000000000     
   5.77083349       52233660.962437034        0.0000000000000000     
   5.77152777       52243718.346495777        0.0000000000000000     
   5.77222204       52253820.909880862        0.0000000000000000     
   5.77291679       52263926.454171240        0.0000000000000000     
   5.77361107       52315966.107418835        0.0000000000000000     
   5.77430534       53079763.432882793        0.0000000000000000     
   5.77500010       53337870.742175654        0.0000000000000000     
   5.77569437       52910202.023203202        0.0000000000000000     
   5.77638912       53756964.138461359        0.0000000000000000     
   5.77708340       53299669.558618568        0.0000000000000000     
   5.77777767       52702872.701646529        0.0000000000000000     
   5.77847242       51929622.361970790        0.0000000000000000     
   5.77916670       50501163.832709402        0.0000000000000000     
   5.77986097       51094574.154002286        0.0000000000000000     
   5.78055573       50866008.838656001        0.0000000000000000     
   5.78125000       51522328.440047525        0.0000000000000000     
   5.78194427       49883396.926042728        0.0000000000000000     
   5.78263903       50083202.545627505        0.0000000000000000     
   5.78333330       50141335.292657040        0.0000000000000000     
   5.78402758       47065639.272223838        0.0000000000000000     
   5.78472233       47637263.604730770        0.0000000000000000     
   5.78541660       47285811.480647005        0.0000000000000000     
   5.78611088       47591096.379011698        0.0000000000000000     
   5.78680563       47457648.254862197        0.0000000000000000     
   5.78749990       47473890.642346278        0.0000000000000000     
   5.78819466       48242288.400354713        0.0000000000000000     
   5.78888893       46691544.650066599        0.0000000000000000     
   5.78958321       47021005.953531496        0.0000000000000000     
   5.79027796       47026653.999364495        0.0000000000000000     
   5.79097223       46793246.311415426        0.0000000000000000     
   5.79166651       46801892.713900425        0.0000000000000000     
   5.79236126       46808419.682038181        0.0000000000000000     
   5.79305553       46814006.109868146        0.0000000000000000     
   5.79374981       46819173.010790907        0.0000000000000000     
   5.79444456       46826350.295969993        0.0000000000000000     
   5.79513884       46834288.380125627        0.0000000000000000     
   5.79583311       46841298.526310503        0.0000000000000000     
   5.79652786       46849560.358584814        0.0000000000000000     
   5.79722214       46858051.800399125        0.0000000000000000     
   5.79791689       46866268.565311365        0.0000000000000000     
   5.79861116       46874896.779982530        0.0000000000000000     
   5.79930544       46883704.817487001        0.0000000000000000     
   5.80000019       46892513.696964435        0.0000000000000000     
   5.80069447       46901484.274497606        0.0000000000000000     
   5.80138874       46910595.203478880        0.0000000000000000     
   5.80208349       46919789.970204957        0.0000000000000000     
   5.80277777       46929102.496818960        0.0000000000000000     
   5.80347204       46938525.754379168        0.0000000000000000     
   5.80416679       46948033.909820005        0.0000000000000000     
   5.80486107       46957600.121487774        0.0000000000000000     
   5.80555534       46967219.925456457        0.0000000000000000     
   5.80625010       46976880.871175691        0.0000000000000000     
   5.80694437       46986566.335839868        0.0000000000000000     
   5.80763912       46996286.932527266        0.0000000000000000     
   5.80833340       47006024.733049594        0.0000000000000000     
   5.80902767       47015793.833617941        0.0000000000000000     
   5.80972242       47025576.754381746        0.0000000000000000     
   5.81041670       47035386.552443869        0.0000000000000000     
   5.81111097       47045210.082748562        0.0000000000000000     
   5.81180573       47055052.806473814        0.0000000000000000     
   5.81250000       47064907.185646228        0.0000000000000000     
   5.81319427       47074771.705174454        0.0000000000000000     
   5.81388903       47084642.218060367        0.0000000000000000     
   5.81458330       47094516.633940138        0.0000000000000000     
   5.81527758       47104393.539910547        0.0000000000000000     
   5.81597233       47114271.672806084        0.0000000000000000     
   5.81666660       47516986.148244023        0.0000000000000000     
   5.81736088       46712790.522097826        0.0000000000000000     
   5.81805563       46690964.216099061        0.0000000000000000     
   5.81874990       46701194.629549257        0.0000000000000000     
   5.81944466       46705871.112953879        0.0000000000000000     
   5.82013893       46720314.684565797        0.0000000000000000     
   5.82083321       46727570.127964161        0.0000000000000000     
   5.82152796       46737921.552083582        0.0000000000000000     
   5.82222223       46747495.871877700        0.0000000000000000     
   5.82291651       46757291.334566176        0.0000000000000000     
   5.82361126       46766850.454658560        0.0000000000000000     
   5.82430553       46776577.052864149        0.0000000000000000     
   5.82499981       46786238.981547616        0.0000000000000000     
   5.82569456       46795910.110030413        0.0000000000000000     
   5.82638884       46805550.213725671        0.0000000000000000     
   5.82708311       46815221.410817534        0.0000000000000000     
   5.82777786       46824863.064583518        0.0000000000000000     
   5.82847214       46834505.897457048        0.0000000000000000     
   5.82916689       46844144.931123048        0.0000000000000000     
   5.82986116       46853776.818493009        0.0000000000000000     
   5.83055544       46863402.383133002        0.0000000000000000     
   5.83125019       46873023.365280785        0.0000000000000000     
   5.83194447       46882637.709975883        0.0000000000000000     
   5.83263874       46892246.096155502        0.0000000000000000     
   5.83333349       46901848.482280411        0.0000000000000000     
   5.83402777       46992713.724762268        0.0000000000000000     
   5.83472204       46872615.472310767        0.0000000000000000     
   5.83541679       46880650.932003848        0.0000000000000000     
   5.83611107       46893431.039260283        0.0000000000000000     
   5.83680534       46902065.998938031        0.0000000000000000     
   5.83750010       46911420.316597514        0.0000000000000000     
   5.83819437       46921346.575089842        0.0000000000000000     
   5.83888912       46930771.548467726        0.0000000000000000     
   5.83958340       46940259.752409436        0.0000000000000000     
   5.84027767       46949893.844229542        0.0000000000000000     
   5.84097242       46959379.666177094        0.0000000000000000     
   5.84166670       46968911.264518589        0.0000000000000000     
   5.84236097       46978445.727352433        0.0000000000000000     
   5.84305573       46987951.271720357        0.0000000000000000     
   5.84375000       46997462.130959764        0.0000000000000000     
   5.84444427       47006966.694281168        0.0000000000000000     
   5.84513903       47016460.425532863        0.0000000000000000     
   5.84583330       47025951.248791695        0.0000000000000000     
   5.84652758       47035434.435944013        0.0000000000000000     
   5.84722233       47044911.157017559        0.0000000000000000     
   5.84791660       47054381.799674019        0.0000000000000000     
   5.84861088       47514057.517471693        0.0000000000000000     
   5.84930563       46975612.635825045        0.0000000000000000     
   5.84999990       46982587.798986308        0.0000000000000000     
   5.85069466       47136178.535975583        0.0000000000000000     
   5.85138893       47015679.997912668        0.0000000000000000     
   5.85208321       46578490.238968253        0.0000000000000000     
   5.85277796       46718053.699523114        0.0000000000000000     
   5.85347223       46593266.064619422        0.0000000000000000     
   5.85416651       46736085.315461010        0.0000000000000000     
   5.85486126       46896894.746069141        0.0000000000000000     
   5.85555553       46615337.235221207        0.0000000000000000     
   5.85624981       46757773.531083658        0.0000000000000000     
   5.85694456       46960603.575186066        0.0000000000000000     
   5.85763884       46915756.218696162        0.0000000000000000     
   5.85833311       46915028.422156021        0.0000000000000000     
   5.85902786       46927425.792606637        0.0000000000000000     
   5.85972214       46935298.344808266        0.0000000000000000     
   5.86041689       46944816.643076874        0.0000000000000000     
   5.86111116       46954488.613834895        0.0000000000000000     
   5.86180544       46963628.518766269        0.0000000000000000     
   5.86250019       46972941.214692250        0.0000000000000000     
   5.86319447       46982377.163195103        0.0000000000000000     
   5.86388874       47033496.032218248        0.0000000000000000     
   5.86458349       46978175.758232594        0.0000000000000000     
   5.86527777       46983829.581733130        0.0000000000000000     
   5.86597204       46995418.005726904        0.0000000000000000     
   5.86666679       47003909.559010461        0.0000000000000000     
   5.86736107       47013118.300908163        0.0000000000000000     
   5.86805534       47022629.920218855        0.0000000000000000     
   5.86875010       47031856.597831927        0.0000000000000000     
   5.86944437       47041051.614161909        0.0000000000000000     
   5.87013912       47050394.751024164        0.0000000000000000     
   5.87083340       47059635.779377803        0.0000000000000000     
   5.87152767       47068869.427709267        0.0000000000000000     
   5.87222242       47078137.522137113        0.0000000000000000     
   5.87291670       47087372.332909420        0.0000000000000000     
   5.87361097       47152044.342556953        0.0000000000000000     
   5.87430573       47125890.556488596        0.0000000000000000     
   5.87500000       47158019.728016756        0.0000000000000000     
   5.87569427       46933165.188584097        0.0000000000000000     
   5.87638903       46941237.688324079        0.0000000000000000     
   5.87708330       46954855.279438257        0.0000000000000000     
   5.87777758       46962836.077389188        0.0000000000000000     
   5.87847233       46971124.589652799        0.0000000000000000     
   5.87916660       46980800.888956301        0.0000000000000000     
   5.87986088       46990525.216039769        0.0000000000000000     
   5.88055563       46998947.389789514        0.0000000000000000     
   5.88124990       47008350.103578657        0.0000000000000000     
   5.88194466       47017685.900826432        0.0000000000000000     
   5.88263893       47026637.588849068        0.0000000000000000     
   5.88333321       47035811.165159836        0.0000000000000000     
   5.88402796       47045017.741897240        0.0000000000000000     
   5.88472223       47054101.800322182        0.0000000000000000     
   5.88541651       47063221.799499720        0.0000000000000000     
   5.88611126       47072363.742719732        0.0000000000000000     
   5.88680553       47081466.147309557        0.0000000000000000     
   5.88749981       47090567.176581919        0.0000000000000000     
   5.88819456       47099673.464340128        0.0000000000000000     
   5.88888884       47571738.244493343        0.0000000000000000     
   5.88958311       47088369.605036303        0.0000000000000000     
   5.89027786       47096617.250380777        0.0000000000000000     
   5.89097214       47107200.558772765        0.0000000000000000     
   5.89166689       47114621.143906660        0.0000000000000000     
   5.89236116       47124870.423084095        0.0000000000000000     
   5.89305544       47133337.844935969        0.0000000000000000     
   5.89375019       47142591.144287296        0.0000000000000000     
   5.89444447       47151570.673289686        0.0000000000000000     
   5.89513874       47160637.141079850        0.0000000000000000     
   5.89583349       47169642.470651664        0.0000000000000000     
   5.89652777       47178679.509677306        0.0000000000000000     
   5.89722204       47187687.440224193        0.0000000000000000     
   5.89791679       47196702.270582601        0.0000000000000000     
   5.89861107       47205701.181971550        0.0000000000000000     
   5.89930534       47214700.595297992        0.0000000000000000     
   5.90000010       47223689.585514121        0.0000000000000000     
   5.90069437       47232673.736651644        0.0000000000000000     
   5.90138912       47708498.613146536        0.0000000000000000     
   5.90208340       47242002.161332287        0.0000000000000000     
   5.90277767       47250749.543754585        0.0000000000000000     
   5.90347242       47260156.674358517        0.0000000000000000     
   5.90416670       47268630.896059319        0.0000000000000000     
   5.90486097       47277920.807227716        0.0000000000000000     
   5.90555573       47755093.974288255        0.0000000000000000     
   5.90625000       47292620.138118953        0.0000000000000000     
   5.90694427       47770460.358112395        0.0000000000000000     
   5.90763903       47778670.350826129        0.0000000000000000     
   5.90833330       47787209.185838096        0.0000000000000000     
   5.90902758       47877689.349937528        0.0000000000000000     
   5.90972233       47755994.221955597        0.0000000000000000     
   5.91041660       47763287.671853855        0.0000000000000000     
   5.91111088       47775103.271131270        0.0000000000000000     
   5.91180563       47782845.779417947        0.0000000000000000     
   5.91249990       47791297.787217662        0.0000000000000000     
   5.91319466       47800311.972085252        0.0000000000000000     
   5.91388893       47808833.254048921        0.0000000000000000     
   5.91458321       47817416.416495621        0.0000000000000000     
   5.91527796       47826142.871051908        0.0000000000000000     
   5.91597223       47834723.825389557        0.0000000000000000     
   5.91666651       47843349.354340494        0.0000000000000000     
   5.91736126       47851978.120210558        0.0000000000000000     
   5.91805553       47860578.101874009        0.0000000000000000     
   5.91874981       47869183.388630852        0.0000000000000000     
   5.91944456       47877782.594106078        0.0000000000000000     
   5.92013884       47886370.991997577        0.0000000000000000     
   5.92083311       47894956.623264171        0.0000000000000000     
   5.92152786       47903534.756564163        0.0000000000000000     
   5.92222214       47912106.529370680        0.0000000000000000     
   5.92291689       47920672.366208807        0.0000000000000000     
   5.92361116       47929231.814193964        0.0000000000000000     
   5.92430544       47937784.926417202        0.0000000000000000     
   5.92500019       47946331.879537448        0.0000000000000000     
   5.92569447       47954872.499138996        0.0000000000000000     
   5.92638874       47963406.868508294        0.0000000000000000     
   5.92708349       48111723.832424030        0.0000000000000000     
   5.92777777       47995255.706133857        0.0000000000000000     
   5.92847204       47553171.386962600        0.0000000000000000     
   5.92916679       47693786.333623454        0.0000000000000000     
   5.92986107       47567631.012188584        0.0000000000000000     
   5.93055534       47709573.986151583        0.0000000000000000     
   5.93125010       47869300.048082113        0.0000000000000000     
   5.93194437       47587507.507634670        0.0000000000000000     
   5.93263912       47728781.521851562        0.0000000000000000     
   5.93333340       47888529.296995893        0.0000000000000000     
   5.93402767       47895305.815292984        0.0000000000000000     
   5.93472242       47904062.441843204        0.0000000000000000     
   5.93541670       47912454.396329224        0.0000000000000000     
   5.93611097       47920814.434311450        0.0000000000000000     
   5.93680573       47929310.235584602        0.0000000000000000     
   5.93750000       47937764.709385827        0.0000000000000000     
   5.93819427       47946140.130217388        0.0000000000000000     
   5.93888903       47954607.129401885        0.0000000000000000     
   5.93958330       47963002.171017468        0.0000000000000000     
   5.94027758       47971416.713332430        0.0000000000000000     
   5.94097233       47979821.767934941        0.0000000000000000     
   5.94166660       47988218.069467843        0.0000000000000000     
   5.94236088       47996609.015206099        0.0000000000000000     
   5.94305563       48004994.674301498        0.0000000000000000     
   5.94374990       48013372.747927278        0.0000000000000000     
   5.94444466       48021745.310148254        0.0000000000000000     
   5.94513893       48030111.356429972        0.0000000000000000     
   5.94583321       48038471.183012173        0.0000000000000000     
   5.94652796       48046824.673645861        0.0000000000000000     
   5.94722223       48055171.990565792        0.0000000000000000     
   5.94791651       48105381.224373661        0.0000000000000000     
   5.94861126       48060880.077823848        0.0000000000000000     
   5.94930553       48059072.903465994        0.0000000000000000     
   5.94999981       48070501.594900042        0.0000000000000000     
   5.95069456       48077416.698219754        0.0000000000000000     
   5.95138884       48085828.398205653        0.0000000000000000     
   5.95208311       48770014.710733801        0.0000000000000000     
   5.95277786       47470888.781491287        0.0000000000000000     
   5.95347214       47479560.900548883        0.0000000000000000     
   5.95416689       47490729.271171927        0.0000000000000000     
   5.95486116       47497320.327869028        0.0000000000000000     
   5.95555544       47549050.904717557        0.0000000000000000     
   5.95625019       47491995.710134536        0.0000000000000000     
   5.95694447       47497368.386817835        0.0000000000000000     
   5.95763874       47507891.536930963        0.0000000000000000     
   5.95833349       47515577.305060305        0.0000000000000000     
   5.95902777       47523931.993355215        0.0000000000000000     
   5.95972204       47532616.553415418        0.0000000000000000     
   5.96041679       47540971.832346432        0.0000000000000000     
   5.96111107       48016116.982634179        0.0000000000000000     
   5.96180534       47547485.038792126        0.0000000000000000     
   5.96250010       47555609.578738637        0.0000000000000000     
   5.96319437       47564533.748789743        0.0000000000000000     
   5.96388912       47572381.594425887        0.0000000000000000     
   5.96458340       47581184.313827530        0.0000000000000000     
   5.96527767       47589360.954341739        0.0000000000000000     
   5.96597242       48121230.110191457        0.0000000000000000     
   5.96666670       47622446.274005324        0.0000000000000000     
   5.96736097       48122409.497865766        0.0000000000000000     
   5.96805573       47897062.046994977        0.0000000000000000     
   5.96875000       47903948.568945602        0.0000000000000000     
   5.96944427       47916783.201234005        0.0000000000000000     
   5.97013903       47923506.229895972        0.0000000000000000     
   5.97083330       47930877.226188734        0.0000000000000000     
   5.97152758       47939413.054857120        0.0000000000000000     
   5.97222233       47948118.817422993        0.0000000000000000     
   5.97291660       47955489.854071088        0.0000000000000000     
   5.97361088       47963820.740033679        0.0000000000000000     
   5.97430563       47972112.779894665        0.0000000000000000     
   5.97499990       47980012.065298013        0.0000000000000000     
   5.97569466       47988125.750540592        0.0000000000000000     
   5.97638893       47996281.212161928        0.0000000000000000     
   5.97708321       48004313.317772023        0.0000000000000000     
   5.97777796       48012377.867076203        0.0000000000000000     
   5.97847223       48020467.061399125        0.0000000000000000     
   5.97916651       48028517.249522835        0.0000000000000000     
   5.97986126       48036564.794635966        0.0000000000000000     
   5.98055553       48044618.358151503        0.0000000000000000     
   5.98124981       48052657.691882603        0.0000000000000000     
   5.98194456       48060689.615314424        0.0000000000000000     
   5.98263884       48068719.323439494        0.0000000000000000     
   5.98333311       48076741.140351936        0.0000000000000000     
   5.98402786       48084755.790135838        0.0000000000000000     
   5.98472214       48092765.372365713        0.0000000000000000     
   5.98541689       48100768.439732373        0.0000000000000000     
   5.98611116       48108764.861235417        0.0000000000000000     
   5.98680544       48116755.335018396        0.0000000000000000     
   5.98750019       48124739.540692672        0.0000000000000000     
   5.98819447       48132717.348066971        0.0000000000000000     
   5.98888874       48140688.968922511        0.0000000000000000     
   5.98958349       48148654.342391923        0.0000000000000000     
   5.99027777       48238108.907983564        0.0000000000000000     
   5.99097204       48115695.577533953        0.0000000000000000     
   5.99166679       48122091.488662086        0.0000000000000000     
   5.99236107       48133261.375175096        0.0000000000000000     
   5.99305534       48140248.521825232        0.0000000000000000     
   5.99375010       48147964.218008980        0.0000000000000000     
   5.99444437       48156255.710120700        0.0000000000000000     
   5.99513912       48164041.703333125        0.0000000000000000     
   5.99583340       48171891.740834631        0.0000000000000000     
   5.99652767       48179888.906819105        0.0000000000000000     
   5.99722242       48187736.808960773        0.0000000000000000     
   5.99791670       48195630.824385479        0.0000000000000000     
   5.99861097       48203528.025447346        0.0000000000000000     
   5.99930573       48211396.163435005        0.0000000000000000     
   6.00000000       48219269.777268931        0.0000000000000000     
   6.00069427       48227144.420047544        0.0000000000000000     
   6.00138903       48235020.019360997        0.0000000000000000     
   6.00208330       48242905.196940452        0.0000000000000000     
   6.00277758       48250795.590883061        0.0000000000000000     
   6.00347233       48258691.993139870        0.0000000000000000     
   6.00416660       48266594.787243277        0.0000000000000000     
   6.00486088       48274504.835036427        0.0000000000000000     
   6.00555563       48282419.758858018        0.0000000000000000     
   6.00624990       48290341.237296298        0.0000000000000000     
   6.00694466       48298268.445605688        0.0000000000000000     
   6.00763893       48306201.782375656        0.0000000000000000     
   6.00833321       48314140.744140938        0.0000000000000000     
   6.00902796       48322085.493182682        0.0000000000000000     
   6.00972223       48469646.650663838        0.0000000000000000     
   6.01041651       48352684.067985155        0.0000000000000000     
   6.01111126       47910904.651452772        0.0000000000000000     
   6.01180553       48050949.433401234        0.0000000000000000     
   6.01249981       47924467.653889388        0.0000000000000000     
   6.01319456       48065729.452284329        0.0000000000000000     
   6.01388884       48224808.795838445        0.0000000000000000     
   6.01458311       47943127.887911074        0.0000000000000000     
   6.01527786       48793806.463724189        0.0000000000000000     
   6.01597214       48238778.048656628        0.0000000000000000     
   6.01666689       49078447.330640532        0.0000000000000000     
   6.01736116       47669446.806495324        0.0000000000000000     
   6.01805544       48153571.857788309        0.0000000000000000     
   6.01875019       48154413.420360513        0.0000000000000000     
   6.01944447       48161424.555929303        0.0000000000000000     
   6.02013874       48172499.720521770        0.0000000000000000     
   6.02083349       48179112.479412049        0.0000000000000000     
   6.02152777       48187343.184874795        0.0000000000000000     
   6.02222204       48195300.716602795        0.0000000000000000     
   6.02291679       48203587.774432011        0.0000000000000000     
   6.02361107       48211557.262221761        0.0000000000000000     
   6.02430534       48219568.385301866        0.0000000000000000     
   6.02500010       48227728.043696113        0.0000000000000000     
   6.02569437       48235801.180170462        0.0000000000000000     
   6.02638912       48243871.908456959        0.0000000000000000     
   6.02708340       48251983.577900611        0.0000000000000000     
   6.02777767       48260089.508729473        0.0000000000000000     
   6.02847242       48268195.516406320        0.0000000000000000     
   6.02916670       48276311.620342292        0.0000000000000000     
   6.02986097       48284434.376693256        0.0000000000000000     
   6.03055573       48292561.982907861        0.0000000000000000     
   6.03125000       48300694.696203969        0.0000000000000000     
   6.03194427       48308834.381608918        0.0000000000000000     
   6.03263903       48316979.650496610        0.0000000000000000     
   6.03333330       48325130.531863868        0.0000000000000000     
   6.03402758       48333287.423651606        0.0000000000000000     
   6.03472233       48341450.228613012        0.0000000000000000     
   6.03541660       48867700.461122341        0.0000000000000000     
   6.03611088       48875925.126270972        0.0000000000000000     
   6.03680563       48884171.937537916        0.0000000000000000     
   6.03749990       48892408.727566801        0.0000000000000000     
   6.03819466       48900678.153808810        0.0000000000000000     
   6.03888893       48908920.974445395        0.0000000000000000     
   6.03958321       48917175.627558038        0.0000000000000000     
   6.04027796       48925430.622280374        0.0000000000000000     
   6.04097223       48933693.662871316        0.0000000000000000     
   6.04166651       48941966.337662384        0.0000000000000000     
   6.04236126       48950248.483200200        0.0000000000000000     
   6.04305553       48958538.302254833        0.0000000000000000     
   6.04374981       48966834.033321589        0.0000000000000000     
   6.04444456       48975135.415324345        0.0000000000000000     
   6.04513884       48983442.665615499        0.0000000000000000     
   6.04583311       48991755.304173671        0.0000000000000000     
   6.04652786       49042006.710396521        0.0000000000000000     
   6.04722214       48996602.673840910        0.0000000000000000     
   6.04791689       48995219.930865861        0.0000000000000000     
   6.04861116       49006679.241276607        0.0000000000000000     
   6.04930544       49013618.417137817        0.0000000000000000     
   6.05000019       49022063.312839195        0.0000000000000000     
   6.05069447       49030721.676358864        0.0000000000000000     
   6.05138874       49038935.295567170        0.0000000000000000     
   6.05208349       49047226.862455666        0.0000000000000000     
   6.05277777       49055726.827164538        0.0000000000000000     
   6.05347204       49064040.097540617        0.0000000000000000     
   6.05416679       49114200.061808370        0.0000000000000000     
   6.05486107       49058177.390353188        0.0000000000000000     
   6.05555534       49062872.005210519        0.0000000000000000     
   6.05625010       49073550.507529743        0.0000000000000000     
   6.05694437       49081168.137263663        0.0000000000000000     
   6.05763912       49089481.199032895        0.0000000000000000     
   6.05833340       49098129.495404765        0.0000000000000000     
   6.05902767       49807778.092454985        0.0000000000000000     
   6.05972242       49200247.077159785        0.0000000000000000     
   6.06041670       48668831.435109667        0.0000000000000000     
   6.06111097       48957393.214421980        0.0000000000000000     
   6.06180573       48463731.618329704        0.0000000000000000     
   6.06250000       48470028.563069120        0.0000000000000000     
   6.06319427       48481519.260097876        0.0000000000000000     
   6.06388903       48487381.436786242        0.0000000000000000     
   6.06458330       48553348.284103937        0.0000000000000000     
   6.06527758       48525063.554346763        0.0000000000000000     
   6.06597233       48557195.200589247        0.0000000000000000     
   6.06666660       48332344.882071756        0.0000000000000000     
   6.06736088       48340001.210784435        0.0000000000000000     
   6.06805563       48353066.658525534        0.0000000000000000     
   6.06874990       48360639.864118539        0.0000000000000000     
   6.06944466       48368425.892880112        0.0000000000000000     
   6.07013893       48377650.098155737        0.0000000000000000     
   6.07083321       48386940.403575689        0.0000000000000000     
   6.07152796       48394935.529405214        0.0000000000000000     
   6.07222223       48403911.987693280        0.0000000000000000     
   6.07291651       48494321.777261361        0.0000000000000000     
   6.07361126       48372380.205651276        0.0000000000000000     
   6.07430553       48379613.046331905        0.0000000000000000     
   6.07499981       48391692.764761969        0.0000000000000000     
   6.07569456       48399474.906746358        0.0000000000000000     
   6.07638884       48408038.703516960        0.0000000000000000     
   6.07708311       48417222.832153112        0.0000000000000000     
   6.07777786       48425879.215283290        0.0000000000000000     
   6.07847214       48434616.511719294        0.0000000000000000     
   6.07916689       48443525.509701826        0.0000000000000000     
   6.07986116       48452289.236522071        0.0000000000000000     
   6.08055544       48461110.399294749        0.0000000000000000     
   6.08125019       48469951.275086567        0.0000000000000000     
   6.08194447       48478773.408696391        0.0000000000000000     
   6.08263874       48953630.304370910        0.0000000000000000     
   6.08333349       48481732.573707402        0.0000000000000000     
   6.08402777       48490176.416373119        0.0000000000000000     
   6.08472204       48499798.425482966        0.0000000000000000     
   6.08541679       48507840.055025876        0.0000000000000000     
   6.08611107       48517300.086628847        0.0000000000000000     
   6.08680534       48525880.807372078        0.0000000000000000     
   6.08750010       48534865.318765089        0.0000000000000000     
   6.08819437       48543719.513266325        0.0000000000000000     
   6.08888912       49020445.095710054        0.0000000000000000     
   6.08958340       48557387.698668741        0.0000000000000000     
   6.09027767       49034346.674600497        0.0000000000000000     
   6.09097242       48714119.241109252        0.0000000000000000     
   6.09166670       49067000.888535298        0.0000000000000000     
   6.09236097       48624742.126243360        0.0000000000000000     
   6.09305573       48765313.899596609        0.0000000000000000     
   6.09375000       48639895.896455348        0.0000000000000000     
   6.09444427       48781774.089987844        0.0000000000000000     
   6.09513903       48941749.365391217        0.0000000000000000     
   6.09583330       49157805.261624232        0.0000000000000000     
   6.09652758       49291875.989526041        0.0000000000000000     
   6.09722233       48946984.505723335        0.0000000000000000     
   6.09791660       48956737.688572168        0.0000000000000000     
   6.09861088       48967940.638167687        0.0000000000000000     
   6.09930563       49478527.564697698        0.0000000000000000     
   6.09999990       49488852.397442415        0.0000000000000000     
   6.10069466       49498474.264610380        0.0000000000000000     
   6.10138893       49506053.196536705        0.0000000000000000     
   6.10208321       49513705.949377149        0.0000000000000000     
   6.10277796       49522484.781071380        0.0000000000000000     
   6.10347223       49531473.227985024        0.0000000000000000     
   6.10416651       49540436.616787009        0.0000000000000000     
   6.10486126       49549524.383081384        0.0000000000000000     
   6.10555553       49558650.748909667        0.0000000000000000     
   6.10624981       49567635.971210890        0.0000000000000000     
   6.10694456       49576519.494467326        0.0000000000000000     
   6.10763884       49585379.716183245        0.0000000000000000     
   6.10833311       49594209.328440212        0.0000000000000000     
   6.10902786       49602981.820985183        0.0000000000000000     
   6.10972214       49611722.911166988        0.0000000000000000     
   6.11041689       49620485.263320163        0.0000000000000000     
   6.11111116       49629301.190114997        0.0000000000000000     
   6.11180544       49638166.173534714        0.0000000000000000     
   6.11250019       49647070.514834538        0.0000000000000000     
   6.11319447       49655992.429795168        0.0000000000000000     
   6.11388874       49664912.218787082        0.0000000000000000     
   6.11458349       49673821.431462839        0.0000000000000000     
   6.11527777       49682720.510875396        0.0000000000000000     
   6.11597204       49691613.176712140        0.0000000000000000     
   6.11666679       49700502.757792413        0.0000000000000000     
   6.11736107       49709391.334639460        0.0000000000000000     
   6.11805534       49718284.646348961        0.0000000000000000     
   6.11875010       49727187.234965712        0.0000000000000000     
   6.11944437       49736102.755676061        0.0000000000000000     
   6.12013912       49745030.884593628        0.0000000000000000     
   6.12083340       49753969.895950273        0.0000000000000000     
   6.12152767       49762916.055883214        0.0000000000000000     
   6.12222242       49771867.084368132        0.0000000000000000     
   6.12291670       49780821.073304005        0.0000000000000000     
   6.12361097       49789778.277790487        0.0000000000000000     
   6.12430573       49798738.737533532        0.0000000000000000     
   6.12500000       49807703.681301825        0.0000000000000000     
   6.12569427       49816673.553157076        0.0000000000000000     
   6.12638903       49825649.680620797        0.0000000000000000     
   6.12708330       49834632.280724138        0.0000000000000000     
   6.12777758       49843622.154790767        0.0000000000000000     
   6.12847233       49852618.743525937        0.0000000000000000     
   6.12916660       49861622.131102175        0.0000000000000000     
   6.12986088       49870631.333423257        0.0000000000000000     
   6.13055563       49879646.405339479        0.0000000000000000     
   6.13124990       49888666.644898005        0.0000000000000000     
   6.13194466       49897692.485089161        0.0000000000000000     
   6.13263893       49906723.553896457        0.0000000000000000     
   6.13333321       49915760.483499222        0.0000000000000000     
   6.13402796       49924802.979409024        0.0000000000000000     
   6.13472223       51367984.439068034        0.0000000000000000     
   6.13541651       50107598.134517044        0.0000000000000000     
   6.13611126       50586015.717696674        0.0000000000000000     
   6.13680553       50129750.405989319        0.0000000000000000     
   6.13749981       50607389.298295103        0.0000000000000000     
   6.13819456       50613001.757627591        0.0000000000000000     
   6.13888884       50663792.987612695        0.0000000000000000     
   6.13958311       50621521.509474449        0.0000000000000000     
   6.14027786       50619438.812601112        0.0000000000000000     
   6.14097214       50632335.665814266        0.0000000000000000     
   6.14166689       50639576.258820713        0.0000000000000000     
   6.14236116       50648816.451712869        0.0000000000000000     
   6.14305544       50658316.201770730        0.0000000000000000     
   6.14375019       50667396.410557047        0.0000000000000000     
   6.14444447       50676669.760354176        0.0000000000000000     
   6.14513874       50686081.089908317        0.0000000000000000     
   6.14583349       50737014.327846952        0.0000000000000000     
   6.14652777       50681642.535679765        0.0000000000000000     
   6.14722204       50687135.718433969        0.0000000000000000     
   6.14791679       50698588.336990997        0.0000000000000000     
   6.14861107       50707000.241445772        0.0000000000000000     
   6.14930534       50716168.120799735        0.0000000000000000     
   6.15000010       50807395.502159618        0.0000000000000000     
   6.15069437       50685958.446158305        0.0000000000000000     
   6.15138912       50693572.145062059        0.0000000000000000     
   6.15208340       50706111.856293112        0.0000000000000000     
   6.15277767       50714394.466114879        0.0000000000000000     
   6.15347242       50723424.426985927        0.0000000000000000     
   6.15416670       50733091.929830790        0.0000000000000000     
   6.15486097       50742245.774893805        0.0000000000000000     
   6.15555573       50806932.721713640        0.0000000000000000     
   6.15625000       50780703.896590106        0.0000000000000000     
   6.15694427       50813061.171725623        0.0000000000000000     
   6.15763903       50588303.545705646        0.0000000000000000     
   6.15833330       50596478.643987693        0.0000000000000000     
   6.15902758       50610192.542385496        0.0000000000000000     
   6.15972233       50618295.007845022        0.0000000000000000     
   6.16041660       50626726.183249913        0.0000000000000000     
   6.16111088       50636551.528309710        0.0000000000000000     
   6.16180563       50646435.286051437        0.0000000000000000     
   6.16249990       50655031.002131261        0.0000000000000000     
   6.16319466       50664619.706983417        0.0000000000000000     
   6.16388893       50674151.177528389        0.0000000000000000     
   6.16458321       50683313.392262310        0.0000000000000000     
   6.16527796       50692710.832644954        0.0000000000000000     
   6.16597223       50702152.776074044        0.0000000000000000     
   6.16666651       50851414.523756608        0.0000000000000000     
   6.16736126       50735674.379765548        0.0000000000000000     
   6.16805553       50293830.316860370        0.0000000000000000     
   6.16874981       50435367.318064123        0.0000000000000000     
   6.16944456       50309804.456770785        0.0000000000000000     
   6.17013884       50452921.909810394        0.0000000000000000     
   6.17083311       50613795.661307655        0.0000000000000000     
   6.17152786       50331978.689889252        0.0000000000000000     
   6.17222214       50474553.874183118        0.0000000000000000     
   6.17291689       50635716.908952162        0.0000000000000000     
   6.17361116       50643309.072842389        0.0000000000000000     
   6.17430544       50653078.181726381        0.0000000000000000     
   6.17500019       50662445.197223648        0.0000000000000000     
   6.17569447       50671817.200325012        0.0000000000000000     
   6.17638874       50681336.308589801        0.0000000000000000     
   6.17708349       50690825.208902925        0.0000000000000000     
   6.17777777       50700242.144043624        0.0000000000000000     
   6.17847204       50709771.429714195        0.0000000000000000     
   6.17916679       51437435.744882703        0.0000000000000000     
   6.17986107       51584559.196959719        0.0000000000000000     
   6.18055534       50913950.393242337        0.0000000000000000     
   6.18125010       50675637.184433497        0.0000000000000000     
   6.18194437       50662747.040626958        0.0000000000000000     
   6.18263912       50681711.688339666        0.0000000000000000     
   6.18333340       50696405.468285099        0.0000000000000000     
   6.18402767       50700372.436374366        0.0000000000000000     
   6.18472242       50709895.596042573        0.0000000000000000     
   6.18541670       50721398.594256029        0.0000000000000000     
   6.18611097       50730385.294868618        0.0000000000000000     
   6.18680573       50739347.601805188        0.0000000000000000     
   6.18750000       50749305.558687150        0.0000000000000000     
   6.18819427       50758954.903696381        0.0000000000000000     
   6.18888903       50768354.850367941        0.0000000000000000     
   6.18958330       50777946.962257661        0.0000000000000000     
   6.19027758       50787585.349997371        0.0000000000000000     
   6.19097233       50797148.548015006        0.0000000000000000     
   6.19166660       50806727.122075625        0.0000000000000000     
   6.19236088       50816338.484939151        0.0000000000000000     
   6.19305563       50825944.465878271        0.0000000000000000     
   6.19374990       50835549.804195963        0.0000000000000000     
   6.19444466       50845166.960413657        0.0000000000000000     
   6.19513893       50854791.015955143        0.0000000000000000     
   6.19583321       50864418.168543898        0.0000000000000000     
   6.19652796       50874051.988102533        0.0000000000000000     
   6.19722223       50883692.273131557        0.0000000000000000     
   6.19791651       50893338.268321693        0.0000000000000000     
   6.19861126       50902989.770690456        0.0000000000000000     
   6.19930553       50912647.638461590        0.0000000000000000     
   6.19999981       50922311.166347891        0.0000000000000000     
   6.20069456       50931980.776146293        0.0000000000000000     
   6.20138884       50941656.077045068        0.0000000000000000     
   6.20208311       50951337.557195470        0.0000000000000000     
   6.20277786       50961024.688375838        0.0000000000000000     
   6.20347214       50970717.975100890        0.0000000000000000     
   6.20416689       50980416.933441855        0.0000000000000000     
   6.20486116       50990122.049061611        0.0000000000000000     
   6.20555544       51687923.370189950        0.0000000000000000     
   6.20625019       50948284.791129850        0.0000000000000000     
   6.20694447       50960464.673143819        0.0000000000000000     
   6.20763874       50973188.123580925        0.0000000000000000     
   6.20833349       50980581.107876562        0.0000000000000000     
   6.20902777       50990764.467200361        0.0000000000000000     
   6.20972204       51000860.606088407        0.0000000000000000     
   6.21041679       51010448.311050124        0.0000000000000000     
   6.21111107       51020084.218671650        0.0000000000000000     
   6.21180534       51029999.632471450        0.0000000000000000     
   6.21250010       51039715.081388518        0.0000000000000000     
   6.21319437       51049488.223446250        0.0000000000000000     
   6.21388912       51059276.816905618        0.0000000000000000     
   6.21458340       51069064.122621924        0.0000000000000000     
   6.21527767       51078859.150577158        0.0000000000000000     
   6.21597242       51088655.959491841        0.0000000000000000     
   6.21666670       51098462.269904286        0.0000000000000000     
   6.21736097       51108275.151544012        0.0000000000000000     
   6.21805573       51118090.960708961        0.0000000000000000     
   6.21875000       51127914.591493674        0.0000000000000000     
   6.21944427       51137744.018250413        0.0000000000000000     
   6.22013903       51147578.922824338        0.0000000000000000     
   6.22083330       51157419.797254793        0.0000000000000000     
   6.22152758       51248737.465898462        0.0000000000000000     
   6.22222233       51128457.957612671        0.0000000000000000     
   6.22291660       51136762.619589791        0.0000000000000000     
   6.22361088       52031959.143407337        0.0000000000000000     
   6.22430563       51490115.910849072        0.0000000000000000     
   6.22499990       51612892.700855486        0.0000000000000000     
   6.22569466       51147677.181692116        0.0000000000000000     
   6.22638893       50741331.287019998        0.0000000000000000     
   6.22708321       50240444.849266335        0.0000000000000000     
   6.22777796       50249442.008924723        0.0000000000000000     
   6.22847223       50262890.142478384        0.0000000000000000     
   6.22916651       50269899.283755809        0.0000000000000000     
   6.22986126       50282500.147442020        0.0000000000000000     
   6.23055553       50333441.925368622        0.0000000000000000     
   6.23124981       50279353.558142193        0.0000000000000000     
   6.23194456       50285705.766492233        0.0000000000000000     
   6.23263884       50298381.661735170        0.0000000000000000     
   6.23333311       50307780.962954417        0.0000000000000000     
   6.23402786       50318029.675279863        0.0000000000000000     
   6.23472214       50328512.763308555        0.0000000000000000     
   6.23541689       50338775.610811003        0.0000000000000000     
   6.23611116       50348988.236889705        0.0000000000000000     
   6.23680544       50359379.238963000        0.0000000000000000     
   6.23750019       50509629.756843694        0.0000000000000000     
   6.23819447       50868075.243494809        0.0000000000000000     
   6.23888874       50485438.192257300        0.0000000000000000     
   6.23958349       50591864.644809604        0.0000000000000000     
   6.24027777       50485841.486605659        0.0000000000000000     
   6.24097204       50401242.504655726        0.0000000000000000     
   6.24166679       50559365.727930740        0.0000000000000000     
   6.24236107       50386586.485737599        0.0000000000000000     
   6.24305534       50576738.341645196        0.0000000000000000     
   6.24375010       50585888.734736510        0.0000000000000000     
   6.24444437       50596508.284153208        0.0000000000000000     
   6.24513912       50607856.674549073        0.0000000000000000     
   6.24583340       50617430.034942091        0.0000000000000000     
   6.24652767       50628229.006350823        0.0000000000000000     
   6.24722242       50638883.479038805        0.0000000000000000     
   6.24791670       50649223.528017558        0.0000000000000000     
   6.24861097       50659741.007942878        0.0000000000000000     
   6.24930573       50670355.788927376        0.0000000000000000     
   6.25000000       50680823.821710639        0.0000000000000000     
   6.25069427       50691360.604470782        0.0000000000000000     
   6.25138903       50701924.111729786        0.0000000000000000     
   6.25208330       50712462.258000128        0.0000000000000000     
   6.25277758       50723011.338968001        0.0000000000000000     
   6.25347233       50733579.398122497        0.0000000000000000     
   6.25416660       50744143.489274457        0.0000000000000000     
   6.25486088       50754714.600231476        0.0000000000000000     
   6.25555563       50765295.070610717        0.0000000000000000     
   6.25624990       50775880.147002377        0.0000000000000000     
   6.25694466       50786470.433095656        0.0000000000000000     
   6.25763893       50797068.430429876        0.0000000000000000     
   6.25833321       50807671.846350282        0.0000000000000000     
   6.25902796       50818281.447708435        0.0000000000000000     
   6.25972223       50828897.266048215        0.0000000000000000     
   6.26041651       50839519.453650951        0.0000000000000000     
   6.26111126       50850147.431572117        0.0000000000000000     
   6.26180553       50860781.926308230        0.0000000000000000     
   6.26249981       50871422.319012821        0.0000000000000000     
   6.26319456       50882069.100408614        0.0000000000000000     
   6.26388884       50892721.808303654        0.0000000000000000     
   6.26458311       50903380.942640059        0.0000000000000000     
   6.26527786       51306833.783723727        0.0000000000000000     
   6.26597214       50502847.763940141        0.0000000000000000     
   6.26666689       50481663.789356522        0.0000000000000000     
   6.26736116       50492694.830328092        0.0000000000000000     
   6.26805544       50498162.374041192        0.0000000000000000     
   6.26875019       50513420.178249821        0.0000000000000000     
   6.26944447       50521487.938502207        0.0000000000000000     
   6.27013874       50532667.142671451        0.0000000000000000     
   6.27083349       50543074.915403776        0.0000000000000000     
   6.27152777       50553716.151672803        0.0000000000000000     
   6.27222204       50564130.311716989        0.0000000000000000     
   6.27291679       50574723.055312090        0.0000000000000000     
   6.27361107       50585261.701099180        0.0000000000000000     
   6.27430534       50595820.898512445        0.0000000000000000     
   6.27500010       50606359.686824232        0.0000000000000000     
   6.27569437       50616941.026166275        0.0000000000000000     
   6.27638912       50627503.859980240        0.0000000000000000     
   6.27708340       50638079.631543465        0.0000000000000000     
   6.27777767       50648663.037765421        0.0000000000000000     
   6.27847242       50659251.179357573        0.0000000000000000     
   6.27916670       50669844.406963080        0.0000000000000000     
   6.27986097       50680445.297335424        0.0000000000000000     
   6.28055573       51282532.714949198        0.0000000000000000     
   6.28125000       50700788.346503317        0.0000000000000000     
   6.28194427       51304008.334665164        0.0000000000000000     
   6.28263903       51314246.514337003        0.0000000000000000     
   6.28333330       51325017.586289592        0.0000000000000000     
   6.28402758       51335729.730805799        0.0000000000000000     
   6.28472233       51346475.015735671        0.0000000000000000     
   6.28541660       51357337.717788957        0.0000000000000000     
   6.28611088       51368067.819503903        0.0000000000000000     
   6.28680563       51378806.028400175        0.0000000000000000     
   6.28749990       51389450.216589436        0.0000000000000000     
   6.28819466       51400154.111724377        0.0000000000000000     
   6.28888893       51410876.351940617        0.0000000000000000     
   6.28958321       51503329.727226146        0.0000000000000000     
   6.29027796       51383866.981706016        0.0000000000000000     
   6.29097223       51393099.167560481        0.0000000000000000     
   6.29166651       51407071.344385751        0.0000000000000000     
   6.29236126       51416904.465460442        0.0000000000000000     
   6.29305553       51427471.547387630        0.0000000000000000     
   6.29374981       51438627.398984574        0.0000000000000000     
   6.29444456       51899321.616612166        0.0000000000000000     
   6.29513884       51362389.931479394        0.0000000000000000     
   6.29583311       51370821.477176897        0.0000000000000000     
   6.29652786       51386166.974991113        0.0000000000000000     
   6.29722214       51391569.073799036        0.0000000000000000     
   6.29791689       51406340.806105815        0.0000000000000000     
   6.29861116       51415244.081883647        0.0000000000000000     
   6.29930544       51426705.718477644        0.0000000000000000     
   6.30000019       51437382.496821187        0.0000000000000000     
   6.30069447       51448322.425372101        0.0000000000000000     
   6.30138874       51459109.194153629        0.0000000000000000     
   6.30208349       51470019.600367650        0.0000000000000000     
   6.30277777       51523017.701158889        0.0000000000000000     
   6.30347204       51480973.314615645        0.0000000000000000     
   6.30416679       51621313.899616301        0.0000000000000000     
   6.30486107       51510828.361729279        0.0000000000000000     
   6.30555534       51068559.609371684        0.0000000000000000     
   6.30625010       51211738.321689993        0.0000000000000000     
   6.30694437       51087589.000354812        0.0000000000000000     
   6.30763912       51232379.101047091        0.0000000000000000     
   6.30833340       51436811.949872918        0.0000000000000000     
   6.30902767       51194039.905416183        0.0000000000000000     
   6.30972242       51382626.652095288        0.0000000000000000     
   6.31041670       51395530.463488556        0.0000000000000000     
   6.31111097       51405212.651602715        0.0000000000000000     
   6.31180573       51416400.376309440        0.0000000000000000     
   6.31250000       51427452.499084637        0.0000000000000000     
   6.31319427       51438383.099386059        0.0000000000000000     
   6.31388903       51449265.984198414        0.0000000000000000     
   6.31458330       51460345.184582569        0.0000000000000000     
   6.31527758       51471272.268696241        0.0000000000000000     
   6.31597233       51482266.915385373        0.0000000000000000     
   6.31666660       51548588.848297052        0.0000000000000000     
   6.31736088       51524963.000270247        0.0000000000000000     
   6.31805563       51558970.297337256        0.0000000000000000     
   6.31874990       51336326.186563745        0.0000000000000000     
   6.31944466       51346160.893782392        0.0000000000000000     
   6.32013893       51361610.663120233        0.0000000000000000     
   6.32083321       51371367.229435988        0.0000000000000000     
   6.32152796       52183903.855929911        0.0000000000000000     
   6.32222223       51609443.891898938        0.0000000000000000     
   6.32291651       51663287.611771680        0.0000000000000000     
   6.32361126       52350512.465892069        0.0000000000000000     
   6.32430553       52307212.696380690        0.0000000000000000     
   6.32499981       52141427.633801393        0.0000000000000000     
   6.32569456       51374588.013614662        0.0000000000000000     
   6.32638884       50466215.144608289        0.0000000000000000     
   6.32708311       50863245.420064174        0.0000000000000000     
   6.32777786       50814042.116061538        0.0000000000000000     
   6.32847214       51404539.599848308        0.0000000000000000     
   6.32916689       51130598.779851452        0.0000000000000000     
   6.32986116       50518607.295078658        0.0000000000000000     
   6.33055544       47907497.044275753        0.0000000000000000     
   6.33125019       48754541.143345587        0.0000000000000000     
   6.33194447       48062975.860123269        0.0000000000000000     
   6.33263874       46319433.069878228        0.0000000000000000     
   6.33333349       46702708.049643353        0.0000000000000000     
   6.33402777       47038627.945665538        0.0000000000000000     
   6.33472204       46665170.315204717        0.0000000000000000     
   6.33541679       46665738.865943685        0.0000000000000000     
   6.33611107       46668929.329737537        0.0000000000000000     
   6.33680534       46672167.068145014        0.0000000000000000     
   6.33750010       46676448.359051049        0.0000000000000000     
   6.33819437       46681170.882034570        0.0000000000000000     
   6.33888912       46686619.188934863        0.0000000000000000     
   6.33958340       47159165.278086565        0.0000000000000000     
   6.34027767       46689950.270877436        0.0000000000000000     
   6.34097242       46696593.746219322        0.0000000000000000     
   6.34166670       46704484.023041494        0.0000000000000000     
   6.34236097       46711953.848857962        0.0000000000000000     
   6.34305573       47189104.494177811        0.0000000000000000     
   6.34375000       46726145.671822675        0.0000000000000000     
   6.34444427       47204417.268047199        0.0000000000000000     
   6.34513903       47212745.659679092        0.0000000000000000     
   6.34583330       47221705.012535714        0.0000000000000000     
   6.34652758       47231481.820479870        0.0000000000000000     
   6.34722233       47240657.490907982        0.0000000000000000     
   6.34791660       47250434.549300149        0.0000000000000000     
   6.34861088       47260125.109721273        0.0000000000000000     
   6.34930563       47270039.888781421        0.0000000000000000     
   6.34999990       47280054.139804982        0.0000000000000000     
   6.35069466       47290174.179303400        0.0000000000000000     
   6.35138893       47300415.744264081        0.0000000000000000     
   6.35208321       47310736.834923647        0.0000000000000000     
   6.35277796       47321122.286684215        0.0000000000000000     
   6.35347223       47413107.013284281        0.0000000000000000     
   6.35416651       47293740.585833721        0.0000000000000000     
   6.35486126       47302731.661264569        0.0000000000000000     
   6.35555553       47316492.747964881        0.0000000000000000     
   6.35624981       47326177.318472020        0.0000000000000000     
   6.35694456       47336615.863875069        0.0000000000000000     
   6.35763884       47347666.375368506        0.0000000000000000     
   6.35833311       47358252.506547511        0.0000000000000000     
   6.35902786       47368941.405608028        0.0000000000000000     
   6.35972214       47379805.934851371        0.0000000000000000     
   6.36041689       47390553.805650853        0.0000000000000000     
   6.36111116       47401373.873943970        0.0000000000000000     
   6.36180544       47412220.178220883        0.0000000000000000     
   6.36250019       47423060.031729013        0.0000000000000000     
   6.36319447       47433926.010117188        0.0000000000000000     
   6.36388874       47444805.634506024        0.0000000000000000     
   6.36458349       47455694.053001001        0.0000000000000000     
   6.36527777       47466598.610104628        0.0000000000000000     
   6.36597204       47477514.096363656        0.0000000000000000     
   6.36666679       47488441.164280184        0.0000000000000000     
   6.36736107       47639071.350037366        0.0000000000000000     
   6.36805534       47525752.315468505        0.0000000000000000     
   6.36875010       47084848.612856105        0.0000000000000000     
   6.36944437       47227966.795451768        0.0000000000000000     
   6.37013912       47103428.437369272        0.0000000000000000     
   6.37083340       47248561.489434719        0.0000000000000000     
   6.37152767       47411366.053342380        0.0000000000000000     
   6.37222242       47232702.915521704        0.0000000000000000     
   6.37291670       47425339.226880185        0.0000000000000000     
   6.37361097       47436043.861298092        0.0000000000000000     
   6.37430573       47446532.426057108        0.0000000000000000     
   6.37500000       47457923.746906362        0.0000000000000000     
   6.37569427       47468828.706258744        0.0000000000000000     
   6.37638903       47521884.130729549        0.0000000000000000     
   6.37708330       47480697.116271518        0.0000000000000000     
   6.37777758       47481234.983155362        0.0000000000000000     
   6.37847233       47495359.168042675        0.0000000000000000     
   6.37916660       48180450.663338944        0.0000000000000000     
   6.37986088       46884408.704155266        0.0000000000000000     
   6.38055563       46896322.560315855        0.0000000000000000     
   6.38124990       46910089.780925766        0.0000000000000000     
   6.38194466       46961506.098813914        0.0000000000000000     
   6.38263893       46909744.972066484        0.0000000000000000     
   6.38333321       46916284.225953110        0.0000000000000000     
   6.38402796       46930573.458192006        0.0000000000000000     
   6.38472223       46940981.156035878        0.0000000000000000     
   6.38541651       46952299.183672681        0.0000000000000000     
   6.38611126       47430781.198121198        0.0000000000000000     
   6.38680553       46964660.422403149        0.0000000000000000     
   6.38749981       46975703.254253946        0.0000000000000000     
   6.38819456       46987784.802397497        0.0000000000000000     
   6.38888884       46998598.791871436        0.0000000000000000     
   6.38958311       47533832.129890613        0.0000000000000000     
   6.39027786       47039814.439849786        0.0000000000000000     
   6.39097214       47543269.269310385        0.0000000000000000     
   6.39166689       47320347.428992279        0.0000000000000000     
   6.39236116       47330134.263968863        0.0000000000000000     
   6.39305544       47346224.190033697        0.0000000000000000     
   6.39375019       47355808.140760548        0.0000000000000000     
   6.39444447       47366301.294723243        0.0000000000000000     
   6.39513874       47377957.721273229        0.0000000000000000     
   6.39583349       47389705.422887772        0.0000000000000000     
   6.39652777       47400190.762184471        0.0000000000000000     
   6.39722204       47411664.792812876        0.0000000000000000     
   6.39791679       47423063.244900517        0.0000000000000000     
   6.39861107       47434105.170147575        0.0000000000000000     
   6.39930534       47445384.389064029        0.0000000000000000     
   6.40000010       47456699.582819760        0.0000000000000000     
   6.40069437       47467906.195800751        0.0000000000000000     
   6.40138912       47479166.842491239        0.0000000000000000     
   6.40208340       47490456.682124548        0.0000000000000000     
   6.40277767       47501719.142657213        0.0000000000000000     
   6.40347242       47512995.346606411        0.0000000000000000     
   6.40416670       47524287.410862103        0.0000000000000000     
   6.40486097       47535576.483256504        0.0000000000000000     
   6.40555573       47546871.907180324        0.0000000000000000     
   6.40625000       47558176.709831499        0.0000000000000000     
   6.40694427       47569485.193936273        0.0000000000000000     
   6.40763903       47580799.181902915        0.0000000000000000     
   6.40833330       47592120.146388732        0.0000000000000000     
   6.40902758       47603446.458648369        0.0000000000000000     
   6.40972233       47614778.402447186        0.0000000000000000     
   6.41041660       47626116.520767413        0.0000000000000000     
   6.41111088       47637460.381776467        0.0000000000000000     
   6.41180563       47648809.995488741        0.0000000000000000     
   6.41249990       47660165.544090554        0.0000000000000000     
   6.41319466       47671526.916453123        0.0000000000000000     
   6.41388893       47682894.098664209        0.0000000000000000     
   6.41458321       47775906.100183815        0.0000000000000000     
   6.41527796       47657462.406517893        0.0000000000000000     
   6.41597223       47667302.051382452        0.0000000000000000     
   6.41666651       47681866.626483351        0.0000000000000000     
   6.41736126       47692335.159335069        0.0000000000000000     
   6.41805553       47703529.007535242        0.0000000000000000     
   6.41874981       47715300.770240918        0.0000000000000000     
   6.41944456       47726587.500258379        0.0000000000000000     
   6.42013884       47737950.007987134        0.0000000000000000     
   6.42083311       47749468.740103386        0.0000000000000000     
   6.42152786       47760852.123574197        0.0000000000000000     
   6.42222214       47772293.978476867        0.0000000000000000     
   6.42291689       47783750.064124823        0.0000000000000000     
   6.42361116       47795189.875179984        0.0000000000000000     
   6.42430544       47806647.195635900        0.0000000000000000     
   6.42500019       48528697.926946960        0.0000000000000000     
   6.42569447       47825165.423544511        0.0000000000000000     
   6.42638874       48671277.939969182        0.0000000000000000     
   6.42708349       47263063.862729393        0.0000000000000000     
   6.42777777       47891640.360001184        0.0000000000000000     
   6.42847204       47771380.864303492        0.0000000000000000     
   6.42916679       47329233.767419256        0.0000000000000000     
   6.42986107       47476153.372316301        0.0000000000000000     
   6.43055534       47350430.427139223        0.0000000000000000     
   6.43125010       47496460.064506717        0.0000000000000000     
   6.43194437       47659891.848570868        0.0000000000000000     
   6.43263912       47662270.266150139        0.0000000000000000     
   6.43333340       47674269.069735408        0.0000000000000000     
   6.43402767       47685902.238176264        0.0000000000000000     
   6.43472242       47697264.351434529        0.0000000000000000     
   6.43541670       47708852.452175498        0.0000000000000000     
   6.43611097       47720464.546286620        0.0000000000000000     
   6.43680573       47731975.015479691        0.0000000000000000     
   6.43750000       47743545.720283493        0.0000000000000000     
   6.43819427       47755152.279666260        0.0000000000000000     
   6.43888903       47766696.098597988        0.0000000000000000     
   6.43958330       47778301.298391446        0.0000000000000000     
   6.44027758       47789888.523612708        0.0000000000000000     
   6.44097233       47801483.389594145        0.0000000000000000     
   6.44166660       47813088.230251141        0.0000000000000000     
   6.44236088       47824697.029029615        0.0000000000000000     
   6.44305563       47836310.909122176        0.0000000000000000     
   6.44374990       47847931.850141518        0.0000000000000000     
   6.44444466       47859557.992024310        0.0000000000000000     
   6.44513893       47871190.068292581        0.0000000000000000     
   6.44583321       47924701.728872925        0.0000000000000000     
   6.44652796       47884710.462631173        0.0000000000000000     
   6.44722223       47885611.131757349        0.0000000000000000     
   6.44791651       47900348.535565287        0.0000000000000000     
   6.44861126       47910612.424445242        0.0000000000000000     
   6.44930553       47922390.268948093        0.0000000000000000     
   6.44999981       47934361.356818683        0.0000000000000000     
   6.45069456       47945892.742879368        0.0000000000000000     
   6.45138884       47999531.331334591        0.0000000000000000     
   6.45208311       47946452.087083325        0.0000000000000000     
   6.45277786       47954396.193237334        0.0000000000000000     
   6.45347214       47968395.059446566        0.0000000000000000     
   6.45416689       47979326.058112025        0.0000000000000000     
   6.45486116       47990933.587634787        0.0000000000000000     
   6.45555544       48704308.432379857        0.0000000000000000     
   6.45625019       48100640.644101255        0.0000000000000000     
   6.45694447       47571973.534633271        0.0000000000000000     
   6.45763874       47864591.761420548        0.0000000000000000     
   6.45833349       47372972.944744915        0.0000000000000000     
   6.45902777       47438334.625602387        0.0000000000000000     
   6.45972204       47419025.132697649        0.0000000000000000     
   6.46041679       47451149.501546450        0.0000000000000000     
   6.46111107       47230696.446075261        0.0000000000000000     
   6.46180534       47240468.685521007        0.0000000000000000     
   6.46250010       47257358.506019004        0.0000000000000000     
   6.46319437       47268001.209573671        0.0000000000000000     
   6.46388912       47279299.456427470        0.0000000000000000     
   6.46458340       47291856.360959306        0.0000000000000000     
   6.46527767       47304483.036898479        0.0000000000000000     
   6.46597242       47315829.966935463        0.0000000000000000     
   6.46666670       47328213.592553310        0.0000000000000000     
   6.46736097       47340473.399942860        0.0000000000000000     
   6.46805573       47352399.200530455        0.0000000000000000     
   6.46875000       47364563.929304525        0.0000000000000000     
   6.46944427       47376757.429981507        0.0000000000000000     
   6.47013903       47388844.193627097        0.0000000000000000     
   6.47083330       47400988.141991355        0.0000000000000000     
   6.47152758       47413158.706965603        0.0000000000000000     
   6.47222233       47425302.385866255        0.0000000000000000     
   6.47291660       47985310.590410993        0.0000000000000000     
   6.47361088       47387310.886609517        0.0000000000000000     
   6.47430563       47397562.575064272        0.0000000000000000     
   6.47499990       47413645.491463937        0.0000000000000000     
   6.47569466       47424115.304504439        0.0000000000000000     
   6.47638893       47436670.800561495        0.0000000000000000     
   6.47708321       47916733.894652046        0.0000000000000000     
   6.47777796       47457469.137130447        0.0000000000000000     
   6.47847223       47938236.257535487        0.0000000000000000     
   6.47916651       47949418.592959695        0.0000000000000000     
   6.47986126       47961086.966768362        0.0000000000000000     
   6.48055553       47973533.163023718        0.0000000000000000     
   6.48124981       47985082.770331219        0.0000000000000000     
   6.48194456       47997224.438512444        0.0000000000000000     
   6.48263884       48009085.132878289        0.0000000000000000     
   6.48333311       48021070.463029258        0.0000000000000000     
   6.48402786       48033029.848649174        0.0000000000000000     
   6.48472214       48044986.603653044        0.0000000000000000     
   6.48541689       48056963.982883327        0.0000000000000000     
   6.48611116       48209359.358010724        0.0000000000000000     
   6.48680544       48096439.745418616        0.0000000000000000     
   6.48750019       47653995.023367040        0.0000000000000000     
   6.48819447       47798369.219402432        0.0000000000000000     
   6.48888874       47674305.101587541        0.0000000000000000     
   6.48958349       47820949.161438033        0.0000000000000000     
   6.49027777       47985266.464112885        0.0000000000000000     
   6.49097204       47987701.550311528        0.0000000000000000     
   6.49166679       48000307.759431720        0.0000000000000000     
   6.49236107       48012524.569844268        0.0000000000000000     
   6.49305534       48024270.990814805        0.0000000000000000     
   6.49375010       48036376.372223802        0.0000000000000000     
   6.49444437       48048506.999943800        0.0000000000000000     
   6.49513912       48060492.443652138        0.0000000000000000     
   6.49583340       48072556.908949189        0.0000000000000000     
   6.49652767       48084661.315951288        0.0000000000000000     
   6.49722242       48096697.234808028        0.0000000000000000     
   6.49791670       48108795.426371485        0.0000000000000000     
   6.49861097       48120875.781360224        0.0000000000000000     
   6.49930573       48132964.792617522        0.0000000000000000     
   6.50000000       48145062.661301568        0.0000000000000000     
   6.50069427       48157164.736014150        0.0000000000000000     
   6.50138903       48169272.119190417        0.0000000000000000     
   6.50208330       48181386.445482045        0.0000000000000000     
   6.50277758       48193505.870462023        0.0000000000000000     
   6.50347233       48205631.331467673        0.0000000000000000     
   6.50416660       48217762.610657968        0.0000000000000000     
   6.50486088       48229899.713819414        0.0000000000000000     
   6.50555563       48242042.579717696        0.0000000000000000     
   6.50624990       48254191.337089963        0.0000000000000000     
   6.50694466       48266345.864932865        0.0000000000000000     
   6.50763893       48278506.234897465        0.0000000000000000     
   6.50833321       48290672.421287514        0.0000000000000000     
   6.50902796       48302844.428513825        0.0000000000000000     
   6.50972223       48315022.257026598        0.0000000000000000     
   6.51041651       48988387.550089136        0.0000000000000000     
   6.51111126       47732153.516208321        0.0000000000000000     
   6.51180553       48214984.949910454        0.0000000000000000     
   6.51249981       47803751.047613084        0.0000000000000000     
   6.51319456       48234017.030018605        0.0000000000000000     
   6.51388884       48231070.741041683        0.0000000000000000     
   6.51458311       48245696.856726259        0.0000000000000000     
   6.51527786       48258656.151910938        0.0000000000000000     
   6.51597214       48269376.043273859        0.0000000000000000     
   6.51666689       48282715.077718824        0.0000000000000000     
   6.51736116       48294480.131034456        0.0000000000000000     
   6.51805544       48349073.507691503        0.0000000000000000     
   6.51875019       48296097.305122316        0.0000000000000000     
   6.51944447       48304531.124204867        0.0000000000000000     
   6.52013874       48319144.962905161        0.0000000000000000     
   6.52083349       48330635.509459481        0.0000000000000000     
   6.52152777       48342789.308925591        0.0000000000000000     
   6.52222204       48355313.169873148        0.0000000000000000     
   6.52291679       48367555.401712172        0.0000000000000000     
   6.52361107       48379762.956992790        0.0000000000000000     
   6.52430534       48392144.323507577        0.0000000000000000     
   6.52500010       48460286.142977260        0.0000000000000000     
   6.52569437       48438924.124749824        0.0000000000000000     
   6.52638912       48474152.064858668        0.0000000000000000     
   6.52708340       48251656.959070116        0.0000000000000000     
   6.52777767       48262731.985018834        0.0000000000000000     
   6.52847242       48279506.536687538        0.0000000000000000     
   6.52916670       48371794.056319721        0.0000000000000000     
   6.52986097       48254151.826828159        0.0000000000000000     
   6.53055573       48265489.208073646        0.0000000000000000     
   6.53125000       48281483.321762137        0.0000000000000000     
   6.53194427       48292199.947375000        0.0000000000000000     
   6.53263903       48304633.245363176        0.0000000000000000     
   6.53333330       48317519.704382561        0.0000000000000000     
   6.53402758       48329578.779654801        0.0000000000000000     
   6.53472233       48341954.921289213        0.0000000000000000     
   6.53541660       48354501.780769989        0.0000000000000000     
   6.53611088       48366803.671873346        0.0000000000000000     
   6.53680563       48379216.117798984        0.0000000000000000     
   6.53749990       48909777.779479928        0.0000000000000000     
   6.53819466       48922250.780853704        0.0000000000000000     
   6.53888893       48934775.713296972        0.0000000000000000     
   6.53958321       48947291.226269394        0.0000000000000000     
   6.54027796       48959839.757743508        0.0000000000000000     
   6.54097223       48972349.268553719        0.0000000000000000     
   6.54166651       49124743.310793675        0.0000000000000000     
   6.54236126       49013290.824400268        0.0000000000000000     
   6.54305553       48572326.895897157        0.0000000000000000     
   6.54374981       49435381.428719588        0.0000000000000000     
   6.54444456       49449655.806757167        0.0000000000000000     
   6.54513884       48916211.714236386        0.0000000000000000     
   6.54583311       48833087.572372399        0.0000000000000000     
   6.54652786       48813397.618590228        0.0000000000000000     
   6.54722214       48836038.425356582        0.0000000000000000     
   6.54791689       48854038.952157080        0.0000000000000000     
   6.54861116       48860719.623726480        0.0000000000000000     
   6.54930544       48873384.880915932        0.0000000000000000     
   6.55000019       48888039.549249396        0.0000000000000000     
   6.55069447       48900009.094381757        0.0000000000000000     
   6.55138874       48912039.620051198        0.0000000000000000     
   6.55208349       48925099.838803351        0.0000000000000000     
   6.55277777       48937774.056016438        0.0000000000000000     
   6.55347204       48950258.234071150        0.0000000000000000     
   6.55416679       48962910.971083917        0.0000000000000000     
   6.55486107       48975612.560299605        0.0000000000000000     
   6.55555534       48988241.080235951        0.0000000000000000     
   6.55625010       49000884.071327783        0.0000000000000000     
   6.55694437       49013558.437150590        0.0000000000000000     
   6.55763912       49026228.716037385        0.0000000000000000     
   6.55833340       49038896.991116054        0.0000000000000000     
   6.55902767       49051577.914670140        0.0000000000000000     
   6.55972242       49064265.164912134        0.0000000000000000     
   6.56041670       49076956.185212754        0.0000000000000000     
   6.56111097       49089653.337675117        0.0000000000000000     
   6.56180573       49102357.603425488        0.0000000000000000     
   6.56250000       49115066.899255976        0.0000000000000000     
   6.56319427       49127782.227260247        0.0000000000000000     
   6.56388903       49828684.525043473        0.0000000000000000     
   6.56458330       49091894.186686397        0.0000000000000000     
   6.56527758       49107085.926992700        0.0000000000000000     
   6.56597233       49122815.350052349        0.0000000000000000     
   6.56666660       49133217.711673141        0.0000000000000000     
   6.56736088       49146414.182159521        0.0000000000000000     
   6.56805563       49159518.386131808        0.0000000000000000     
   6.56874990       49172115.650243245        0.0000000000000000     
   6.56944466       49184761.937937453        0.0000000000000000     
   6.57013893       49197687.129340492        0.0000000000000000     
   6.57083321       49210411.937203422        0.0000000000000000     
   6.57152796       49223194.872806087        0.0000000000000000     
   6.57222223       49235993.006108686        0.0000000000000000     
   6.57291651       49248789.853611007        0.0000000000000000     
   6.57361126       49261594.238402210        0.0000000000000000     
   6.57430553       49274400.505979992        0.0000000000000000     
   6.57499981       49287216.131784506        0.0000000000000000     
   6.57569456       49300038.325660147        0.0000000000000000     
   6.57638884       49355091.428109206        0.0000000000000000     
   6.57708311       49316711.790603966        0.0000000000000000     
   6.57777786       50656439.000289865        0.0000000000000000     
   6.57847214       50166525.798424512        0.0000000000000000     
   6.57916689       49796047.194782153        0.0000000000000000     
   6.57986116       49331606.409694366        0.0000000000000000     
   6.58055544       48932891.569563687        0.0000000000000000     
   6.58125019       48978471.181161724        0.0000000000000000     
   6.58194447       48926389.556317225        0.0000000000000000     
   6.58263874       48940232.225202940        0.0000000000000000     
   6.58333349       49032769.779473700        0.0000000000000000     
   6.58402777       48917338.821153753        0.0000000000000000     
   6.58472204       48927726.136711866        0.0000000000000000     
   6.58541679       48945196.234437309        0.0000000000000000     
   6.58611107       48957459.487293422        0.0000000000000000     
   6.58680534       48970899.917639039        0.0000000000000000     
   6.58750010       49040360.064057082        0.0000000000000000     
   6.58819437       49020979.440420434        0.0000000000000000     
   6.58888912       49530146.874265812        0.0000000000000000     
   6.58958340       49314455.381621532        0.0000000000000000     
   6.59027767       49325314.163876280        0.0000000000000000     
   6.59097242       49338477.990287453        0.0000000000000000     
   6.59166670       49355322.725494571        0.0000000000000000     
   6.59236097       49364901.300458141        0.0000000000000000     
   6.59305573       49380104.211038545        0.0000000000000000     
   6.59375000       49393911.423650004        0.0000000000000000     
   6.59444427       49406630.518018723        0.0000000000000000     
   6.59513903       49560243.210367799        0.0000000000000000     
   6.59583330       49450393.494169280        0.0000000000000000     
   6.59652758       49010484.367932193        0.0000000000000000     
   6.59722233       49156404.006832495        0.0000000000000000     
   6.59791660       49033726.892722175        0.0000000000000000     
   6.59861088       49182008.889773749        0.0000000000000000     
   6.59930563       49347931.053021491        0.0000000000000000     
   6.59999990       49351556.614916168        0.0000000000000000     
   6.60069466       49365681.335320674        0.0000000000000000     
   6.60138893       49379519.192385703        0.0000000000000000     
   6.60208321       49392751.396352664        0.0000000000000000     
   6.60277796       49406440.375720993        0.0000000000000000     
   6.60347223       49420133.028766803        0.0000000000000000     
   6.60416651       49433669.851734973        0.0000000000000000     
   6.60486126       49447294.612139679        0.0000000000000000     
   6.60555553       49460953.682866007        0.0000000000000000     
   6.60624981       50247462.094268933        0.0000000000000000     
   6.60694456       50259758.143525034        0.0000000000000000     
   6.60763884       50272092.079616331        0.0000000000000000     
   6.60833311       50284838.326679647        0.0000000000000000     
   6.60902786       50298414.066934280        0.0000000000000000     
   6.60972214       50312568.169577658        0.0000000000000000     
   6.61041689       50720184.968239278        0.0000000000000000     
   6.61111116       49920871.189436056        0.0000000000000000     
   6.61180544       49903071.762033738        0.0000000000000000     
   6.61250019       49916828.730516955        0.0000000000000000     
   6.61319447       49925070.580501482        0.0000000000000000     
   6.61388874       49943138.980396956        0.0000000000000000     
   6.61458349       49954245.088545322        0.0000000000000000     
   6.61527777       49968584.615736194        0.0000000000000000     
   6.61597204       49982202.068901218        0.0000000000000000     
   6.61666679       49995984.985962644        0.0000000000000000     
   6.61736107       50009432.405697308        0.0000000000000000     
   6.61805534       50022974.599780180        0.0000000000000000     
   6.61875010       50036441.487367302        0.0000000000000000     
   6.61944437       50049961.630797714        0.0000000000000000     
   6.62013912       50063514.818588756        0.0000000000000000     
   6.62083340       50077149.514707655        0.0000000000000000     
   6.62152767       50090773.965504080        0.0000000000000000     
   6.62222242       50104393.902082190        0.0000000000000000     
   6.62291670       50117996.051055558        0.0000000000000000     
   6.62361097       50131587.239318974        0.0000000000000000     
   6.62430573       50145184.426141396        0.0000000000000000     
   6.62500000       50158801.817894749        0.0000000000000000     
   6.62569427       50172439.466093421        0.0000000000000000     
   6.62638903       50186091.236753233        0.0000000000000000     
   6.62708330       50199747.434398316        0.0000000000000000     
   6.62777758       50213400.683590770        0.0000000000000000     
   6.62847233       50227050.741058506        0.0000000000000000     
   6.62916660       50240700.821500137        0.0000000000000000     
   6.62986088       50254357.295597993        0.0000000000000000     
   6.63055563       50268023.373138212        0.0000000000000000     
   6.63124990       50281700.486371525        0.0000000000000000     
   6.63194466       50295386.241153002        0.0000000000000000     
   6.63263893       50759630.278300658        0.0000000000000000     
   6.63333321       50226691.680345930        0.0000000000000000     
   6.63402796       50237943.474313229        0.0000000000000000     
   6.63472223       50256158.574335307        0.0000000000000000     
   6.63541651       50345835.492285609        0.0000000000000000     
   6.63611126       50234604.948689438        0.0000000000000000     
   6.63680553       50287093.363290116        0.0000000000000000     
   6.63749981       50253686.380820446        0.0000000000000000     
   6.63819456       50254903.458445780        0.0000000000000000     
   6.63888884       50271606.581526898        0.0000000000000000     
   6.63958311       50284234.986056805        0.0000000000000000     
   6.64027786       50298030.811713018        0.0000000000000000     
   6.64097214       50312007.853477329        0.0000000000000000     
   6.64166689       50368033.005884521        0.0000000000000000     
   6.64236116       50316227.341813989        0.0000000000000000     
   6.64305544       50326443.023099460        0.0000000000000000     
   6.64375019       50342517.528605230        0.0000000000000000     
   6.64444447       50355470.071412176        0.0000000000000000     
   6.64513874       50369217.086002022        0.0000000000000000     
   6.64583349       50383239.127670206        0.0000000000000000     
   6.64652777       50396991.465380482        0.0000000000000000     
   6.64722204       50550940.409478560        0.0000000000000000     
   6.64791679       50496473.300463147        0.0000000000000000     
   6.64861107       50022588.479604937        0.0000000000000000     
   6.64930534       50191752.007066570        0.0000000000000000     
   6.65000010       49834191.238434009        0.0000000000000000     
   6.65069437       49981816.901235282        0.0000000000000000     
   6.65138912       50152740.091433451        0.0000000000000000     
   6.65208340       50155115.482933961        0.0000000000000000     
   6.65277767       50168743.157106504        0.0000000000000000     
   6.65347242       50183440.263493255        0.0000000000000000     
   6.65416670       50197389.983083293        0.0000000000000000     
   6.65486097       50210653.337319858        0.0000000000000000     
   6.65555573       50224910.531089678        0.0000000000000000     
   6.65625000       50238864.283933073        0.0000000000000000     
   6.65694427       50252581.856938928        0.0000000000000000     
   6.65763903       50266579.615781382        0.0000000000000000     
   6.65833330       50280512.728800185        0.0000000000000000     
   6.65902758       50294405.958051816        0.0000000000000000     
   6.65972233       50771677.063193336        0.0000000000000000     
   6.66041660       50292948.801388435        0.0000000000000000     
   6.66111088       50306065.936450593        0.0000000000000000     
   6.66180563       50321510.159492142        0.0000000000000000     
   6.66249990       50333837.318814024        0.0000000000000000     
   6.66319466       50348972.617904902        0.0000000000000000     
   6.66388893       50362352.734127834        0.0000000000000000     
   6.66458321       50376531.062539868        0.0000000000000000     
   6.66527796       50390444.951459728        0.0000000000000000     
   6.66597223       50404459.226294078        0.0000000000000000     
   6.66666651       50418425.357699320        0.0000000000000000     
   6.66736126       50432435.275758058        0.0000000000000000     
   6.66805553       50913900.378490642        0.0000000000000000     
   6.66874981       50451474.305931576        0.0000000000000000     
   6.66944456       50465282.368557267        0.0000000000000000     
   6.67013884       50479767.894101836        0.0000000000000000     
   6.67083311       50962470.490899689        0.0000000000000000     
   6.67152786       50973547.187082194        0.0000000000000000     
   6.67222214       50986900.551790349        0.0000000000000000     
   6.67291689       51001869.170191258        0.0000000000000000     
   6.67361116       51014943.874173470        0.0000000000000000     
   6.67430544       51028730.015354253        0.0000000000000000     
   6.67500019       51042452.249862812        0.0000000000000000     
   6.67569447       51056255.317631856        0.0000000000000000     
   6.67638874       51069943.451261774        0.0000000000000000     
   6.67708349       51083670.450726144        0.0000000000000000     
   6.67777777       51097445.227622181        0.0000000000000000     
   6.67847204       51111193.974886253        0.0000000000000000     
   6.67916679       51124943.240675233        0.0000000000000000     
   6.67986107       51138714.922570504        0.0000000000000000     
   6.68055534       51152486.091120236        0.0000000000000000     
   6.68125010       51166261.147497065        0.0000000000000000     
   6.68194437       51180044.028103314        0.0000000000000000     
   6.68263912       51193833.288525864        0.0000000000000000     
   6.68333340       51207627.397445925        0.0000000000000000     
   6.68402767       51221427.721417062        0.0000000000000000     
   6.68472242       51235233.893347666        0.0000000000000000     
   6.68541670       51249046.205512054        0.0000000000000000     
   6.68611097       51262863.936567642        0.0000000000000000     
   6.68680573       51358658.501889803        0.0000000000000000     
   6.68750000       51242904.193791494        0.0000000000000000     
   6.68819427       51255206.606685184        0.0000000000000000     
   6.68888903       51272172.869697765        0.0000000000000000     
   6.68958330       51285108.027136400        0.0000000000000000     
   6.69027758       51298756.718861483        0.0000000000000000     
   6.69097233       51312974.008045629        0.0000000000000000     
   6.69166660       51326713.322991773        0.0000000000000000     
   6.69236088       51340528.717888921        0.0000000000000000     
   6.69305563       51354497.259863846        0.0000000000000000     
   6.69374990       51368332.462876044        0.0000000000000000     
   6.69444466       51382226.052868590        0.0000000000000000     
   6.69513893       51438262.566406153        0.0000000000000000     
   6.69583321       51401834.994482249        0.0000000000000000     
   6.69652796       51404073.975068249        0.0000000000000000     
   6.69722223       51560812.273985401        0.0000000000000000     
   6.69791651       51450212.985215813        0.0000000000000000     
   6.69861126       51010336.381680921        0.0000000000000000     
   6.69930553       51875209.087605409        0.0000000000000000     
   6.69999981       50381001.740746543        0.0000000000000000     
   6.70069456       50527000.201039895        0.0000000000000000     
   6.70138884       50698990.696537390        0.0000000000000000     
   6.70208311       50700305.864841081        0.0000000000000000     
   6.70277786       50716539.598304711        0.0000000000000000     
   6.70347214       50730357.754643910        0.0000000000000000     
   6.70416689       51211317.668150209        0.0000000000000000     
   6.70486116       50749576.920081750        0.0000000000000000     
   6.70555544       50819321.202690020        0.0000000000000000     
   6.70625019       50801547.136017852        0.0000000000000000     
   6.70694447       51306489.496479340        0.0000000000000000     
   6.70763874       51083891.811526619        0.0000000000000000     
   6.70833349       51096213.581516147        0.0000000000000000     
   6.70902777       51707301.369708084        0.0000000000000000     
   6.70972204       51127039.696940117        0.0000000000000000     
   6.71041679       51732746.744958110        0.0000000000000000     
   6.71111107       51746980.129824877        0.0000000000000000     
   6.71180534       51761669.492023818        0.0000000000000000     
   6.71250010       51775052.796702735        0.0000000000000000     
   6.71319437       51789499.064359315        0.0000000000000000     
   6.71388912       51803966.331262492        0.0000000000000000     
   6.71458340       51817945.240769327        0.0000000000000000     
   6.71527767       51832163.214007773        0.0000000000000000     
   6.71597242       51846296.538819715        0.0000000000000000     
   6.71666670       51860373.273899697        0.0000000000000000     
   6.71736097       51874521.384048857        0.0000000000000000     
   6.71805573       51888736.751777381        0.0000000000000000     
   6.71875000       51902938.242674284        0.0000000000000000     
   6.71944427       51917154.019266590        0.0000000000000000     
   6.72013903       51931366.641194850        0.0000000000000000     
   6.72083330       51945565.389304154        0.0000000000000000     
   6.72152758       51959770.778922901        0.0000000000000000     
   6.72222233       51973991.721832395        0.0000000000000000     
   6.72291660       51988222.792176746        0.0000000000000000     
   6.72361088       52002463.218192421        0.0000000000000000     
   6.72430563       52016710.715893969        0.0000000000000000     
   6.72499990       52030959.430119373        0.0000000000000000     
   6.72569466       52045209.462535016        0.0000000000000000     
   6.72638893       52059461.011664934        0.0000000000000000     
   6.72708321       52073717.012346089        0.0000000000000000     
   6.72777796       52087979.786510162        0.0000000000000000     
   6.72847223       52102251.826003164        0.0000000000000000     
   6.72916651       52116532.227417700        0.0000000000000000     
   6.72986126       52130820.333022721        0.0000000000000000     
   6.73055553       52145113.957132056        0.0000000000000000     
   6.73124981       52159412.952236973        0.0000000000000000     
   6.73194456       52173716.736335963        0.0000000000000000     
   6.73263884       52188026.679106884        0.0000000000000000     
   6.73333311       52202342.523858182        0.0000000000000000     
   6.73402786       52216665.018169485        0.0000000000000000     
   6.73472214       52230993.058900312        0.0000000000000000     
   6.73541689       53037452.800420552        0.0000000000000000     
   6.73611116       52208272.708345324        0.0000000000000000     
   6.73680544       53055839.601144366        0.0000000000000000     
   6.73750019       51653993.730100408        0.0000000000000000     
   6.73819447       52145482.869497105        0.0000000000000000     
   6.73888874       52151948.983576916        0.0000000000000000     
   6.73958349       52165500.881962158        0.0000000000000000     
   6.74027777       52983863.144327007        0.0000000000000000     
   6.74097204       52406685.322252072        0.0000000000000000     
   6.74166679       52478410.475368768        0.0000000000000000     
   6.74236107       53193198.045106031        0.0000000000000000     
   6.74305534       53557512.007174522        0.0000000000000000     
   6.74375010       53886925.847688027        0.0000000000000000     
   6.74444437       52574473.827961668        0.0000000000000000     
   6.74513912       52875324.722190313        0.0000000000000000     
   6.74583340       52441069.851962499        0.0000000000000000     
   6.74652767       52340334.358924218        0.0000000000000000     
   6.74722242       51608339.577567607        0.0000000000000000     
   6.74791670       48695386.785585202        0.0000000000000000     
   6.74861097       49078383.860058956        0.0000000000000000     
   6.74930573       48305845.250095546        0.0000000000000000     
   6.75000000       47478957.107720718        0.0000000000000000     
   6.75069427       48240939.691489078        0.0000000000000000     
   6.75138903       47478063.148655921        0.0000000000000000     
   6.75208330       47422089.328901500        0.0000000000000000     
   6.75277758       47417524.932102315        0.0000000000000000     
   6.75347233       47425279.600042515        0.0000000000000000     
   6.75416660       47430425.777030542        0.0000000000000000     
   6.75486088       47479252.240795635        0.0000000000000000     
   6.75555563       47422648.478211425        0.0000000000000000     
   6.75624990       47426900.798808262        0.0000000000000000     
   6.75694466       47437503.790131919        0.0000000000000000     
   6.75763893       47445655.070176087        0.0000000000000000     
   6.75833321       47454765.435643487        0.0000000000000000     
   6.75902796       47464872.472600475        0.0000000000000000     
   6.75972223       47475358.336569503        0.0000000000000000     
   6.76041651       48188263.831058122        0.0000000000000000     
   6.76111126       47640138.424381383        0.0000000000000000     
   6.76180553       47081265.672511831        0.0000000000000000     
   6.76249981       47397412.886313401        0.0000000000000000     
   6.76319456       46671844.699584976        0.0000000000000000     
   6.76388884       46681278.528701015        0.0000000000000000     
   6.76458311       46701754.462575480        0.0000000000000000     
   6.76527786       46710886.913640305        0.0000000000000000     
   6.76597214       46725605.237135820        0.0000000000000000     
   6.76666689       46738685.657329097        0.0000000000000000     
   6.76736116       46753256.485723697        0.0000000000000000     
   6.76805544       46766313.674304463        0.0000000000000000     
   6.76875019       46780663.062833197        0.0000000000000000     
   6.76944447       46794870.213244595        0.0000000000000000     
   6.77013874       46808939.773202740        0.0000000000000000     
   6.77083349       46823259.857403092        0.0000000000000000     
   6.77152777       46837668.845657289        0.0000000000000000     
   6.77222204       46852001.973178424        0.0000000000000000     
   6.77291679       46866437.516940773        0.0000000000000000     
   6.77361107       46880922.074852139        0.0000000000000000     
   6.77430534       47361715.043590456        0.0000000000000000     
   6.77500010       46897031.126920447        0.0000000000000000     
   6.77569437       46911288.862670667        0.0000000000000000     
   6.77638912       46926560.906542070        0.0000000000000000     
   6.77708340       46940486.938912876        0.0000000000000000     
   6.77777767       47423822.629130028        0.0000000000000000     
   6.77847242       46966028.174509473        0.0000000000000000     
   6.77916670       47450092.151281267        0.0000000000000000     
   6.77986097       47463504.243556015        0.0000000000000000     
   6.78055573       47477603.652675748        0.0000000000000000     
   6.78125000       47492601.185456872        0.0000000000000000     
   6.78194427       47506598.276530050        0.0000000000000000     
   6.78263903       47602516.942231335        0.0000000000000000     
   6.78333330       47488427.714439832        0.0000000000000000     
   6.78402758       47501377.966273278        0.0000000000000000     
   6.78472233       47518944.546189860        0.0000000000000000     
   6.78541660       47532502.467188850        0.0000000000000000     
   6.78611088       47546788.425156683        0.0000000000000000     
   6.78680563       47561639.642617650        0.0000000000000000     
   6.78749990       47576013.980775520        0.0000000000000000     
   6.78819466       47590471.598791473        0.0000000000000000     
   6.78888893       47605082.007948302        0.0000000000000000     
   6.78958321       47619561.406459741        0.0000000000000000     
   6.79027796       47634100.895491071        0.0000000000000000     
   6.79097223       47648655.502194129        0.0000000000000000     
   6.79166651       47663195.949584335        0.0000000000000000     
   6.79236126       47677755.072970681        0.0000000000000000     
   6.79305553       47832146.016174585        0.0000000000000000     
   6.79374981       47723484.600188270        0.0000000000000000     
   6.79444456       47283348.739979051        0.0000000000000000     
   6.79513884       47430412.471935250        0.0000000000000000     
   6.79583311       47307986.706790388        0.0000000000000000     
   6.79652786       47458009.962558679        0.0000000000000000     
   6.79722214       47625590.062242240        0.0000000000000000     
   6.79791689       47629590.076221466        0.0000000000000000     
   6.79861116       47644777.629366912        0.0000000000000000     
   6.79930544       47659784.251232915        0.0000000000000000     
   6.80000019       47673931.482888021        0.0000000000000000     
   6.80069447       47688703.442583561        0.0000000000000000     
   6.80138874       47703437.534086205        0.0000000000000000     
   6.80208349       47717990.595637582        0.0000000000000000     
   6.80277777       47732661.536007576        0.0000000000000000     
   6.80347204       47747362.684472635        0.0000000000000000     
   6.80416679       47761986.759229839        0.0000000000000000     
   6.80486107       47776684.009253740        0.0000000000000000     
   6.80555534       48496303.899367124        0.0000000000000000     
   6.80625010       47191379.849045120        0.0000000000000000     
   6.80694437       47665930.031513847        0.0000000000000000     
   6.80763912       47686290.162841596        0.0000000000000000     
   6.80833340       47694676.477248736        0.0000000000000000     
   6.80902767       47753833.024082750        0.0000000000000000     
   6.80972242       47704848.697162002        0.0000000000000000     
   6.81041670       47715034.897076935        0.0000000000000000     
   6.81111097       47731758.600395299        0.0000000000000000     
   6.81180573       47746251.006553233        0.0000000000000000     
   6.81250000       47760732.177458487        0.0000000000000000     
   6.81319427       47775572.118522123        0.0000000000000000     
   6.81388903       47790398.854917333        0.0000000000000000     
   6.81458330       47805051.197275102        0.0000000000000000     
   6.81527758       47875595.731856629        0.0000000000000000     
   6.81597233       47858128.247669831        0.0000000000000000     
   6.81666660       47895776.066088468        0.0000000000000000     
   6.81736088       47675635.953159563        0.0000000000000000     
   6.81805563       47689113.689281985        0.0000000000000000     
   6.81874990       47708327.239096254        0.0000000000000000     
   6.81944466       47721717.878634736        0.0000000000000000     
   6.82013893       47735730.741605170        0.0000000000000000     
   6.82083321       47751091.062366731        0.0000000000000000     
   6.82152796       47766337.177235126        0.0000000000000000     
   6.82222223       47780445.938641198        0.0000000000000000     
   6.82291651       47795561.320633546        0.0000000000000000     
   6.82361126       47810520.385449760        0.0000000000000000     
   6.82430553       47825164.068740882        0.0000000000000000     
   6.82499981       47840061.651603609        0.0000000000000000     
   6.82569456       47854964.588367149        0.0000000000000000     
   6.82638884       47869768.358344980        0.0000000000000000     
   6.82708311       47884635.638653427        0.0000000000000000     
   6.82777786       47899522.164336920        0.0000000000000000     
   6.82847214       47914382.112239905        0.0000000000000000     
   6.82916689       48010824.121319637        0.0000000000000000     
   6.82986116       47897050.605889432        0.0000000000000000     
   6.83055544       47910407.148913458        0.0000000000000000     
   6.83125019       47928400.569662705        0.0000000000000000     
   6.83194447       47942402.790145278        0.0000000000000000     
   6.83263874       48675636.245800398        0.0000000000000000     
   6.83333349       48829228.965756916        0.0000000000000000     
   6.83402777       48164045.882447481        0.0000000000000000     
   6.83472204       47930604.377903901        0.0000000000000000     
   6.83541679       47923365.459665492        0.0000000000000000     
   6.83611107       47947678.276706755        0.0000000000000000     
   6.83680534       47967736.795542821        0.0000000000000000     
   6.83750010       47977167.734618880        0.0000000000000000     
   6.83819437       47992121.329925455        0.0000000000000000     
   6.83888912       48009030.576000266        0.0000000000000000     
   6.83958340       48164082.107791469        0.0000000000000000     
   6.84027767       48054383.818654612        0.0000000000000000     
   6.84097242       47612696.725537211        0.0000000000000000     
   6.84166670       47760522.646369062        0.0000000000000000     
   6.84236097       47923409.570320487        0.0000000000000000     
   6.84305573       47751891.481839158        0.0000000000000000     
   6.84375000       47948054.321768537        0.0000000000000000     
   6.84444427       47962197.089905247        0.0000000000000000     
   6.84513903       47976877.389989972        0.0000000000000000     
   6.84583330       47992215.028270654        0.0000000000000000     
   6.84652758       48007074.162967697        0.0000000000000000     
   6.84722233       48022142.447611198        0.0000000000000000     
   6.84791660       48037180.325700462        0.0000000000000000     
   6.84861088       48052245.767146923        0.0000000000000000     
   6.84930563       48756136.746277653        0.0000000000000000     
   6.84999990       48022027.810431033        0.0000000000000000     
   6.85069466       48039491.049167611        0.0000000000000000     
   6.85138893       48057504.064037338        0.0000000000000000     
   6.85208321       48070277.425164126        0.0000000000000000     
   6.85277796       48085798.884308793        0.0000000000000000     
   6.85347223       48101223.155981295        0.0000000000000000     
   6.85416651       48116153.037205383        0.0000000000000000     
   6.85486126       48131131.596384138        0.0000000000000000     
   6.85555553       48146383.291084856        0.0000000000000000     
   6.85624981       48161437.749057703        0.0000000000000000     
   6.85694456       48176550.031793565        0.0000000000000000     
   6.85763884       48233559.311000533        0.0000000000000000     
   6.85833311       48199666.231759466        0.0000000000000000     
   6.85902786       48202607.193310723        0.0000000000000000     
   6.85972214       48220766.057278134        0.0000000000000000     
   6.86041689       49074895.051396489        0.0000000000000000     
   6.86111116       48592896.807441905        0.0000000000000000     
   6.86180544       48774105.537232861        0.0000000000000000     
   6.86250019       48247166.392682895        0.0000000000000000     
   6.86319447       47842608.175486445        0.0000000000000000     
   6.86388874       47348075.957367457        0.0000000000000000     
   6.86458349       47361285.153985910        0.0000000000000000     
   6.86527777       47380270.113545336        0.0000000000000000     
   6.86597204       47393089.193819411        0.0000000000000000     
   6.86666679       47410918.763725817        0.0000000000000000     
   6.86736107       47480998.054259136        0.0000000000000000     
   6.86805534       47465547.215197489        0.0000000000000000     
   6.86875010       47503827.202884860        0.0000000000000000     
   6.86944437       47285496.822080329        0.0000000000000000     
   6.87013912       47773668.915987097        0.0000000000000000     
   6.87083340       47798690.627211459        0.0000000000000000     
   6.87152767       47811796.039478488        0.0000000000000000     
   6.87222242       47822196.218629882        0.0000000000000000     
   6.87291670       47843507.134154111        0.0000000000000000     
   6.87361097       47856805.989971809        0.0000000000000000     
   6.87430573       47873249.259986848        0.0000000000000000     
   6.87500000       47971256.060089707        0.0000000000000000     
   6.87569427       47858086.642507203        0.0000000000000000     
   6.87638903       47872399.127106197        0.0000000000000000     
   6.87708330       47891505.822361328        0.0000000000000000     
   6.87777758       47906569.880823024        0.0000000000000000     
   6.87847233       47922324.082540326        0.0000000000000000     
   6.87916660       47938636.896564297        0.0000000000000000     
   6.87986088       47954514.682033718        0.0000000000000000     
   6.88055563       47970433.451936409        0.0000000000000000     
   6.88124990       47986512.585798375        0.0000000000000000     
   6.88194466       48002469.183108181        0.0000000000000000     
   6.88263893       48018474.814598285        0.0000000000000000     
   6.88333321       48034495.136669829        0.0000000000000000     
   6.88402796       48050503.883369043        0.0000000000000000     
   6.88472223       48207094.660657659        0.0000000000000000     
   6.88541651       48099570.754882015        0.0000000000000000     
   6.88611126       47658455.925920747        0.0000000000000000     
   6.88680553       47807362.025757529        0.0000000000000000     
   6.88749981       48364977.754710630        0.0000000000000000     
   6.88819456       47563896.311065055        0.0000000000000000     
   6.88888884       47548922.058272243        0.0000000000000000     
   6.88958311       47565067.346246317        0.0000000000000000     
   6.89027786       47575902.328517057        0.0000000000000000     
   6.89097214       47596340.813130453        0.0000000000000000     
   6.89166689       47609809.540126227        0.0000000000000000     
   6.89236116       47626190.198531076        0.0000000000000000     
   6.89305544       47641908.065672681        0.0000000000000000     
   6.89375019       47657844.802168980        0.0000000000000000     
   6.89444447       48191626.393090658        0.0000000000000000     
   6.89513874       48207612.400691494        0.0000000000000000     
   6.89583349       48223554.518938102        0.0000000000000000     
   6.89652777       48239492.066297881        0.0000000000000000     
   6.89722204       48255460.990775123        0.0000000000000000     
   6.89791679       48271409.020403646        0.0000000000000000     
   6.89861107       48287350.510358520        0.0000000000000000     
   6.89930534       48303294.700090751        0.0000000000000000     
   6.90000010       48319249.319519967        0.0000000000000000     
   6.90069437       48335216.870245874        0.0000000000000000     
   6.90138912       48351195.733975269        0.0000000000000000     
   6.90208340       48367185.076089151        0.0000000000000000     
   6.90277767       48383180.051923439        0.0000000000000000     
   6.90347242       48399180.443731330        0.0000000000000000     
   6.90416670       48415186.901151046        0.0000000000000000     
   6.90486097       48431198.348642558        0.0000000000000000     
   6.90555573       48447214.913521893        0.0000000000000000     
   6.90625000       48914018.139399379        0.0000000000000000     
   6.90694427       48384105.680981062        0.0000000000000000     
   6.90763903       48397703.359340526        0.0000000000000000     
   6.90833330       48418209.613414757        0.0000000000000000     
   6.90902758       48471295.360131443        0.0000000000000000     
   6.90972233       48441701.456260666        0.0000000000000000     
   6.91041660       48443499.082067102        0.0000000000000000     
   6.91111088       48463227.658263355        0.0000000000000000     
   6.91180563       48477721.679648414        0.0000000000000000     
   6.91249990       48536290.679468878        0.0000000000000000     
   6.91319466       48487674.360978439        0.0000000000000000     
   6.91388893       48499974.494525477        0.0000000000000000     
   6.91458321       48518228.003790550        0.0000000000000000     
   6.91527796       48533686.385078400        0.0000000000000000     
   6.91597223       48549619.128646947        0.0000000000000000     
   6.91666651       48565961.932324074        0.0000000000000000     
   6.91736126       48582054.644311480        0.0000000000000000     
   6.91805553       48653901.498143204        0.0000000000000000     
   6.91874981       48719867.385233626        0.0000000000000000     
   6.91944456       48630730.457049079        0.0000000000000000     
   6.92013884       48410740.106684946        0.0000000000000000     
   6.92083311       48428675.927998081        0.0000000000000000     
   6.92152786       48448357.282620534        0.0000000000000000     
   6.92222214       48462869.400346458        0.0000000000000000     
   6.92291689       48478621.823091961        0.0000000000000000     
   6.92361116       48495232.543526456        0.0000000000000000     
   6.92430544       48511766.863909058        0.0000000000000000     
   6.92500019       48527337.712264895        0.0000000000000000     
   6.92569447       48543778.800754018        0.0000000000000000     
   6.92638874       48560098.642241091        0.0000000000000000     
   6.92708349       48576121.308863342        0.0000000000000000     
   6.92777777       49088576.611369804        0.0000000000000000     
   6.92847204       49232773.734958179        0.0000000000000000     
   6.92916679       49082142.171257935        0.0000000000000000     
   6.92986107       48153554.083171010        0.0000000000000000     
   6.93055534       48305025.763540439        0.0000000000000000     
   6.93125010       48973128.412380710        0.0000000000000000     
   6.93194437       48983348.052030057        0.0000000000000000     
   6.93263912       49002047.555137880        0.0000000000000000     
   6.93333340       49015913.610282652        0.0000000000000000     
   6.93402767       49030746.775218196        0.0000000000000000     
   6.93472242       49046783.073684856        0.0000000000000000     
   6.93541670       49063469.201119408        0.0000000000000000     
   6.93611097       49547292.471998282        0.0000000000000000     
   6.93680573       49087966.186260022        0.0000000000000000     
   6.93750000       49104525.333174698        0.0000000000000000     
   6.93819427       49589945.569082797        0.0000000000000000     
   6.93888903       49604188.138914958        0.0000000000000000     
   6.93958330       49619659.435903609        0.0000000000000000     
   6.94027758       49636148.764041789        0.0000000000000000     
   6.94097233       49651900.725871757        0.0000000000000000     
   6.94166660       49667580.531616136        0.0000000000000000     
   6.94236088       49683313.668723106        0.0000000000000000     
   6.94305563       49699278.176314533        0.0000000000000000     
   6.94374990       49715188.644791782        0.0000000000000000     
   6.94444466       49731155.659353122        0.0000000000000000     
   6.94513893       49747189.797326900        0.0000000000000000     
   6.94583321       49763203.287401654        0.0000000000000000     
   6.94652796       49779185.117688723        0.0000000000000000     
   6.94722223       49795160.823444419        0.0000000000000000     
   6.94791651       49811124.554964885        0.0000000000000000     
   6.94861126       49827076.861170299        0.0000000000000000     
   6.94930553       49843024.939493954        0.0000000000000000     
   6.94999981       49858978.274075650        0.0000000000000000     
   6.95069456       49874941.809361711        0.0000000000000000     
   6.95138884       50663836.282369308        0.0000000000000000     
   6.95208311       50678344.853506677        0.0000000000000000     
   6.95277786       50692848.702724516        0.0000000000000000     
   6.95347214       50707796.514947116        0.0000000000000000     
   6.95416689       50723724.218455672        0.0000000000000000     
   6.95486116       50740336.783421457        0.0000000000000000     
   6.95555544       50756938.060654014        0.0000000000000000     
   6.95625019       50773546.748532139        0.0000000000000000     
   6.95694447       50789775.864538811        0.0000000000000000     
   6.95763874       50805639.387348838        0.0000000000000000     
   6.95833349       50863593.328713253        0.0000000000000000     
   6.95902777       50830631.120233886        0.0000000000000000     
   6.95972204       50834240.412403055        0.0000000000000000     
   6.96041679       50853604.740888275        0.0000000000000000     
   6.96111107       50868593.467373274        0.0000000000000000     
   6.96180534       51008572.106526352        0.0000000000000000     
   6.96250010       51508263.072540708        0.0000000000000000     
   6.96319437       50214422.719753362        0.0000000000000000     
   6.96388912       50236400.174569860        0.0000000000000000     
   6.96458340       50253868.265293114        0.0000000000000000     
   6.96527767       50268309.278514937        0.0000000000000000     
   6.96597242       50286973.487599470        0.0000000000000000     
   6.96666670       50302411.491366014        0.0000000000000000     
   6.96736097       50842980.208357416        0.0000000000000000     
   6.96805573       50349910.324943230        0.0000000000000000     
   6.96875000       50389103.273721062        0.0000000000000000     
   6.96944427       50639429.555505276        0.0000000000000000     
   6.97013903       50653161.410632826        0.0000000000000000     
   6.97083330       50673425.903776653        0.0000000000000000     
   6.97152758       50828995.222878076        0.0000000000000000     
   6.97222233       50721188.154076368        0.0000000000000000     
   6.97291660       50280477.480982870        0.0000000000000000     
   6.97361088       50429936.789287396        0.0000000000000000     
   6.97430563       50593743.580131076        0.0000000000000000     
   6.97499990       50603542.094198085        0.0000000000000000     
   6.97569466       50620118.531990089        0.0000000000000000     
   6.97638893       50636205.886517137        0.0000000000000000     
   6.97708321       50652545.625697568        0.0000000000000000     
   6.97777796       50668867.508142583        0.0000000000000000     
   6.97847223       50685229.633194081        0.0000000000000000     
   6.97916651       50701493.083530128        0.0000000000000000     
   6.97986126       50717866.818709590        0.0000000000000000     
   6.98055553       50734203.625708178        0.0000000000000000     
   6.98124981       50750528.381845228        0.0000000000000000     
   6.98194456       50766902.310994066        0.0000000000000000     
   6.98263884       50783251.176419869        0.0000000000000000     
   6.98333311       50799614.968465269        0.0000000000000000     
   6.98402786       50815985.513388753        0.0000000000000000     
   6.98472214       50832357.569862559        0.0000000000000000     
   6.98541689       50848735.724154122        0.0000000000000000     
   6.98611116       50865121.402472571        0.0000000000000000     
   6.98680544       50881512.130830653        0.0000000000000000     
   6.98750019       50897909.745467313        0.0000000000000000     
   6.98819447       50914313.345547855        0.0000000000000000     
   6.98888874       50930723.015464403        0.0000000000000000     
   6.98958349       50947137.983498491        0.0000000000000000     
   6.99027777       50963559.217371501        0.0000000000000000     
   6.99097204       50979985.745569915        0.0000000000000000     
   6.99166679       50996418.567796379        0.0000000000000000     
   6.99236107       51012856.835879423        0.0000000000000000     
   6.99305534       51029301.313832104        0.0000000000000000     
   6.99375010       51756046.263193116        0.0000000000000000     
   6.99444437       51057802.592467748        0.0000000000000000     
   6.99513912       51909418.302416503        0.0000000000000000     
   6.99583340       50506811.716645718        0.0000000000000000     
   6.99652767       51002017.631863505        0.0000000000000000     
   6.99722242       51010603.018983990        0.0000000000000000     
   6.99791670       51025888.950753361        0.0000000000000000     
   6.99861097       51045742.841162018        0.0000000000000000     
   6.99930573       51060671.938298009        0.0000000000000000     
   7.00000000       51077359.426872529        0.0000000000000000     
   7.00069427       51093755.379616134        0.0000000000000000     
   7.00138903       51110520.091637872        0.0000000000000000     
   7.00208330       51126919.211823344        0.0000000000000000     
   7.00277758       51143368.778788544        0.0000000000000000     
   7.00347233       51159975.200259112        0.0000000000000000     
   7.00416660       51257854.005754828        0.0000000000000000     
   7.00486088       51146333.101413354        0.0000000000000000     
   7.00555563       51161351.348507531        0.0000000000000000     
   7.00624990       51222893.053352967        0.0000000000000000     
   7.00694466       51190353.308859184        0.0000000000000000     
   7.00763893       51193982.965776682        0.0000000000000000     
   7.00833321       51213885.437689297        0.0000000000000000     
   7.00902796       51228920.492308453        0.0000000000000000     
   7.00972223       51287679.935589641        0.0000000000000000     
   7.01041651       51239955.380491182        0.0000000000000000     
   7.01111126       51252650.293488815        0.0000000000000000     
   7.01180553       51271390.387954906        0.0000000000000000     
   7.01249981       51287315.211627916        0.0000000000000000     
   7.01319456       51443496.899007030        0.0000000000000000     
   7.01388884       51337980.891944736        0.0000000000000000     
   7.01458311       50898599.707152426        0.0000000000000000     
   7.01527786       51805729.302739725        0.0000000000000000     
   7.01597214       51324442.204839729        0.0000000000000000     
   7.01666689       50819753.792782702        0.0000000000000000     
   7.01736116       50882533.517323241        0.0000000000000000     
   7.01805544       50392676.579251982        0.0000000000000000     
   7.01875019       50411685.849451199        0.0000000000000000     
   7.01944447       50430040.762943111        0.0000000000000000     
   7.02013874       50443572.972448625        0.0000000000000000     
   7.02083349       50463131.173898257        0.0000000000000000     
   7.02152777       50479515.578100756        0.0000000000000000     
   7.02222204       50496240.113813169        0.0000000000000000     
   7.02291679       50513443.362921126        0.0000000000000000     
   7.02361107       50530659.305253595        0.0000000000000000     
   7.02430534       50547445.590456769        0.0000000000000000     
   7.02500010       50564590.892060742        0.0000000000000000     
   7.02569437       50581660.312521510        0.0000000000000000     
   7.02638912       50598668.251618661        0.0000000000000000     
   7.02708340       50615722.519488744        0.0000000000000000     
   7.02777767       51100022.467877671        0.0000000000000000     
   7.02847242       50636716.860832676        0.0000000000000000     
   7.02916670       50653464.722911105        0.0000000000000000     
   7.02986097       50671213.015629813        0.0000000000000000     
   7.03055573       51156334.795671329        0.0000000000000000     
   7.03125000       51170381.313650586        0.0000000000000000     
   7.03194427       51186660.151582986        0.0000000000000000     
   7.03263903       51204660.662369549        0.0000000000000000     
   7.03333330       51220671.479934640        0.0000000000000000     
   7.03402758       51237398.175193742        0.0000000000000000     
   7.03472233       51254097.314030960        0.0000000000000000     
   7.03541660       51270850.134601370        0.0000000000000000     
   7.03611088       51878988.462885924        0.0000000000000000     
   7.03680563       51896371.386854820        0.0000000000000000     
   7.03749990       51912935.105497785        0.0000000000000000     
   7.03819466       51929666.031276815        0.0000000000000000     
   7.03888893       51946577.579091735        0.0000000000000000     
   7.03958321       51963274.064795442        0.0000000000000000     
   7.04027796       51980241.964173496        0.0000000000000000     
   7.04097223       51997036.186137520        0.0000000000000000     
   7.04166651       52013913.747737691        0.0000000000000000     
   7.04236126       52030701.604445346        0.0000000000000000     
   7.04305553       52047508.710607536        0.0000000000000000     
   7.04374981       52064318.585632838        0.0000000000000000     
   7.04444456       52081152.348914348        0.0000000000000000     
   7.04513884       52098000.759455502        0.0000000000000000     
   7.04583311       52196751.064921170        0.0000000000000000     
   7.04652786       52085081.917346165        0.0000000000000000     
   7.04722214       52100413.599948607        0.0000000000000000     
   7.04791689       52120321.394996420        0.0000000000000000     
   7.04861116       52136287.306309268        0.0000000000000000     
   7.04930544       52152949.205404513        0.0000000000000000     
   7.05000019       52170167.571248852        0.0000000000000000     
   7.05069447       52186917.453296125        0.0000000000000000     
   7.05138874       52203738.344619341        0.0000000000000000     
   7.05208349       52220705.482287914        0.0000000000000000     
   7.05277777       52237536.428684510        0.0000000000000000     
   7.05347204       52296365.877913631        0.0000000000000000     
   7.05416679       52927901.682316221        0.0000000000000000     
   7.05486107       51805109.824825652        0.0000000000000000     
   7.05555534       52173630.963512205        0.0000000000000000     
   7.05625010       51733107.564050391        0.0000000000000000     
   7.05694437       51920531.192887247        0.0000000000000000     
   7.05763912       52023712.953862302        0.0000000000000000     
   7.05833340       52030434.356066182        0.0000000000000000     
   7.05902767       52049052.000445865        0.0000000000000000     
   7.05972242       52065114.575329058        0.0000000000000000     
   7.06041670       52082232.219212994        0.0000000000000000     
   7.06111097       52099254.370498709        0.0000000000000000     
   7.06180573       52116125.460926734        0.0000000000000000     
   7.06250000       52972576.649746709        0.0000000000000000     
   7.06319427       52310315.251209266        0.0000000000000000     
   7.06388903       52361985.333043002        0.0000000000000000     
   7.06458330       51099452.606258877        0.0000000000000000     
   7.06527758       51777745.279078998        0.0000000000000000     
   7.06597233       51529088.906877778        0.0000000000000000     
   7.06666660       52217593.062850147        0.0000000000000000     
   7.06736088       51956021.490952455        0.0000000000000000     
   7.06805563       52328754.329543412        0.0000000000000000     
   7.06874990       51923412.741774306        0.0000000000000000     
   7.06944466       49258724.081340425        0.0000000000000000     
   7.07013893       49663709.897144936        0.0000000000000000     
   7.07083321       50055143.670345515        0.0000000000000000     
   7.07152796       50057214.220865764        0.0000000000000000     
   7.07222223       50070780.636503011        0.0000000000000000     
   7.07291651       50087050.399216555        0.0000000000000000     
   7.07361126       50098242.376280926        0.0000000000000000     
   7.07430553       50113324.358932160        0.0000000000000000     
   7.07499981       50128636.557374358        0.0000000000000000     
   7.07569456       50143788.311606623        0.0000000000000000     
   7.07638884       50158549.873984635        0.0000000000000000     
   7.07708311       50172890.505849361        0.0000000000000000     
   7.07777786       50187394.486646995        0.0000000000000000     
   7.07847214       50920753.915085368        0.0000000000000000     
   7.07916689       51073715.322994024        0.0000000000000000     
   7.07986116       50409519.203048490        0.0000000000000000     
   7.08055544       50176880.877730042        0.0000000000000000     
   7.08125019       50170939.722372659        0.0000000000000000     
   7.08194447       50196542.702238023        0.0000000000000000     
   7.08263874       50218106.580814615        0.0000000000000000     
   7.08333349       50229187.325752065        0.0000000000000000     
   7.08402777       50245727.455790803        0.0000000000000000     
   7.08472204       50264155.286011986        0.0000000000000000     
   7.08541679       50280063.973178655        0.0000000000000000     
   7.08611107       50295954.787822962        0.0000000000000000     
   7.08680534       50394550.087692216        0.0000000000000000     
   7.08750010       50282909.716038920        0.0000000000000000     
   7.08819437       50297849.814452186        0.0000000000000000     
   7.08888912       50317624.057590708        0.0000000000000000     
   7.08958340       50333541.343274213        0.0000000000000000     
   7.09027767       50350104.486762002        0.0000000000000000     
   7.09097242       50367251.713386744        0.0000000000000000     
   7.09166670       50383960.129797719        0.0000000000000000     
   7.09236097       50400725.460352376        0.0000000000000000     
   7.09305573       51106708.056460649        0.0000000000000000     
   7.09375000       50375179.924560383        0.0000000000000000     
   7.09444427       50394376.477503672        0.0000000000000000     
   7.09513903       50414091.389927000        0.0000000000000000     
   7.09583330       50569341.702214666        0.0000000000000000     
   7.09652758       51236341.580343232        0.0000000000000000     
   7.09722233       50792080.477371946        0.0000000000000000     
   7.09791660       50939667.337086864        0.0000000000000000     
   7.09861088       51103569.684365198        0.0000000000000000     
   7.09930563       51113548.714494556        0.0000000000000000     
   7.09999990       51173177.834135011        0.0000000000000000     
   7.10069466       51143047.109176807        0.0000000000000000     
   7.10138893       51147614.633850582        0.0000000000000000     
   7.10208321       51167720.835164197        0.0000000000000000     
   7.10277796       51183133.479852252        0.0000000000000000     
   7.10347223       52083067.080061175        0.0000000000000000     
   7.10416651       51537634.528840132        0.0000000000000000     
   7.10486126       51675623.842378840        0.0000000000000000     
   7.10555553       51219362.415757701        0.0000000000000000     
   7.10624981       50817908.919523932        0.0000000000000000     
   7.10694456       50321555.507345527        0.0000000000000000     
   7.10763884       50808923.650450267        0.0000000000000000     
   7.10833311       50375930.808630221        0.0000000000000000     
   7.10902786       50446946.157097377        0.0000000000000000     
   7.10972214       50901052.321489014        0.0000000000000000     
   7.11041689       50462298.520428605        0.0000000000000000     
   7.11111116       50714769.544005491        0.0000000000000000     
   7.11180544       50733021.835580692        0.0000000000000000     
   7.11250019       50754367.913764074        0.0000000000000000     
   7.11319447       50769953.107567258        0.0000000000000000     
   7.11388874       50788001.403690368        0.0000000000000000     
   7.11458349       50805708.638136812        0.0000000000000000     
   7.11527777       50824180.191116571        0.0000000000000000     
   7.11597204       50841296.715707444        0.0000000000000000     
   7.11666679       50859425.881657779        0.0000000000000000     
   7.11736107       50877419.256242938        0.0000000000000000     
   7.11805534       50895078.172510870        0.0000000000000000     
   7.11875010       50912972.046856388        0.0000000000000000     
   7.11944437       50930866.404433988        0.0000000000000000     
   7.12013912       50948649.768604621        0.0000000000000000     
   7.12083340       50966510.619533010        0.0000000000000000     
   7.12152767       50984388.697714932        0.0000000000000000     
   7.12222242       51002241.855455168        0.0000000000000000     
   7.12291670       51020114.765302725        0.0000000000000000     
   7.12361097       51037993.627855167        0.0000000000000000     
   7.12430573       51055864.770074256        0.0000000000000000     
   7.12500000       51073742.187963620        0.0000000000000000     
   7.12569427       51091625.951281972        0.0000000000000000     
   7.12638903       51109512.491380304        0.0000000000000000     
   7.12708330       51127403.736498110        0.0000000000000000     
   7.12777758       51621624.289934739        0.0000000000000000     
   7.12847233       50700450.334302641        0.0000000000000000     
   7.12916660       50685790.192116350        0.0000000000000000     
   7.12986088       50706797.688801520        0.0000000000000000     
   7.13055563       50718603.586147375        0.0000000000000000     
   7.13124990       50740670.254592545        0.0000000000000000     
   7.13194466       50756205.747481056        0.0000000000000000     
   7.13263893       50774326.324271902        0.0000000000000000     
   7.13333321       50791765.529523164        0.0000000000000000     
   7.13402796       50809570.764365569        0.0000000000000000     
   7.13472223       50827010.345095530        0.0000000000000000     
   7.13541651       50844679.708057493        0.0000000000000000     
   7.13611126       51002650.992018417        0.0000000000000000     
   7.13680553       50897735.146314755        0.0000000000000000     
   7.13749981       50457692.848687656        0.0000000000000000     
   7.13819456       50608440.490569495        0.0000000000000000     
   7.13888884       50774513.944369726        0.0000000000000000     
   7.13958311       50785114.343509555        0.0000000000000000     
   7.14027786       50802975.584198192        0.0000000000000000     
   7.14097214       50820614.652159922        0.0000000000000000     
   7.14166689       50838178.318062268        0.0000000000000000     
   7.14236116       50855807.882581629        0.0000000000000000     
   7.14305544       50873553.886588506        0.0000000000000000     
   7.14375019       50891127.687826455        0.0000000000000000     
   7.14444447       51359986.936374590        0.0000000000000000     
   7.14513874       50832510.060512207        0.0000000000000000     
   7.14583349       50847743.691491134        0.0000000000000000     
   7.14652777       50912198.375717193        0.0000000000000000     
   7.14722204       50876409.797693945        0.0000000000000000     
   7.14791679       50926712.926699460        0.0000000000000000     
   7.14861107       50882242.099085122        0.0000000000000000     
   7.14930534       50895633.204134770        0.0000000000000000     
   7.15000010       50915353.286586903        0.0000000000000000     
   7.15069437       50932725.274809435        0.0000000000000000     
   7.15138912       50950090.800216213        0.0000000000000000     
   7.15208340       50967984.013513878        0.0000000000000000     
   7.15277767       50985747.292722546        0.0000000000000000     
   7.15347242       51003322.677285679        0.0000000000000000     
   7.15416670       51076174.336454205        0.0000000000000000     
   7.15486097       51063170.200091697        0.0000000000000000     
   7.15555573       51103700.706886515        0.0000000000000000     
   7.15625000       50887477.663900353        0.0000000000000000     
   7.15694427       50903866.481606990        0.0000000000000000     
   7.15763903       50926003.748625077        0.0000000000000000     
   7.15833330       50942275.459052227        0.0000000000000000     
   7.15902758       50959260.801930599        0.0000000000000000     
   7.15972233       50977563.478449494        0.0000000000000000     
   7.16041660       50995697.292684190        0.0000000000000000     
   7.16111088       51012746.724826522        0.0000000000000000     
   7.16180563       51030796.421462044        0.0000000000000000     
   7.16249990       51048657.736496717        0.0000000000000000     
   7.16319466       51066222.113437109        0.0000000000000000     
   7.16388893       51084041.380378582        0.0000000000000000     
   7.16458321       51101850.863600120        0.0000000000000000     
   7.16527796       51583544.732325003        0.0000000000000000     
   7.16597223       51108293.392641462        0.0000000000000000     
   7.16666651       51125293.930724904        0.0000000000000000     
   7.16736126       51226269.879191272        0.0000000000000000     
   7.16805553       51114256.233095899        0.0000000000000000     
   7.16874981       51131689.020525269        0.0000000000000000     
   7.16944456       51151943.740979522        0.0000000000000000     
   7.17013884       51169051.159320571        0.0000000000000000     
   7.17083311       51186584.287084639        0.0000000000000000     
   7.17152786       51672415.070298135        0.0000000000000000     
   7.17222214       51214066.918410048        0.0000000000000000     
   7.17291689       51699904.437804304        0.0000000000000000     
   7.17361116       51717070.175792165        0.0000000000000000     
   7.17430544       51734068.172388941        0.0000000000000000     
   7.17500019       51751968.489787921        0.0000000000000000     
   7.17569447       51908763.638440102        0.0000000000000000     
   7.17638874       51804385.720940091        0.0000000000000000     
   7.17708349       51957279.997125961        0.0000000000000000     
   7.17777777       52107885.167905882        0.0000000000000000     
   7.17847204       52273621.636304118        0.0000000000000000     
   7.17916679       52284088.149700180        0.0000000000000000     
   7.17986107       52301854.436080709        0.0000000000000000     
   7.18055534       52319357.758826785        0.0000000000000000     
   7.18125010       52336826.917692497        0.0000000000000000     
   7.18194437       52354337.232927844        0.0000000000000000     
   7.18263912       52371981.332250156        0.0000000000000000     
   7.18333340       52389448.895315699        0.0000000000000000     
   7.18402767       52407030.240225136        0.0000000000000000     
   7.18472242       52424593.789805308        0.0000000000000000     
   7.18541670       52442127.952526167        0.0000000000000000     
   7.18611097       52459704.068407901        0.0000000000000000     
   7.18680573       52477261.616829023        0.0000000000000000     
   7.18750000       52494830.506648436        0.0000000000000000     
   7.18819427       52512402.616429061        0.0000000000000000     
   7.18888903       52529976.731727429        0.0000000000000000     
   7.18958330       52547553.854345493        0.0000000000000000     
   7.19027758       52565134.972613096        0.0000000000000000     
   7.19097233       52624645.789134040        0.0000000000000000     
   7.19166660       52594413.249135867        0.0000000000000000     
   7.19236088       52598951.203650594        0.0000000000000000     
   7.19305563       52619552.284718491        0.0000000000000000     
   7.19374990       52635759.855059490        0.0000000000000000     
   7.19444466       52695780.310759336        0.0000000000000000     
   7.19513893       52648693.809614539        0.0000000000000000     
   7.19583321       53339382.343938686        0.0000000000000000     
   7.19652796       52054438.486181125        0.0000000000000000     
   7.19722223       52538063.892072298        0.0000000000000000     
   7.19791651       52090395.581118889        0.0000000000000000     
   7.19861126       52107262.789310291        0.0000000000000000     
   7.19930553       52182196.993038401        0.0000000000000000     
   7.19999981       52635975.950811192        0.0000000000000000     
   7.20069456       52202282.279894486        0.0000000000000000     
   7.20138884       52453725.816820845        0.0000000000000000     
   7.20208311       52001768.531684250        0.0000000000000000     
   7.20277786       53278920.589115232        0.0000000000000000     
   7.20347214       52637352.701996572        0.0000000000000000     
   7.20416689       52636552.315472774        0.0000000000000000     
   7.20486116       51627165.560204938        0.0000000000000000     
   7.20555544       51667801.251445375        0.0000000000000000     
   7.20625019       51734341.810502775        0.0000000000000000     
   7.20694447       51291014.583528005        0.0000000000000000     
   7.20763874       51788991.237618789        0.0000000000000000     
   7.20833349       51769692.264870271        0.0000000000000000     
   7.20902777       51848001.737656236        0.0000000000000000     
   7.20972204       49418517.450860463        0.0000000000000000     
   7.21041679       49800469.110485420        0.0000000000000000     
   7.21111107       49783183.415020965        0.0000000000000000     
   7.21180534       49794109.435787238        0.0000000000000000     
   7.21250010       49807133.443990864        0.0000000000000000     
   7.21319437       49821571.287076950        0.0000000000000000     
   7.21388912       49837227.739309393        0.0000000000000000     
   7.21458340       49853123.156635866        0.0000000000000000     
   7.21527767       50010070.887690112        0.0000000000000000     
   7.21597242       49903454.496012405        0.0000000000000000     
   7.21666670       49460960.681400046        0.0000000000000000     
   7.21736097       49609561.286540747        0.0000000000000000     
   7.21805573       49773364.474471755        0.0000000000000000     
   7.21875000       49781786.035985000        0.0000000000000000     
   7.21944427       49798032.412085205        0.0000000000000000     
   7.22013903       49814516.497040622        0.0000000000000000     
   7.22083330       49831287.269794337        0.0000000000000000     
   7.22152758       49848395.120422214        0.0000000000000000     
   7.22222233       50639298.845161237        0.0000000000000000     
   7.22291660       50652706.671062708        0.0000000000000000     
   7.22361088       50666513.739042655        0.0000000000000000     
   7.22430563       51391734.227404699        0.0000000000000000     
   7.22499990       50694566.786222242        0.0000000000000000     
   7.22569466       51548548.587127261        0.0000000000000000     
   7.22638893       50148425.183680385        0.0000000000000000     
   7.22708321       50646295.254907407        0.0000000000000000     
   7.22777796       50656222.788463771        0.0000000000000000     
   7.22847223       50672052.556457460        0.0000000000000000     
   7.22916651       50692319.099250667        0.0000000000000000     
   7.22986126       50707943.643029064        0.0000000000000000     
   7.23055553       50725839.268855855        0.0000000000000000     
   7.23124981       50743802.937504984        0.0000000000000000     
   7.23194456       50762231.679258391        0.0000000000000000     
   7.23263884       50780108.979596384        0.0000000000000000     
   7.23333311       50797731.898100980        0.0000000000000000     
   7.23402786       50815284.762393534        0.0000000000000000     
   7.23472214       50832692.250078097        0.0000000000000000     
   7.23541689       50892079.763107032        0.0000000000000000     
   7.23611116       50862291.525533400        0.0000000000000000     
   7.23680544       50866941.382468171        0.0000000000000000     
   7.23750019       50887735.251306757        0.0000000000000000     
   7.23819447       50904116.348554090        0.0000000000000000     
   7.23888874       50964279.406025261        0.0000000000000000     
   7.23958349       50917245.891216516        0.0000000000000000     
   7.24027777       50931088.615895964        0.0000000000000000     
   7.24097204       50950986.380075157        0.0000000000000000     
   7.24166679       50968075.583330266        0.0000000000000000     
   7.24236107       50985689.462042369        0.0000000000000000     
   7.24305534       51003680.583837099        0.0000000000000000     
   7.24375010       51077071.416234173        0.0000000000000000     
   7.24444437       51766784.902533911        0.0000000000000000     
   7.24513912       51192685.403684877        0.0000000000000000     
   7.24583340       50521051.676932588        0.0000000000000000     
   7.24652767       50690344.092692986        0.0000000000000000     
   7.24722242       50205380.183908597        0.0000000000000000     
   7.24791670       50222777.122443043        0.0000000000000000     
   7.24861097       50242189.397835016        0.0000000000000000     
   7.24930573       50257956.940678574        0.0000000000000000     
   7.25000000       50278931.388405479        0.0000000000000000     
   7.25069427       50295260.257124484        0.0000000000000000     
   7.25138903       50314112.855725281        0.0000000000000000     
   7.25208330       50332413.597516641        0.0000000000000000     
   7.25277758       50350452.760627419        0.0000000000000000     
   7.25347233       50368693.881906874        0.0000000000000000     
   7.25416660       50527340.362315372        0.0000000000000000     
   7.25486088       50422940.500552483        0.0000000000000000     
   7.25555563       50449803.236220084        0.0000000000000000     
   7.25624990       50123096.682340086        0.0000000000000000     
   7.25694466       50289533.881345175        0.0000000000000000     
   7.25763893       50301233.321777649        0.0000000000000000     
   7.25833321       50787907.069166563        0.0000000000000000     
   7.25902796       50802270.645904377        0.0000000000000000     
   7.25972223       50819545.078105442        0.0000000000000000     
   7.26041651       50839015.720477007        0.0000000000000000     
   7.26111126       50856096.519858174        0.0000000000000000     
   7.26180553       50873932.046177030        0.0000000000000000     
   7.26249981       50891795.324430831        0.0000000000000000     
   7.26319456       50909738.025301322        0.0000000000000000     
   7.26388884       50927493.971630476        0.0000000000000000     
   7.26458311       50945333.771891356        0.0000000000000000     
   7.26527786       50963210.365041584        0.0000000000000000     
   7.26597214       50981054.106264494        0.0000000000000000     
   7.26666689       50998895.432952017        0.0000000000000000     
   7.26736116       51016759.700770050        0.0000000000000000     
   7.26805544       51034620.364334419        0.0000000000000000     
   7.26875019       51052481.331411771        0.0000000000000000     
   7.26944447       51070348.997305311        0.0000000000000000     
   7.27013874       51088219.898374841        0.0000000000000000     
   7.27083349       51106093.769120142        0.0000000000000000     
   7.27152777       51123970.449563101        0.0000000000000000     
   7.27222204       51141851.313404098        0.0000000000000000     
   7.27291679       51159734.932146102        0.0000000000000000     
   7.27361107       51177622.150181599        0.0000000000000000     
   7.27430534       51195512.353335746        0.0000000000000000     
   7.27500010       51213406.345891967        0.0000000000000000     
   7.27569437       51231303.181965224        0.0000000000000000     
   7.27638912       51249203.840208694        0.0000000000000000     
   7.27708340       51267107.434386767        0.0000000000000000     
   7.27777767       51285014.873616114        0.0000000000000000     
   7.27847242       51302925.263048321        0.0000000000000000     
   7.27916670       51320839.522274449        0.0000000000000000     
   7.27986097       51381113.970401056        0.0000000000000000     
   7.28055573       52014119.279443026        0.0000000000000000     
   7.28125000       50793368.839333348        0.0000000000000000     
   7.28194427       51223422.332196154        0.0000000000000000     
   7.28263903       51238647.975014344        0.0000000000000000     
   7.28333330       51253924.917401902        0.0000000000000000     
   7.28402758       51273825.065977275        0.0000000000000000     
   7.28472233       51374149.438779764        0.0000000000000000     
   7.28541660       51263007.347361535        0.0000000000000000     
   7.28611088       51279340.952622429        0.0000000000000000     
   7.28680563       51300600.157193996        0.0000000000000000     
   7.28749990       51373144.416686907        0.0000000000000000     
   7.28819466       51360032.147849575        0.0000000000000000     
   7.28888893       51401316.100812227        0.0000000000000000     
   7.28958321       51184029.625145987        0.0000000000000000     
   7.29027796       51200548.547016092        0.0000000000000000     
   7.29097223       51223029.590175070        0.0000000000000000     
   7.29166651       51239480.484232448        0.0000000000000000     
   7.29236126       51256728.484995879        0.0000000000000000     
   7.29305553       51416333.618189812        0.0000000000000000     
   7.29374981       51311366.517698862        0.0000000000000000     
   7.29444456       50868837.489958122        0.0000000000000000     
   7.29513884       51020526.044932082        0.0000000000000000     
   7.29583311       51187408.597714074        0.0000000000000000     
   7.29652786       51790512.127830371        0.0000000000000000     
   7.29722214       51809055.476789653        0.0000000000000000     
   7.29791689       51827146.942173183        0.0000000000000000     
   7.29861116       51845145.089285798        0.0000000000000000     
   7.29930544       51863296.129210129        0.0000000000000000     
   7.30000019       51881513.979494132        0.0000000000000000     
   7.30069447       51899581.045918182        0.0000000000000000     
   7.30138874       51917749.608015962        0.0000000000000000     
   7.30208349       51935925.436229497        0.0000000000000000     
   7.30277777       52672121.913548678        0.0000000000000000     
   7.30347204       52828430.478200793        0.0000000000000000     
   7.30416679       52168355.198649652        0.0000000000000000     
   7.30486107       51938109.817749068        0.0000000000000000     
   7.30555534       51934435.898273736        0.0000000000000000     
   7.30625010       51961838.253001243        0.0000000000000000     
   7.30694437       51985039.957035199        0.0000000000000000     
   7.30763912       51997793.590555795        0.0000000000000000     
   7.30833340       52015982.755179316        0.0000000000000000     
   7.30902767       52036078.029410772        0.0000000000000000     
   7.30972242       52053713.956620447        0.0000000000000000     
   7.31041670       52071338.582750209        0.0000000000000000     
   7.31111097       52089926.813286372        0.0000000000000000     
   7.31180573       52108206.053061306        0.0000000000000000     
   7.31250000       52126244.154097453        0.0000000000000000     
   7.31319427       52144469.022124209        0.0000000000000000     
   7.31388903       52162734.277035631        0.0000000000000000     
   7.31458330       52180923.007044606        0.0000000000000000     
   7.31527758       52199126.316080891        0.0000000000000000     
   7.31597233       52425823.649250381        0.0000000000000000     
   7.31666660       52557127.113678500        0.0000000000000000     
   7.31736088       52190907.508915260        0.0000000000000000     
   7.31805563       52187900.629274912        0.0000000000000000     
   7.31874990       52215546.851001009        0.0000000000000000     
   7.31944466       52238406.565949135        0.0000000000000000     
   7.32013893       52251497.421810076        0.0000000000000000     
   7.32083321       53134390.037436679        0.0000000000000000     
   7.32152796       52687657.816137098        0.0000000000000000     
   7.32222223       53585333.012741737        0.0000000000000000     
   7.32291651       53636676.775152482        0.0000000000000000     
   7.32361126       53349567.773427658        0.0000000000000000     
   7.32430553       53641299.156605080        0.0000000000000000     
   7.32499981       53218501.417071499        0.0000000000000000     
   7.32569456       52265803.096070342        0.0000000000000000     
   7.32638884       53524585.200968213        0.0000000000000000     
   7.32708311       51729068.617613450        0.0000000000000000     
   7.32777786       52324253.591570728        0.0000000000000000     
   7.32847214       51454860.821390264        0.0000000000000000     
   7.32916689       49642672.048126914        0.0000000000000000     
   7.32986116       49405230.115543850        0.0000000000000000     
   7.33055544       48713623.261829183        0.0000000000000000     
   7.33125019       47995179.518168911        0.0000000000000000     
   7.33194447       48799592.301607102        0.0000000000000000     
   7.33263874       47454363.132805668        0.0000000000000000     
   7.33333349       46570239.052399196        0.0000000000000000     
   7.33402777       46719499.023409195        0.0000000000000000     
   7.33472204       47065499.839622729        0.0000000000000000     
   7.33541679       46729752.001991600        0.0000000000000000     
   7.33611107       46737473.473171681        0.0000000000000000     
   7.33680534       46748067.161069170        0.0000000000000000     
   7.33750010       46759942.514958248        0.0000000000000000     
   7.33819437       46771291.951009691        0.0000000000000000     
   7.33888912       46783869.332564510        0.0000000000000000     
   7.33958340       46797001.042619564        0.0000000000000000     
   7.34027767       46810402.258488648        0.0000000000000000     
   7.34097242       46824579.823549055        0.0000000000000000     
   7.34166670       46839362.564007014        0.0000000000000000     
   7.34236097       46854534.254117198        0.0000000000000000     
   7.34305573       46870176.164982811        0.0000000000000000     
   7.34375000       47731305.181738757        0.0000000000000000     
   7.34444427       47217662.123807192        0.0000000000000000     
   7.34513903       47491358.371936396        0.0000000000000000     
   7.34583330       46221647.123941623        0.0000000000000000     
   7.34652758       46243583.478744470        0.0000000000000000     
   7.34722233       46260780.992163442        0.0000000000000000     
   7.34791660       46273538.939333849        0.0000000000000000     
   7.34861088       46294802.833289884        0.0000000000000000     
   7.34930563       46311414.830780990        0.0000000000000000     
   7.34999990       46328882.965060309        0.0000000000000000     
   7.35069466       46346994.359240063        0.0000000000000000     
   7.35138893       46365046.356462203        0.0000000000000000     
   7.35208321       46382947.813799575        0.0000000000000000     
   7.35277796       46401075.009125806        0.0000000000000000     
   7.35347223       46419252.306572035        0.0000000000000000     
   7.35416651       46437420.822539680        0.0000000000000000     
   7.35486126       46455642.495961644        0.0000000000000000     
   7.35555553       46930259.830809586        0.0000000000000000     
   7.35624981       46423222.825621307        0.0000000000000000     
   7.35694456       46439703.727323569        0.0000000000000000     
   7.35763884       46461426.707068242        0.0000000000000000     
   7.35833311       46476003.472129032        0.0000000000000000     
   7.35902786       46497191.549270876        0.0000000000000000     
   7.35972214       46514276.752480052        0.0000000000000000     
   7.36041689       46533201.456942894        0.0000000000000000     
   7.36111116       46633674.015201584        0.0000000000000000     
   7.36180544       46523733.024758816        0.0000000000000000     
   7.36250019       46540671.803654335        0.0000000000000000     
   7.36319447       46562255.708774842        0.0000000000000000     
   7.36388874       46579886.596040286        0.0000000000000000     
   7.36458349       46598240.512522146        0.0000000000000000     
   7.36527777       46617129.338087231        0.0000000000000000     
   7.36597204       46677599.679630131        0.0000000000000000     
   7.36666679       46649031.576252170        0.0000000000000000     
   7.36736107       46696048.956239931        0.0000000000000000     
   7.36805534       46654572.169025496        0.0000000000000000     
   7.36875010       46808405.346074529        0.0000000000000000     
   7.36944437       47172145.658118494        0.0000000000000000     
   7.37013912       46248048.475072376        0.0000000000000000     
   7.37083340       46399118.622525923        0.0000000000000000     
   7.37152767       46567490.362328105        0.0000000000000000     
   7.37222242       46577814.937873431        0.0000000000000000     
   7.37291670       46597337.816523500        0.0000000000000000     
   7.37361097       47138616.709225975        0.0000000000000000     
   7.37430573       46653165.272917435        0.0000000000000000     
   7.37500000       47163358.930465356        0.0000000000000000     
   7.37569427       46945641.598983772        0.0000000000000000     
   7.37638903       46962050.299580038        0.0000000000000000     
   7.37708330       46985452.385197915        0.0000000000000000     
   7.37777758       47001573.124200791        0.0000000000000000     
   7.37847233       47019367.882614255        0.0000000000000000     
   7.37916660       47038035.542086996        0.0000000000000000     
   7.37986088       47056665.395557910        0.0000000000000000     
   7.38055563       47074208.719593763        0.0000000000000000     
   7.38124990       47092734.891221032        0.0000000000000000     
   7.38194466       47111075.346943930        0.0000000000000000     
   7.38263893       47129125.856779940        0.0000000000000000     
   7.38333321       47147427.031807996        0.0000000000000000     
   7.38402796       47165718.687151119        0.0000000000000000     
   7.38472223       47183913.979829311        0.0000000000000000     
   7.38541651       47202176.536186501        0.0000000000000000     
   7.38611126       47220448.441879235        0.0000000000000000     
   7.38680553       47238693.045223810        0.0000000000000000     
   7.38749981       47256956.512917750        0.0000000000000000     
   7.38819456       47275227.505157642        0.0000000000000000     
   7.38888884       47293492.926579185        0.0000000000000000     
   7.38958311       47311765.270659201        0.0000000000000000     
   7.39027786       47330042.779353388        0.0000000000000000     
   7.39097214       47348321.118151188        0.0000000000000000     
   7.39166689       47366603.604733504        0.0000000000000000     
   7.39236116       47384890.113741308        0.0000000000000000     
   7.39305544       47403179.266120821        0.0000000000000000     
   7.39375019       47421471.954046711        0.0000000000000000     
   7.39444447       47439768.210588269        0.0000000000000000     
   7.39513874       47458067.625689402        0.0000000000000000     
   7.39583349       47476370.432712257        0.0000000000000000     
   7.39652777       47915887.948109165        0.0000000000000000     
   7.39722204       46856536.735073805        0.0000000000000000     
   7.39791679       46957425.289786704        0.0000000000000000     
   7.39861107       46852180.493388683        0.0000000000000000     
   7.39930534       46866448.726960264        0.0000000000000000     
   7.40000010       46890423.560279638        0.0000000000000000     
   7.40069437       46907122.915243596        0.0000000000000000     
   7.40138912       46926211.225366801        0.0000000000000000     
   7.40208340       46945199.240178712        0.0000000000000000     
   7.40277767       47427851.091179729        0.0000000000000000     
   7.40347242       46957253.480214976        0.0000000000000000     
   7.40416670       46975476.614594042        0.0000000000000000     
   7.40486097       46995511.957928076        0.0000000000000000     
   7.40555573       47012937.436781622        0.0000000000000000     
   7.40625000       47173443.844627492        0.0000000000000000     
   7.40694427       47068782.611046471        0.0000000000000000     
   7.40763903       46628426.345054187        0.0000000000000000     
   7.40833330       47290698.636005484        0.0000000000000000     
   7.40902758       46934214.468320511        0.0000000000000000     
   7.40972233       47442777.718333662        0.0000000000000000     
   7.41041660       47400774.689241342        0.0000000000000000     
   7.41111088       47413890.039689668        0.0000000000000000     
   7.41180563       47434912.914739884        0.0000000000000000     
   7.41249990       47452339.993690528        0.0000000000000000     
   7.41319466       47470953.723950967        0.0000000000000000     
   7.41388893       47489240.484188713        0.0000000000000000     
   7.41458321       47507783.070260160        0.0000000000000000     
   7.41527796       47526071.082897499        0.0000000000000000     
   7.41597223       47600103.073896438        0.0000000000000000     
   7.41666651       47587863.775574133        0.0000000000000000     
   7.41736126       47629145.002793215        0.0000000000000000     
   7.41805553       47412118.958692752        0.0000000000000000     
   7.41874981       47429142.474694297        0.0000000000000000     
   7.41944456       47451979.181036271        0.0000000000000000     
   7.42013884       47468904.440020606        0.0000000000000000     
   7.42083311       47486608.980382353        0.0000000000000000     
   7.42152786       47505622.328741781        0.0000000000000000     
   7.42222214       47524426.247067370        0.0000000000000000     
   7.42291689       47542179.263321504        0.0000000000000000     
   7.42361116       47560936.014302127        0.0000000000000000     
   7.42430544       47579480.529913113        0.0000000000000000     
   7.42500019       47597742.495840646        0.0000000000000000     
   7.42569447       47616261.870889485        0.0000000000000000     
   7.42638874       47634762.673999414        0.0000000000000000     
   7.42708349       47653170.823998600        0.0000000000000000     
   7.42777777       47671646.184667349        0.0000000000000000     
   7.42847204       47690129.727119967        0.0000000000000000     
   7.42916679       47708586.279227309        0.0000000000000000     
   7.42986107       47727061.658740759        0.0000000000000000     
   7.43055534       48429632.870488413        0.0000000000000000     
   7.43125010       47147388.872247383        0.0000000000000000     
   7.43194437       47635128.692894995        0.0000000000000000     
   7.43263912       47184571.653122239        0.0000000000000000     
   7.43333340       47670146.733588047        0.0000000000000000     
   7.43402767       47217771.747173570        0.0000000000000000     
   7.43472242       47704695.932319492        0.0000000000000000     
   7.43541670       47804451.240110494        0.0000000000000000     
   7.43611097       47694529.292590685        0.0000000000000000     
   7.43680573       47712170.108908631        0.0000000000000000     
   7.43750000       47733233.627728760        0.0000000000000000     
   7.43819427       47751008.868689857        0.0000000000000000     
   7.43888903       47769328.806889035        0.0000000000000000     
   7.43958330       47788201.661683485        0.0000000000000000     
   7.44027758       47806583.468608037        0.0000000000000000     
   7.44097233       47825067.088052765        0.0000000000000000     
   7.44166660       47843691.058902748        0.0000000000000000     
   7.44236088       47862175.623372480        0.0000000000000000     
   7.44305563       48020883.863009244        0.0000000000000000     
   7.44374990       47917515.565734915        0.0000000000000000     
   7.44444466       47477932.180305995        0.0000000000000000     
   7.44513893       47629762.969795130        0.0000000000000000     
   7.44583321       47796967.860073440        0.0000000000000000     
   7.44652796       47808167.486526094        0.0000000000000000     
   7.44722223       47826982.583233587        0.0000000000000000     
   7.44791651       47845575.013995826        0.0000000000000000     
   7.44861126       47864019.047430634        0.0000000000000000     
   7.44930553       47882592.347291380        0.0000000000000000     
   7.44999981       47943211.792802416        0.0000000000000000     
   7.45069456       47914712.159093156        0.0000000000000000     
   7.45138884       47919789.714562066        0.0000000000000000     
   7.45208311       47941369.027930506        0.0000000000000000     
   7.45277786       47958549.504287839        0.0000000000000000     
   7.45347214       48019887.063775867        0.0000000000000000     
   7.45416689       47973306.295921177        0.0000000000000000     
   7.45486116       47988065.231179163        0.0000000000000000     
   7.45555544       48717245.818769231        0.0000000000000000     
   7.45625019       48017554.704877615        0.0000000000000000     
   7.45694447       48872250.149134845        0.0000000000000000     
   7.45763874       47527348.224869765        0.0000000000000000     
   7.45833349       47995008.397823624        0.0000000000000000     
   7.45902777       48027784.751365021        0.0000000000000000     
   7.45972204       47810851.328181371        0.0000000000000000     
   7.46041679       47831862.748492755        0.0000000000000000     
   7.46111107       48371133.089432806        0.0000000000000000     
   7.46180534       48388682.213402882        0.0000000000000000     
   7.46250010       48406601.416976288        0.0000000000000000     
   7.46319437       48426204.683840543        0.0000000000000000     
   7.46388912       48445275.444048546        0.0000000000000000     
   7.46458340       48463262.573459707        0.0000000000000000     
   7.46527767       48482435.897607930        0.0000000000000000     
   7.46597242       48501275.594939046        0.0000000000000000     
   7.46666670       48519824.620977297        0.0000000000000000     
   7.46736097       48538685.913833894        0.0000000000000000     
   7.46805573       48557520.143815845        0.0000000000000000     
   7.46875000       48576259.855967231        0.0000000000000000     
   7.46944427       48595071.489376202        0.0000000000000000     
   7.47013903       48613892.663834617        0.0000000000000000     
   7.47083330       48632684.901673794        0.0000000000000000     
   7.47152758       48732779.287959591        0.0000000000000000     
   7.47222233       48624332.586137585        0.0000000000000000     
   7.47291660       48641621.626836017        0.0000000000000000     
   7.47361088       48663458.713444993        0.0000000000000000     
   7.47430563       48681402.496524282        0.0000000000000000     
   7.47499990       49401199.016049594        0.0000000000000000     
   7.47569466       48804917.826009095        0.0000000000000000     
   7.47638893       48280977.879616752        0.0000000000000000     
   7.47708321       48582124.950368620        0.0000000000000000     
   7.47777796       48096096.817673922        0.0000000000000000     
   7.47847223       48112938.640496440        0.0000000000000000     
   7.47916651       48135175.550545700        0.0000000000000000     
   7.47986126       48292363.442475423        0.0000000000000000     
   7.48055553       48190742.458567411        0.0000000000000000     
   7.48124981       47749140.659797221        0.0000000000000000     
   7.48194456       47902226.952056549        0.0000000000000000     
   7.48263884       48070192.230622277        0.0000000000000000     
   7.48333311       48082236.887901761        0.0000000000000000     
   7.48402786       48101770.531535096        0.0000000000000000     
   7.48472214       48121174.660844550        0.0000000000000000     
   7.48541689       48140379.028803259        0.0000000000000000     
   7.48611116       48159738.465018652        0.0000000000000000     
   7.48680544       48646181.474361777        0.0000000000000000     
   7.48750019       48184012.068502977        0.0000000000000000     
   7.48819447       48203063.911192685        0.0000000000000000     
   7.48888874       48721614.687027276        0.0000000000000000     
   7.48958349       49203218.694086470        0.0000000000000000     
   7.49027777       48714633.981253937        0.0000000000000000     
   7.49097204       48735156.617851585        0.0000000000000000     
   7.49166679       48799798.058467045        0.0000000000000000     
   7.49236107       49272471.894997619        0.0000000000000000     
   7.49305534       49320921.834219135        0.0000000000000000     
   7.49375010       49279601.245242514        0.0000000000000000     
   7.49444437       49292761.152702898        0.0000000000000000     
   7.49513912       49313013.736196697        0.0000000000000000     
   7.49583340       49331405.333890297        0.0000000000000000     
   7.49652767       49350229.134142987        0.0000000000000000     
   7.49722242       49369407.543473288        0.0000000000000000     
   7.49791670       49388593.317711793        0.0000000000000000     
   7.49861097       49462943.635249242        0.0000000000000000     
   7.49930573       49452008.132718109        0.0000000000000000     
   7.50000000       49493916.849813066        0.0000000000000000     
   7.50069427       49278553.729883894        0.0000000000000000     
   7.50138903       49296101.875683419        0.0000000000000000     
   7.50208330       49319394.521454841        0.0000000000000000     
   7.50277758       49336721.367294513        0.0000000000000000     
   7.50347233       49354867.902270228        0.0000000000000000     
   7.50416660       49374355.217337526        0.0000000000000000     
   7.50486088       49393659.492503166        0.0000000000000000     
   7.50555563       49411945.945857659        0.0000000000000000     
   7.50624990       49431243.690005727        0.0000000000000000     
   7.50694466       49450316.953510880        0.0000000000000000     
   7.50763893       49469098.855928585        0.0000000000000000     
   7.50833321       49569862.810155451        0.0000000000000000     
   7.50902796       50234005.648663484        0.0000000000000000     
   7.50972223       50249842.035607040        0.0000000000000000     
   7.51041651       50932212.246731527        0.0000000000000000     
   7.51111126       49680142.347152442        0.0000000000000000     
   7.51180553       50170953.204581641        0.0000000000000000     
   7.51249981       50193126.892909683        0.0000000000000000     
   7.51319456       50207731.003944367        0.0000000000000000     
   7.51388884       50229827.138937458        0.0000000000000000     
   7.51458311       50249637.284101114        0.0000000000000000     
   7.51527786       50267675.463526025        0.0000000000000000     
   7.51597214       50426361.082050435        0.0000000000000000     
   7.51666689       50323739.053977296        0.0000000000000000     
   7.51736116       49884256.011059515        0.0000000000000000     
   7.51805544       50036791.771166325        0.0000000000000000     
   7.51875019       50204997.546774291        0.0000000000000000     
   7.51944447       50216866.630913936        0.0000000000000000     
   7.52013874       50236253.754723758        0.0000000000000000     
   7.52083349       50255319.759423651        0.0000000000000000     
   7.52152777       50274195.819281556        0.0000000000000000     
   7.52222204       50293256.288406558        0.0000000000000000     
   7.52291679       50312488.690821759        0.0000000000000000     
   7.52361107       50331593.473145366        0.0000000000000000     
   7.52430534       50350846.271125615        0.0000000000000000     
   7.52500010       50370043.030286863        0.0000000000000000     
   7.52569437       50389177.435371086        0.0000000000000000     
   7.52638912       50408331.682749756        0.0000000000000000     
   7.52708340       50427466.880403012        0.0000000000000000     
   7.52777767       50446631.317632869        0.0000000000000000     
   7.52847242       50465821.197852023        0.0000000000000000     
   7.52916670       50485024.354160570        0.0000000000000000     
   7.52986097       50504228.656946935        0.0000000000000000     
   7.53055573       50523423.505844600        0.0000000000000000     
   7.53125000       50542608.221344404        0.0000000000000000     
   7.53194427       51322441.524415605        0.0000000000000000     
   7.53263903       51433162.824647002        0.0000000000000000     
   7.53333330       50799827.086698607        0.0000000000000000     
   7.53402758       50510421.771844402        0.0000000000000000     
   7.53472233       50502453.681158789        0.0000000000000000     
   7.53541660       50533277.163705394        0.0000000000000000     
   7.53611088       50557204.418082252        0.0000000000000000     
   7.53680563       50570629.549930535        0.0000000000000000     
   7.53749990       50590007.403902568        0.0000000000000000     
   7.53819466       50611262.130644612        0.0000000000000000     
   7.53888893       50629779.786206640        0.0000000000000000     
   7.53958321       50704242.684666403        0.0000000000000000     
   7.54027796       50693317.763418496        0.0000000000000000     
   7.54097223       50735524.414256535        0.0000000000000000     
   7.54166651       50518659.477028765        0.0000000000000000     
   7.54236126       50536500.607221469        0.0000000000000000     
   7.54305553       50560218.675326392        0.0000000000000000     
   7.54374981       50577924.796784416        0.0000000000000000     
   7.54444456       50678537.361949548        0.0000000000000000     
   7.54513884       51259327.372292936        0.0000000000000000     
   7.54583311       50528226.464545779        0.0000000000000000     
   7.54652786       50552227.952970065        0.0000000000000000     
   7.54722214       50573855.358252183        0.0000000000000000     
   7.54791689       50590738.230990976        0.0000000000000000     
   7.54861116       50610612.606177405        0.0000000000000000     
   7.54930544       50630174.946875401        0.0000000000000000     
   7.55000019       50649283.670843653        0.0000000000000000     
   7.55069447       50668491.661969878        0.0000000000000000     
   7.55138874       50687893.453547187        0.0000000000000000     
   7.55208349       50848019.893821470        0.0000000000000000     
   7.55277777       50744591.921614602        0.0000000000000000     
   7.55347204       50303738.885264836        0.0000000000000000     
   7.55416679       51297721.855182931        0.0000000000000000     
   7.55486107       50968189.042254552        0.0000000000000000     
   7.55555534       51104271.092859872        0.0000000000000000     
   7.55625010       50670200.054885283        0.0000000000000000     
   7.55694437       50257931.500436015        0.0000000000000000     
   7.55763912       49761668.450978130        0.0000000000000000     
   7.55833340       50253821.052267708        0.0000000000000000     
   7.55902767       49820471.681526214        0.0000000000000000     
   7.55972242       50305311.524071507        0.0000000000000000     
   7.56041670       50317696.855721980        0.0000000000000000     
   7.56111097       50339499.628609024        0.0000000000000000     
   7.56180573       50362424.651615813        0.0000000000000000     
   7.56250000       50379130.730264917        0.0000000000000000     
   7.56319427       50401534.547172569        0.0000000000000000     
   7.56388903       50420882.770255305        0.0000000000000000     
   7.56458330       50441167.011184350        0.0000000000000000     
   7.56527758       50461501.227649264        0.0000000000000000     
   7.56597233       50481617.908574328        0.0000000000000000     
   7.56666660       50501834.003494270        0.0000000000000000     
   7.56736088       50522080.040757380        0.0000000000000000     
   7.56805563       50542264.879291624        0.0000000000000000     
   7.56874990       50562500.304294355        0.0000000000000000     
   7.56944466       50582720.884587467        0.0000000000000000     
   7.57013893       50602945.542610474        0.0000000000000000     
   7.57083321       50623177.972367562        0.0000000000000000     
   7.57152796       50643411.081577338        0.0000000000000000     
   7.57222223       50663647.982652232        0.0000000000000000     
   7.57291651       50726298.169107608        0.0000000000000000     
   7.57361126       50699188.149681807        0.0000000000000000     
   7.57430553       50747806.798303343        0.0000000000000000     
   7.57499981       51102521.821771041        0.0000000000000000     
   7.57569456       50308496.189089634        0.0000000000000000     
   7.57638884       50300221.320225805        0.0000000000000000     
   7.57708311       50320028.968437575        0.0000000000000000     
   7.57777786       50334832.715584502        0.0000000000000000     
   7.57847214       50359540.064338967        0.0000000000000000     
   7.57916689       50377140.267433867        0.0000000000000000     
   7.57986116       50534743.683223873        0.0000000000000000     
   7.58055544       50989364.036110029        0.0000000000000000     
   7.58125019       51031209.987233736        0.0000000000000000     
   7.58194447       50818954.446323410        0.0000000000000000     
   7.58263874       50836790.259107202        0.0000000000000000     
   7.58333349       50861101.519803934        0.0000000000000000     
   7.58402777       50879926.886152327        0.0000000000000000     
   7.58472204       50899190.822262771        0.0000000000000000     
   7.58541679       50919794.876489490        0.0000000000000000     
   7.58611107       50940318.910902224        0.0000000000000000     
   7.58680534       50959659.852703325        0.0000000000000000     
   7.58750010       51120349.204784229        0.0000000000000000     
   7.58819437       51018517.741514444        0.0000000000000000     
   7.58888912       51030324.613550454        0.0000000000000000     
   7.58958340       50641356.921096675        0.0000000000000000     
   7.59027767       50807911.456791081        0.0000000000000000     
   7.59097242       50824793.184940010        0.0000000000000000     
   7.59166670       50840105.430164106        0.0000000000000000     
   7.59236097       50863946.363845363        0.0000000000000000     
   7.59305573       50882106.150142744        0.0000000000000000     
   7.59375000       50902825.784852602        0.0000000000000000     
   7.59444427       50922884.435697302        0.0000000000000000     
   7.59513903       50942996.174468473        0.0000000000000000     
   7.59583330       50963094.344295546        0.0000000000000000     
   7.59652758       50983277.112278663        0.0000000000000000     
   7.59722233       51003366.160102442        0.0000000000000000     
   7.59791660       51023535.191438608        0.0000000000000000     
   7.59861088       51043657.200854324        0.0000000000000000     
   7.59930563       51063810.265873373        0.0000000000000000     
   7.59999990       51083955.214340419        0.0000000000000000     
   7.60069466       51104107.329420067        0.0000000000000000     
   7.60138893       51124261.787647523        0.0000000000000000     
   7.60208321       51144420.945172153        0.0000000000000000     
   7.60277796       51164581.909103356        0.0000000000000000     
   7.60347223       52001040.928975321        0.0000000000000000     
   7.60416651       51481198.914492093        0.0000000000000000     
   7.60486126       51599444.201364905        0.0000000000000000     
   7.60555553       52334472.266518623        0.0000000000000000     
   7.60624981       52307146.905549504        0.0000000000000000     
   7.60694456       52994959.474116482        0.0000000000000000     
   7.60763884       52259608.827566631        0.0000000000000000     
   7.60833311       52189912.859711900        0.0000000000000000     
   7.60902786       52169776.553760499        0.0000000000000000     
   7.60972214       51307396.927753389        0.0000000000000000     
   7.61041689       52382275.815697134        0.0000000000000000     
   7.61111116       51072103.329629101        0.0000000000000000     
   7.61180544       51115132.425543234        0.0000000000000000     
   7.61250019       51021645.430939287        0.0000000000000000     
   7.61319447       47451522.311537325        0.0000000000000000     
   7.61388874       48561615.394090384        0.0000000000000000     
   7.61458349       48020746.145818047        0.0000000000000000     
   7.61527777       48103490.845171340        0.0000000000000000     
   7.61597204       48467233.270166419        0.0000000000000000     
   7.61666679       48351351.957612976        0.0000000000000000     
   7.61736107       48399710.868388720        0.0000000000000000     
   7.61805534       48931760.964972928        0.0000000000000000     
   7.61875010       47181839.316003658        0.0000000000000000     
   7.61944437       47598121.116831794        0.0000000000000000     
   7.62013912       47565177.702076346        0.0000000000000000     
   7.62083340       47602887.840658918        0.0000000000000000     
   7.62152767       47041102.638091169        0.0000000000000000     
   7.62222242       47054423.248297967        0.0000000000000000     
   7.62291670       47214909.859292999        0.0000000000000000     
   7.62361097       47450366.533346646        0.0000000000000000     
   7.62430573       46662371.653270230        0.0000000000000000     
   7.62500000       46813648.309567980        0.0000000000000000     
   7.62569427       46980511.179416314        0.0000000000000000     
   7.62638903       46990081.651216716        0.0000000000000000     
   7.62708330       47008585.631008968        0.0000000000000000     
   7.62777758       47026764.298613369        0.0000000000000000     
   7.62847233       47044595.203159489        0.0000000000000000     
   7.62916660       47062936.842065126        0.0000000000000000     
   7.62986088       47081451.528355226        0.0000000000000000     
   7.63055563       47099791.809579954        0.0000000000000000     
   7.63124990       47118461.622443743        0.0000000000000000     
   7.63194466       47137227.582104519        0.0000000000000000     
   7.63263893       47156059.816958793        0.0000000000000000     
   7.63333321       47175043.185768634        0.0000000000000000     
   7.63402796       47194093.710867867        0.0000000000000000     
   7.63472223       47891392.562291555        0.0000000000000000     
   7.63541651       46604977.751242794        0.0000000000000000     
   7.63611126       47092101.933859639        0.0000000000000000     
   7.63680553       46644662.147877105        0.0000000000000000     
   7.63749981       47129678.066510782        0.0000000000000000     
   7.63819456       46678802.107250527        0.0000000000000000     
   7.63888884       47165292.606534280        0.0000000000000000     
   7.63958311       46715726.481359951        0.0000000000000000     
   7.64027786       47204971.622666776        0.0000000000000000     
   7.64097214       47222783.205207862        0.0000000000000000     
   7.64166689       47241638.587567069        0.0000000000000000     
   7.64236116       47261984.233933523        0.0000000000000000     
   7.64305544       47281024.771311425        0.0000000000000000     
   7.64375019       47300580.443668015        0.0000000000000000     
   7.64444447       47319981.942593932        0.0000000000000000     
   7.64513874       47339545.963882834        0.0000000000000000     
   7.64583349       47359016.392699130        0.0000000000000000     
   7.64652777       47378497.767654620        0.0000000000000000     
   7.64722204       47398030.958135173        0.0000000000000000     
   7.64791679       47417552.590761542        0.0000000000000000     
   7.64861107       47437075.962381087        0.0000000000000000     
   7.64930534       47456618.579759240        0.0000000000000000     
   7.65000010       47476165.996499255        0.0000000000000000     
   7.65069437       47578013.786486819        0.0000000000000000     
   7.65138912       47469199.646132939        0.0000000000000000     
   7.65208340       47529589.083869755        0.0000000000000000     
   7.65277767       47504962.104455672        0.0000000000000000     
   7.65347242       47551945.180586420        0.0000000000000000     
   7.65416670       47510662.492544211        0.0000000000000000     
   7.65486097       47525686.684217550        0.0000000000000000     
   7.65555573       47547368.240939133        0.0000000000000000     
   7.65625000       47566493.394696414        0.0000000000000000     
   7.65694427       47585925.922013395        0.0000000000000000     
   7.65763903       47745878.589552298        0.0000000000000000     
   7.65833330       47644012.744278125        0.0000000000000000     
   7.65902758       47260381.414510436        0.0000000000000000     
   7.65972233       48094822.389800064        0.0000000000000000     
   7.66041660       48406360.860757895        0.0000000000000000     
   7.66111088       47238714.494223334        0.0000000000000000     
   7.66180563       47256168.612982459        0.0000000000000000     
   7.66249990       47282524.275747314        0.0000000000000000     
   7.66319466       47298821.239863962        0.0000000000000000     
   7.66388893       47318648.961917236        0.0000000000000000     
   7.66458321       47338594.787960149        0.0000000000000000     
   7.66527796       47358640.227509901        0.0000000000000000     
   7.66597223       47377606.108026043        0.0000000000000000     
   7.66666651       47397642.071557291        0.0000000000000000     
   7.66736126       47417310.906957947        0.0000000000000000     
   7.66805553       47436854.659320451        0.0000000000000000     
   7.66874981       47456568.593933463        0.0000000000000000     
   7.66944456       47476282.126482613        0.0000000000000000     
   7.67013884       47495912.719046600        0.0000000000000000     
   7.67083311       47515603.572225653        0.0000000000000000     
   7.67152786       47535301.687233008        0.0000000000000000     
   7.67222214       47554975.467493467        0.0000000000000000     
   7.67291689       47574667.405068561        0.0000000000000000     
   7.67361116       47594366.156885855        0.0000000000000000     
   7.67430544       47614059.394887537        0.0000000000000000     
   7.67500019       47633759.884948142        0.0000000000000000     
   7.67569447       47653465.123479992        0.0000000000000000     
   7.67638874       47673171.074966691        0.0000000000000000     
   7.67708349       48395378.174892165        0.0000000000000000     
   7.67777777       47799133.191122539        0.0000000000000000     
   7.67847204       47283753.178638116        0.0000000000000000     
   7.67916679       47584234.392695867        0.0000000000000000     
   7.67986107       47097737.851607740        0.0000000000000000     
   7.68055534       47115615.267431132        0.0000000000000000     
   7.68125010       47138662.862823300        0.0000000000000000     
   7.68194437       47156081.315155618        0.0000000000000000     
   7.68263912       47178342.693531998        0.0000000000000000     
   7.68333340       47197518.480412409        0.0000000000000000     
   7.68402767       47218137.943489656        0.0000000000000000     
   7.68472242       47319776.300436027        0.0000000000000000     
   7.68541670       47212793.538524091        0.0000000000000000     
   7.68611097       47231471.249631241        0.0000000000000000     
   7.68680573       47254764.281607918        0.0000000000000000     
   7.68750000       47742015.502030380        0.0000000000000000     
   7.68819427       47281895.588897042        0.0000000000000000     
   7.68888903       47770185.102952272        0.0000000000000000     
   7.68958330       47321734.355315551        0.0000000000000000     
   7.69027758       47811587.827062264        0.0000000000000000     
   7.69097233       47871304.410618447        0.0000000000000000     
   7.69166660       47844095.262987778        0.0000000000000000     
   7.69236088       48033818.565103225        0.0000000000000000     
   7.69305563       47870106.574183226        0.0000000000000000     
   7.69374990       47424863.261075772        0.0000000000000000     
   7.69444466       47580427.182689175        0.0000000000000000     
   7.69513893       47748870.181528382        0.0000000000000000     
   7.69583321       47760789.343299985        0.0000000000000000     
   7.69652796       47781010.856029145        0.0000000000000000     
   7.69722223       47800971.636583060        0.0000000000000000     
   7.69791651       47876022.436620720        0.0000000000000000     
   7.69861126       47866160.313696906        0.0000000000000000     
   7.69930553       47909059.649420343        0.0000000000000000     
   7.69999981       47693873.828822255        0.0000000000000000     
   7.70069456       47712341.492199354        0.0000000000000000     
   7.70138884       47736603.217904270        0.0000000000000000     
   7.70208311       47754874.576061130        0.0000000000000000     
   7.70277786       47774031.254055798        0.0000000000000000     
   7.70347214       47794460.391477384        0.0000000000000000     
   7.70416689       47814651.522471108        0.0000000000000000     
   7.70486116       47833824.836751968        0.0000000000000000     
   7.70555544       47854000.931521699        0.0000000000000000     
   7.70625019       47873944.969772540        0.0000000000000000     
   7.70694447       47893620.038234107        0.0000000000000000     
   7.70763874       47913554.223154783        0.0000000000000000     
   7.70833349       47933461.789407358        0.0000000000000000     
   7.70902777       48617119.608257324        0.0000000000000000     
   7.70972204       47369906.316884026        0.0000000000000000     
   7.71041679       47863044.120523699        0.0000000000000000     
   7.71111107       47884833.944773421        0.0000000000000000     
   7.71180534       47899876.179598585        0.0000000000000000     
   7.71250010       48440289.153184012        0.0000000000000000     
   7.71319437       48460729.996591270        0.0000000000000000     
   7.71388912       48480140.202168167        0.0000000000000000     
   7.71458340       48499972.324311040        0.0000000000000000     
   7.71527767       48520480.566717170        0.0000000000000000     
   7.71597242       48540391.430620827        0.0000000000000000     
   7.71666670       48560295.692136481        0.0000000000000000     
   7.71736097       48580417.312929913        0.0000000000000000     
   7.71805573       48600437.534771092        0.0000000000000000     
   7.71875000       48620459.475467294        0.0000000000000000     
   7.71944427       48722423.044636823        0.0000000000000000     
   7.72013903       48614678.286008179        0.0000000000000000     
   7.72083330       48633229.577613130        0.0000000000000000     
   7.72152758       48656296.748967670        0.0000000000000000     
   7.72222233       48675498.398005679        0.0000000000000000     
   7.72291660       48695374.842183575        0.0000000000000000     
   7.72361088       48715793.469229117        0.0000000000000000     
   7.72430563       48735749.598568022        0.0000000000000000     
   7.72499990       48755774.561701797        0.0000000000000000     
   7.72569466       48775944.839792952        0.0000000000000000     
   7.72638893       48935966.394320317        0.0000000000000000     
   7.72708321       48834794.265061535        0.0000000000000000     
   7.72777796       48396459.222834870        0.0000000000000000     
   7.72847223       48550029.405694254        0.0000000000000000     
   7.72916651       49438062.646507822        0.0000000000000000     
   7.72986126       49630902.203036845        0.0000000000000000     
   7.73055553       48925300.819963448        0.0000000000000000     
   7.73124981       48724848.141733192        0.0000000000000000     
   7.73194456       48872035.014908746        0.0000000000000000     
   7.73263884       49012810.636610173        0.0000000000000000     
   7.73333311       48661268.226739630        0.0000000000000000     
   7.73402786       48186589.145313658        0.0000000000000000     
   7.73472214       48680855.335251831        0.0000000000000000     
   7.73541689       48710179.350864187        0.0000000000000000     
   7.73611116       48727624.224109299        0.0000000000000000     
   7.73680544       48800037.613193750        0.0000000000000000     
   7.73750019       48793786.328389838        0.0000000000000000     
   7.73819447       48836287.519944131        0.0000000000000000     
   7.73888874       49115441.927498586        0.0000000000000000     
   7.73958349       48619962.543202162        0.0000000000000000     
   7.74027777       49141213.190926306        0.0000000000000000     
   7.74097204       49165501.344856001        0.0000000000000000     
   7.74166679       48688548.826635987        0.0000000000000000     
   7.74236107       49209981.651832372        0.0000000000000000     
   7.74305534       49228671.847627856        0.0000000000000000     
   7.74375010       49247791.059510536        0.0000000000000000     
   7.74444437       49267997.671262801        0.0000000000000000     
   7.74513912       49287495.793725960        0.0000000000000000     
   7.74583340       49307315.897903696        0.0000000000000000     
   7.74652767       49327813.706069782        0.0000000000000000     
   7.74722242       49348442.860820554        0.0000000000000000     
   7.74791670       49368823.125791624        0.0000000000000000     
   7.74861097       49389140.485123381        0.0000000000000000     
   7.74930573       49409459.290765688        0.0000000000000000     
   7.75000000       49429750.054646306        0.0000000000000000     
   7.75069427       50125071.451178282        0.0000000000000000     
   7.75138903       49374055.226944953        0.0000000000000000     
   7.75208330       49398394.816400625        0.0000000000000000     
   7.75277758       49422926.497948334        0.0000000000000000     
   7.75347233       49521193.406437047        0.0000000000000000     
   7.75416660       49414343.593579859        0.0000000000000000     
   7.75486088       49433632.285925582        0.0000000000000000     
   7.75555563       49456525.176524393        0.0000000000000000     
   7.75624990       49475743.189615384        0.0000000000000000     
   7.75694466       49496033.957043067        0.0000000000000000     
   7.75763893       49516522.008619942        0.0000000000000000     
   7.75833321       50309554.219208740        0.0000000000000000     
   7.75902796       50329422.280173756        0.0000000000000000     
   7.75972223       50348408.093294911        0.0000000000000000     
   7.76041651       50507811.413570739        0.0000000000000000     
   7.76111126       50405994.543390140        0.0000000000000000     
   7.76180553       49967286.625067502        0.0000000000000000     
   7.76249981       50121963.454589814        0.0000000000000000     
   7.76319456       50292015.322624579        0.0000000000000000     
   7.76388884       51149913.148477696        0.0000000000000000     
   7.76458311       50640520.681018151        0.0000000000000000     
   7.76527786       50916446.798488267        0.0000000000000000     
   7.76597214       49652654.428393170        0.0000000000000000     
   7.76666689       49678402.873105191        0.0000000000000000     
   7.76736116       49699549.188260667        0.0000000000000000     
   7.76805544       49758163.679967299        0.0000000000000000     
   7.76875019       49736743.800915152        0.0000000000000000     
   7.76944447       49784574.499655612        0.0000000000000000     
   7.77013874       49744604.035449676        0.0000000000000000     
   7.77083349       49760741.061092779        0.0000000000000000     
   7.77152777       49783830.396936044        0.0000000000000000     
   7.77222204       49804186.718793616        0.0000000000000000     
   7.77291679       49824923.846700259        0.0000000000000000     
   7.77361107       49846087.450688742        0.0000000000000000     
   7.77430534       49867102.609175473        0.0000000000000000     
   7.77500010       50400707.436040029        0.0000000000000000     
   7.77569437       49865693.463214442        0.0000000000000000     
   7.77638912       49907750.551886804        0.0000000000000000     
   7.77708340       49696247.747088946        0.0000000000000000     
   7.77777767       49711940.258014083        0.0000000000000000     
   7.77847242       49740106.029671535        0.0000000000000000     
   7.77916670       49758148.618063383        0.0000000000000000     
   7.77986097       49778877.021915875        0.0000000000000000     
   7.78055573       49800287.842884660        0.0000000000000000     
   7.78125000       49821634.387085721        0.0000000000000000     
   7.78194427       49841851.623171352        0.0000000000000000     
   7.78263903       49863168.045716181        0.0000000000000000     
   7.78333330       49884200.344599299        0.0000000000000000     
   7.78402758       49905001.594676010        0.0000000000000000     
   7.78472233       49926042.725136086        0.0000000000000000     
   7.78541660       49947066.895498917        0.0000000000000000     
   7.78611088       49967992.288491219        0.0000000000000000     
   7.78680563       50070495.004693687        0.0000000000000000     
   7.78749990       50429778.082151011        0.0000000000000000     
   7.78819466       49963948.353025913        0.0000000000000000     
   7.78888893       49987440.189046033        0.0000000000000000     
   7.78958321       50008596.984612145        0.0000000000000000     
   7.79027796       50028306.360292397        0.0000000000000000     
   7.79097223       50518071.833356932        0.0000000000000000     
   7.79166651       50065536.041397050        0.0000000000000000     
   7.79236126       50555896.792203464        0.0000000000000000     
   7.79305553       50575073.652545415        0.0000000000000000     
   7.79374981       50595143.373518601        0.0000000000000000     
   7.79444456       50757652.377114646        0.0000000000000000     
   7.79513884       50654654.633978032        0.0000000000000000     
   7.79583311       50213759.347252086        0.0000000000000000     
   7.79652786       50367961.496634454        0.0000000000000000     
   7.79722214       50537788.482671373        0.0000000000000000     
   7.79791689       50550633.918848827        0.0000000000000000     
   7.79861116       50571441.918385223        0.0000000000000000     
   7.79930544       50592049.047056809        0.0000000000000000     
   7.80000019       50612436.870781265        0.0000000000000000     
   7.80069447       50633003.531443477        0.0000000000000000     
   7.80138874       50653663.125457577        0.0000000000000000     
   7.80208349       50674121.502009802        0.0000000000000000     
   7.80277777       50694729.122321852        0.0000000000000000     
   7.80347204       50715302.100278325        0.0000000000000000     
   7.80416679       50735850.457904853        0.0000000000000000     
   7.80486107       50756441.864502966        0.0000000000000000     
   7.80555534       50777012.110454850        0.0000000000000000     
   7.80625010       50839972.742648944        0.0000000000000000     
   7.80694437       50813910.275379404        0.0000000000000000     
   7.80763912       50862607.521322183        0.0000000000000000     
   7.80833340       50822347.378482714        0.0000000000000000     
   7.80902767       50838040.910769224        0.0000000000000000     
   7.80972242       50860853.458963506        0.0000000000000000     
   7.81041670       50881034.343371689        0.0000000000000000     
   7.81111097       51322223.437528603        0.0000000000000000     
   7.81180573       50267306.676827118        0.0000000000000000     
   7.81250000       50289142.671681866        0.0000000000000000     
   7.81319427       50369971.117313877        0.0000000000000000     
   7.81388903       50358402.805012800        0.0000000000000000     
   7.81458330       50404787.611712798        0.0000000000000000     
   7.81527758       50187691.179789878        0.0000000000000000     
   7.81597233       50207861.097548582        0.0000000000000000     
   7.81666660       50697125.632563286        0.0000000000000000     
   7.81736088       50227766.712834284        0.0000000000000000     
   7.81805563       50247568.762753733        0.0000000000000000     
   7.81874990       50270622.268645689        0.0000000000000000     
   7.81944466       50290689.025113747        0.0000000000000000     
   7.82013893       50312199.843969963        0.0000000000000000     
   7.82083321       50415115.290385701        0.0000000000000000     
   7.82152796       50776485.720406137        0.0000000000000000     
   7.82222223       50320069.299778275        0.0000000000000000     
   7.82291651       50812932.241007641        0.0000000000000000     
   7.82361126       50832023.080587909        0.0000000000000000     
   7.82430553       50852006.204322919        0.0000000000000000     
   7.82499981       50873723.302551083        0.0000000000000000     
   7.82569456       51485674.822944067        0.0000000000000000     
   7.82638884       51507202.504318304        0.0000000000000000     
   7.82708311       51527731.336200088        0.0000000000000000     
   7.82777786       51688941.492667094        0.0000000000000000     
   7.82847214       51588241.538789921        0.0000000000000000     
   7.82916689       51149032.761623114        0.0000000000000000     
   7.82986116       51303665.283697799        0.0000000000000000     
   7.83055544       51473612.324796289        0.0000000000000000     
   7.83125019       51486698.750108071        0.0000000000000000     
   7.83194447       51507823.356011808        0.0000000000000000     
   7.83263874       51528729.107697904        0.0000000000000000     
   7.83333349       51549384.221563086        0.0000000000000000     
   7.83402777       51570269.545481749        0.0000000000000000     
   7.83472204       51591234.485617429        0.0000000000000000     
   7.83541679       51612000.533860840        0.0000000000000000     
   7.83611107       51632919.926718555        0.0000000000000000     
   7.83680534       51653797.246222958        0.0000000000000000     
   7.83750010       51674648.190339550        0.0000000000000000     
   7.83819437       51695543.329267547        0.0000000000000000     
   7.83888912       51716418.533639140        0.0000000000000000     
   7.83958340       51737306.540279463        0.0000000000000000     
   7.84027767       51758198.360999368        0.0000000000000000     
   7.84097242       51779092.136395760        0.0000000000000000     
   7.84166670       51799988.220305048        0.0000000000000000     
   7.84236097       52506404.437089980        0.0000000000000000     
   7.84305573       51224224.151656613        0.0000000000000000     
   7.84375000       51757846.632942826        0.0000000000000000     
   7.84444427       51262253.259301715        0.0000000000000000     
   7.84513903       51779686.566498071        0.0000000000000000     
   7.84583330       51736632.991476193        0.0000000000000000     
   7.84652758       51751868.693485118        0.0000000000000000     
   7.84722233       52579410.418185078        0.0000000000000000     
   7.84791660       52006988.579013973        0.0000000000000000     
   7.84861088       52106053.994177073        0.0000000000000000     
   7.84930563       52880962.342907839        0.0000000000000000     
   7.84999990       52963146.545735717        0.0000000000000000     
   7.85069466       53581246.601104006        0.0000000000000000     
   7.85138893       53783106.745522812        0.0000000000000000     
   7.85208321       52738551.849230066        0.0000000000000000     
   7.85277796       52424964.007904679        0.0000000000000000     
   7.85347223       51444986.674176082        0.0000000000000000     
   7.85416651       51617534.528363131        0.0000000000000000     
   7.85486126       51374561.038894564        0.0000000000000000     
   7.85555553       48437691.722630344        0.0000000000000000     
   7.85624981       49164625.689563431        0.0000000000000000     
   7.85694456       48807777.940989554        0.0000000000000000     
   7.85763884       48186801.905947044        0.0000000000000000     
   7.85833311       49005582.944694109        0.0000000000000000     
   7.85902786       48227306.868076794        0.0000000000000000     
   7.85972214       46980758.265946433        0.0000000000000000     
   7.86041689       47355615.849071324        0.0000000000000000     
   7.86111116       47487715.956400037        0.0000000000000000     
   7.86180544       47378309.621745273        0.0000000000000000     
   7.86250019       46930328.114160180        0.0000000000000000     
   7.86319447       47077869.308607526        0.0000000000000000     
   7.86388874       47950002.781925209        0.0000000000000000     
   7.86458349       47241108.232398763        0.0000000000000000     
   7.86527777       48092365.325536788        0.0000000000000000     
   7.86597204       46689180.285781540        0.0000000000000000     
   7.86666679       47183978.454069115        0.0000000000000000     
   7.86736107       47192089.682432078        0.0000000000000000     
   7.86805534       47208382.241210826        0.0000000000000000     
   7.86875010       47229997.395607948        0.0000000000000000     
   7.86944437       47246601.238087304        0.0000000000000000     
   7.87013912       47265521.457492396        0.0000000000000000     
   7.87083340       47284228.805260740        0.0000000000000000     
   7.87152767       47303576.357463688        0.0000000000000000     
   7.87222242       47322658.331385367        0.0000000000000000     
   7.87291670       47341928.979710080        0.0000000000000000     
   7.87361097       47361496.248772047        0.0000000000000000     
   7.87430573       47381068.696088612        0.0000000000000000     
   7.87500000       47400759.797152765        0.0000000000000000     
   7.87569427       47420623.803115845        0.0000000000000000     
   7.87638903       47440602.407933056        0.0000000000000000     
   7.87708330       47460678.628077395        0.0000000000000000     
   7.87777758       47480859.764707737        0.0000000000000000     
   7.87847233       47501106.843343422        0.0000000000000000     
   7.87916660       47521411.391353942        0.0000000000000000     
   7.87986088       47541760.514526770        0.0000000000000000     
   7.88055563       47562150.561304830        0.0000000000000000     
   7.88124990       47624913.988705076        0.0000000000000000     
   7.88194466       48301376.745943047        0.0000000000000000     
   7.88263893       47733376.587538093        0.0000000000000000     
   7.88333321       47150598.304633692        0.0000000000000000     
   7.88402796       47448952.757090867        0.0000000000000000     
   7.88472223       46965540.622710727        0.0000000000000000     
   7.88541651       46983834.617944121        0.0000000000000000     
   7.88611126       47007649.023156479        0.0000000000000000     
   7.88680553       47107562.625331067        0.0000000000000000     
   7.88749981       47059053.326391749        0.0000000000000000     
   7.88819456       47049115.341552585        0.0000000000000000     
   7.88888884       47096782.237412155        0.0000000000000000     
   7.88958311       46882341.996397868        0.0000000000000000     
   7.89027786       46901995.403645083        0.0000000000000000     
   7.89097214       46927935.300130479        0.0000000000000000     
   7.89166689       46947569.953944586        0.0000000000000000     
   7.89236116       47435307.866290770        0.0000000000000000     
   7.89305544       46976784.464424521        0.0000000000000000     
   7.89375019       47138140.904249646        0.0000000000000000     
   7.89444447       47506313.263681494        0.0000000000000000     
   7.89513874       47066258.508269235        0.0000000000000000     
   7.89583349       47220112.770686135        0.0000000000000000     
   7.89652777       47390273.263637125        0.0000000000000000     
   7.89722204       47403402.458653964        0.0000000000000000     
   7.89791679       47424389.738960825        0.0000000000000000     
   7.89861107       47445143.408428676        0.0000000000000000     
   7.89930534       47465901.592678078        0.0000000000000000     
   7.90000010       47486737.134941459        0.0000000000000000     
   7.90069437       47507612.191313975        0.0000000000000000     
   7.90138912       47528354.526937447        0.0000000000000000     
   7.90208340       47549246.039772034        0.0000000000000000     
   7.90277767       47570071.375603259        0.0000000000000000     
   7.90347242       47590890.910905212        0.0000000000000000     
   7.90416670       47611756.030463107        0.0000000000000000     
   7.90486097       47632594.480956912        0.0000000000000000     
   7.90555573       47653445.291310772        0.0000000000000000     
   7.90625000       47674302.229590908        0.0000000000000000     
   7.90694427       47695159.781691417        0.0000000000000000     
   7.90763903       47716021.322453797        0.0000000000000000     
   7.90833330       47736887.122654669        0.0000000000000000     
   7.90902758       47757755.964156248        0.0000000000000000     
   7.90972233       47778628.300945103        0.0000000000000000     
   7.91041660       47799504.228739761        0.0000000000000000     
   7.91111088       47820383.492981903        0.0000000000000000     
   7.91180563       47841266.174825542        0.0000000000000000     
   7.91249990       47862152.259730138        0.0000000000000000     
   7.91319466       48545442.350409128        0.0000000000000000     
   7.91388893       47298585.355340913        0.0000000000000000     
   7.91458321       47792044.485255644        0.0000000000000000     
   7.91527796       47814807.480848603        0.0000000000000000     
   7.91597223       47830754.592159212        0.0000000000000000     
   7.91666651       47854202.894685812        0.0000000000000000     
   7.91736126       47875543.671615705        0.0000000000000000     
   7.91805553       47938301.870918669        0.0000000000000000     
   7.91874981       47912372.924487837        0.0000000000000000     
   7.91944456       48043439.607030563        0.0000000000000000     
   7.92013884       47875986.112549901        0.0000000000000000     
   7.92083311       47890360.160191126        0.0000000000000000     
   7.92152786       47916602.176266156        0.0000000000000000     
   7.92222214       47936240.360961266        0.0000000000000000     
   7.92291689       47956705.153180808        0.0000000000000000     
   7.92361116       47978147.326079242        0.0000000000000000     
   7.92430544       48054561.104402810        0.0000000000000000     
   7.92500019       48046782.983881995        0.0000000000000000     
   7.92569447       48090958.659085438        0.0000000000000000     
   7.92638874       48016864.859732270        0.0000000000000000     
   7.92708349       47914638.139193095        0.0000000000000000     
   7.92777777       47479903.063515455        0.0000000000000000     
   7.92847204       47633052.489388399        0.0000000000000000     
   7.92916679       47802491.919115007        0.0000000000000000     
   7.92986107       47816198.581832767        0.0000000000000000     
   7.93055534       47837809.953475699        0.0000000000000000     
   7.93125010       47858190.238733716        0.0000000000000000     
   7.93194437       47879307.815506034        0.0000000000000000     
   7.93263912       48619053.370461404        0.0000000000000000     
   7.93333340       48778262.551495574        0.0000000000000000     
   7.93402767       48119064.108213112        0.0000000000000000     
   7.93472242       47891485.966030158        0.0000000000000000     
   7.93541670       47890362.691889189        0.0000000000000000     
   7.93611097       47920664.384074517        0.0000000000000000     
   7.93680573       47946790.598479114        0.0000000000000000     
   7.93750000       47962306.803496279        0.0000000000000000     
   7.93819427       47983332.981234550        0.0000000000000000     
   7.93888903       48006290.548822664        0.0000000000000000     
   7.93958330       48026750.326077357        0.0000000000000000     
   7.94027758       48047206.385341957        0.0000000000000000     
   7.94097233       48068636.614735544        0.0000000000000000     
   7.94166660       48089749.454664133        0.0000000000000000     
   7.94236088       48110620.612289689        0.0000000000000000     
   7.94305563       48131681.712599017        0.0000000000000000     
   7.94374990       48152781.348625451        0.0000000000000000     
   7.94444466       48863211.245648295        0.0000000000000000     
   7.94513893       48135637.814829811        0.0000000000000000     
   7.94583321       48159078.193861164        0.0000000000000000     
   7.94652796       48183004.642543972        0.0000000000000000     
   7.94722223       48201811.683006212        0.0000000000000000     
   7.94791651       48223314.575406894        0.0000000000000000     
   7.94861126       48244709.492081985        0.0000000000000000     
   7.94930553       48265619.735959843        0.0000000000000000     
   7.94999981       48286579.152913451        0.0000000000000000     
   7.95069456       48307800.947390199        0.0000000000000000     
   7.95138884       48328827.029113442        0.0000000000000000     
   7.95208311       48431912.488227844        0.0000000000000000     
   7.95277786       49166940.010310352        0.0000000000000000     
   7.95347214       48688477.533027805        0.0000000000000000     
   7.95416689       48879543.169714771        0.0000000000000000     
   7.95486116       48401360.036961772        0.0000000000000000     
   7.95555544       48016930.168163747        0.0000000000000000     
   7.95625019       47461283.886497885        0.0000000000000000     
   7.95694447       47951578.616709948        0.0000000000000000     
   7.95763874       47520536.416469954        0.0000000000000000     
   7.95833349       48008601.343483470        0.0000000000000000     
   7.95902777       48163458.173186108        0.0000000000000000     
   7.95972204       48064875.928609371        0.0000000000000000     
   7.96041679       47683059.737097107        0.0000000000000000     
   7.96111107       47807129.382241860        0.0000000000000000     
   7.96180534       48003961.511643365        0.0000000000000000     
   7.96250010       47782863.736382440        0.0000000000000000     
   7.96319437       47803892.118276238        0.0000000000000000     
   7.96388912       47830580.451125957        0.0000000000000000     
   7.96458340       47850824.335097410        0.0000000000000000     
   7.96527767       47872251.547198981        0.0000000000000000     
   7.96597242       47895070.163358815        0.0000000000000000     
   7.96666670       47917348.810745031        0.0000000000000000     
   7.96736097       47938833.132382669        0.0000000000000000     
   7.96805573       47961259.106636584        0.0000000000000000     
   7.96875000       48501522.477995358        0.0000000000000000     
   7.96944427       48523591.627617702        0.0000000000000000     
   7.97013903       48545935.568758056        0.0000000000000000     
   7.97083330       49079436.685767561        0.0000000000000000     
   7.97152758       48017566.503290035        0.0000000000000000     
   7.97222233       48039216.446684532        0.0000000000000000     
   7.97291660       48061710.108636901        0.0000000000000000     
   7.97361088       48076517.751589127        0.0000000000000000     
   7.97430563       48105451.968699187        0.0000000000000000     
   7.97499990       48123461.354726188        0.0000000000000000     
   7.97569466       48146328.695835009        0.0000000000000000     
   7.97638893       48168201.243869983        0.0000000000000000     
   7.97708321       48190118.485305548        0.0000000000000000     
   7.97777796       48211864.971973978        0.0000000000000000     
   7.97847223       48233858.921486989        0.0000000000000000     
   7.97916651       48255722.225755394        0.0000000000000000     
   7.97986126       48277627.955875009        0.0000000000000000     
   7.98055553       48299506.717220493        0.0000000000000000     
   7.98124981       48321425.405456923        0.0000000000000000     
   7.98194456       48343316.394868806        0.0000000000000000     
   7.98263884       48365223.139735974        0.0000000000000000     
   7.98333311       48387136.414256617        0.0000000000000000     
   7.98402786       48490366.524423249        0.0000000000000000     
   7.98472214       48385512.957122415        0.0000000000000000     
   7.98541689       48405923.025276788        0.0000000000000000     
   7.98611116       48430831.913175859        0.0000000000000000     
   7.98680544       48451899.452344276        0.0000000000000000     
   7.98750019       48473635.033040687        0.0000000000000000     
   7.98819447       48495913.503699899        0.0000000000000000     
   7.98888874       48517732.194707640        0.0000000000000000     
   7.98958349       48539622.397630118        0.0000000000000000     
   7.99027777       48603973.699612983        0.0000000000000000     
   7.99097204       48719909.361644700        0.0000000000000000     
   7.99166679       48648350.068934947        0.0000000000000000     
   7.99236107       48149379.574490599        0.0000000000000000     
   7.99305534       48300177.638686575        0.0000000000000000     
   7.99375010       48968130.656194374        0.0000000000000000     
   7.99444437       48464092.195554011        0.0000000000000000     
   7.99513912       48981515.949229151        0.0000000000000000     
   7.99583340       49010694.537009060        0.0000000000000000     
   7.99652767       48592609.248045191        0.0000000000000000     
   7.99722242       49086600.216249563        0.0000000000000000     
   7.99791670       49129650.716576107        0.0000000000000000     
   7.99861097       48915927.441085890        0.0000000000000000     
   7.99930573       48936129.145255126        0.0000000000000000     
   8.00000000       48961591.790100798        0.0000000000000000     
   8.00069427       48981802.086519703        0.0000000000000000     
   8.00138855       49456786.962830566        0.0000000000000000     
   8.00208378       48947261.263203561        0.0000000000000000     
   8.00277805       48967797.053266585        0.0000000000000000     
   8.00347233       48993066.946970500        0.0000000000000000     
   8.00416660       49011150.998894662        0.0000000000000000     
   8.00486088       49036539.509355590        0.0000000000000000     
   8.00555515       49056878.838718355        0.0000000000000000     
   8.00625038       49079463.329003222        0.0000000000000000     
   8.00694466       49101219.070463717        0.0000000000000000     
   8.00763893       49123060.154641792        0.0000000000000000     
   8.00833321       49144873.080959864        0.0000000000000000     
   8.00902748       49166871.528118767        0.0000000000000000     
   8.00972176       49188840.370118462        0.0000000000000000     
   8.01041698       49210878.609530941        0.0000000000000000     
   8.01111126       49232888.498475209        0.0000000000000000     
   8.01180553       49254895.830342434        0.0000000000000000     
   8.01249981       50049934.708031900        0.0000000000000000     
   8.01319408       50070295.935714498        0.0000000000000000     
   8.01388931       50090366.475697927        0.0000000000000000     
   8.01458359       50110888.767773993        0.0000000000000000     
   8.01527786       50132711.600531682        0.0000000000000000     
   8.01597214       50702062.320392512        0.0000000000000000     
   8.01666641       50107117.985694647        0.0000000000000000     
   8.01736069       50127688.260153756        0.0000000000000000     
   8.01805592       50154206.005610578        0.0000000000000000     
   8.01875019       50173652.252639443        0.0000000000000000     
   8.01944447       50196084.446719304        0.0000000000000000     
   8.02013874       50685588.561371796        0.0000000000000000     
   8.02083302       50233287.914896227        0.0000000000000000     
   8.02152824       50724899.330395862        0.0000000000000000     
   8.02222252       50745358.340493426        0.0000000000000000     
   8.02291679       50907085.394334540        0.0000000000000000     
   8.02361107       50807949.228201002        0.0000000000000000     
   8.02430534       50368277.877618343        0.0000000000000000     
   8.02499962       50523837.182613008        0.0000000000000000     
   8.02569485       50694352.050125137        0.0000000000000000     
   8.02638912       50750599.146532454        0.0000000000000000     
   8.02708340       50726112.693643004        0.0000000000000000     
   8.02777767       50775789.373408630        0.0000000000000000     
   8.02847195       50735910.619370997        0.0000000000000000     
   8.02916622       50752592.053235732        0.0000000000000000     
   8.02986145       50776449.038019493        0.0000000000000000     
   8.03055573       50797446.273368835        0.0000000000000000     
   8.03125000       50818794.974841885        0.0000000000000000     
   8.03194427       50840529.826701179        0.0000000000000000     
   8.03263855       50918043.624800220        0.0000000000000000     
   8.03333378       50911048.060680725        0.0000000000000000     
   8.03402805       50955795.899457179        0.0000000000000000     
   8.03472233       50740946.633775227        0.0000000000000000     
   8.03541660       50761007.941135019        0.0000000000000000     
   8.03611088       50786972.378893845        0.0000000000000000     
   8.03680515       50806958.305365846        0.0000000000000000     
   8.03750038       50827829.051750012        0.0000000000000000     
   8.03819466       50850002.893218867        0.0000000000000000     
   8.03888893       50871889.114192314        0.0000000000000000     
   8.03958321       51626000.518958971        0.0000000000000000     
   8.04027748       50880385.343522266        0.0000000000000000     
   8.04097176       50896873.532185219        0.0000000000000000     
   8.04166698       50917719.162509091        0.0000000000000000     
   8.04236126       50940254.983487099        0.0000000000000000     
   8.04305553       50961890.610860094        0.0000000000000000     
   8.04374981       50982855.586201303        0.0000000000000000     
   8.04444408       51004823.719724357        0.0000000000000000     
   8.04513931       51724350.095708475        0.0000000000000000     
   8.04583359       51015933.007790640        0.0000000000000000     
   8.04652786       51039077.352638647        0.0000000000000000     
   8.04722214       51062312.308846854        0.0000000000000000     
   8.04791641       51163977.334948368        0.0000000000000000     
   8.04861069       51058970.058714360        0.0000000000000000     
   8.04930592       51919433.525450148        0.0000000000000000     
   8.05000019       51001418.254981339        0.0000000000000000     
   8.05069447       51020707.161232874        0.0000000000000000     
   8.05138874       51044155.975491963        0.0000000000000000     
   8.05208302       51064516.602030247        0.0000000000000000     
   8.05277824       51086795.435104571        0.0000000000000000     
   8.05347252       51107908.849983290        0.0000000000000000     
   8.05416679       51129706.213795044        0.0000000000000000     
   8.05486107       51291623.209118672        0.0000000000000000     
   8.05555534       51191547.868845187        0.0000000000000000     
   8.05624962       50752504.282058463        0.0000000000000000     
   8.05694485       50907912.201952860        0.0000000000000000     
   8.05763912       51078694.870596997        0.0000000000000000     
   8.05833340       51092317.074483253        0.0000000000000000     
   8.05902767       51114192.663242221        0.0000000000000000     
   8.05972195       51135829.593144447        0.0000000000000000     
   8.06041622       51157186.631804697        0.0000000000000000     
   8.06111145       51178788.340314530        0.0000000000000000     
   8.06180573       51242407.193875454        0.0000000000000000     
   8.06250000       51218651.621808685        0.0000000000000000     
   8.06319427       51267754.474884599        0.0000000000000000     
   8.06388855       51930719.119924098        0.0000000000000000     
   8.06458378       51331969.558460288        0.0000000000000000     
   8.06527805       50821541.226452701        0.0000000000000000     
   8.06597233       51123323.543658085        0.0000000000000000     
   8.06666660       50638067.036055759        0.0000000000000000     
   8.06736088       50657989.768985294        0.0000000000000000     
   8.06805515       50682973.777647346        0.0000000000000000     
   8.06875038       50758488.642477855        0.0000000000000000     
   8.06944466       50753235.020608686        0.0000000000000000     
   8.07013893       50797360.077273540        0.0000000000000000     
   8.07083321       50582538.607259877        0.0000000000000000     
   8.07152748       50603032.912004657        0.0000000000000000     
   8.07222176       50629604.720444918        0.0000000000000000     
   8.07291698       51116676.246754922        0.0000000000000000     
   8.07361126       50661350.834369369        0.0000000000000000     
   8.07430553       50683838.180219583        0.0000000000000000     
   8.07499981       51175210.203808121        0.0000000000000000     
   8.07569408       51193352.775614411        0.0000000000000000     
   8.07638931       51806334.110162325        0.0000000000000000     
   8.07708359       51829648.307304554        0.0000000000000000     
   8.07777786       51850683.231759600        0.0000000000000000     
   8.07847214       51872340.150610074        0.0000000000000000     
   8.07916641       51894101.648374587        0.0000000000000000     
   8.07986069       51997201.268281981        0.0000000000000000     
   8.08055592       51892166.508352295        0.0000000000000000     
   8.08125019       51912307.763515368        0.0000000000000000     
   8.08194447       51937048.814454801        0.0000000000000000     
   8.08263874       51957863.626056507        0.0000000000000000     
   8.08333302       51979338.477551110        0.0000000000000000     
   8.08402824       52001360.470240250        0.0000000000000000     
   8.08472252       52022940.322791852        0.0000000000000000     
   8.08541679       52044594.141663536        0.0000000000000000     
   8.08611107       52066389.943442047        0.0000000000000000     
   8.08680534       52228521.104277164        0.0000000000000000     
   8.08749962       52128540.109626494        0.0000000000000000     
   8.08819485       51689628.642908350        0.0000000000000000     
   8.08888912       51845138.464166529        0.0000000000000000     
   8.08958340       52016095.622391023        0.0000000000000000     
   8.09027767       52029860.600373663        0.0000000000000000     
   8.09097195       52051876.314538322        0.0000000000000000     
   8.09166622       52073660.509337097        0.0000000000000000     
   8.09236145       52095160.447428875        0.0000000000000000     
   8.09305573       52116902.406261146        0.0000000000000000     
   8.09375000       52803496.164560661        0.0000000000000000     
   8.09444427       51557063.849962056        0.0000000000000000     
   8.09513855       52052897.441662386        0.0000000000000000     
   8.09583378       52076372.749324977        0.0000000000000000     
   8.09652805       52093207.751131095        0.0000000000000000     
   8.09722233       52938485.774391435        0.0000000000000000     
   8.09791660       52469531.936576195        0.0000000000000000     
   8.09861088       53375785.000294633        0.0000000000000000     
   8.09930515       53133126.948244579        0.0000000000000000     
   8.10000038       53095638.263613299        0.0000000000000000     
   8.10069466       53910783.547428548        0.0000000000000000     
   8.10138893       53409113.612458482        0.0000000000000000     
   8.10208321       51957741.584784538        0.0000000000000000     
   8.10277748       52371574.008556627        0.0000000000000000     
   8.10347176       51438798.496835731        0.0000000000000000     
   8.10416698       51556847.719903521        0.0000000000000000     
   8.10486126       51414326.104401007        0.0000000000000000     
   8.10555553       48507766.184710443        0.0000000000000000     
   8.10624981       48992096.874372028        0.0000000000000000     
   8.10694408       48634998.758382015        0.0000000000000000     
   8.10763931       48013633.240094639        0.0000000000000000     
   8.10833359       48831257.430163398        0.0000000000000000     
   8.10902786       48050031.062924139        0.0000000000000000     
   8.10972214       46803532.463877775        0.0000000000000000     
   8.11041641       47178706.026588865        0.0000000000000000     
   8.11111069       47169075.505854338        0.0000000000000000     
   8.11180592       47982038.416629039        0.0000000000000000     
   8.11250019       48006842.945863657        0.0000000000000000     
   8.11319447       47341265.496890157        0.0000000000000000     
   8.11388874       47109733.799039312        0.0000000000000000     
   8.11458302       47312221.056631304        0.0000000000000000     
   8.11527824       47453005.939572133        0.0000000000000000     
   8.11597252       47094993.671624072        0.0000000000000000     
   8.11666679       47086542.627449542        0.0000000000000000     
   8.11736107       47111932.838610768        0.0000000000000000     
   8.11805534       47136098.997731633        0.0000000000000000     
   8.11874962       47289613.950334653        0.0000000000000000     
   8.11944485       47185885.610662423        0.0000000000000000     
   8.12013912       46746484.471632399        0.0000000000000000     
   8.12083340       46899118.873707093        0.0000000000000000     
   8.12152767       47067167.434780195        0.0000000000000000     
   8.12222195       47079219.507552147        0.0000000000000000     
   8.12291622       47099455.932880074        0.0000000000000000     
   8.12361145       47119303.234342001        0.0000000000000000     
   8.12430573       47139181.586916514        0.0000000000000000     
   8.12500000       47159507.759276994        0.0000000000000000     
   8.12569427       47179965.205116808        0.0000000000000000     
   8.12638855       47200336.765197247        0.0000000000000000     
   8.12708378       47221023.125677817        0.0000000000000000     
   8.12777805       47241739.713778153        0.0000000000000000     
   8.12847233       47262504.380158707        0.0000000000000000     
   8.12916660       47283368.724265128        0.0000000000000000     
   8.12986088       47304261.639634848        0.0000000000000000     
   8.13055515       47325200.145200551        0.0000000000000000     
   8.13125038       47346177.489774168        0.0000000000000000     
   8.13194466       48042314.929745600        0.0000000000000000     
   8.13263893       47293012.228035755        0.0000000000000000     
   8.13333321       47318282.266501680        0.0000000000000000     
   8.13402748       47386346.575115107        0.0000000000000000     
   8.13472176       47357130.346903890        0.0000000000000000     
   8.13541698       47407206.026104443        0.0000000000000000     
   8.13611126       47367763.798550561        0.0000000000000000     
   8.13680553       47383711.134667024        0.0000000000000000     
   8.13749981       47406995.050498135        0.0000000000000000     
   8.13819408       47428040.169190779        0.0000000000000000     
   8.13888931       47448936.813732661        0.0000000000000000     
   8.13958359       47470324.658804752        0.0000000000000000     
   8.14027786       47547420.960758522        0.0000000000000000     
   8.14097214       47540082.620371789        0.0000000000000000     
   8.14166641       47584527.238202304        0.0000000000000000     
   8.14236069       47369711.914311700        0.0000000000000000     
   8.14305592       47389517.653067768        0.0000000000000000     
   8.14375019       47496665.466715589        0.0000000000000000     
   8.14444447       48234593.833724380        0.0000000000000000     
   8.14513874       47724259.571469031        0.0000000000000000     
   8.14583302       48006238.183207460        0.0000000000000000     
   8.14652824       46742250.295546271        0.0000000000000000     
   8.14722252       46768039.637565389        0.0000000000000000     
   8.14791679       46790505.849624328        0.0000000000000000     
   8.14861107       46807755.566645145        0.0000000000000000     
   8.14930534       46833061.339017630        0.0000000000000000     
   8.14999962       46854047.566578887        0.0000000000000000     
   8.15069485       47016067.854138054        0.0000000000000000     
   8.15138912       46916412.309334405        0.0000000000000000     
   8.15208340       46477714.803287283        0.0000000000000000     
   8.15277767       46633261.482635260        0.0000000000000000     
   8.15347195       46804386.635273106        0.0000000000000000     
   8.15416622       46818333.893251993        0.0000000000000000     
   8.15486145       47297484.146524705        0.0000000000000000     
   8.15555573       46793726.117896214        0.0000000000000000     
   8.15625000       46813546.749196172        0.0000000000000000     
   8.15694427       46838773.044818074        0.0000000000000000     
   8.15763855       46856935.735911116        0.0000000000000000     
   8.15833378       46881433.289999753        0.0000000000000000     
   8.15902805       46901989.501116097        0.0000000000000000     
   8.15972233       46924309.315236889        0.0000000000000000     
   8.16041660       46946010.724122576        0.0000000000000000     
   8.16111088       46967955.417641766        0.0000000000000000     
   8.16180515       46989751.908020996        0.0000000000000000     
   8.16250038       47011642.723772041        0.0000000000000000     
   8.16319466       47033483.639240652        0.0000000000000000     
   8.16388893       47055351.623991653        0.0000000000000000     
   8.16458321       47077198.815384731        0.0000000000000000     
   8.16527748       47099062.034692869        0.0000000000000000     
   8.16597176       47120915.513156168        0.0000000000000000     
   8.16666698       47608269.029067777        0.0000000000000000     
   8.16736126       47144757.247053005        0.0000000000000000     
   8.16805553       47166114.009573370        0.0000000000000000     
   8.16874981       47188988.044983268        0.0000000000000000     
   8.16944408       47251675.584059931        0.0000000000000000     
   8.17013931       47697140.274947360        0.0000000000000000     
   8.17083359       47272163.899441987        0.0000000000000000     
   8.17152786       47703515.114082061        0.0000000000000000     
   8.17222214       47718540.487607725        0.0000000000000000     
   8.17291641       47741633.947485983        0.0000000000000000     
   8.17361069       47763433.593277760        0.0000000000000000     
   8.17430592       47783894.509476215        0.0000000000000000     
   8.17500019       47805648.586445071        0.0000000000000000     
   8.17569447       47908375.029260851        0.0000000000000000     
   8.17638874       47859046.643124022        0.0000000000000000     
   8.17708302       47849484.682660557        0.0000000000000000     
   8.17777824       47896850.414013699        0.0000000000000000     
   8.17847252       47680177.215235732        0.0000000000000000     
   8.17916679       47699821.779821552        0.0000000000000000     
   8.17986107       47725905.177254431        0.0000000000000000     
   8.18055534       47745517.171738386        0.0000000000000000     
   8.18124962       47766114.305303559        0.0000000000000000     
   8.18194485       47788135.263115726        0.0000000000000000     
   8.18263912       47950207.317742378        0.0000000000000000     
   8.18333340       47849179.228104256        0.0000000000000000     
   8.18402767       47410192.639628068        0.0000000000000000     
   8.18472195       47565405.801988490        0.0000000000000000     
   8.18541622       47735810.945817806        0.0000000000000000     
   8.18611145       47749272.454778343        0.0000000000000000     
   8.18680573       47770944.510292053        0.0000000000000000     
   8.18750000       47792297.802883968        0.0000000000000000     
   8.18819427       47813437.444319859        0.0000000000000000     
   8.18888855       47834817.781941503        0.0000000000000000     
   8.18958378       48277781.702620588        0.0000000000000000     
   8.19027805       47222183.396604568        0.0000000000000000     
   8.19097233       47244734.459581479        0.0000000000000000     
   8.19166660       47270112.016541995        0.0000000000000000     
   8.19236088       47288991.109493800        0.0000000000000000     
   8.19305515       47313017.598395079        0.0000000000000000     
   8.19375038       47333672.996823922        0.0000000000000000     
   8.19444466       47356031.580068305        0.0000000000000000     
   8.19513893       47842875.323807277        0.0000000000000000     
   8.19583321       47373895.586890399        0.0000000000000000     
   8.19652748       47395083.219362602        0.0000000000000000     
   8.19722176       47418269.200305805        0.0000000000000000     
   8.19791698       47438682.325969033        0.0000000000000000     
   8.19861126       47461590.974068657        0.0000000000000000     
   8.19930553       47950696.964542024        0.0000000000000000     
   8.19999981       47498389.877387814        0.0000000000000000     
   8.20069408       47989485.336383365        0.0000000000000000     
   8.20138931       48009331.415397659        0.0000000000000000     
   8.20208359       48030286.494327754        0.0000000000000000     
   8.20277786       48052522.583206125        0.0000000000000000     
   8.20347214       48073130.467963696        0.0000000000000000     
   8.20416641       48094830.806684919        0.0000000000000000     
   8.20486069       48115992.461714007        0.0000000000000000     
   8.20555592       48179351.599066064        0.0000000000000000     
   8.20625019       48155459.002763517        0.0000000000000000     
   8.20694447       48204251.041001588        0.0000000000000000     
   8.20763874       48246604.273485720        0.0000000000000000     
   8.20833302       48136209.425648570        0.0000000000000000     
   8.20902824       48158207.358329043        0.0000000000000000     
   8.20972252       48182096.847831570        0.0000000000000000     
   8.21041679       48202306.159063444        0.0000000000000000     
   8.21111107       48223584.478791371        0.0000000000000000     
   8.21180534       48300402.434853584        0.0000000000000000     
   8.21249962       48293379.509781472        0.0000000000000000     
   8.21319485       48337684.903549306        0.0000000000000000     
   8.21388912       48124664.657292999        0.0000000000000000     
   8.21458340       48284985.872645833        0.0000000000000000     
   8.21527767       48189033.042130820        0.0000000000000000     
   8.21597195       47748160.773760788        0.0000000000000000     
   8.21666622       47902607.922436163        0.0000000000000000     
   8.21736145       48073796.267310634        0.0000000000000000     
   8.21805573       48087509.097667225        0.0000000000000000     
   8.21875000       48793655.559934847        0.0000000000000000     
   8.21944427       47514073.209503651        0.0000000000000000     
   8.22013855       48005786.778116144        0.0000000000000000     
   8.22083378       47556336.198020540        0.0000000000000000     
   8.22152805       48046515.887952298        0.0000000000000000     
   8.22222233       48064226.594801605        0.0000000000000000     
   8.22291660       48084726.936601274        0.0000000000000000     
   8.22361088       48108192.215655774        0.0000000000000000     
   8.22430515       48127883.410885140        0.0000000000000000     
   8.22500038       48150033.027228206        0.0000000000000000     
   8.22569466       48171040.002751201        0.0000000000000000     
   8.22638893       48192468.669605277        0.0000000000000000     
   8.22708321       48213806.713521942        0.0000000000000000     
   8.22777748       48235086.323300488        0.0000000000000000     
   8.22847176       48256443.968091324        0.0000000000000000     
   8.22916698       48277773.355403997        0.0000000000000000     
   8.22986126       48299084.741784707        0.0000000000000000     
   8.23055553       48320421.735215530        0.0000000000000000     
   8.23124981       48341746.467011727        0.0000000000000000     
   8.23194408       48363070.966058113        0.0000000000000000     
   8.23263931       48384398.170694627        0.0000000000000000     
   8.23333359       48923870.956519276        0.0000000000000000     
   8.23402786       48945327.247268207        0.0000000000000000     
   8.23472214       48966825.487418026        0.0000000000000000     
   8.23541641       48988282.074834839        0.0000000000000000     
   8.23611069       49009808.228726156        0.0000000000000000     
   8.23680592       49031248.854187608        0.0000000000000000     
   8.23750019       49052705.356924459        0.0000000000000000     
   8.23819447       49074147.524033107        0.0000000000000000     
   8.23888874       49095593.296661064        0.0000000000000000     
   8.23958302       49198495.526836611        0.0000000000000000     
   8.24027824       49802354.814896069        0.0000000000000000     
   8.24097252       49103922.729907915        0.0000000000000000     
   8.24166679       50008674.891805500        0.0000000000000000     
   8.24236107       49033430.685100451        0.0000000000000000     
   8.24305534       49081499.782262862        0.0000000000000000     
   8.24374962       49044476.293795995        0.0000000000000000     
   8.24444485       49059122.689051576        0.0000000000000000     
   8.24513912       49083702.987090625        0.0000000000000000     
   8.24583340       49104432.608454071        0.0000000000000000     
   8.24652767       49266219.263210677        0.0000000000000000     
   8.24722195       49166092.911897957        0.0000000000000000     
   8.24791622       48782785.788403884        0.0000000000000000     
   8.24861145       48909404.819486886        0.0000000000000000     
   8.24930573       49103359.425378062        0.0000000000000000     
   8.25000000       48880815.466861896        0.0000000000000000     
   8.25069427       48901117.202997625        0.0000000000000000     
   8.25138855       48927085.092570089        0.0000000000000000     
   8.25208378       48946785.879424632        0.0000000000000000     
   8.25277805       48967603.569394097        0.0000000000000000     
   8.25347233       48989782.993505485        0.0000000000000000     
   8.25416660       49011464.852388032        0.0000000000000000     
   8.25486088       49032314.770073354        0.0000000000000000     
   8.25555515       49054122.810853481        0.0000000000000000     
   8.25625038       49075646.252683520        0.0000000000000000     
   8.25694466       49798781.392566845        0.0000000000000000     
   8.25763893       49702326.712924033        0.0000000000000000     
   8.25833321       49172745.394373275        0.0000000000000000     
   8.25902748       48970867.102970310        0.0000000000000000     
   8.25972176       48489456.056922041        0.0000000000000000     
   8.26041698       48511754.304641686        0.0000000000000000     
   8.26111126       49039025.386061251        0.0000000000000000     
   8.26180553       49059815.534317739        0.0000000000000000     
   8.26249981       49084614.116951726        0.0000000000000000     
   8.26319408       49104072.399258673        0.0000000000000000     
   8.26388931       49125185.066729113        0.0000000000000000     
   8.26458359       49146939.193721786        0.0000000000000000     
   8.26527786       49169200.161108911        0.0000000000000000     
   8.26597214       49191308.333517276        0.0000000000000000     
   8.26666641       49213644.244241215        0.0000000000000000     
   8.26736069       49703628.079323739        0.0000000000000000     
   8.26805592       49244266.784004696        0.0000000000000000     
   8.26875019       49265980.877881475        0.0000000000000000     
   8.26944447       49757262.110268168        0.0000000000000000     
   8.27013874       49776865.471624143        0.0000000000000000     
   8.27083302       49797569.724189356        0.0000000000000000     
   8.27152824       49900827.228515491        0.0000000000000000     
   8.27222252       49795417.838415876        0.0000000000000000     
   8.27291679       49815122.242039308        0.0000000000000000     
   8.27361107       49839461.735758327        0.0000000000000000     
   8.27430534       49860201.680545457        0.0000000000000000     
   8.27499962       49881461.367352679        0.0000000000000000     
   8.27569485       49903243.653212331        0.0000000000000000     
   8.27638912       50697761.084278770        0.0000000000000000     
   8.27708340       50760868.935265660        0.0000000000000000     
   8.27777767       50735812.735016130        0.0000000000000000     
   8.27847195       50923794.118804477        0.0000000000000000     
   8.27916622       50763091.082957424        0.0000000000000000     
   8.27986145       50319792.052504800        0.0000000000000000     
   8.28055573       50478067.116637848        0.0000000000000000     
   8.28125000       50649135.550609112        0.0000000000000000     
   8.28194427       50662621.092442758        0.0000000000000000     
   8.28263855       50684273.879227512        0.0000000000000000     
   8.28333378       50705518.026599981        0.0000000000000000     
   8.28402805       50782740.313726939        0.0000000000000000     
   8.28472233       50774971.762475438        0.0000000000000000     
   8.28541660       50819942.864544414        0.0000000000000000     
   8.28611088       50604548.601886570        0.0000000000000000     
   8.28680515       50624865.950464278        0.0000000000000000     
   8.28750038       51313279.494937308        0.0000000000000000     
   8.28819466       50065480.833782911        0.0000000000000000     
   8.28888893       50558878.935991727        0.0000000000000000     
   8.28958321       50582765.674667023        0.0000000000000000     
   8.29027748       50599670.975574009        0.0000000000000000     
   8.29097176       50623177.688671567        0.0000000000000000     
   8.29166698       50645559.319386959        0.0000000000000000     
   8.29236126       50666569.833125427        0.0000000000000000     
   8.29305553       50687747.293632612        0.0000000000000000     
   8.29374981       50709785.807255156        0.0000000000000000     
   8.29444408       50731246.622749887        0.0000000000000000     
   8.29513931       50752615.036501855        0.0000000000000000     
   8.29583359       50774309.488769755        0.0000000000000000     
   8.29652786       50795902.180900052        0.0000000000000000     
   8.29722214       50817450.333748028        0.0000000000000000     
   8.29791641       50839027.691700883        0.0000000000000000     
   8.29861069       50860592.803034335        0.0000000000000000     
   8.29930592       50882133.161763445        0.0000000000000000     
   8.30000019       50903677.770200484        0.0000000000000000     
   8.30069447       50925232.927677147        0.0000000000000000     
   8.30138874       50946793.230782181        0.0000000000000000     
   8.30208302       50968356.069390044        0.0000000000000000     
   8.30277824       50989921.194023788        0.0000000000000000     
   8.30347252       51092927.270466991        0.0000000000000000     
   8.30416679       50987622.262649335        0.0000000000000000     
   8.30486107       51007668.333313212        0.0000000000000000     
   8.30555534       51032203.736499131        0.0000000000000000     
   8.30624962       51770883.471659817        0.0000000000000000     
   8.30694485       51930688.107141547        0.0000000000000000     
   8.30763912       51273542.000810996        0.0000000000000000     
   8.30833340       51046456.048416995        0.0000000000000000     
   8.30902767       51045929.549848914        0.0000000000000000     
   8.30972195       51076911.694951482        0.0000000000000000     
   8.31041622       51243934.927338570        0.0000000000000000     
   8.31111145       51138334.419097632        0.0000000000000000     
   8.31180573       50699256.353463635        0.0000000000000000     
   8.31250000       50856556.770961732        0.0000000000000000     
   8.31319427       51068798.795194060        0.0000000000000000     
   8.31388855       51036629.766323179        0.0000000000000000     
   8.31458378       51086382.711140864        0.0000000000000000     
   8.31527805       51047678.910107538        0.0000000000000000     
   8.31597233       51064011.767028689        0.0000000000000000     
   8.31666660       51087824.531745858        0.0000000000000000     
   8.31736088       51109129.339704521        0.0000000000000000     
   8.31805515       51819560.674796171        0.0000000000000000     
   8.31875038       51092799.229811192        0.0000000000000000     
   8.31944466       51171905.581646994        0.0000000000000000     
   8.32013893       51168092.955637746        0.0000000000000000     
   8.32083321       51210452.268608972        0.0000000000000000     
   8.32152748       50998019.432320066        0.0000000000000000     
   8.32222176       51018471.659702316        0.0000000000000000     
   8.32291698       51044281.782433651        0.0000000000000000     
   8.32361126       51064181.375054121        0.0000000000000000     
   8.32430553       51085193.803536437        0.0000000000000000     
   8.32499981       51107302.537955113        0.0000000000000000     
   8.32569408       51129189.311308295        0.0000000000000000     
   8.32638931       51991703.990238987        0.0000000000000000     
   8.32708359       51515370.341541484        0.0000000000000000     
   8.32777786       51661831.106387123        0.0000000000000000     
   8.32847214       51231414.832384422        0.0000000000000000     
   8.32916641       50819284.423306666        0.0000000000000000     
   8.32986069       50324293.849043563        0.0000000000000000     
   8.33055592       50820138.561629549        0.0000000000000000     
   8.33125019       50854318.522114947        0.0000000000000000     
   8.33194447       50872602.087451577        0.0000000000000000     
   8.33263874       50889915.523378067        0.0000000000000000     
   8.33333302       50918407.757740334        0.0000000000000000     
   8.33402824       50936894.593323007        0.0000000000000000     
   8.33472252       50961013.082275592        0.0000000000000000     
   8.33541679       51064724.635293938        0.0000000000000000     
   8.33611107       50960156.575215474        0.0000000000000000     
   8.33680534       50981283.899170749        0.0000000000000000     
   8.33749962       51006752.945627972        0.0000000000000000     
   8.33819485       51028322.060213424        0.0000000000000000     
   8.33888912       51050680.849151798        0.0000000000000000     
   8.33958340       51665491.088804796        0.0000000000000000     
   8.34027767       51688398.108093396        0.0000000000000000     
   8.34097195       51710784.340388685        0.0000000000000000     
   8.34166622       51733478.660142966        0.0000000000000000     
   8.34236145       51896619.733934499        0.0000000000000000     
   8.34305573       51797483.821439989        0.0000000000000000     
   8.34375000       51359560.090324856        0.0000000000000000     
   8.34444427       52027780.373139501        0.0000000000000000     
   8.34513855       51110185.677069753        0.0000000000000000     
   8.34583378       51124363.317779705        0.0000000000000000     
   8.34652805       51147553.041817486        0.0000000000000000     
   8.34722233       51162778.791886508        0.0000000000000000     
   8.34791660       51191944.800680257        0.0000000000000000     
   8.34861088       51210328.001557931        0.0000000000000000     
   8.34930515       51276196.903345466        0.0000000000000000     
   8.35000038       51251909.607691556        0.0000000000000000     
   8.35069466       51302172.358114168        0.0000000000000000     
   8.35138893       51263093.724606931        0.0000000000000000     
   8.35208321       51280496.325193822        0.0000000000000000     
   8.35277748       51304944.714767933        0.0000000000000000     
   8.35347176       51326758.795959324        0.0000000000000000     
   8.35416698       51348723.563100196        0.0000000000000000     
   8.35486126       51371135.826298833        0.0000000000000000     
   8.35555553       51449174.515350051        0.0000000000000000     
   8.35624981       51442811.370636076        0.0000000000000000     
   8.35694408       51488223.900143802        0.0000000000000000     
   8.35763931       51274400.909101367        0.0000000000000000     
   8.35833359       51295155.288309239        0.0000000000000000     
   8.35902786       51321804.564344130        0.0000000000000000     
   8.35972214       51342474.645602345        0.0000000000000000     
   8.36041641       52182147.524181560        0.0000000000000000     
   8.36111069       51661207.844341472        0.0000000000000000     
   8.36180592       52150305.615773320        0.0000000000000000     
   8.36250019       52435260.764881402        0.0000000000000000     
   8.36319447       52382038.303415053        0.0000000000000000     
   8.36388874       52543134.314904481        0.0000000000000000     
   8.36458302       52713035.597628698        0.0000000000000000     
   8.36527824       51244346.047445647        0.0000000000000000     
   8.36597252       51634062.418684885        0.0000000000000000     
   8.36666679       50716235.343581922        0.0000000000000000     
   8.36736107       50860679.738312945        0.0000000000000000     
   8.36805534       50619511.127634250        0.0000000000000000     
   8.36874962       47703729.963040382        0.0000000000000000     
   8.36944485       48424439.240463831        0.0000000000000000     
   8.37013912       48068663.360690728        0.0000000000000000     
   8.37083340       47446999.917549893        0.0000000000000000     
   8.37152767       48265507.575097635        0.0000000000000000     
   8.37222195       47487261.822401799        0.0000000000000000     
   8.37291622       46241866.952165894        0.0000000000000000     
   8.37361145       46617053.591421463        0.0000000000000000     
   8.37430573       46749060.207907856        0.0000000000000000     
   8.37500000       46640622.838338725        0.0000000000000000     
   8.37569427       46647688.172232687        0.0000000000000000     
   8.37638855       46260058.057580993        0.0000000000000000     
   8.37708378       46422033.858499996        0.0000000000000000     
   8.37777805       46433508.710004598        0.0000000000000000     
   8.37847233       46445062.299368784        0.0000000000000000     
   8.37916660       46464838.180038504        0.0000000000000000     
   8.37986088       46480040.713579684        0.0000000000000000     
   8.38055515       46498306.874703646        0.0000000000000000     
   8.38125038       46516541.913817301        0.0000000000000000     
   8.38194466       46535359.473084576        0.0000000000000000     
   8.38263893       46554619.571160957        0.0000000000000000     
   8.38333321       46574228.894821689        0.0000000000000000     
   8.38402748       46593978.524424173        0.0000000000000000     
   8.38472176       46655941.122934923        0.0000000000000000     
   8.38541698       46630890.127313770        0.0000000000000000     
   8.38611126       46678693.638562053        0.0000000000000000     
   8.38680553       46638834.323433824        0.0000000000000000     
   8.38749981       46654598.843251586        0.0000000000000000     
   8.38819408       46677544.742413513        0.0000000000000000     
   8.38888931       46698036.699537791        0.0000000000000000     
   8.38958359       46718813.913253069        0.0000000000000000     
   8.39027786       47205651.163892731        0.0000000000000000     
   8.39097214       46736126.290141113        0.0000000000000000     
   8.39166641       46812938.685292326        0.0000000000000000     
   8.39236069       46806241.968523264        0.0000000000000000     
   8.39305592       46849359.068991214        0.0000000000000000     
   8.39375019       46634700.892759182        0.0000000000000000     
   8.39444447       47122503.770377569        0.0000000000000000     
   8.39513874       46673725.577880025        0.0000000000000000     
   8.39583302       47163435.166738421        0.0000000000000000     
   8.39652824       47182382.619016401        0.0000000000000000     
   8.39722252       47203731.610080674        0.0000000000000000     
   8.39791679       47226086.364743322        0.0000000000000000     
   8.39861107       47245866.406992756        0.0000000000000000     
   8.39930534       47349209.031183645        0.0000000000000000     
   8.39999962       47243455.404619440        0.0000000000000000     
   8.40069485       47263028.617092803        0.0000000000000000     
   8.40138912       47287311.409061678        0.0000000000000000     
   8.40208340       47307705.089945160        0.0000000000000000     
   8.40277767       47328711.465648748        0.0000000000000000     
   8.40347195       47350325.619404949        0.0000000000000000     
   8.40416622       47371475.926852398        0.0000000000000000     
   8.40486145       47392681.729488984        0.0000000000000000     
   8.40555573       47414048.494839318        0.0000000000000000     
   8.40625000       47575772.639358617        0.0000000000000000     
   8.40694427       47475372.776965290        0.0000000000000000     
   8.40763855       47036016.616089620        0.0000000000000000     
   8.40833378       47191132.243753746        0.0000000000000000     
   8.40902805       47361694.832357317        0.0000000000000000     
   8.40972233       47375058.371814623        0.0000000000000000     
   8.41041660       47396675.995529547        0.0000000000000000     
   8.41111088       47418063.306637287        0.0000000000000000     
   8.41180515       47439170.800880201        0.0000000000000000     
   8.41250038       47460523.547097869        0.0000000000000000     
   8.41319466       47481940.910710730        0.0000000000000000     
   8.41388893       48236510.224514559        0.0000000000000000     
   8.41458321       47494513.416416958        0.0000000000000000     
   8.41527748       47510864.643768512        0.0000000000000000     
   8.41597176       47531559.313857496        0.0000000000000000     
   8.41666698       47553813.311129570        0.0000000000000000     
   8.41736126       47575152.365175262        0.0000000000000000     
   8.41805553       47595952.056553267        0.0000000000000000     
   8.41874981       48316706.461162753        0.0000000000000000     
   8.41944408       47608666.749978930        0.0000000000000000     
   8.42013931       47631367.077492096        0.0000000000000000     
   8.42083359       47696260.529253528        0.0000000000000000     
   8.42152786       47671177.326803766        0.0000000000000000     
   8.42222214       48560472.031834722        0.0000000000000000     
   8.42291641       47579791.889129065        0.0000000000000000     
   8.42361069       47594599.849231929        0.0000000000000000     
   8.42430592       47620008.149834275        0.0000000000000000     
   8.42500019       47639594.570878141        0.0000000000000000     
   8.42569447       47661464.258506104        0.0000000000000000     
   8.42638874       47682505.454203665        0.0000000000000000     
   8.42708302       47759151.081980176        0.0000000000000000     
   8.42777824       47752211.984314136        0.0000000000000000     
   8.42847252       47796603.888421416        0.0000000000000000     
   8.42916679       47583442.496220611        0.0000000000000000     
   8.42986107       47603375.873950742        0.0000000000000000     
   8.43055534       47629086.880608149        0.0000000000000000     
   8.43124962       47730306.782023385        0.0000000000000000     
   8.43194485       47624078.183557957        0.0000000000000000     
   8.43263912       47644489.222284503        0.0000000000000000     
   8.43333340       47669117.099182859        0.0000000000000000     
   8.43402767       47688908.990960255        0.0000000000000000     
   8.43472195       47710364.971707694        0.0000000000000000     
   8.43541622       47732108.494088024        0.0000000000000000     
   8.43611145       47753129.069959767        0.0000000000000000     
   8.43680573       48475608.081328057        0.0000000000000000     
   8.43750000       47881884.540065669        0.0000000000000000     
   8.43819427       47510076.753405698        0.0000000000000000     
   8.43888855       47690059.533918686        0.0000000000000000     
   8.43958378       46744636.476099879        0.0000000000000000     
   8.44027805       46897975.659329668        0.0000000000000000     
   8.44097233       47071905.465608902        0.0000000000000000     
   8.44166660       47083037.892045163        0.0000000000000000     
   8.44236088       47107225.350972101        0.0000000000000000     
   8.44305515       47128110.259339735        0.0000000000000000     
   8.44375038       47150149.890632369        0.0000000000000000     
   8.44444466       47171937.013129629        0.0000000000000000     
   8.44513893       47193952.662221864        0.0000000000000000     
   8.44583321       47215649.179467045        0.0000000000000000     
   8.44652748       47705312.607470728        0.0000000000000000     
   8.44722176       47247354.202516489        0.0000000000000000     
   8.44791698       47737000.042961702        0.0000000000000000     
   8.44861126       47758456.794528835        0.0000000000000000     
   8.44930553       47779335.722466923        0.0000000000000000     
   8.44999981       47801166.952249154        0.0000000000000000     
   8.45069408       47821833.920225874        0.0000000000000000     
   8.45138931       47843699.687114187        0.0000000000000000     
   8.45208359       47864789.105515547        0.0000000000000000     
   8.45277786       47886129.322243497        0.0000000000000000     
   8.45347214       47907496.309909731        0.0000000000000000     
   8.45416641       47928808.071068615        0.0000000000000000     
   8.45486069       47950127.094203070        0.0000000000000000     
   8.45555592       47971458.243657671        0.0000000000000000     
   8.45625019       47992782.640048981        0.0000000000000000     
   8.45694447       48056623.470328435        0.0000000000000000     
   8.45763874       48031545.138871595        0.0000000000000000     
   8.45833302       48080817.138494596        0.0000000000000000     
   8.45902824       48040966.966220796        0.0000000000000000     
   8.45972252       48057379.538852029        0.0000000000000000     
   8.46041679       48080931.469937533        0.0000000000000000     
   8.46111107       48101829.278614894        0.0000000000000000     
   8.46180534       48122899.567778476        0.0000000000000000     
   8.46249962       48144378.567328714        0.0000000000000000     
   8.46319485       48302961.337045938        0.0000000000000000     
   8.46388912       48168825.979411691        0.0000000000000000     
   8.46458340       48211815.806200251        0.0000000000000000     
   8.46527767       48000059.311858535        0.0000000000000000     
   8.46597195       48019044.750416286        0.0000000000000000     
   8.46666622       48708861.912120335        0.0000000000000000     
   8.46736145       47461923.294172518        0.0000000000000000     
   8.46805573       47956178.697589636        0.0000000000000000     
   8.46875000       47979816.885404587        0.0000000000000000     
   8.46944427       47996706.533731766        0.0000000000000000     
   8.47013855       48160317.619722731        0.0000000000000000     
   8.47083378       48060680.886132732        0.0000000000000000     
   8.47152805       47620797.188227288        0.0000000000000000     
   8.47222233       47775562.243776523        0.0000000000000000     
   8.47291660       47946649.739962876        0.0000000000000000     
   8.47361088       47959967.412783206        0.0000000000000000     
   8.47430515       47981424.722582608        0.0000000000000000     
   8.47500038       48002947.965511911        0.0000000000000000     
   8.47569466       48024077.313072972        0.0000000000000000     
   8.47638893       48045409.010313682        0.0000000000000000     
   8.47708321       48066847.182975382        0.0000000000000000     
   8.47777748       48088075.594149582        0.0000000000000000     
   8.47847176       48109449.781709902        0.0000000000000000     
   8.47916698       48130779.841159694        0.0000000000000000     
   8.47986126       48152088.719331339        0.0000000000000000     
   8.48055553       48173434.703912832        0.0000000000000000     
   8.48124981       48194754.537704617        0.0000000000000000     
   8.48194408       48216083.608722292        0.0000000000000000     
   8.48263931       48237412.270655856        0.0000000000000000     
   8.48333359       48258738.811149664        0.0000000000000000     
   8.48402786       48280065.818541892        0.0000000000000000     
   8.48472214       49019350.439848177        0.0000000000000000     
   8.48541641       49179095.966011532        0.0000000000000000     
   8.48611069       48523683.430167824        0.0000000000000000     
   8.48680592       48296323.012020871        0.0000000000000000     
   8.48750019       48505907.670446113        0.0000000000000000     
   8.48819447       48652960.207817093        0.0000000000000000     
   8.48888874       48300320.112446785        0.0000000000000000     
   8.48958302       47827453.488327287        0.0000000000000000     
   8.49027824       48323359.642155088        0.0000000000000000     
   8.49097252       48353476.119206138        0.0000000000000000     
   8.49166679       48372042.057920255        0.0000000000000000     
   8.49236107       48431744.672488585        0.0000000000000000     
   8.49305534       48411220.142814331        0.0000000000000000     
   8.49374962       48459305.046573974        0.0000000000000000     
   8.49444485       48419855.162426293        0.0000000000000000     
   8.49513912       48517908.351482108        0.0000000000000000     
   8.49583340       48932832.679667331        0.0000000000000000     
   8.49652767       48952252.273229837        0.0000000000000000     
   8.49722195       48976429.537062824        0.0000000000000000     
   8.49791622       48997228.360703342        0.0000000000000000     
   8.49861145       49018643.963948771        0.0000000000000000     
   8.49930573       49096550.047819443        0.0000000000000000     
   8.50000000       49088531.694389574        0.0000000000000000     
   8.50069427       49133009.596317314        0.0000000000000000     
   8.50138855       48917399.012719236        0.0000000000000000     
   8.50208378       49077809.837156519        0.0000000000000000     
   8.50277805       48982017.734628543        0.0000000000000000     
   8.50347233       48541243.780567572        0.0000000000000000     
   8.50416660       48695858.050848320        0.0000000000000000     
   8.50486088       48867202.159727678        0.0000000000000000     
   8.50555515       49557103.218514040        0.0000000000000000     
   8.50625038       48806192.182508983        0.0000000000000000     
   8.50694466       48832313.395675376        0.0000000000000000     
   8.50763893       48858101.336242005        0.0000000000000000     
   8.50833321       48875435.782842889        0.0000000000000000     
   8.50902748       48898057.703660116        0.0000000000000000     
   8.50972176       48920013.815012969        0.0000000000000000     
   8.51041698       48941135.179509208        0.0000000000000000     
   8.51111126       48962468.058932588        0.0000000000000000     
   8.51180553       48984177.882762045        0.0000000000000000     
   8.51249981       49005566.295586385        0.0000000000000000     
   8.51319408       49027021.472205326        0.0000000000000000     
   8.51388931       49048513.319173075        0.0000000000000000     
   8.51458359       49069983.851283900        0.0000000000000000     
   8.51527786       49091453.380758516        0.0000000000000000     
   8.51597214       49112919.993368641        0.0000000000000000     
   8.51666641       49134391.839610144        0.0000000000000000     
   8.51736069       49155863.068611674        0.0000000000000000     
   8.51805592       50023836.408002459        0.0000000000000000     
   8.51875019       49514876.458078258        0.0000000000000000     
   8.51944447       49793305.155581892        0.0000000000000000     
   8.52013874       48528583.931193508        0.0000000000000000     
   8.52083302       49052433.955200255        0.0000000000000000     
   8.52152824       49064725.665350780        0.0000000000000000     
   8.52222252       48575872.919983536        0.0000000000000000     
   8.52291679       48604964.599238716        0.0000000000000000     
   8.52361107       48628701.694848590        0.0000000000000000     
   8.52430534       49152845.896257572        0.0000000000000000     
   8.52499962       49176800.803346246        0.0000000000000000     
   8.52569485       49199599.408463016        0.0000000000000000     
   8.52638912       49219986.329461560        0.0000000000000000     
   8.52708340       49322146.938013561        0.0000000000000000     
   8.52777767       49673140.791731477        0.0000000000000000     
   8.52847195       49213036.337061562        0.0000000000000000     
   8.52916622       49191159.222178809        0.0000000000000000     
   8.52986145       49243352.273922376        0.0000000000000000     
   8.53055573       49201348.454520553        0.0000000000000000     
   8.53125000       49221661.646067545        0.0000000000000000     
   8.53194427       49244449.944015771        0.0000000000000000     
   8.53263855       49266424.219910257        0.0000000000000000     
   8.53333378       49288080.765088402        0.0000000000000000     
   8.53402805       49450613.758691922        0.0000000000000000     
   8.53472233       49405857.696141489        0.0000000000000000     
   8.53541660       48938870.287247702        0.0000000000000000     
   8.53611088       49117617.136925101        0.0000000000000000     
   8.53680515       49054427.122451894        0.0000000000000000     
   8.53750038       49067045.258895896        0.0000000000000000     
   8.53819466       49093789.810736887        0.0000000000000000     
   8.53888893       49887379.082141735        0.0000000000000000     
   8.53958321       50372975.165227883        0.0000000000000000     
   8.54027748       49908997.366043292        0.0000000000000000     
   8.54097176       49929528.652754962        0.0000000000000000     
   8.54166698       49951615.176965684        0.0000000000000000     
   8.54236126       49973607.169420563        0.0000000000000000     
   8.54305553       50464682.069604434        0.0000000000000000     
   8.54374981       50013596.872995600        0.0000000000000000     
   8.54444408       50505142.686731711        0.0000000000000000     
   8.54513931       50524914.844029553        0.0000000000000000     
   8.54583359       50545537.183180489        0.0000000000000000     
   8.54652786       50567724.909422606        0.0000000000000000     
   8.54722214       50588686.826490380        0.0000000000000000     
   8.54791641       50610733.228047661        0.0000000000000000     
   8.54861069       50632460.401092358        0.0000000000000000     
   8.54930592       50654267.308688305        0.0000000000000000     
   8.55000019       50675831.851054199        0.0000000000000000     
   8.55069447       50697259.071060091        0.0000000000000000     
   8.55138874       50718682.705919534        0.0000000000000000     
   8.55208302       50740146.932498291        0.0000000000000000     
   8.55277824       50761689.329489462        0.0000000000000000     
   8.55347252       50783303.061603725        0.0000000000000000     
   8.55416679       50804925.698535651        0.0000000000000000     
   8.55486107       50826519.956168130        0.0000000000000000     
   8.55555534       50848073.844440565        0.0000000000000000     
   8.55624962       50869602.763950378        0.0000000000000000     
   8.55694485       50891132.201247059        0.0000000000000000     
   8.55763912       50912681.362145394        0.0000000000000000     
   8.55833340       50934253.520673983        0.0000000000000000     
   8.55902767       51037283.096958391        0.0000000000000000     
   8.55972195       50932001.122326404        0.0000000000000000     
   8.56041622       50952056.961585902        0.0000000000000000     
   8.56111145       50976587.101892740        0.0000000000000000     
   8.56180573       50997270.538965501        0.0000000000000000     
   8.56250000       51439553.876833230        0.0000000000000000     
   8.56319427       50386086.498190492        0.0000000000000000     
   8.56388855       50408690.349215306        0.0000000000000000     
   8.56458378       50476763.073379770        0.0000000000000000     
   8.56527805       50449586.386923887        0.0000000000000000     
   8.56597233       50642207.295082554        0.0000000000000000     
   8.56666660       50480242.321128592        0.0000000000000000     
   8.56736088       50037267.577988304        0.0000000000000000     
   8.56805515       50659851.032598011        0.0000000000000000     
   8.56875038       50340486.587579347        0.0000000000000000     
   8.56944466       50353715.299022011        0.0000000000000000     
   8.57013893       50377603.028458968        0.0000000000000000     
   8.57083321       50454143.846090421        0.0000000000000000     
   8.57152748       50448489.025572881        0.0000000000000000     
   8.57222176       50493271.722960599        0.0000000000000000     
   8.57291698       50748354.481880724        0.0000000000000000     
   8.57361126       50291472.388916679        0.0000000000000000     
   8.57430553       50787712.885338657        0.0000000000000000     
   8.57499981       50806965.980634063        0.0000000000000000     
   8.57569408       50827360.658624671        0.0000000000000000     
   8.57638931       50850255.702792689        0.0000000000000000     
   8.57708359       50871505.615310907        0.0000000000000000     
   8.57777786       50892807.913591862        0.0000000000000000     
   8.57847214       50914512.210957065        0.0000000000000000     
   8.57916641       50936191.306046307        0.0000000000000000     
   8.57986069       50957587.801171549        0.0000000000000000     
   8.58055592       50979207.140927739        0.0000000000000000     
   8.58125019       51000807.886230335        0.0000000000000000     
   8.58194447       51022321.962029248        0.0000000000000000     
   8.58263874       51043894.800479770        0.0000000000000000     
   8.58333302       51065471.961898938        0.0000000000000000     
   8.58402824       51087017.596342161        0.0000000000000000     
   8.58472252       51108582.175192781        0.0000000000000000     
   8.58541679       51130147.415186532        0.0000000000000000     
   8.58611107       51151704.291914403        0.0000000000000000     
   8.58680534       51173265.249073088        0.0000000000000000     
   8.58749962       51194827.268650644        0.0000000000000000     
   8.58819485       51216386.029149592        0.0000000000000000     
   8.58888912       51237946.309312247        0.0000000000000000     
   8.58958340       51259506.113965921        0.0000000000000000     
   8.59027767       51281065.528682522        0.0000000000000000     
   8.59097195       51384069.636263229        0.0000000000000000     
   8.59166622       51278765.730077423        0.0000000000000000     
   8.59236145       51984555.420487881        0.0000000000000000     
   8.59305573       50706103.070460089        0.0000000000000000     
   8.59375000       51197726.909337029        0.0000000000000000     
   8.59444427       50748092.635501549        0.0000000000000000     
   8.59513855       51239080.358683862        0.0000000000000000     
   8.59583378       51256948.865115687        0.0000000000000000     
   8.59652805       51277627.253824867        0.0000000000000000     
   8.59722233       51301401.957453005        0.0000000000000000     
   8.59791660       51461758.871043734        0.0000000000000000     
   8.59861088       51362455.624927446        0.0000000000000000     
   8.59930515       50923045.284535833        0.0000000000000000     
   8.60000038       51120439.353066973        0.0000000000000000     
   8.60069466       51246070.373221710        0.0000000000000000     
   8.60138893       51287105.172443978        0.0000000000000000     
   8.60208321       51840555.362292692        0.0000000000000000     
   8.60277748       51857889.591865242        0.0000000000000000     
   8.60347176       51881354.561478242        0.0000000000000000     
   8.60416698       51902663.729541987        0.0000000000000000     
   8.60486126       51924286.022509612        0.0000000000000000     
   8.60555553       51945938.454274982        0.0000000000000000     
   8.60624981       51967871.886644877        0.0000000000000000     
   8.60694408       52045709.029309936        0.0000000000000000     
   8.60763931       52038063.257255480        0.0000000000000000     
   8.60833359       52082848.190352358        0.0000000000000000     
   8.60902786       51867391.749416031        0.0000000000000000     
   8.60972214       51887599.491851136        0.0000000000000000     
   8.61041641       51913725.221649952        0.0000000000000000     
   8.61111069       51933836.278653398        0.0000000000000000     
   8.61180592       51954871.493228741        0.0000000000000000     
   8.61250019       51977188.549935535        0.0000000000000000     
   8.61319447       52707824.766088031        0.0000000000000000     
   8.61388874       52012193.357566632        0.0000000000000000     
   8.61458302       52870651.430678084        0.0000000000000000     
   8.61527824       51472685.129175819        0.0000000000000000     
   8.61597252       51973448.757380016        0.0000000000000000     
   8.61666679       51986389.711918660        0.0000000000000000     
   8.61736107       52006880.239844337        0.0000000000000000     
   8.61805534       52032300.810254216        0.0000000000000000     
   8.61874962       52052189.938682087        0.0000000000000000     
   8.61944485       52074166.431171767        0.0000000000000000     
   8.62013912       52095715.430401109        0.0000000000000000     
   8.62083340       52117697.913021632        0.0000000000000000     
   8.62152767       52139278.586161293        0.0000000000000000     
   8.62222195       52160901.846639335        0.0000000000000000     
   8.62291622       53083101.116380312        0.0000000000000000     
   8.62361145       52437152.753463395        0.0000000000000000     
   8.62430573       52924337.912222028        0.0000000000000000     
   8.62500000       53212099.346413910        0.0000000000000000     
   8.62569427       53154036.753309563        0.0000000000000000     
   8.62638855       53313929.382859237        0.0000000000000000     
   8.62708378       53482790.431653671        0.0000000000000000     
   8.62777805       52013789.722585939        0.0000000000000000     
   8.62847233       52401648.690500118        0.0000000000000000     
   8.62916660       51483531.801464207        0.0000000000000000     
   8.62986088       51686078.884120844        0.0000000000000000     
   8.63055515       52152253.055277631        0.0000000000000000     
   8.63125038       48162464.077949747        0.0000000000000000     
   8.63194466       48471007.245076165        0.0000000000000000     
   8.63263893       48547602.974198528        0.0000000000000000     
   8.63333321       47411344.327087127        0.0000000000000000     
   8.63402748       48227065.375629254        0.0000000000000000     
   8.63472176       47452200.008901902        0.0000000000000000     
   8.63541698       46204168.324370421        0.0000000000000000     
   8.63611126       46623316.701943070        0.0000000000000000     
   8.63680553       46568698.947209477        0.0000000000000000     
   8.63749981       46609716.540082522        0.0000000000000000     
   8.63819408       46562776.558612406        0.0000000000000000     
   8.63888931       46572018.471926965        0.0000000000000000     
   8.63958359       46588980.399462022        0.0000000000000000     
   8.64027786       47070690.817265540        0.0000000000000000     
   8.64097214       46607662.129040517        0.0000000000000000     
   8.64166641       46623996.840446681        0.0000000000000000     
   8.64236069       46696748.545148134        0.0000000000000000     
   8.64305592       47155310.193956800        0.0000000000000000     
   8.64375019       47191400.177996650        0.0000000000000000     
   8.64444447       46974701.741033316        0.0000000000000000     
   8.64513874       46994190.346725583        0.0000000000000000     
   8.64583302       47016509.516074553        0.0000000000000000     
   8.64652824       47034361.776880600        0.0000000000000000     
   8.64722252       47053118.097028896        0.0000000000000000     
   8.64791679       47073489.688630909        0.0000000000000000     
   8.64861107       47093532.789637245        0.0000000000000000     
   8.64930534       47112772.803958260        0.0000000000000000     
   8.64999962       47133232.476386294        0.0000000000000000     
   8.65069485       47153524.539598644        0.0000000000000000     
   8.65138912       47173694.576043636        0.0000000000000000     
   8.65208340       47194279.330496289        0.0000000000000000     
   8.65277767       47214936.502489664        0.0000000000000000     
   8.65347195       47235594.524070255        0.0000000000000000     
   8.65416622       47256397.801033914        0.0000000000000000     
   8.65486145       47358703.787050463        0.0000000000000000     
   8.65555573       47252720.383982398        0.0000000000000000     
   8.65625000       47272148.337249622        0.0000000000000000     
   8.65694427       47296105.377624117        0.0000000000000000     
   8.65763855       47316252.315099344        0.0000000000000000     
   8.65833378       47337100.747661546        0.0000000000000000     
   8.65902805       47358522.042848766        0.0000000000000000     
   8.65972233       47379510.778688841        0.0000000000000000     
   8.66041660       47400595.874377437        0.0000000000000000     
   8.66111088       48084851.157339178        0.0000000000000000     
   8.66180515       46977992.398150541        0.0000000000000000     
   8.66250038       47350519.076993413        0.0000000000000000     
   8.66319466       46912901.516965620        0.0000000000000000     
   8.66388893       47062992.055685848        0.0000000000000000     
   8.66458321       47236050.604496971        0.0000000000000000     
   8.66527748       47249776.157396510        0.0000000000000000     
   8.66597176       47270684.480771035        0.0000000000000000     
   8.66666698       47291832.653523952        0.0000000000000000     
   8.66736126       47313332.484843366        0.0000000000000000     
   8.66805553       47334545.153327443        0.0000000000000000     
   8.66874981       47355802.240784310        0.0000000000000000     
   8.66944408       47377086.886803009        0.0000000000000000     
   8.67013931       47398425.775684655        0.0000000000000000     
   8.67083359       47419707.557459988        0.0000000000000000     
   8.67152786       47440992.598593920        0.0000000000000000     
   8.67222214       47504836.823686384        0.0000000000000000     
   8.67291641       47479734.050414123        0.0000000000000000     
   8.67361069       47528987.877893209        0.0000000000000000     
   8.67430592       47489126.023495227        0.0000000000000000     
   8.67500019       47505527.964310318        0.0000000000000000     
   8.67569447       47529068.223903976        0.0000000000000000     
   8.67638874       47549957.851085067        0.0000000000000000     
   8.67708302       47571021.099983849        0.0000000000000000     
   8.67777824       47592493.723611929        0.0000000000000000     
   8.67847252       47669626.835365772        0.0000000000000000     
   8.67916679       47662352.609194539        0.0000000000000000     
   8.67986107       48425384.253334954        0.0000000000000000     
   8.68055534       48349219.900993727        0.0000000000000000     
   8.68124962       47689462.849365883        0.0000000000000000     
   8.68194485       47466494.932388827        0.0000000000000000     
   8.68263912       47464235.539531380        0.0000000000000000     
   8.68333340       47494174.855832778        0.0000000000000000     
   8.68402767       47521153.895837136        0.0000000000000000     
   8.68472195       47537330.000921234        0.0000000000000000     
   8.68541622       47557994.509443454        0.0000000000000000     
   8.68611145       47581573.244781099        0.0000000000000000     
   8.68680573       47683855.177659929        0.0000000000000000     
   8.68750000       47577561.903976008        0.0000000000000000     
   8.68819427       47597845.196604036        0.0000000000000000     
   8.68888855       47622260.647306487        0.0000000000000000     
   8.68958378       47642505.381024294        0.0000000000000000     
   8.69027805       47663667.274576545        0.0000000000000000     
   8.69097233       47685401.807332605        0.0000000000000000     
   8.69166660       48396403.198804244        0.0000000000000000     
   8.69236088       47668621.121013001        0.0000000000000000     
   8.69305515       47692427.895780228        0.0000000000000000     
   8.69375038       47857052.896340966        0.0000000000000000     
   8.69444466       47754438.760775127        0.0000000000000000     
   8.69513893       47315555.276400432        0.0000000000000000     
   8.69583321       47471023.803340212        0.0000000000000000     
   8.69652748       47641451.503557980        0.0000000000000000     
   8.69722176       47654723.262368731        0.0000000000000000     
   8.69791698       47676504.687844068        0.0000000000000000     
   8.69861126       47697855.557021596        0.0000000000000000     
   8.69930553       48559911.310118072        0.0000000000000000     
   8.69999981       48084310.603831269        0.0000000000000000     
   8.70069408       48230586.287343830        0.0000000000000000     
   8.70138931       47800654.520058326        0.0000000000000000     
   8.70208359       47388721.510316744        0.0000000000000000     
   8.70277786       46893863.098578691        0.0000000000000000     
   8.70347214       47389116.710204244        0.0000000000000000     
   8.70416641       46956353.662202634        0.0000000000000000     
   8.70486069       47444757.729645163        0.0000000000000000     
   8.70555592       47459066.127258494        0.0000000000000000     
   8.70625019       47482944.043588169        0.0000000000000000     
   8.70694447       47507998.029001325        0.0000000000000000     
   8.70763874       47568647.449299052        0.0000000000000000     
   8.70833302       47547946.447091602        0.0000000000000000     
   8.70902824       47596812.185304061        0.0000000000000000     
   8.70972252       47558828.330731124        0.0000000000000000     
   8.71041679       47576367.912798151        0.0000000000000000     
   8.71111107       47600727.554867662        0.0000000000000000     
   8.71180534       47622581.366208665        0.0000000000000000     
   8.71249962       47644621.934471093        0.0000000000000000     
   8.71319485       47667002.749474175        0.0000000000000000     
   8.71388912       47689359.306924395        0.0000000000000000     
   8.71458340       47767770.200488187        0.0000000000000000     
   8.71527767       47760665.790081091        0.0000000000000000     
   8.71597195       47806011.826054990        0.0000000000000000     
   8.71666622       47591128.326824568        0.0000000000000000     
   8.71736145       48123120.396212153        0.0000000000000000     
   8.71805573       47063951.770207912        0.0000000000000000     
   8.71875000       47165470.078390196        0.0000000000000000     
   8.71944427       47060428.267531060        0.0000000000000000     
   8.72013855       47074341.080362052        0.0000000000000000     
   8.72083378       47106590.551846735        0.0000000000000000     
   8.72152805       47123046.297490053        0.0000000000000000     
   8.72222233       47146042.907957040        0.0000000000000000     
   8.72291660       47168299.815623231        0.0000000000000000     
   8.72361088       47189883.550386012        0.0000000000000000     
   8.72430515       47211621.682212003        0.0000000000000000     
   8.72500038       47233702.453054540        0.0000000000000000     
   8.72569466       47395911.891304635        0.0000000000000000     
   8.72638893       47296110.820665590        0.0000000000000000     
   8.72708321       46857311.825221159        0.0000000000000000     
   8.72777748       47012990.960773334        0.0000000000000000     
   8.72847176       47184104.605025843        0.0000000000000000     
   8.72916698       47198026.577451505        0.0000000000000000     
   8.72986126       47220193.130332053        0.0000000000000000     
   8.73055553       47242130.121077083        0.0000000000000000     
   8.73124981       47263785.428800330        0.0000000000000000     
   8.73194408       47285683.261447281        0.0000000000000000     
   8.73263931       47307644.445840508        0.0000000000000000     
   8.73333359       47329394.257832788        0.0000000000000000     
   8.73402786       47351304.536154576        0.0000000000000000     
   8.73472214       47373167.562046602        0.0000000000000000     
   8.73541641       47395004.708529912        0.0000000000000000     
   8.73611069       47416881.485739946        0.0000000000000000     
   8.73680592       47438733.343323290        0.0000000000000000     
   8.73750019       47460592.583121404        0.0000000000000000     
   8.73819447       47482452.010058090        0.0000000000000000     
   8.73888874       47504309.503853127        0.0000000000000000     
   8.73958302       47526167.213380575        0.0000000000000000     
   8.74027824       47548024.950644150        0.0000000000000000     
   8.74097252       47569882.057416402        0.0000000000000000     
   8.74166679       47591739.002215013        0.0000000000000000     
   8.74236107       47613595.732812345        0.0000000000000000     
   8.74305534       47635452.131575480        0.0000000000000000     
   8.74374962       47699290.558086082        0.0000000000000000     
   8.74444485       47675928.497683607        0.0000000000000000     
   8.74513912       47725269.927767165        0.0000000000000000     
   8.74583340       47686701.582208015        0.0000000000000000     
   8.74652767       47703699.828161240        0.0000000000000000     
   8.74722195       47727746.647520326        0.0000000000000000     
   8.74791622       47749187.184686199        0.0000000000000000     
   8.74861145       48225369.220339790        0.0000000000000000     
   8.74930573       47711386.023930714        0.0000000000000000     
   8.75000000       47786251.953440070        0.0000000000000000     
   8.75069427       47865219.308640391        0.0000000000000000     
   8.75138855       47778754.563300855        0.0000000000000000     
   8.75208378       47567923.378312796        0.0000000000000000     
   8.75277805       47589718.005401477        0.0000000000000000     
   8.75347233       47615656.623319991        0.0000000000000000     
   8.75416660       47635614.076623373        0.0000000000000000     
   8.75486088       47657196.854100980        0.0000000000000000     
   8.75555515       47679467.541094452        0.0000000000000000     
   8.75625038       47701637.714244492        0.0000000000000000     
   8.75694466       47722886.884869985        0.0000000000000000     
   8.75763893       47885523.125271887        0.0000000000000000     
   8.75833321       47785760.659067638        0.0000000000000000     
   8.75902748       47864943.178733751        0.0000000000000000     
   8.75972176       48020817.250601396        0.0000000000000000     
   8.76041698       48192147.598479576        0.0000000000000000     
   8.76111126       48206143.508845337        0.0000000000000000     
   8.76180553       48228528.531933434        0.0000000000000000     
   8.76249981       48715031.154033788        0.0000000000000000     
   8.76319408       48249002.998737246        0.0000000000000000     
   8.76388931       48270416.961000316        0.0000000000000000     
   8.76458359       48293699.581482567        0.0000000000000000     
   8.76527786       48314287.166421115        0.0000000000000000     
   8.76597214       48337277.893068373        0.0000000000000000     
   8.76666641       48826483.912892327        0.0000000000000000     
   8.76736069       48373935.280636035        0.0000000000000000     
   8.76805592       48864968.459097646        0.0000000000000000     
   8.76875019       48885092.338456720        0.0000000000000000     
   8.76944447       48906188.730881050        0.0000000000000000     
   8.77013874       48928536.656855583        0.0000000000000000     
   8.77083302       48949294.635900207        0.0000000000000000     
   8.77152824       48971150.181679584        0.0000000000000000     
   8.77222252       48992446.853012159        0.0000000000000000     
   8.77291679       49013963.118213527        0.0000000000000000     
   8.77361107       49035437.146828450        0.0000000000000000     
   8.77430534       49056888.308355823        0.0000000000000000     
   8.77499962       49078365.895780168        0.0000000000000000     
   8.77569485       49099838.240071312        0.0000000000000000     
   8.77638912       49121302.145521604        0.0000000000000000     
   8.77708340       49142773.167138882        0.0000000000000000     
   8.77777767       49164241.255926944        0.0000000000000000     
   8.77847195       49185708.730372950        0.0000000000000000     
   8.77916622       49207175.096689232        0.0000000000000000     
   8.77986145       49271158.111277394        0.0000000000000000     
   8.78055573       49246223.642850235        0.0000000000000000     
   8.78125000       49295636.871453859        0.0000000000000000     
   8.78194427       49255927.557510361        0.0000000000000000     
   8.78263855       49353928.905787222        0.0000000000000000     
   8.78333378       49747712.758353010        0.0000000000000000     
   8.78402805       49757567.319564588        0.0000000000000000     
   8.78472233       49275505.574008025        0.0000000000000000     
   8.78541660       49299662.505923755        0.0000000000000000     
   8.78611088       50112136.034472145        0.0000000000000000     
   8.78680515       49842660.539768800        0.0000000000000000     
   8.78750038       49883824.162352078        0.0000000000000000     
   8.78819466       49669324.353816167        0.0000000000000000     
   8.78888893       49688828.406733878        0.0000000000000000     
   8.78958321       49853870.465722360        0.0000000000000000     
   8.79027748       49751411.052416988        0.0000000000000000     
   8.79097176       49312132.255269736        0.0000000000000000     
   8.79166698       50166364.885539398        0.0000000000000000     
   8.79236126       49607742.254578039        0.0000000000000000     
   8.79305553       49622497.269314118        0.0000000000000000     
   8.79374981       49646426.896142527        0.0000000000000000     
   8.79444408       49666782.403616287        0.0000000000000000     
   8.79513931       50527922.525222331        0.0000000000000000     
   8.79583359       49608941.496264480        0.0000000000000000     
   8.79652786       49628707.751801215        0.0000000000000000     
   8.79722214       49651723.869445913        0.0000000000000000     
   8.79791641       49671824.264847003        0.0000000000000000     
   8.79861069       49694015.283251226        0.0000000000000000     
   8.79930592       49714978.995551161        0.0000000000000000     
   8.80000019       49736653.408680156        0.0000000000000000     
   8.80069447       49758105.064327247        0.0000000000000000     
   8.80138874       49779612.643526338        0.0000000000000000     
   8.80208302       50574180.330857486        0.0000000000000000     
   8.80277824       50595231.228210546        0.0000000000000000     
   8.80347252       50615193.404803656        0.0000000000000000     
   8.80416679       50635257.751471251        0.0000000000000000     
   8.80486107       50656573.472390115        0.0000000000000000     
   8.80555534       50678781.487086579        0.0000000000000000     
   8.80624962       50701048.046479680        0.0000000000000000     
   8.80694485       50723271.554610416        0.0000000000000000     
   8.80763912       50744954.901485793        0.0000000000000000     
   8.80833340       50766145.097860642        0.0000000000000000     
   8.80902767       50787226.863658421        0.0000000000000000     
   8.80972195       51509026.752587751        0.0000000000000000     
   8.81041622       50915671.258724354        0.0000000000000000     
   8.81111145       50404396.670466222        0.0000000000000000     
   8.81180573       50706329.531273603        0.0000000000000000     
   8.81250000       50222373.643017709        0.0000000000000000     
   8.81319427       50242157.152120754        0.0000000000000000     
   8.81388855       50266931.134505674        0.0000000000000000     
   8.81458378       50367526.026195824        0.0000000000000000     
   8.81527805       50306598.157822348        0.0000000000000000     
   8.81597233       50280910.213621967        0.0000000000000000     
   8.81666660       50333874.554045498        0.0000000000000000     
   8.81736088       50294725.252419449        0.0000000000000000     
   8.81805515       50311853.792239726        0.0000000000000000     
   8.81875038       50336412.915430486        0.0000000000000000     
   8.81944466       50825339.165605634        0.0000000000000000     
   8.82013893       50367608.740050197        0.0000000000000000     
   8.82083321       50857381.492487460        0.0000000000000000     
   8.82152748       50551330.520012170        0.0000000000000000     
   8.82222176       50977467.319396347        0.0000000000000000     
   8.82291698       50506666.008524425        0.0000000000000000     
   8.82361126       50684692.822536089        0.0000000000000000     
   8.82430553       50619646.288926527        0.0000000000000000     
   8.82499981       50631090.571910709        0.0000000000000000     
   8.82569408       50657481.859176293        0.0000000000000000     
   8.82638931       50677503.365884036        0.0000000000000000     
   8.82708359       50698255.229739852        0.0000000000000000     
   8.82777786       50720428.534052454        0.0000000000000000     
   8.82847214       50742395.910222188        0.0000000000000000     
   8.82916641       50763207.736571357        0.0000000000000000     
   8.82986069       50785152.423027419        0.0000000000000000     
   8.83055592       50806780.296760857        0.0000000000000000     
   8.83125019       50828144.035412692        0.0000000000000000     
   8.83194447       50849802.429429479        0.0000000000000000     
   8.83263874       50871393.704734631        0.0000000000000000     
   8.83333302       50892908.156399384        0.0000000000000000     
   8.83402824       50914489.298060425        0.0000000000000000     
   8.83472252       50936064.418402448        0.0000000000000000     
   8.83541679       50957610.228232943        0.0000000000000000     
   8.83611107       50979174.457878105        0.0000000000000000     
   8.83680534       51000739.266749591        0.0000000000000000     
   8.83749962       51022296.777094662        0.0000000000000000     
   8.83819485       51043858.825451791        0.0000000000000000     
   8.83888912       51065422.153052621        0.0000000000000000     
   8.83958340       51750741.221059628        0.0000000000000000     
   8.84027767       50506205.204303823        0.0000000000000000     
   8.84097195       51001173.403700612        0.0000000000000000     
   8.84166622       51024486.962656438        0.0000000000000000     
   8.84236145       51041206.438661963        0.0000000000000000     
   8.84305573       51065289.126582637        0.0000000000000000     
   8.84375000       51087237.141125970        0.0000000000000000     
   8.84444427       51108164.464652546        0.0000000000000000     
   8.84513855       51129529.647429176        0.0000000000000000     
   8.84583378       51151512.250586279        0.0000000000000000     
   8.84652805       51254412.708814628        0.0000000000000000     
   8.84722233       51148979.901866533        0.0000000000000000     
   8.84791660       51169129.211827248        0.0000000000000000     
   8.84861088       51193656.751237996        0.0000000000000000     
   8.84930515       51214334.347753018        0.0000000000000000     
   8.85000038       51235699.945047036        0.0000000000000000     
   8.85069466       51257605.388288200        0.0000000000000000     
   8.85138893       51321024.538646504        0.0000000000000000     
   8.85208321       51297309.558722645        0.0000000000000000     
   8.85277748       51346442.092270717        0.0000000000000000     
   8.85347176       51448014.702235676        0.0000000000000000     
   8.85416698       51343029.883467197        0.0000000000000000     
   8.85486126       50906130.745625854        0.0000000000000000     
   8.85555553       51061092.027738690        0.0000000000000000     
   8.85624981       51231661.145686269        0.0000000000000000     
   8.85694408       51245432.741485298        0.0000000000000000     
   8.85763931       51322456.448663823        0.0000000000000000     
   8.85833359       52034682.693276331        0.0000000000000000     
   8.85902786       52217081.049224846        0.0000000000000000     
   8.85972214       51326032.446425408        0.0000000000000000     
   8.86041641       51097390.431702733        0.0000000000000000     
   8.86111069       51311795.335946955        0.0000000000000000     
   8.86180592       51457768.443602197        0.0000000000000000     
   8.86250019       51104247.120715074        0.0000000000000000     
   8.86319447       51101586.999405421        0.0000000000000000     
   8.86388874       51131769.714999974        0.0000000000000000     
   8.86458302       51158999.250595428        0.0000000000000000     
   8.86527824       51767615.031569101        0.0000000000000000     
   8.86597252       51789028.479605660        0.0000000000000000     
   8.86666679       51812546.187813632        0.0000000000000000     
   8.86736107       51833862.248686843        0.0000000000000000     
   8.86805534       51854999.524752215        0.0000000000000000     
   8.86874962       51876918.119799517        0.0000000000000000     
   8.86944485       51898872.027983777        0.0000000000000000     
   8.87013912       51920392.981537208        0.0000000000000000     
   8.87083340       51942120.003282934        0.0000000000000000     
   8.87152767       51963864.861687794        0.0000000000000000     
   8.87222195       51985542.849444792        0.0000000000000000     
   8.87291622       52007208.991406433        0.0000000000000000     
   8.87361145       52028920.528429486        0.0000000000000000     
   8.87430573       52050631.183095343        0.0000000000000000     
   8.87500000       52072331.988630354        0.0000000000000000     
   8.87569427       52094037.836665124        0.0000000000000000     
   8.87638855       52115740.719748080        0.0000000000000000     
   8.87708378       52137438.579743683        0.0000000000000000     
   8.87777805       52159137.568115659        0.0000000000000000     
   8.87847233       52937722.118863098        0.0000000000000000     
   8.87916660       52062012.662637763        0.0000000000000000     
   8.87986088       52086391.982478626        0.0000000000000000     
   8.88055515       52115497.393254936        0.0000000000000000     
   8.88125038       52132389.996908590        0.0000000000000000     
   8.88194466       52154851.112473480        0.0000000000000000     
   8.88263893       52177449.991746299        0.0000000000000000     
   8.88333321       52198686.900343396        0.0000000000000000     
   8.88402748       52220173.709026992        0.0000000000000000     
   8.88472176       52242205.695321560        0.0000000000000000     
   8.88541698       52404256.111233875        0.0000000000000000     
   8.88611126       53123226.039626181        0.0000000000000000     
   8.88680553       52143235.782500349        0.0000000000000000     
   8.88749981       52808045.688403584        0.0000000000000000     
   8.88819408       53195594.203984119        0.0000000000000000     
   8.88888931       53158283.647030592        0.0000000000000000     
   8.88958359       53257468.714486919        0.0000000000000000     
   8.89027786       53420977.060485758        0.0000000000000000     
   8.89097214       52799446.332768254        0.0000000000000000     
   8.89166641       52657285.402174525        0.0000000000000000     
   8.89236069       51996258.684143543        0.0000000000000000     
   8.89305592       50772852.643524818        0.0000000000000000     
   8.89375019       50719519.332640834        0.0000000000000000     
   8.89444447       47778641.579251096        0.0000000000000000     
   8.89513874       48514626.951390080        0.0000000000000000     
   8.89583302       47927342.742733456        0.0000000000000000     
   8.89652824       47303611.645681381        0.0000000000000000     
   8.89722252       48125515.383255795        0.0000000000000000     
   8.89791679       47346352.800724737        0.0000000000000000     
   8.89861107       46100843.123472288        0.0000000000000000     
   8.89930534       46476345.239833429        0.0000000000000000     
   8.89999962       46468276.122661516        0.0000000000000000     
   8.90069485       46480881.600471407        0.0000000000000000     
   8.90138912       46951929.706022315        0.0000000000000000     
   8.90208340       46440129.668076821        0.0000000000000000     
   8.90277767       46452960.353351288        0.0000000000000000     
   8.90347195       46471881.797207870        0.0000000000000000     
   8.90416622       46483841.007274486        0.0000000000000000     
   8.90486145       46502966.105413437        0.0000000000000000     
   8.90555573       46518620.378072619        0.0000000000000000     
   8.90625000       46536774.837679520        0.0000000000000000     
   8.90694427       46554903.613851398        0.0000000000000000     
   8.90763855       46573817.004150122        0.0000000000000000     
   8.90833378       46593036.301898018        0.0000000000000000     
   8.90902805       46612625.939775780        0.0000000000000000     
   8.90972233       46632397.157369539        0.0000000000000000     
   8.91041660       46733859.332641222        0.0000000000000000     
   8.91111088       46627151.277329229        0.0000000000000000     
   8.91180515       46645972.783058986        0.0000000000000000     
   8.91250038       46669417.096530728        0.0000000000000000     
   8.91319466       47154846.032816894        0.0000000000000000     
   8.91388893       46689863.131901793        0.0000000000000000     
   8.91458321       46710606.648822203        0.0000000000000000     
   8.91527748       46732531.776471950        0.0000000000000000     
   8.91597176       46752538.353624165        0.0000000000000000     
   8.91666698       47242859.972636394        0.0000000000000000     
   8.91736126       46930136.708343282        0.0000000000000000     
   8.91805553       47299843.063222483        0.0000000000000000     
   8.91874981       46858644.412694789        0.0000000000000000     
   8.91944408       47012979.915809125        0.0000000000000000     
   8.92013931       47184107.400005326        0.0000000000000000     
   8.92083359       47196568.884749584        0.0000000000000000     
   8.92152786       47218203.821003601        0.0000000000000000     
   8.92222214       47239239.078899898        0.0000000000000000     
   8.92291641       47302121.302134074        0.0000000000000000     
   8.92361069       47278091.581004791        0.0000000000000000     
   8.92430592       47326805.931658491        0.0000000000000000     
   8.92500019       47287560.493598625        0.0000000000000000     
   8.92569447       47303964.327359699        0.0000000000000000     
   8.92638874       47327368.060606405        0.0000000000000000     
   8.92708302       47348165.643619165        0.0000000000000000     
   8.92777824       47369169.640083939        0.0000000000000000     
   8.92847252       47390562.809776567        0.0000000000000000     
   8.92916679       47411901.255114920        0.0000000000000000     
   8.92986107       47489320.940927207        0.0000000000000000     
   8.93055534       47481231.564328976        0.0000000000000000     
   8.93124962       47525594.158757165        0.0000000000000000     
   8.93194485       47309734.185110562        0.0000000000000000     
   8.93263912       47329540.811934143        0.0000000000000000     
   8.93333340       47355259.375391968        0.0000000000000000     
   8.93402767       47374961.969740108        0.0000000000000000     
   8.93472195       47395589.574326143        0.0000000000000000     
   8.93541622       47838130.369137712        0.0000000000000000     
   8.93611145       46785041.121712051        0.0000000000000000     
   8.93680573       46806845.652417988        0.0000000000000000     
   8.93750000       46832539.886848241        0.0000000000000000     
   8.93819427       46851496.943633951        0.0000000000000000     
   8.93888855       46875304.921550982        0.0000000000000000     
   8.93958378       46896032.131322645        0.0000000000000000     
   8.94027805       46918412.003426895        0.0000000000000000     
   8.94097233       47404363.879908286        0.0000000000000000     
   8.94166660       46936228.859630316        0.0000000000000000     
   8.94236088       47038866.760389321        0.0000000000000000     
   8.94305515       46935167.460762270        0.0000000000000000     
   8.94375038       46954064.983827360        0.0000000000000000     
   8.94444466       46979949.570951603        0.0000000000000000     
   8.94513893       47000411.707391500        0.0000000000000000     
   8.94583321       47490721.689333387        0.0000000000000000     
   8.94652748       47035823.365458608        0.0000000000000000     
   8.94722176       47526941.839631796        0.0000000000000000     
   8.94791698       47547461.285088673        0.0000000000000000     
   8.94861126       47568416.101220325        0.0000000000000000     
   8.94930553       47730883.405006804        0.0000000000000000     
   8.94999981       47629893.769717909        0.0000000000000000     
   8.95069408       47190978.309514888        0.0000000000000000     
   8.95138931       47345926.096251480        0.0000000000000000     
   8.95208359       47516554.554596424        0.0000000000000000     
   8.95277786       47529956.868764900        0.0000000000000000     
   8.95347214       47551573.980256036        0.0000000000000000     
   8.95416641       47572981.209456407        0.0000000000000000     
   8.95486069       47594107.633764967        0.0000000000000000     
   8.95555592       47615468.941413261        0.0000000000000000     
   8.95625019       47636899.591501996        0.0000000000000000     
   8.95694447       47658115.825396545        0.0000000000000000     
   8.95763874       47679494.089843936        0.0000000000000000     
   8.95833302       47700824.756380685        0.0000000000000000     
   8.95902824       47764111.774898767        0.0000000000000000     
   8.95972252       47740238.527886175        0.0000000000000000     
   8.96041679       47789044.055507883        0.0000000000000000     
   8.96111107       47749946.945511118        0.0000000000000000     
   8.96180534       47766417.347427741        0.0000000000000000     
   8.96249962       47789934.610634521        0.0000000000000000     
   8.96319485       47810846.070894383        0.0000000000000000     
   8.96388912       47831919.040311053        0.0000000000000000     
   8.96458340       47853397.291737393        0.0000000000000000     
   8.96527767       48615157.706753336        0.0000000000000000     
   8.96597195       47306044.709045298        0.0000000000000000     
   8.96666622       47821042.513914481        0.0000000000000000     
   8.96736145       47137224.172478698        0.0000000000000000     
   8.96805573       47625906.992642865        0.0000000000000000     
   8.96875000       47648069.275352105        0.0000000000000000     
   8.96944427       47667019.031867199        0.0000000000000000     
   8.97013855       47689778.947599739        0.0000000000000000     
   8.97083378       47710065.639205948        0.0000000000000000     
   8.97152805       47732540.436999202        0.0000000000000000     
   8.97222233       47752874.030344732        0.0000000000000000     
   8.97291660       47774624.086295538        0.0000000000000000     
   8.97361088       47796039.606044583        0.0000000000000000     
   8.97430515       47898577.418442696        0.0000000000000000     
   8.97500038       47793141.263013452        0.0000000000000000     
   8.97569466       47812994.413412429        0.0000000000000000     
   8.97638893       47837228.447252370        0.0000000000000000     
   8.97708321       47857717.979868181        0.0000000000000000     
   8.97777748       47878857.707038946        0.0000000000000000     
   8.97847176       47900507.698356561        0.0000000000000000     
   8.97916698       47921716.539538860        0.0000000000000000     
   8.97986126       47942992.537214845        0.0000000000000000     
   8.98055553       47964400.859985195        0.0000000000000000     
   8.98124981       48126162.887425750        0.0000000000000000     
   8.98194408       48025804.505705602        0.0000000000000000     
   8.98263931       47586478.496922471        0.0000000000000000     
   8.98333359       47741620.475795239        0.0000000000000000     
   8.98402786       47912209.224371865        0.0000000000000000     
   8.98472214       47925594.294832937        0.0000000000000000     
   8.98541641       47947230.996207431        0.0000000000000000     
   8.98611069       48676809.912347890        0.0000000000000000     
   8.98680592       47981717.204884946        0.0000000000000000     
   8.98750019       48838925.337132894        0.0000000000000000     
   8.98819447       47441512.593663946        0.0000000000000000     
   8.98888874       47941688.776778638        0.0000000000000000     
   8.98958302       47954228.524851047        0.0000000000000000     
   8.99027824       47974309.174515374        0.0000000000000000     
   8.99097252       47999385.539717726        0.0000000000000000     
   8.99166679       48018901.856387377        0.0000000000000000     
   8.99236107       48040484.472908139        0.0000000000000000     
   8.99305534       48061674.778571792        0.0000000000000000     
   8.99374962       48083281.581323631        0.0000000000000000     
   8.99444485       48104482.300484195        0.0000000000000000     
   8.99513912       48168250.358040363        0.0000000000000000     
   8.99583340       48143269.870853260        0.0000000000000000     
   8.99652767       48192526.663938969        0.0000000000000000     
   8.99722195       48152648.723112330        0.0000000000000000     
   8.99791622       48169080.594329074        0.0000000000000000     
   8.99861145       48192634.891315833        0.0000000000000000     
   8.99930573       48213528.827782959        0.0000000000000000     
   9.00000000       48234600.949968949        0.0000000000000000     
