{
"type": "FeatureCollection",
"name": "hydraulic_cells",
"crs": { "type": "name", "properties": { "name": "urn:ogc:def:crs:OGC:1.3:CRS84" } },
"features": [
{ "type": "Feature", "properties": { "cell_id": "gis-hydro-001", "station_m": 1134.448, "center_x_m": 250314.845, "center_y_m": 4377153.067, "length_m": 2268.897, "width_m": 36.272, "area_m2": 82297.529, "cross_section_source": "synthetic-boundary-width", "mean_depth_m": 0.597039, "mean_velocity_ms": 0.639449, "mean_water_surface_m": 22.25343, "flow_area_m2": 17.837304, "hydraulic_radius_m": 0.595509 }, "geometry": { "type": "Polygon", "coordinates": [ [ [ -119.892520653378284, 39.503716279552627 ], [ -119.892565824539858, 39.503679154604569 ], [ -119.892601224541991, 39.503668154632578 ], [ -119.89267215773458, 39.503618754693129 ], [ -119.892884758570389, 39.503509087986622 ], [ -119.89299115835928, 39.503454287887173 ], [ -119.893019357867132, 39.503432287870261 ], [ -119.893132824961953, 39.503393887780298 ], [ -119.893891157707941, 39.503207687707985 ], [ -119.894323424604394, 39.503054087527246 ], [ -119.894408424774142, 39.503010154673888 ], [ -119.894521825274765, 39.502944354094517 ], [ -119.894691957762006, 39.50285115396283 ], [ -119.895017958057892, 39.502637154638123 ], [ -119.895103024821779, 39.502565887754187 ], [ -119.895110158721835, 39.502565887754187 ], [ -119.89514562531815, 39.502538354061258 ], [ -119.895181025320269, 39.502505554316507 ], [ -119.895195224445203, 39.502500087557074 ], [ -119.895521357929439, 39.502302554117513 ], [ -119.895655958266744, 39.502242287089878 ], [ -119.89569842453426, 39.502236754473934 ], [ -119.895825958606181, 39.502187354319879 ], [ -119.896038558401443, 39.502154554409522 ], [ -119.896236958031267, 39.502154687686996 ], [ -119.89635735820309, 39.502176554028019 ], [ -119.896626558877699, 39.502204087061394 ], [ -119.89699495884696, 39.502198754358581 ], [ -119.8971296247379, 39.502204354419156 ], [ -119.897285424911857, 39.502231887441503 ], [ -119.897398758818326, 39.502270287370649 ], [ -119.897398758818326, 39.502275754148208 ], [ -119.897639758944521, 39.502391087076354 ], [ -119.897639758944521, 39.502396553844356 ], [ -119.897639758944521, 39.502402087250466 ], [ -119.897774358241293, 39.502473487579245 ], [ -119.897986758254049, 39.502577887475951 ], [ -119.898114225731817, 39.502660286954523 ], [ -119.898539225539878, 39.50285248752747 ], [ -119.898702158573371, 39.502929354119658 ], [ -119.898709225879287, 39.502940287570588 ], [ -119.898709225879287, 39.502945754295418 ], [ -119.898737558575519, 39.502962286940381 ], [ -119.898900559243728, 39.503055687639595 ], [ -119.898942958917075, 39.503094087113581 ], [ -119.899219225857053, 39.503247887119038 ], [ -119.899226358716589, 39.503253353819694 ], [ -119.899254559265017, 39.503275353893201 ], [ -119.899318358557508, 39.503324687439104 ], [ -119.899374959436855, 39.503346754127747 ], [ -119.899488225708637, 39.503429087662866 ], [ -119.899481359225746, 39.503440087672693 ], [ -119.899573359066679, 39.503505953617314 ], [ -119.899587559232145, 39.503527886973444 ], [ -119.899587559232145, 39.503538886967632 ], [ -119.899601626209261, 39.503555353636983 ], [ -119.89964402588258, 39.503599286948528 ], [ -119.899672426213542, 39.503621286912512 ], [ -119.899672426213542, 39.503632286891929 ], [ -119.899714959075183, 39.503659687679736 ], [ -119.899807025510285, 39.503731087519377 ], [ -119.899814159410369, 39.503753087441702 ], [ -119.899807025510285, 39.503764087400249 ], [ -119.899984025520936, 39.503884753643774 ], [ -119.900047825853974, 39.503934154197061 ], [ -119.900125625529412, 39.503972687262532 ], [ -119.90028862619765, 39.504109953758444 ], [ -119.900550626378021, 39.504252687408155 ], [ -119.900578959074224, 39.504274687165356 ], [ -119.900791425681192, 39.504384554179282 ], [ -119.900947359043485, 39.504499753546227 ], [ -119.900968559920685, 39.504521754028083 ], [ -119.900996826022734, 39.504560154297707 ], [ -119.901117226194572, 39.504653553652318 ], [ -119.901287159939841, 39.504906087344359 ], [ -119.90137216010956, 39.504988487273906 ], [ -119.901478426710128, 39.505098287326291 ], [ -119.90159175957605, 39.50519708747521 ], [ -119.901697959582421, 39.505279487059646 ], [ -119.901754559421235, 39.505350887643594 ], [ -119.90182542601967, 39.505411287655299 ], [ -119.901818359754287, 39.505422287351379 ], [ -119.90182542601967, 39.505438686938838 ], [ -119.901959959762792, 39.505548487082692 ], [ -119.901959959762792, 39.505559487559928 ], [ -119.901995359764925, 39.505592354104429 ], [ -119.902016559601606, 39.505625353904271 ], [ -119.902087426200012, 39.505674754023026 ], [ -119.902087426200012, 39.505685753677405 ], [ -119.902101559771296, 39.505702287276215 ], [ -119.90229995940112, 39.505872354146881 ], [ -119.902399026547954, 39.505916354234472 ], [ -119.9023919602826, 39.505921887360365 ], [ -119.9023919602826, 39.505927353850616 ], [ -119.902498226883139, 39.505971287268316 ], [ -119.902569026887392, 39.50601528729328 ], [ -119.902639826891644, 39.506141487553329 ], [ -119.90266822618203, 39.506157953605964 ], [ -119.902675360082114, 39.506174487092402 ], [ -119.902696426730458, 39.506218353718957 ], [ -119.902703559589995, 39.506229354090145 ], [ -119.902724760467223, 39.506256753853918 ], [ -119.902753159757594, 39.506289687506332 ], [ -119.902774426188429, 39.506300687063366 ], [ -119.90288776009487, 39.506410487450907 ], [ -119.902887626906548, 39.5064324873278 ], [ -119.902887626906548, 39.506437953777898 ], [ -119.903015159937937, 39.506542287507102 ], [ -119.903015159937937, 39.506553287024161 ], [ -119.903036426368786, 39.506586153901473 ], [ -119.903043560268841, 39.506591686974012 ], [ -119.903107226373052, 39.506646553642298 ], [ -119.903192159948588, 39.506723354220568 ], [ -119.903192159948588, 39.506739887572515 ], [ -119.903277226712461, 39.506811287458767 ], [ -119.903298426549128, 39.506838753627392 ], [ -119.903369226553394, 39.506910154214864 ], [ -119.903369226553394, 39.506937487076037 ], [ -119.903503826890713, 39.507047353894251 ], [ -119.903659627064656, 39.507195554323765 ], [ -119.903893360102444, 39.507426153884666 ], [ -119.903935760816324, 39.507459153616502 ], [ -119.904169560448253, 39.507557953620086 ], [ -119.904360827218539, 39.507766687403141 ], [ -119.904601627562215, 39.507980753621503 ], [ -119.904608760421766, 39.507997154210813 ], [ -119.904644027235591, 39.508024687346598 ], [ -119.904700760262699, 39.508106954326088 ], [ -119.904722027734053, 39.508123487348875 ], [ -119.904750227241962, 39.508139887101606 ], [ -119.904891960438817, 39.508271753721701 ], [ -119.904899027744719, 39.508288287508037 ], [ -119.904913226869638, 39.508310287593233 ], [ -119.905033627041476, 39.508419953948248 ], [ -119.905069027043609, 39.50844195399177 ], [ -119.905168160784626, 39.508551754207069 ], [ -119.905231826888794, 39.508601153851011 ], [ -119.905238960788878, 39.508623153837185 ], [ -119.905316960246864, 39.508672554233172 ], [ -119.905316960246864, 39.5086835542158 ], [ -119.905444427724603, 39.5087878869817 ], [ -119.905458627890042, 39.508804287380435 ], [ -119.905550627731003, 39.508881153811764 ], [ -119.905628560594778, 39.508947087653937 ], [ -119.905947227208117, 39.509188753556387 ], [ -119.906039427872088, 39.509270954131352 ], [ -119.906060561114572, 39.509303953789839 ], [ -119.906174027168845, 39.50943028696031 ], [ -119.906188027551806, 39.509430286960317 ], [ -119.906223560742276, 39.509468686925906 ], [ -119.906521160707257, 39.509567553914934 ], [ -119.906620361042414, 39.509616953639508 ], [ -119.906620361042414, 39.509622487273475 ], [ -119.90666282730993, 39.509638954106833 ], [ -119.906669961210014, 39.509644353673131 ], [ -119.906677027475396, 39.509649887304903 ], [ -119.906698361540947, 39.509660887132803 ], [ -119.90698156155797, 39.509902553763773 ], [ -119.907130361020208, 39.509990353730217 ], [ -119.907371227958052, 39.510165954133036 ], [ -119.907746561004345, 39.510418686951652 ], [ -119.907782027600661, 39.510435086965458 ], [ -119.907973360965073, 39.510583354025179 ], [ -119.90798036167682, 39.510588887582216 ], [ -119.908086761465697, 39.510654687345387 ], [ -119.908143361304511, 39.510720553676805 ], [ -119.908270827741717, 39.51082488739786 ], [ -119.908518761985505, 39.511017087064303 ], [ -119.908554228581792, 39.511038953827793 ], [ -119.908568227924206, 39.511066487363856 ], [ -119.908625028586044, 39.511110354113178 ], [ -119.908660428588149, 39.511132354107637 ], [ -119.908688761284381, 39.511154287465011 ], [ -119.908816228762149, 39.511214687248874 ], [ -119.908950961247257, 39.511253153661038 ], [ -119.909170561754266, 39.511302687052691 ], [ -119.910375028591332, 39.511489486777727 ], [ -119.910771828891498, 39.511560954032618 ], [ -119.91090642818827, 39.51158848736177 ], [ -119.910920628353736, 39.511593953406248 ], [ -119.911104828858612, 39.51165435361068 ], [ -119.91146616256249, 39.511786153353547 ], [ -119.911579428834273, 39.511830087080703 ], [ -119.911629162190167, 39.511851953588334 ], [ -119.911664429003963, 39.511868487325529 ], [ -119.911834562531752, 39.511917953649039 ], [ -119.91201876199608, 39.511978353571841 ], [ -119.91212502859662, 39.512016753734642 ], [ -119.912465162463832, 39.512165087259341 ], [ -119.912968362552874, 39.512263953622544 ], [ -119.913117162015126, 39.51232988666289 ], [ -119.913131362180565, 39.512346353657314 ], [ -119.913258762023631, 39.512417686772935 ], [ -119.913265829329532, 39.512428686965407 ], [ -119.913372029335932, 39.512494554023313 ], [ -119.913492562696121, 39.512554953444834 ], [ -119.913683962654702, 39.512653886684696 ], [ -119.913683962654702, 39.512659353448115 ], [ -119.913783029801536, 39.512736153802528 ], [ -119.913988562290911, 39.512829486777676 ], [ -119.914271829942635, 39.513016153957459 ], [ -119.914328562969771, 39.513032686614807 ], [ -119.914335629235154, 39.51303808672008 ], [ -119.914668767520197, 39.513183572971457 ], [ -119.914429774079821, 39.513326427466495 ], [ -119.914371029237259, 39.513296087158544 ], [ -119.914236362305815, 39.513219153364098 ], [ -119.914229229446264, 39.513213753272858 ], [ -119.914215162469119, 39.513197353914954 ], [ -119.914123029439892, 39.513147886896867 ], [ -119.914123029439892, 39.513142353543643 ], [ -119.914123029439892, 39.513136953446477 ], [ -119.913981229648854, 39.513076553728212 ], [ -119.913853829805817, 39.51303795346341 ], [ -119.91373336303981, 39.512983087025439 ], [ -119.91373336303981, 39.512977686915853 ], [ -119.913726229139726, 39.512977553659084 ], [ -119.913719229468498, 39.512972153549121 ], [ -119.913662428806674, 39.512939287284176 ], [ -119.913485362201854, 39.512873287390939 ], [ -119.913485362201854, 39.512867754015893 ], [ -119.913485362201854, 39.512862287268867 ], [ -119.913379162195469, 39.512812886640674 ], [ -119.913364963070549, 39.512796487188147 ], [ -119.913357829170465, 39.512790953806963 ], [ -119.91325862883528, 39.512747087315937 ], [ -119.91325862883528, 39.51274155393083 ], [ -119.913251562569897, 39.512736087173884 ], [ -119.913124029538537, 39.512686687258721 ], [ -119.913131162398059, 39.512681153868819 ], [ -119.913131162398059, 39.512675687107112 ], [ -119.91289716298364, 39.512560353587233 ], [ -119.91289716298364, 39.512554886816034 ], [ -119.91289716298364, 39.512549353415601 ], [ -119.912465029275509, 39.512384553729873 ], [ -119.911990362705694, 39.512258286940799 ], [ -119.911593562405542, 39.512192353832532 ], [ -119.911466029374139, 39.512159353940348 ], [ -119.911189762434162, 39.512087953930269 ], [ -119.910870828403631, 39.512016487217487 ], [ -119.910863762138277, 39.512011087032747 ], [ -119.910856628238193, 39.51200555358902 ], [ -119.910056029007208, 39.511813286816427 ], [ -119.909638028870361, 39.511730886952215 ], [ -119.909389961438251, 39.511697886840842 ], [ -119.909064161965375, 39.511675887025469 ], [ -119.908830228104577, 39.511653887203181 ], [ -119.90859642847262, 39.51158248747636 ], [ -119.908497228137449, 39.511516553726736 ], [ -119.908313161861443, 39.511401287320787 ], [ -119.908298961695962, 39.51138475427522 ], [ -119.908100628660307, 39.511291354334737 ], [ -119.908036761733115, 39.511280487222166 ], [ -119.907810161554863, 39.511285887463679 ], [ -119.907590228077055, 39.511302287272791 ], [ -119.90738482773547, 39.511280287332148 ], [ -119.907235961679064, 39.511252753880854 ], [ -119.907073027605023, 39.511192287499959 ], [ -119.907030561337507, 39.511159353762878 ], [ -119.907016361172069, 39.511148354172207 ], [ -119.906945561167817, 39.511093487044697 ], [ -119.906895961000231, 39.510994687251674 ], [ -119.906747228132161, 39.510703753947027 ], [ -119.906591561146513, 39.510593953921315 ], [ -119.906584428286962, 39.510577487314336 ], [ -119.906563160815608, 39.510528087469929 ], [ -119.906506427788472, 39.51047868759035 ], [ -119.906400227782072, 39.51035248717956 ], [ -119.906400227782072, 39.510335953884407 ], [ -119.906336560637357, 39.510291954186989 ], [ -119.906180761503933, 39.510121887696791 ], [ -119.906180761503933, 39.510110887139085 ], [ -119.906173627603849, 39.510099887382438 ], [ -119.906102761005414, 39.510017487091694 ], [ -119.906067427597478, 39.509990087205232 ], [ -119.906067427597478, 39.509984553600525 ], [ -119.905954161325695, 39.509825353699817 ], [ -119.905918761323562, 39.509797953737568 ], [ -119.905890360992657, 39.50973748769615 ], [ -119.905784160986258, 39.509605753909781 ], [ -119.905755827249507, 39.509572887657896 ], [ -119.905755827249507, 39.509561887013263 ], [ -119.905748760984153, 39.509556354177235 ], [ -119.905748760984153, 39.509539887324344 ], [ -119.905692161145339, 39.509479487690101 ], [ -119.905493760474982, 39.509287353613274 ], [ -119.905493760474982, 39.509270887499383 ], [ -119.90548662761546, 39.509270887499383 ], [ -119.905437227230351, 39.509188487028297 ], [ -119.905338027935713, 39.508968954266081 ], [ -119.905338027935713, 39.508963553844559 ], [ -119.905309627604808, 39.508936086910161 ], [ -119.905274360791012, 39.508914087023101 ], [ -119.905274360791012, 39.508903087076988 ], [ -119.905203427598408, 39.508875687553875 ], [ -119.904990960991469, 39.508754887078076 ], [ -119.904778427790362, 39.508568153858718 ], [ -119.904778427790362, 39.508557153857836 ], [ -119.90477136048446, 39.50855168757441 ], [ -119.904700627074376, 39.508502287092497 ], [ -119.904693560808994, 39.508491287081135 ], [ -119.90468642690891, 39.508485754159857 ], [ -119.904566026737058, 39.508310087694682 ], [ -119.90450936030409, 39.508266087517192 ], [ -119.904381827272729, 39.508145354220218 ], [ -119.903963960324205, 39.507848753985385 ], [ -119.903963960324205, 39.507843287646274 ], [ -119.903850627458283, 39.507749953592509 ], [ -119.903808160150234, 39.507716953998774 ], [ -119.903489426942755, 39.507513953769084 ], [ -119.903376026442132, 39.507420554244881 ], [ -119.90328402660117, 39.507354687193612 ], [ -119.903142359998512, 39.507228354263447 ], [ -119.903092759830912, 39.507195353619181 ], [ -119.902986559824512, 39.507091087504584 ], [ -119.902908626960709, 39.507019753737104 ], [ -119.902901559654822, 39.507008754293892 ], [ -119.902830759650541, 39.506964887363452 ], [ -119.902809559813889, 39.506937353807686 ], [ -119.902724426455819, 39.506865954050966 ], [ -119.902717360190465, 39.506849553997547 ], [ -119.902710360519251, 39.506844087579836 ], [ -119.902696226947938, 39.506822087030415 ], [ -119.902469560175561, 39.506646353738972 ], [ -119.902469560175561, 39.506635354236629 ], [ -119.902412827148424, 39.506591487070466 ], [ -119.902419960007961, 39.506586087267003 ], [ -119.902335026432411, 39.506514687149341 ], [ -119.902327960167028, 39.506509154070656 ], [ -119.902327960167028, 39.50649815374382 ], [ -119.902129559496686, 39.506344353706055 ], [ -119.902115426965949, 39.50632235380121 ], [ -119.902101359988805, 39.506256553949441 ], [ -119.902129626090854, 39.506212687346995 ], [ -119.902129626090854, 39.506185154296055 ], [ -119.902115426965949, 39.506168687447023 ], [ -119.901895826458926, 39.506108353925782 ], [ -119.901839226620112, 39.506080887468528 ], [ -119.901825026454645, 39.506069887073849 ], [ -119.901570025945517, 39.50586668694384 ], [ -119.901470959839202, 39.50571308702019 ], [ -119.901435559837083, 39.505663553657882 ], [ -119.901329359830697, 39.505515353975255 ], [ -119.901265559497645, 39.505443954363109 ], [ -119.901265626091799, 39.505433087138833 ], [ -119.901265626091799, 39.505416554278845 ], [ -119.90123022608968, 39.505372553874771 ], [ -119.901230359278003, 39.505361687442196 ], [ -119.901039025913562, 39.505125554264211 ], [ -119.901039025913562, 39.505114553718343 ], [ -119.900897425905086, 39.504883953711925 ], [ -119.900791359087009, 39.504763287597612 ], [ -119.900685159080638, 39.504636953970454 ], [ -119.900479626591263, 39.504483153827628 ], [ -119.900458425714035, 39.504466754014736 ], [ -119.900380426256078, 39.504422753812108 ], [ -119.900217626410893, 39.50431848755165 ], [ -119.899962625901765, 39.504104353851439 ], [ -119.899785625891113, 39.504016487036296 ], [ -119.899721825558075, 39.503983487275327 ], [ -119.899714759292692, 39.503983487275327 ], [ -119.899523559116602, 39.503829753929182 ], [ -119.899481026254904, 39.503785887400497 ], [ -119.899353558777165, 39.503697954348262 ], [ -119.899346425917599, 39.503692554319947 ], [ -119.899311159103803, 39.503676087683097 ], [ -119.899211958768646, 39.503626686946426 ], [ -119.899020625404219, 39.503456353650002 ], [ -119.898751558958466, 39.503313554135765 ], [ -119.898751625552634, 39.503308154077516 ], [ -119.898744559287252, 39.503291687349659 ], [ -119.89861702521533, 39.503198286967589 ], [ -119.898532026086144, 39.503154354205385 ], [ -119.898404558608405, 39.503082953773244 ], [ -119.898284158436539, 39.50299508727241 ], [ -119.898227425409402, 39.502967687025482 ], [ -119.898227425409402, 39.502962153664406 ], [ -119.898007825942926, 39.50285775434493 ], [ -119.897951225063593, 39.502835754139234 ], [ -119.897929958632773, 39.502824754033746 ], [ -119.897880425059341, 39.502802887093836 ], [ -119.897830825932289, 39.502769887559424 ], [ -119.897816625766822, 39.50275888744352 ], [ -119.897816625766822, 39.502753354065788 ], [ -119.897809558460906, 39.50274788732586 ], [ -119.897703158672016, 39.502692954152593 ], [ -119.897703158672016, 39.502687487407911 ], [ -119.897696159000816, 39.502681954024553 ], [ -119.897186159023065, 39.502500753941348 ], [ -119.896902758182975, 39.502429287804915 ], [ -119.896881558346323, 39.502423754400994 ], [ -119.896768158886232, 39.502429287804908 ], [ -119.896541358925475, 39.502440153893168 ], [ -119.896442158590318, 39.502445687295769 ], [ -119.896002825428482, 39.502560754191343 ], [ -119.895988625263044, 39.502560687553007 ], [ -119.895917825258763, 39.502599087300446 ], [ -119.895669825461368, 39.502703287896622 ], [ -119.895542224795278, 39.502774687916009 ], [ -119.895535158529896, 39.502785553950197 ], [ -119.895492624627664, 39.502812954268983 ], [ -119.895379225167588, 39.502856887246999 ], [ -119.895336757859539, 39.502884354175684 ], [ -119.895265824666964, 39.502933687196283 ], [ -119.895180757903077, 39.502955554095024 ], [ -119.894939958599934, 39.502960954180679 ], [ -119.894699025067894, 39.50305415416512 ], [ -119.894649358306154, 39.503092687718514 ], [ -119.894238357840536, 39.5033120873046 ], [ -119.894167424647932, 39.503350354164581 ], [ -119.894139025357546, 39.503361354186865 ], [ -119.893876825394713, 39.503482087767182 ], [ -119.893734957968974, 39.503531354528931 ], [ -119.893444425309909, 39.503547754562618 ], [ -119.893295624807138, 39.503575154580844 ], [ -119.893168025181581, 39.503618954605194 ], [ -119.893168025181581, 39.503629954584966 ], [ -119.893146824304381, 39.503635354618147 ], [ -119.893033424844276, 39.503690287849402 ], [ -119.892735162510974, 39.503931729060419 ], [ -119.892520653378284, 39.503716279552627 ] ], [ [ -119.908107761519872, 39.511071753558781 ], [ -119.908164427952855, 39.511066354103434 ], [ -119.908192761689591, 39.511044487348542 ], [ -119.908185762018377, 39.510978487260836 ], [ -119.908157361687444, 39.510951153580883 ], [ -119.90814322811616, 39.510940153957272 ], [ -119.90781022814906, 39.510693087437055 ], [ -119.907760761169811, 39.510649087162982 ], [ -119.907675761000093, 39.510605154294538 ], [ -119.907633228138408, 39.510583287394525 ], [ -119.907626161873026, 39.510577753837069 ], [ -119.907590627642023, 39.510544753980753 ], [ -119.907427827796866, 39.510434953703786 ], [ -119.907406561366017, 39.510418487059148 ], [ -119.90734982833888, 39.510363687591649 ], [ -119.907307427625, 39.510314287595243 ], [ -119.907009827660019, 39.51011108703247 ], [ -119.906790228193529, 39.509929887053438 ], [ -119.906698027529558, 39.509874953937931 ], [ -119.906690961264189, 39.509869486955402 ], [ -119.906584761257804, 39.509809087607685 ], [ -119.906584761257804, 39.509803553988561 ], [ -119.906570561092366, 39.50979815363187 ], [ -119.906478428063082, 39.509770687027448 ], [ -119.906450027732177, 39.509765087576604 ], [ -119.906436027349187, 39.509765087576611 ], [ -119.906393427893363, 39.509765087576611 ], [ -119.906365027562458, 39.509770553764525 ], [ -119.906365027562458, 39.509798087000441 ], [ -119.906372161462514, 39.509809087607678 ], [ -119.906365027562458, 39.509830953948551 ], [ -119.9064501609205, 39.509924287615405 ], [ -119.906520827736429, 39.510001153610517 ], [ -119.906549228067334, 39.510050553829636 ], [ -119.906697960935404, 39.510226287342292 ], [ -119.906903228088638, 39.510577553944998 ], [ -119.906910360948189, 39.510583087502503 ], [ -119.906938628090742, 39.510604953599795 ], [ -119.907002428423795, 39.510692887545339 ], [ -119.907051960956679, 39.510758687210014 ], [ -119.907087427552995, 39.510775153774091 ], [ -119.907285761629154, 39.510852153694273 ], [ -119.907462961422311, 39.510928953638036 ], [ -119.907753561716078, 39.510983954156082 ], [ -119.907973161182568, 39.511066354103427 ], [ -119.908107761519872, 39.511071753558781 ] ] ] } },
{ "type": "Feature", "properties": { "cell_id": "gis-hydro-002", "station_m": 3403.345, "center_x_m": 251572.223, "center_y_m": 4376973.214, "length_m": 2268.897, "width_m": 41.07, "area_m2": 93184.373, "cross_section_source": "synthetic-boundary-width", "mean_depth_m": 0.625321, "mean_velocity_ms": 0.659178, "mean_water_surface_m": 20.03163, "flow_area_m2": 17.303545, "hydraulic_radius_m": 0.623279 }, "geometry": { "type": "Polygon", "coordinates": [ [ [ -119.865828575076563, 39.510196558126992 ], [ -119.865873754694519, 39.510182290786574 ], [ -119.866213820927001, 39.510094290366474 ], [ -119.866518421603743, 39.510039290749717 ], [ -119.866553954794227, 39.510033890411378 ], [ -119.866759355135756, 39.510006290637683 ], [ -119.867382821167794, 39.509929157320286 ], [ -119.867751354325378, 39.509890490281016 ], [ -119.869813155501646, 39.509713890512195 ], [ -119.869976155129322, 39.509724757066977 ], [ -119.870266822017271, 39.50975755661554 ], [ -119.870380154883222, 39.509773956785416 ], [ -119.871244555487806, 39.509718690389093 ], [ -119.871889355585367, 39.50968535696709 ], [ -119.871988555920524, 39.509679756706568 ], [ -119.872342822318473, 39.509668690250081 ], [ -119.873150622043738, 39.509673756656312 ], [ -119.873547422343904, 39.509667956500195 ], [ -119.873682155869517, 39.509744890213156 ], [ -119.873795422141299, 39.509788689559905 ], [ -119.873809622306737, 39.509799556905811 ], [ -119.873809755495088, 39.50980508972247 ], [ -119.873880555499341, 39.509821556512513 ], [ -119.874107355460069, 39.509903756338844 ], [ -119.874348422180432, 39.509996890014207 ], [ -119.874348422180432, 39.51000235618389 ], [ -119.874504355542726, 39.510062756166406 ], [ -119.874667422805132, 39.510123089465331 ], [ -119.875014756126021, 39.510205156475593 ], [ -119.875291023066026, 39.510226956060812 ], [ -119.87555335621721, 39.510226756167782 ], [ -119.87576582282415, 39.510193756144787 ], [ -119.875886222995987, 39.510155289948841 ], [ -119.876049623229207, 39.510101289847505 ], [ -119.876143556382033, 39.510038556200989 ], [ -119.876427222558206, 39.509802756017017 ], [ -119.876611622845616, 39.509583289418913 ], [ -119.876725023346239, 39.509489956096743 ], [ -119.876753422636625, 39.509467956385045 ], [ -119.876859822425516, 39.50936935658445 ], [ -119.87688102330273, 39.509319889249156 ], [ -119.876881156491052, 39.509254089827472 ], [ -119.87686702291974, 39.509193689944787 ], [ -119.876902556110224, 39.509182755872125 ], [ -119.877384556362585, 39.508875555894811 ], [ -119.877434223124339, 39.508831755972437 ], [ -119.877441355983891, 39.508831755972437 ], [ -119.877490956151476, 39.508804289788841 ], [ -119.877682356110085, 39.508705555781511 ], [ -119.877831156612856, 39.508628889053554 ], [ -119.878355756321056, 39.508349156213136 ], [ -119.878462222704115, 39.508310755628848 ], [ -119.87868202299363, 39.50817368930155 ], [ -119.879050556151185, 39.507992755619533 ], [ -119.879107356813023, 39.507976289198865 ], [ -119.879929423297909, 39.507658355897945 ], [ -119.880375956953998, 39.507543356048224 ], [ -119.880921756498878, 39.507340556015563 ], [ -119.881332756964511, 39.507236489217668 ], [ -119.881602023192727, 39.507181688846266 ], [ -119.881694223856698, 39.507154288644358 ], [ -119.881729556224116, 39.507137755391021 ], [ -119.88238882390435, 39.506924088789177 ], [ -119.882679423157597, 39.506797955781856 ], [ -119.882679423157597, 39.506792488557245 ], [ -119.882750356350186, 39.506765089004723 ], [ -119.882920423283778, 39.506644355508215 ], [ -119.883324557266519, 39.506364688538703 ], [ -119.883338623203116, 39.506359155448088 ], [ -119.883388356559038, 39.506331755724695 ], [ -119.883622223825682, 39.506178155223374 ], [ -119.884203556561019, 39.505942488857158 ], [ -119.88440195723139, 39.505915088969402 ], [ -119.884564823670715, 39.505920688730505 ], [ -119.884692356702104, 39.505948155251154 ], [ -119.884912023803309, 39.506008688816657 ], [ -119.88511742414488, 39.506091089044446 ], [ -119.885202356679883, 39.50613495492081 ], [ -119.885223624151251, 39.506145955305186 ], [ -119.885230757010788, 39.506162355524644 ], [ -119.885400624161903, 39.506255888404041 ], [ -119.885407757021426, 39.50626688876924 ], [ -119.885429023452275, 39.506277888329883 ], [ -119.885577624172555, 39.506376688407386 ], [ -119.885690957038477, 39.506426088794818 ], [ -119.885690957038477, 39.506437088330273 ], [ -119.885698024344379, 39.506437088330273 ], [ -119.885811357210315, 39.506502955448489 ], [ -119.885811357210315, 39.506508488527665 ], [ -119.886016757551857, 39.506601888474954 ], [ -119.886378157849919, 39.506667888705834 ], [ -119.886852957608042, 39.506706555129966 ], [ -119.887292224175695, 39.506723155120255 ], [ -119.887788224811047, 39.506712355533288 ], [ -119.887880357840302, 39.506701488507382 ], [ -119.88815675796863, 39.506657688820233 ], [ -119.88848975793573, 39.5066028887952 ], [ -119.889226757656743, 39.50641115540332 ], [ -119.889630624222264, 39.506334488552348 ], [ -119.890112557880471, 39.506208488547422 ], [ -119.890183424478892, 39.50618648859956 ], [ -119.890268424648625, 39.506153688168105 ], [ -119.890651157971632, 39.506022088082865 ], [ -119.890906358263294, 39.5059672883594 ], [ -119.890941824859581, 39.50595628794678 ], [ -119.891026958217651, 39.505879488126439 ], [ -119.891615158476398, 39.505638155131315 ], [ -119.891714424365205, 39.505544887962522 ], [ -119.891820758600446, 39.505446154943726 ], [ -119.891856225196733, 39.505347488420291 ], [ -119.891877558221765, 39.505270554655596 ], [ -119.891884624487119, 39.505248687682389 ], [ -119.89188475767547, 39.505166288061432 ], [ -119.891877758004256, 39.504952287837199 ], [ -119.891870758333056, 39.504831487766261 ], [ -119.891863624432972, 39.504826087826025 ], [ -119.891842358002151, 39.504815088035564 ], [ -119.891828224430853, 39.50480955482157 ], [ -119.891785758163337, 39.50480948818538 ], [ -119.891721957830285, 39.504924687650778 ], [ -119.891714824970748, 39.504957687767671 ], [ -119.891707624476496, 39.505006955089009 ], [ -119.891700558211113, 39.505072954426204 ], [ -119.891686358045675, 39.5050893548989 ], [ -119.891636757878075, 39.505089288262965 ], [ -119.891523425012139, 39.505050888285751 ], [ -119.891523425012139, 39.504995954524318 ], [ -119.891537758365928, 39.504957554495533 ], [ -119.891573158368047, 39.504842355084605 ], [ -119.89158735749298, 39.504787354522136 ], [ -119.891722157612804, 39.504600887623461 ], [ -119.89172922491872, 39.504562488179175 ], [ -119.89172922491872, 39.504551488346998 ], [ -119.891757624209092, 39.504524087910845 ], [ -119.891785957945856, 39.504491155027416 ], [ -119.891835624707582, 39.504430755018838 ], [ -119.89198455839869, 39.504189354369998 ], [ -119.891998624335258, 39.504172887850913 ], [ -119.892083757693328, 39.50409608766531 ], [ -119.892275224246092, 39.503915087968913 ], [ -119.892296425123291, 39.503898554747771 ], [ -119.892452425079753, 39.50377235442874 ], [ -119.892565824539858, 39.503679154604569 ], [ -119.892601224541991, 39.503668154632578 ], [ -119.89267215773458, 39.503618754693129 ], [ -119.892884758570389, 39.503509087986622 ], [ -119.89299115835928, 39.503454287887173 ], [ -119.893019357867132, 39.503432287870261 ], [ -119.893132824961953, 39.503393887780298 ], [ -119.893891157707941, 39.503207687707985 ], [ -119.894323424604394, 39.503054087527246 ], [ -119.894408424774142, 39.503010154673888 ], [ -119.894521825274765, 39.502944354094517 ], [ -119.894691957762006, 39.50285115396283 ], [ -119.89488570132653, 39.502723973383333 ], [ -119.895000730345473, 39.50295959138073 ], [ -119.894939958599934, 39.502960954180679 ], [ -119.894699025067894, 39.50305415416512 ], [ -119.894649358306154, 39.503092687718514 ], [ -119.894238357840536, 39.5033120873046 ], [ -119.894167424647932, 39.503350354164581 ], [ -119.894139025357546, 39.503361354186865 ], [ -119.893876825394713, 39.503482087767182 ], [ -119.893734957968974, 39.503531354528931 ], [ -119.893444425309909, 39.503547754562618 ], [ -119.893295624807138, 39.503575154580844 ], [ -119.893168025181581, 39.503618954605194 ], [ -119.893168025181581, 39.503629954584966 ], [ -119.893146824304381, 39.503635354618147 ], [ -119.893033424844276, 39.503690287849402 ], [ -119.892721624713857, 39.503942687753472 ], [ -119.892615224924938, 39.503997488270613 ], [ -119.892572624428567, 39.504030354751052 ], [ -119.892438025131824, 39.504145687978848 ], [ -119.892395424635424, 39.504200487533041 ], [ -119.892345824467839, 39.504260754468326 ], [ -119.892211158576899, 39.504458354598555 ], [ -119.892161425220991, 39.504573554646022 ], [ -119.892147225055524, 39.50465588833346 ], [ -119.892147158461356, 39.504688887775195 ], [ -119.892182224452128, 39.505127954762635 ], [ -119.892196424617595, 39.505259688207062 ], [ -119.892167957692507, 39.505374954364662 ], [ -119.892111224665371, 39.505506688143676 ], [ -119.891884424704642, 39.505698688164017 ], [ -119.891721358482798, 39.50580295476221 ], [ -119.891501624787452, 39.505912554425059 ], [ -119.891459158519936, 39.505934554459635 ], [ -119.891317357688379, 39.506011355021975 ], [ -119.890672224619991, 39.506285487908556 ], [ -119.889708424938277, 39.506603488505604 ], [ -119.889446224975416, 39.506663688328075 ], [ -119.889240758039676, 39.506707554645871 ], [ -119.888893424718773, 39.506795154732522 ], [ -119.888822558120353, 39.50681715529047 ], [ -119.888758824381483, 39.506839088404362 ], [ -119.888376157652601, 39.506893888243106 ], [ -119.887745557720507, 39.506986888670497 ], [ -119.887462024732642, 39.506970288743162 ], [ -119.887306224558671, 39.506975688516832 ], [ -119.886980224262757, 39.506992088540471 ], [ -119.886406224169448, 39.506980755119436 ], [ -119.886377957026866, 39.50697528871202 ], [ -119.886285757403442, 39.506964288458946 ], [ -119.885945757765114, 39.506898288509561 ], [ -119.885627023517088, 39.506793888680612 ], [ -119.885542024387917, 39.50676088863284 ], [ -119.885315357615511, 39.50665648859745 ], [ -119.885315357615511, 39.506650955530112 ], [ -119.885258623547841, 39.506623488484429 ], [ -119.88520915760914, 39.506596088865244 ], [ -119.885202023709056, 39.506590554990261 ], [ -119.885074557271821, 39.506524688757864 ], [ -119.884939956934517, 39.506425755621507 ], [ -119.884748756758427, 39.506326888979039 ], [ -119.884429956956751, 39.506233488662126 ], [ -119.884330756621594, 39.506238888493058 ], [ -119.884252823757777, 39.506249888860971 ], [ -119.883905557031042, 39.506397755409346 ], [ -119.883508556948385, 39.506666688483222 ], [ -119.883246223797173, 39.506853155458614 ], [ -119.883083223128963, 39.506935355585313 ], [ -119.883076156863609, 39.506940888630048 ], [ -119.883040756861448, 39.506968288916099 ], [ -119.883019423836444, 39.506990288616407 ], [ -119.882608223588349, 39.507171155866324 ], [ -119.882331756865838, 39.507280755779696 ], [ -119.88148135664423, 39.507488955720689 ], [ -119.880963956389735, 39.507669889108925 ], [ -119.880503223608699, 39.507795888872465 ], [ -119.880333156675135, 39.507850689562247 ], [ -119.880241023645851, 39.507878089489559 ], [ -119.88014895617026, 39.507910955740272 ], [ -119.880113422979761, 39.507921889210301 ], [ -119.879837022851433, 39.508047955952755 ], [ -119.879277156329437, 39.508256289269198 ], [ -119.879163622640476, 39.508311156228771 ], [ -119.878908423389362, 39.508464689396561 ], [ -119.878171156251184, 39.508793689619665 ], [ -119.877944356290428, 39.508936289215377 ], [ -119.877781223474429, 39.509051355800324 ], [ -119.877639422642872, 39.509172156563459 ], [ -119.877323755888639, 39.509469089927556 ], [ -119.877277822562348, 39.509512289762796 ], [ -119.877171356179289, 39.50964935585791 ], [ -119.877142955848385, 39.509676889944608 ], [ -119.877135822988819, 39.509687756505201 ], [ -119.877093356721318, 39.509737156144325 ], [ -119.876958623195677, 39.509857889886533 ], [ -119.876908956433951, 39.509890756003607 ], [ -119.876767156642913, 39.510038889356949 ], [ -119.876440956564508, 39.510291156221086 ], [ -119.876249556605927, 39.510384356008004 ], [ -119.876048956247018, 39.51044048968096 ], [ -119.876043156311312, 39.510441290053528 ], [ -119.875971622730688, 39.510451690078931 ], [ -119.875716556667911, 39.510490156110734 ], [ -119.875340956204425, 39.510517756494998 ], [ -119.875121355697402, 39.510506956695011 ], [ -119.874603822254556, 39.510457889954388 ], [ -119.874462155651898, 39.510435956377215 ], [ -119.874433756361526, 39.510430490241596 ], [ -119.87403695606136, 39.510353889639525 ], [ -119.873732222196296, 39.51028815622243 ], [ -119.873675422574991, 39.51025529029333 ], [ -119.873569155974437, 39.510183956563068 ], [ -119.873094155393275, 39.509915289979894 ], [ -119.873030356100756, 39.509904356823569 ], [ -119.872966555767704, 39.509893490296868 ], [ -119.872690155639404, 39.509844156597495 ], [ -119.872002822680159, 39.509844489754407 ], [ -119.871946221800826, 39.509844489754414 ], [ -119.870812554967998, 39.509921890493899 ], [ -119.870486622306814, 39.509949490301054 ], [ -119.870422821973733, 39.509966090319452 ], [ -119.870401555542912, 39.509966090319452 ], [ -119.870288221636443, 39.509960689975379 ], [ -119.870210222178471, 39.509966156950718 ], [ -119.869607821754258, 39.510004890579054 ], [ -119.869189821617425, 39.510038090585354 ], [ -119.868807221482726, 39.510087556606592 ], [ -119.868516822011998, 39.510159090329068 ], [ -119.86832542205336, 39.510186690041991 ], [ -119.867801155315988, 39.510214290546813 ], [ -119.867531954641379, 39.510258356924382 ], [ -119.867475221614271, 39.51028035718862 ], [ -119.867220154510932, 39.510313357170482 ], [ -119.866497554737904, 39.510401557205697 ], [ -119.865982264684703, 39.510511634276092 ], [ -119.865828575076563, 39.510196558126992 ] ] ] } },
{ "type": "Feature", "properties": { "cell_id": "gis-hydro-003", "station_m": 5672.241, "center_x_m": 255046.34, "center_y_m": 4377568.3, "length_m": 2268.897, "width_m": 31.733, "area_m2": 71998.52, "cross_section_source": "synthetic-boundary-width", "mean_depth_m": 0.698036, "mean_velocity_ms": 0.708127, "mean_water_surface_m": 17.885912, "flow_area_m2": 16.107632, "hydraulic_radius_m": 0.693976 }, "geometry": { "type": "Polygon", "coordinates": [ [ [ -119.84795575242228, 39.515475480786591 ], [ -119.84795575242363, 39.51544215873929 ], [ -119.847920152638991, 39.515162158729488 ], [ -119.847920019450669, 39.515041358748334 ], [ -119.847941219287335, 39.5148876924112 ], [ -119.847955419452802, 39.514882159196524 ], [ -119.848054418964935, 39.514662692588637 ], [ -119.848146551994191, 39.514464959324123 ], [ -119.848203151833005, 39.514382558591194 ], [ -119.848316419145306, 39.514141092172963 ], [ -119.848932419346923, 39.513065092056742 ], [ -119.849024552376207, 39.512911358733412 ], [ -119.849081152214993, 39.512839958693377 ], [ -119.849088218480375, 39.51283455857272 ], [ -119.849329018824065, 39.512505158444412 ], [ -119.849591019004436, 39.512230558806387 ], [ -119.84976815220341, 39.51206589162296 ], [ -119.850058552714685, 39.511868158192094 ], [ -119.85013641898432, 39.511829692120429 ], [ -119.850228618607744, 39.511774758901481 ], [ -119.850632351984942, 39.511588091597346 ], [ -119.850724419460605, 39.51155509141816 ], [ -119.850880352822898, 39.511527558075748 ], [ -119.851348018680937, 39.51144509204557 ], [ -119.852269152312658, 39.511324091330408 ], [ -119.852290352149325, 39.51131855863472 ], [ -119.852424952486629, 39.511312958505869 ], [ -119.852885619714016, 39.51131289187586 ], [ -119.853055752201257, 39.511312758615908 ], [ -119.853629752294538, 39.511356491949904 ], [ -119.854118753258675, 39.511400157823715 ], [ -119.854359619156, 39.511422091899284 ], [ -119.854692619123085, 39.511465891794309 ], [ -119.855429753072954, 39.511575358096167 ], [ -119.855833619638503, 39.511619157894543 ], [ -119.857506220573839, 39.511805091387892 ], [ -119.858009353028194, 39.511837891559928 ], [ -119.85853375399445, 39.511821157927002 ], [ -119.858774619891776, 39.511788157858511 ], [ -119.858873820226961, 39.511777157564623 ], [ -119.85940515322973, 39.511623158083715 ], [ -119.859787753364429, 39.511535157883024 ], [ -119.861041820369095, 39.51134255746171 ], [ -119.861190620871852, 39.51131509066505 ], [ -119.861424353909612, 39.511238157888016 ], [ -119.861523554244798, 39.511221690630869 ], [ -119.861778754536459, 39.511177690691625 ], [ -119.862345554135501, 39.511073157609765 ], [ -119.862777754437815, 39.510957557316623 ], [ -119.86351455437628, 39.510787157697735 ], [ -119.86362075438268, 39.510754157138102 ], [ -119.86362075438268, 39.510748691027558 ], [ -119.86422295398387, 39.510572757338558 ], [ -119.86461255483033, 39.510451890774135 ], [ -119.864704754453754, 39.510424356994555 ], [ -119.864725821102084, 39.51041889085802 ], [ -119.865455754557686, 39.510314290806377 ], [ -119.865873754694519, 39.510182290786574 ], [ -119.866213820927001, 39.510094290366474 ], [ -119.866518421603743, 39.510039290749717 ], [ -119.866553954794227, 39.510033890411378 ], [ -119.866759355135756, 39.510006290637683 ], [ -119.867382821167794, 39.509929157320286 ], [ -119.867751354325378, 39.509890490281016 ], [ -119.869813155501646, 39.509713890512195 ], [ -119.869976155129322, 39.509724757066977 ], [ -119.870266822017271, 39.50975755661554 ], [ -119.870380154883222, 39.509773956785416 ], [ -119.871244555487806, 39.509718690389093 ], [ -119.871889355585367, 39.50968535696709 ], [ -119.871988555920524, 39.509679756706568 ], [ -119.872159043943569, 39.509674431193261 ], [ -119.872130207618795, 39.50984442831691 ], [ -119.872002822680159, 39.509844489754407 ], [ -119.871946221800826, 39.509844489754414 ], [ -119.870812554967998, 39.509921890493899 ], [ -119.870486622306814, 39.509949490301054 ], [ -119.870422821973733, 39.509966090319452 ], [ -119.870401555542912, 39.509966090319452 ], [ -119.870288221636443, 39.509960689975379 ], [ -119.870210222178471, 39.509966156950718 ], [ -119.869607821754258, 39.510004890579054 ], [ -119.869189821617425, 39.510038090585354 ], [ -119.868807221482726, 39.510087556606592 ], [ -119.868516822011998, 39.510159090329068 ], [ -119.86832542205336, 39.510186690041991 ], [ -119.867801155315988, 39.510214290546813 ], [ -119.867531954641379, 39.510258356924382 ], [ -119.867475221614271, 39.51028035718862 ], [ -119.867220154510932, 39.510313357170482 ], [ -119.866497554737904, 39.510401557205697 ], [ -119.8657251550148, 39.510566557473311 ], [ -119.865583420777426, 39.510599690580612 ], [ -119.865165354046411, 39.510605290766946 ], [ -119.864903220677718, 39.510638290594535 ], [ -119.864825354408083, 39.510654757187105 ], [ -119.86437182108078, 39.510770290550781 ], [ -119.863443820966197, 39.511099957397469 ], [ -119.862699953721773, 39.511248491164075 ], [ -119.862614954592601, 39.511275957184282 ], [ -119.862544020359479, 39.511298091189076 ], [ -119.862473220355227, 39.511325557189657 ], [ -119.862437820353108, 39.511341957792169 ], [ -119.862161621047804, 39.5114628910436 ], [ -119.862012753950879, 39.511512291026122 ], [ -119.861828554486536, 39.511550757273525 ], [ -119.861297153849065, 39.511589490821272 ], [ -119.860524820720116, 39.511721558008226 ], [ -119.859943753320891, 39.511842491401701 ], [ -119.85934155371973, 39.511947091560948 ], [ -119.85904402034889, 39.511991157642299 ], [ -119.858491353280584, 39.512029757685873 ], [ -119.858349553489546, 39.512035291127731 ], [ -119.85831422008161, 39.51202975768588 ], [ -119.857633953387761, 39.512002690936832 ], [ -119.856032220091365, 39.511849558138834 ], [ -119.854132952383594, 39.511674691706027 ], [ -119.853070018960864, 39.511587291237987 ], [ -119.853006352856667, 39.511581758563302 ], [ -119.852524219415969, 39.511570891496149 ], [ -119.852042418946112, 39.511587558559647 ], [ -119.851652752546002, 39.511626091395037 ], [ -119.851461552369912, 39.511675558693916 ], [ -119.851085951906427, 39.511779958413143 ], [ -119.850930152772975, 39.511829491429218 ], [ -119.850873418705305, 39.511851358739811 ], [ -119.850660818910043, 39.511944891988996 ], [ -119.850462552468571, 39.512043692036301 ], [ -119.850377552298838, 39.512109558656412 ], [ -119.850242951961562, 39.512197358242183 ], [ -119.850207551959414, 39.512230358919098 ], [ -119.850051618597092, 39.51235115897169 ], [ -119.849648019448765, 39.512724558817631 ], [ -119.84949935213433, 39.512872758376858 ], [ -119.849478019109355, 39.512889291871119 ], [ -119.849336419100823, 39.513053958708419 ], [ -119.84927261876777, 39.513152758783988 ], [ -119.849152351784269, 39.513361358558498 ], [ -119.84909555216295, 39.513454758927146 ], [ -119.848833618576762, 39.513987292195054 ], [ -119.848819419451843, 39.51400375879669 ], [ -119.848642552629542, 39.514338559048277 ], [ -119.848592952461942, 39.514442892152502 ], [ -119.848522219051858, 39.51461855916682 ], [ -119.848472618884273, 39.51468995898432 ], [ -119.848387618714554, 39.514892959119166 ], [ -119.84836655206621, 39.514980892453863 ], [ -119.848359419206645, 39.515019292562556 ], [ -119.848352419535445, 39.515156558910476 ], [ -119.848352552723782, 39.515392559264768 ], [ -119.84835255272364, 39.515515946297015 ], [ -119.84795575242228, 39.515475480786591 ] ] ] } },
{ "type": "Feature", "properties": { "cell_id": "gis-hydro-004", "station_m": 7941.138, "center_x_m": 255807.002, "center_y_m": 4378156.965, "length_m": 2268.897, "width_m": 32.878, "area_m2": 74596.156, "cross_section_source": "synthetic-boundary-width", "mean_depth_m": 0.687619, "mean_velocity_ms": 0.701274, "mean_water_surface_m": 15.599197, "flow_area_m2": 16.265027, "hydraulic_radius_m": 0.683923 }, "geometry": { "type": "Polygon", "coordinates": [ [ [ -119.829696011174505, 39.521112456445969 ], [ -119.82975854994784, 39.521154761158002 ], [ -119.830020816504856, 39.521308493896811 ], [ -119.83002795040494, 39.521324894550538 ], [ -119.83007054986075, 39.521341361018052 ], [ -119.830091817332161, 39.521357894102046 ], [ -119.830183950361402, 39.521418160603169 ], [ -119.83024061679437, 39.521451160913038 ], [ -119.830290216961941, 39.521473094223104 ], [ -119.830297349821507, 39.521478561095179 ], [ -119.830304417127408, 39.521489560655532 ], [ -119.830311549986973, 39.521500494396598 ], [ -119.830417816587541, 39.5215608940143 ], [ -119.830424950487597, 39.521571894364264 ], [ -119.830892750574506, 39.521835294635444 ], [ -119.831027550694301, 39.521922960729164 ], [ -119.83112674998894, 39.521972361299923 ], [ -119.831148017460336, 39.521988894233694 ], [ -119.831474016715703, 39.52217549426063 ], [ -119.831481150615787, 39.522186494513228 ], [ -119.831495350781253, 39.52219196052647 ], [ -119.831587550404649, 39.522241360905959 ], [ -119.831679616839779, 39.522296160635875 ], [ -119.831757617338255, 39.522345560941233 ], [ -119.831764617009469, 39.522351094363998 ], [ -119.831800150199953, 39.522367493968844 ], [ -119.83180721750584, 39.522378494191088 ], [ -119.831814350365406, 39.522378494191081 ], [ -119.831814217177055, 39.522389494411534 ], [ -119.831821351077153, 39.522389494411527 ], [ -119.831977351033629, 39.52246629444295 ], [ -119.831991551199067, 39.522477293846819 ], [ -119.83204115032612, 39.5225046944268 ], [ -119.832048217632035, 39.522515694627245 ], [ -119.832104950659172, 39.522559560568091 ], [ -119.832395550952967, 39.52270229404138 ], [ -119.832416817383788, 39.522724161139983 ], [ -119.832537350743976, 39.522784560496127 ], [ -119.832955550663286, 39.522949093915898 ], [ -119.833267350793719, 39.52304236099797 ], [ -119.833423217561872, 39.523075293917394 ], [ -119.83352255108538, 39.523091760772552 ], [ -119.83401155100897, 39.523102561024011 ], [ -119.834117817609538, 39.523097160898494 ], [ -119.834167417777124, 39.523097094279827 ], [ -119.834316218279881, 39.523064093949429 ], [ -119.834351751470351, 39.523053160454516 ], [ -119.834493551261346, 39.523003760652486 ], [ -119.834954150854017, 39.522811493819539 ], [ -119.835067418166332, 39.522784094163292 ], [ -119.83537215099085, 39.522723560766011 ], [ -119.835421817752604, 39.522718093991998 ], [ -119.835556551278245, 39.522663160554167 ], [ -119.83560615144583, 39.522641161000791 ], [ -119.835627351282511, 39.5226027602898 ], [ -119.835570751443711, 39.522580760717283 ], [ -119.835400617915923, 39.522635760839393 ], [ -119.835322550823264, 39.522652293615231 ], [ -119.835216217628556, 39.522679694126161 ], [ -119.835159551195559, 39.522674293967697 ], [ -119.835173618172703, 39.522630294058459 ], [ -119.835251617630675, 39.522591894144071 ], [ -119.83549975165694, 39.522460094033875 ], [ -119.835591818092013, 39.522410693809974 ], [ -119.835804551075626, 39.522267893920606 ], [ -119.835882418385808, 39.52219656048532 ], [ -119.836080818015631, 39.522026360200442 ], [ -119.83620835104702, 39.521938493575249 ], [ -119.836463351556162, 39.521740894195432 ], [ -119.836590951181719, 39.521614560134211 ], [ -119.836739618496139, 39.521449893522913 ], [ -119.836923951148847, 39.521285293944302 ], [ -119.83695221829143, 39.521263160713588 ], [ -119.837044351320671, 39.521186360154424 ], [ -119.837717418560828, 39.520648293936311 ], [ -119.837752817522414, 39.520609893728668 ], [ -119.837887417859719, 39.520527493863732 ], [ -119.837958217863971, 39.520467159968526 ], [ -119.838199151395983, 39.520263960205888 ], [ -119.83826295172905, 39.520220093617837 ], [ -119.838567551365244, 39.51989616018875 ], [ -119.83861001763276, 39.51986869356324 ], [ -119.838992750955782, 39.519506360085607 ], [ -119.839021018098393, 39.519467893427191 ], [ -119.839318551469205, 39.519050693002164 ], [ -119.839502750933562, 39.518863960163863 ], [ -119.83992781837631, 39.518583960301001 ], [ -119.840282018180105, 39.518413693369588 ], [ -119.840338751207241, 39.51838629358376 ], [ -119.840374217803529, 39.518369893038837 ], [ -119.840452151707865, 39.5183039601121 ], [ -119.840629351500979, 39.518221559919574 ], [ -119.840778017774895, 39.518128159538279 ], [ -119.840792151346193, 39.518128159538279 ], [ -119.840884217781294, 39.518062359629099 ], [ -119.840926751683483, 39.518029360117204 ], [ -119.84110395147664, 39.517935959477512 ], [ -119.841146417744127, 39.517903093152817 ], [ -119.841153551644211, 39.517903093152832 ], [ -119.84121021807718, 39.517875693165578 ], [ -119.841422751278287, 39.51776575998953 ], [ -119.841536151778939, 39.517716293013613 ], [ -119.84190461834234, 39.517562559548118 ], [ -119.842308618096212, 39.517452693303269 ], [ -119.842492818601102, 39.517408693296808 ], [ -119.842847151593219, 39.517359159442478 ], [ -119.843279418489658, 39.517337093190285 ], [ -119.843520352021685, 39.517375559423364 ], [ -119.843896019079338, 39.517441292556285 ], [ -119.843931419081486, 39.517457692517809 ], [ -119.844342551694908, 39.517572892686267 ], [ -119.844668551990793, 39.517666159763714 ], [ -119.845221352247435, 39.517797692843857 ], [ -119.845519018806584, 39.517841492732771 ], [ -119.845611151835868, 39.517852359621699 ], [ -119.84600095246482, 39.517852292997986 ], [ -119.846114351924896, 39.517824892990696 ], [ -119.846249018856369, 39.517769959696118 ], [ -119.846248819073864, 39.517764492532152 ], [ -119.846617219043111, 39.517517359576146 ], [ -119.846702418995321, 39.517462492662425 ], [ -119.847113352866771, 39.517176892310104 ], [ -119.847127551991719, 39.517176759061442 ], [ -119.847417819314671, 39.516935292723176 ], [ -119.847552418611414, 39.516770558828632 ], [ -119.84763035251575, 39.5166442927869 ], [ -119.847715219497147, 39.516468559453884 ], [ -119.847842752528535, 39.516161292154649 ], [ -119.847920419015651, 39.515842892200418 ], [ -119.847934619181117, 39.515744092739773 ], [ -119.847941752040683, 39.515716559452073 ], [ -119.84795575242363, 39.515568491986663 ], [ -119.84795575242363, 39.51544215873929 ], [ -119.847920152638991, 39.515162158729488 ], [ -119.847920019450669, 39.515041358748334 ], [ -119.847941219287335, 39.5148876924112 ], [ -119.847955419452802, 39.514882159196524 ], [ -119.848054418964935, 39.514662692588637 ], [ -119.848146551994191, 39.514464959324123 ], [ -119.848203151833005, 39.514382558591194 ], [ -119.848316419145306, 39.514141092172963 ], [ -119.848809541964016, 39.513279731239756 ], [ -119.849089659437851, 39.513466739428928 ], [ -119.848833618576762, 39.513987292195054 ], [ -119.848819419451843, 39.51400375879669 ], [ -119.848642552629542, 39.514338559048277 ], [ -119.848592952461942, 39.514442892152502 ], [ -119.848522219051858, 39.51461855916682 ], [ -119.848472618884273, 39.51468995898432 ], [ -119.848387618714554, 39.514892959119166 ], [ -119.84836655206621, 39.514980892453863 ], [ -119.848359419206645, 39.515019292562556 ], [ -119.848352419535445, 39.515156558910476 ], [ -119.848352552723782, 39.515392559264768 ], [ -119.848352552723782, 39.515518892602323 ], [ -119.84829601947915, 39.51588115938408 ], [ -119.84824661909407, 39.516133559156295 ], [ -119.848154619253165, 39.516386092064344 ], [ -119.848147552987754, 39.516397092431184 ], [ -119.848126352110555, 39.516435559184806 ], [ -119.848013019244632, 39.516698958867003 ], [ -119.847970619571271, 39.516759492698881 ], [ -119.847878552095651, 39.516907692480324 ], [ -119.847715619062143, 39.51709429251266 ], [ -119.847488952289737, 39.517291958893104 ], [ -119.847241019086496, 39.517451292592028 ], [ -119.84676635251671, 39.517775292809389 ], [ -119.846539552555981, 39.517923559455319 ], [ -119.846263219021836, 39.518049893005994 ], [ -119.846249152044692, 39.518055292721286 ], [ -119.846178218852117, 39.51807735954803 ], [ -119.845944419220174, 39.518126759643344 ], [ -119.845937351914245, 39.518126759643344 ], [ -119.845809752288702, 39.518137759734522 ], [ -119.845398618634746, 39.518143492560085 ], [ -119.845200219004951, 39.518132492469803 ], [ -119.844626152317474, 39.518050292747105 ], [ -119.844605019074947, 39.51805029274712 ], [ -119.844534152476541, 39.518028359158798 ], [ -119.844328419164142, 39.517935159191282 ], [ -119.844328552352493, 39.517929692843026 ], [ -119.844123018822572, 39.517836492743186 ], [ -119.843967018866095, 39.517759559160794 ], [ -119.843591351808456, 39.517600559288773 ], [ -119.843407152344099, 39.517551159621888 ], [ -119.843151952052452, 39.517518359739192 ], [ -119.842882618189506, 39.517518492987257 ], [ -119.842769218729401, 39.517523892743881 ], [ -119.842549551628238, 39.517567892677356 ], [ -119.842521218932021, 39.517573359856762 ], [ -119.84245041892774, 39.517600759963251 ], [ -119.841947151203996, 39.51780409273772 ], [ -119.841770151193373, 39.517897492752063 ], [ -119.841692151735415, 39.517930359882058 ], [ -119.841670818710384, 39.517941360004336 ], [ -119.841543351232616, 39.518018160138212 ], [ -119.841465418368813, 39.518062159758607 ], [ -119.840877417892557, 39.518430093101507 ], [ -119.840686017933962, 39.518517960151755 ], [ -119.84016175119659, 39.518748559860022 ], [ -119.839984617997615, 39.518863893541109 ], [ -119.839871218537496, 39.518951760042633 ], [ -119.839772151390676, 39.519061559701932 ], [ -119.839722418034754, 39.519121959835246 ], [ -119.839623351928438, 39.519226292979276 ], [ -119.839460417854383, 39.51940195993739 ], [ -119.839396751750215, 39.519478760061695 ], [ -119.839389617850131, 39.519478760061695 ], [ -119.83904255194642, 39.51984116030512 ], [ -119.83876621841226, 39.520099160360047 ], [ -119.838659750988668, 39.520176093759098 ], [ -119.838319751350369, 39.520472560298536 ], [ -119.838142551557198, 39.520642693756834 ], [ -119.837696217683629, 39.521070960498534 ], [ -119.837150751109576, 39.521537560103098 ], [ -119.8368815514755, 39.521779160537797 ], [ -119.836626417778035, 39.522026293580701 ], [ -119.836166017967827, 39.522481960406076 ], [ -119.836024218176817, 39.522591694286554 ], [ -119.835974618009246, 39.522630160820199 ], [ -119.835797551404411, 39.522718093992005 ], [ -119.835769151073535, 39.5227344943128 ], [ -119.835648750901683, 39.522811293962718 ], [ -119.835584951609164, 39.522866293902254 ], [ -119.835372217585018, 39.523020094287091 ], [ -119.835301417580766, 39.523074894205195 ], [ -119.835273018290394, 39.523091361060494 ], [ -119.835131418281875, 39.523206560714137 ], [ -119.834961351348269, 39.523300093924377 ], [ -119.83481955155726, 39.5233549610426 ], [ -119.834663751383289, 39.523387960432146 ], [ -119.834401418232076, 39.523404493831521 ], [ -119.833862751546761, 39.523387960432146 ], [ -119.833706951372776, 39.523377161027653 ], [ -119.833600618178068, 39.523366160963604 ], [ -119.833352417557649, 39.523327760653487 ], [ -119.832672017675421, 39.523179694162479 ], [ -119.832636617673302, 39.523174294042953 ], [ -119.832530351072762, 39.523141361170538 ], [ -119.832431150737577, 39.52310836086113 ], [ -119.832402750406644, 39.523097493991862 ], [ -119.832246750450167, 39.523042560854144 ], [ -119.832239750778967, 39.523031560737131 ], [ -119.831998750652801, 39.52294376119989 ], [ -119.831764817832521, 39.522817560959375 ], [ -119.831729350195673, 39.52280116065814 ], [ -119.83167975106862, 39.522773760997786 ], [ -119.831502550234958, 39.52266396078587 ], [ -119.831148150648659, 39.52238956103087 ], [ -119.830850417495341, 39.522164560625789 ], [ -119.83080781699897, 39.522137160714351 ], [ -119.830651817042494, 39.522027361101223 ], [ -119.830623549899911, 39.522010960613386 ], [ -119.830588016709456, 39.521983560641345 ], [ -119.830446350106769, 39.521912161096857 ], [ -119.830432149941302, 39.521901294040404 ], [ -119.830425017081751, 39.521884761085786 ], [ -119.829992550402793, 39.521632293919872 ], [ -119.829985550731578, 39.521621294382165 ], [ -119.829935817375684, 39.521604894601104 ], [ -119.829879016713846, 39.521555561191711 ], [ -119.829857816877166, 39.521539093972308 ], [ -119.829623950651069, 39.52140736089239 ], [ -119.829581416748866, 39.521379894061866 ], [ -119.829474822259016, 39.521311125875222 ], [ -119.829696011174505, 39.521112456445969 ] ] ] } },
{ "type": "Feature", "properties": { "cell_id": "gis-hydro-005", "station_m": 10210.035, "center_x_m": 258074.8, "center_y_m": 4378762.19, "length_m": 2268.897, "width_m": 26.788, "area_m2": 60778.296, "cross_section_source": "synthetic-boundary-width", "mean_depth_m": 0.749815, "mean_velocity_ms": 0.741416, "mean_water_surface_m": 13.437476, "flow_area_m2": 15.384542, "hydraulic_radius_m": 0.743477 }, "geometry": { "type": "Polygon", "coordinates": [ [ [ -119.822821267141819, 39.520828669577526 ], [ -119.82260041583524, 39.520914161876036 ], [ -119.822501215500083, 39.520963694800507 ], [ -119.822487015334588, 39.520974561200973 ], [ -119.822465748903767, 39.520991095174963 ], [ -119.822430348901619, 39.521023961643763 ], [ -119.821813815946669, 39.521507094612531 ], [ -119.821643749013077, 39.521677295367269 ], [ -119.821587015985941, 39.521748561913292 ], [ -119.821516215981688, 39.521803561891815 ], [ -119.821417015646475, 39.521918895315892 ], [ -119.821211415522427, 39.522116494991927 ], [ -119.820977549296316, 39.522374495423897 ], [ -119.820715349333483, 39.522626961497032 ], [ -119.820467215307204, 39.522841095099899 ], [ -119.820006615714519, 39.523197762246681 ], [ -119.819992548737403, 39.523197895483847 ], [ -119.819985349283698, 39.523203362220102 ], [ -119.819801215372962, 39.523351495279051 ], [ -119.819730348774542, 39.523389962194479 ], [ -119.819446815786677, 39.523576561667447 ], [ -119.81942561595001, 39.523587561698186 ], [ -119.819135015656229, 39.523801695549722 ], [ -119.819064215651977, 39.523840095597826 ], [ -119.81866721556932, 39.524103561910401 ], [ -119.818497215229883, 39.524229895457061 ], [ -119.818468949127848, 39.524240762149148 ], [ -119.818121549212762, 39.524438495677295 ], [ -119.817979814975388, 39.524504295164242 ], [ -119.817965615850468, 39.524509761797653 ], [ -119.817830948918996, 39.5245537621214 ], [ -119.81748354900391, 39.524647095270836 ], [ -119.817398615428374, 39.524668962559666 ], [ -119.817271014762284, 39.524685562271252 ], [ -119.817193015304312, 39.524690962273262 ], [ -119.816937815012665, 39.524729495866517 ], [ -119.816760615219522, 39.52470196212748 ], [ -119.816576414714632, 39.524696495509154 ], [ -119.815867615542032, 39.52465809593464 ], [ -119.814726615026643, 39.524597762417251 ], [ -119.814457214569543, 39.524597762417244 ], [ -119.814258814939734, 39.524625162160596 ], [ -119.814003747836423, 39.524713096016782 ], [ -119.8132807484984, 39.524993096051602 ], [ -119.811515748157106, 39.52565169605122 ], [ -119.811430747987387, 39.525690162495145 ], [ -119.811423614087303, 39.525690162495138 ], [ -119.811104747691473, 39.525794362974047 ], [ -119.810537747269407, 39.525931696314586 ], [ -119.810374747641717, 39.52600296250781 ], [ -119.810374747641717, 39.526008496441769 ], [ -119.810296747143184, 39.526046962688014 ], [ -119.810268347852812, 39.526079896590396 ], [ -119.810112414490533, 39.52617316267817 ], [ -119.809928213985629, 39.526266496058916 ], [ -119.809899814695257, 39.526271895937995 ], [ -119.809772214029167, 39.526321363241244 ], [ -119.809673014734528, 39.526354296210876 ], [ -119.80914854717409, 39.526562896470395 ], [ -119.809141414314539, 39.526568362941788 ], [ -119.809056214362329, 39.526612296148443 ], [ -119.808737347966513, 39.526798896594102 ], [ -119.80870194796438, 39.526837296590038 ], [ -119.808340414478039, 39.527128296358171 ], [ -119.808156147378952, 39.52728736350587 ], [ -119.807851346919719, 39.527539896792511 ], [ -119.807716614434625, 39.527660563477859 ], [ -119.807284214349849, 39.528039296821355 ], [ -119.807186399149074, 39.528157217217021 ], [ -119.806831496225854, 39.528116986611998 ], [ -119.806844813553283, 39.528044763176474 ], [ -119.806894413720883, 39.527995363714943 ], [ -119.806972414219373, 39.527973363443017 ], [ -119.807043347411977, 39.527907563230251 ], [ -119.807071613514012, 39.527880096562839 ], [ -119.807078747414124, 39.527863696654592 ], [ -119.807163814177983, 39.52773196353295 ], [ -119.807255947207238, 39.527633163327096 ], [ -119.807518213764283, 39.527413562846881 ], [ -119.807525214476016, 39.527408096442031 ], [ -119.807581947503152, 39.52737516316963 ], [ -119.80772381388833, 39.527248896341554 ], [ -119.807773414055902, 39.527215962993594 ], [ -119.808049747590061, 39.527001963268845 ], [ -119.808283747004523, 39.526842763039781 ], [ -119.808404213770501, 39.526738496716355 ], [ -119.808631013731258, 39.52661229614845 ], [ -119.808744414231882, 39.526518963232476 ], [ -119.808786947093552, 39.526491563433801 ], [ -119.808921614025053, 39.526398162937475 ], [ -119.809346947844446, 39.526145696127315 ], [ -119.809361148009913, 39.526140163006907 ], [ -119.8094036142774, 39.526112763058762 ], [ -119.809524214231729, 39.526030496533579 ], [ -119.809722613861553, 39.525920696655163 ], [ -119.809751014192486, 39.525893162585874 ], [ -119.809772347217489, 39.525887762677328 ], [ -119.810190347354322, 39.525706696149051 ], [ -119.81019041394849, 39.525701162993641 ], [ -119.810254214281542, 39.525673696256106 ], [ -119.810481014242271, 39.525591295978238 ], [ -119.811721414875336, 39.525196095772237 ], [ -119.813245347455705, 39.524702096164347 ], [ -119.813514614724482, 39.52461429552865 ], [ -119.813713014354335, 39.524526495584546 ], [ -119.813883147882095, 39.524449695423542 ], [ -119.813911548212999, 39.524444095550642 ], [ -119.814060347675209, 39.524416695735916 ], [ -119.814138348173728, 39.524405695836514 ], [ -119.814705348595822, 39.52437816277174 ], [ -119.814740748597941, 39.524372762745394 ], [ -119.814747748269141, 39.524372762745401 ], [ -119.814797415030924, 39.524334362189201 ], [ -119.814840014486776, 39.524262962653694 ], [ -119.814861147729246, 39.524213562106993 ], [ -119.815010014826186, 39.524059895995471 ], [ -119.815215614950233, 39.523911695421809 ], [ -119.815385748477993, 39.523829295461006 ], [ -119.815825015045661, 39.523697561909387 ], [ -119.816172348366592, 39.523631695842511 ], [ -119.816455947948597, 39.523626162521779 ], [ -119.816625948288049, 39.523626162521779 ], [ -119.816909414681732, 39.52368109519788 ], [ -119.816987415180265, 39.523697495291309 ], [ -119.817469415432626, 39.523845695519441 ], [ -119.81760421555245, 39.523873095559509 ], [ -119.817675015556702, 39.523873162177416 ], [ -119.817682148416225, 39.523873095559502 ], [ -119.817830948918996, 39.523878562242615 ], [ -119.81805061497964, 39.52385669550754 ], [ -119.818291548511681, 39.523790762170933 ], [ -119.818355348844719, 39.523768895408182 ], [ -119.818362415110087, 39.523768895408189 ], [ -119.818589215070801, 39.523653495227705 ], [ -119.818695548265524, 39.523593095021987 ], [ -119.818723948596457, 39.523565695674094 ], [ -119.818936548391747, 39.523422962370049 ], [ -119.819078349223275, 39.523329561759546 ], [ -119.819120815490763, 39.523296695579205 ], [ -119.819205815660482, 39.52323089494805 ], [ -119.819822348615475, 39.522813695455362 ], [ -119.819850748946379, 39.522786161759399 ], [ -119.820190948367227, 39.522533695462343 ], [ -119.820729548458402, 39.522089095061517 ], [ -119.820913748963278, 39.521902361562837 ], [ -119.820970548584583, 39.521836562018549 ], [ -119.821140548924021, 39.521671761890829 ], [ -119.821516148346959, 39.52131509493362 ], [ -119.821679149015196, 39.521183294808388 ], [ -119.821920015953069, 39.520974695245073 ], [ -119.822005015082226, 39.520897895169568 ], [ -119.822019215247693, 39.520886894712838 ], [ -119.822061749149896, 39.520853894937545 ], [ -119.822194008224272, 39.520757641166313 ], [ -119.822821267141819, 39.520828669577526 ] ], [ [ -119.816803148081192, 39.523818295468622 ], [ -119.816477148825797, 39.523752362095557 ], [ -119.816370814590556, 39.523752495331664 ], [ -119.816129814464375, 39.523768962026239 ], [ -119.815818015374447, 39.523840295451699 ], [ -119.81561254843875, 39.523911695421816 ], [ -119.815406948314674, 39.524021362030666 ], [ -119.815293614408191, 39.524120295795186 ], [ -119.815243948686998, 39.524186095583651 ], [ -119.815236814786942, 39.524191562242116 ], [ -119.815229748521531, 39.524235495347241 ], [ -119.815201414784767, 39.524317762393657 ], [ -119.815208548684851, 39.524389162675476 ], [ -119.815215548356093, 39.524411162477726 ], [ -119.815258147811903, 39.524444095550635 ], [ -119.815336148310422, 39.524455095443955 ], [ -119.815541615246147, 39.524466095335477 ], [ -119.81588894856705, 39.524454962209198 ], [ -119.816491347950745, 39.524471495354561 ], [ -119.816703948786554, 39.524482495243539 ], [ -119.817015815511169, 39.524476961990601 ], [ -119.817157548708025, 39.524465962100741 ], [ -119.817228415306431, 39.524449495571446 ], [ -119.817306348170248, 39.524438495677273 ], [ -119.817519148788548, 39.524383561995059 ], [ -119.817753015014659, 39.52425189530976 ], [ -119.817767215180126, 39.524202495557823 ], [ -119.817760015726392, 39.524169562370304 ], [ -119.817710415558807, 39.524131095886695 ], [ -119.817526215053903, 39.524076161961325 ], [ -119.817483615598064, 39.524059761957311 ], [ -119.817086615515421, 39.523889562225492 ], [ -119.816803148081192, 39.523818295468622 ] ] ] } },
{ "type": "Feature", "properties": { "cell_id": "gis-hydro-006", "station_m": 12478.931, "center_x_m": 258880.473, "center_y_m": 4379286.124, "length_m": 2268.897, "width_m": 38.08, "area_m2": 86398.688, "cross_section_source": "synthetic-boundary-width", "mean_depth_m": 0.645912, "mean_velocity_ms": 0.673297, "mean_water_surface_m": 10.990629, "flow_area_m2": 16.940744, "hydraulic_radius_m": 0.643411 }, "geometry": { "type": "Polygon", "coordinates": [ [ [ -119.778837156656124, 39.528533843237568 ], [ -119.778839409976243, 39.528539965334595 ], [ -119.778896143003379, 39.528611365287944 ], [ -119.778896143003379, 39.528627765822158 ], [ -119.778988209438452, 39.528732165745581 ], [ -119.778988209438452, 39.528737698659462 ], [ -119.779080342467708, 39.528803565501306 ], [ -119.779335409571033, 39.528995698569659 ], [ -119.779448810071671, 39.529099965516565 ], [ -119.779491342933341, 39.529121965431493 ], [ -119.779824342900454, 39.52935816552376 ], [ -119.779838543065893, 39.52936909882856 ], [ -119.779881009333423, 39.529396499096926 ], [ -119.779973143403225, 39.529456899070311 ], [ -119.780235210177736, 39.529676565318454 ], [ -119.780525810471502, 39.529835898695218 ], [ -119.780731342960891, 39.529967699252637 ], [ -119.781298210194635, 39.530225765217004 ], [ -119.781567610651734, 39.530351965637884 ], [ -119.78156754405758, 39.530357499225232 ], [ -119.78156754405758, 39.530362965397906 ], [ -119.781681010111839, 39.530412498805958 ], [ -119.781680943517685, 39.530417965776827 ], [ -119.781688009783039, 39.53041796577682 ], [ -119.781921943643852, 39.53053329853757 ], [ -119.781921943643852, 39.530538765498918 ], [ -119.781929009909234, 39.530538765498918 ], [ -119.782084943271556, 39.530621165523648 ], [ -119.782092010577458, 39.530626699089545 ], [ -119.782120343273675, 39.530632098629553 ], [ -119.782240810039681, 39.530681565234218 ], [ -119.782297544107337, 39.530703565450558 ], [ -119.782297544107337, 39.530709099009897 ], [ -119.782297544107337, 39.53071449854351 ], [ -119.782573944235665, 39.530813365791431 ], [ -119.782581010501048, 39.530818898539479 ], [ -119.782623609956872, 39.530835365163448 ], [ -119.782928410416105, 39.530923299180948 ], [ -119.783226010381114, 39.530961698501102 ], [ -119.784197210339585, 39.530972965411486 ], [ -119.785005210887846, 39.530967698317689 ], [ -119.785352544208749, 39.530956698653526 ], [ -119.785678611098845, 39.530940298669442 ], [ -119.786486744835457, 39.530869165148189 ], [ -119.787925744880809, 39.53080356510587 ], [ -119.787975411642591, 39.53080356510587 ], [ -119.788485744591171, 39.530754298422096 ], [ -119.789187545133075, 39.530633698106755 ], [ -119.789775945174313, 39.530512965161371 ], [ -119.789974411398319, 39.53048556453107 ], [ -119.789981545298389, 39.53048556453107 ], [ -119.790101944429708, 39.530480098368102 ], [ -119.790484745387445, 39.530507698032658 ], [ -119.79064061215557, 39.530540564812917 ], [ -119.790697345182707, 39.530568097841964 ], [ -119.790846144644931, 39.53061196511667 ], [ -119.790987945476502, 39.530655964783982 ], [ -119.791151011698332, 39.53068889810541 ], [ -119.791349411328156, 39.530688964716788 ], [ -119.791406145395811, 39.530683497767257 ], [ -119.791413211661194, 39.530677965008444 ], [ -119.79146994468833, 39.530672498058053 ], [ -119.791647145522006, 39.530645098293242 ], [ -119.792065412035512, 39.530546364831331 ], [ -119.792306545350002, 39.530453098197093 ], [ -119.792618412074617, 39.530321364370259 ], [ -119.792675145101754, 39.53030496503861 ], [ -119.792738945434806, 39.530277497714465 ], [ -119.792972811660917, 39.530211698080095 ], [ -119.793029612322755, 39.530195164696309 ], [ -119.793079212490355, 39.530184298133491 ], [ -119.793759745560877, 39.530107497809517 ], [ -119.793922745188553, 39.530090964400898 ], [ -119.794248812078621, 39.530036164401544 ], [ -119.794702412000092, 39.529975898156202 ], [ -119.794978945316743, 39.529920964841786 ], [ -119.795893212465586, 39.529778497406049 ], [ -119.796616412626619, 39.529712697298763 ], [ -119.796772345988941, 39.529707164462586 ], [ -119.797183413048728, 39.529679764316867 ], [ -119.798168746578483, 39.529679897541605 ], [ -119.79856561243227, 39.529657964415804 ], [ -119.799359412815093, 39.529625163830147 ], [ -119.799487013481183, 39.529619697599458 ], [ -119.799954946756444, 39.529581297537085 ], [ -119.800273813152273, 39.529548363690289 ], [ -119.800571546305576, 39.529542897453531 ], [ -119.800926013526563, 39.529559363577633 ], [ -119.801230812945278, 39.529564897228106 ], [ -119.801379746636371, 39.529570364265695 ], [ -119.801606546597085, 39.529564963840606 ], [ -119.802180613284577, 39.529548496915254 ], [ -119.802357947306575, 39.529548563527712 ], [ -119.802719346564075, 39.529543097290997 ], [ -119.802875346520565, 39.529570564103132 ], [ -119.803031346477013, 39.529636363542537 ], [ -119.803059547025441, 39.529641897186877 ], [ -119.803180013791447, 39.529647363415883 ], [ -119.803336013747924, 39.529614497015395 ], [ -119.803428146777193, 39.529554097179123 ], [ -119.80357701387409, 39.529510163426053 ], [ -119.803818014000299, 39.529510296651139 ], [ -119.804051946820593, 39.52954869675272 ], [ -119.804229146613707, 39.52955416379158 ], [ -119.804427547284078, 39.529554163791573 ], [ -119.804470146739916, 39.52955409717913 ], [ -119.804654413838946, 39.529526696972987 ], [ -119.804789147364602, 39.529482764005124 ], [ -119.805079747658368, 39.529367496914546 ], [ -119.805100947495049, 39.529351096555054 ], [ -119.80515054766262, 39.5293291633254 ], [ -119.805817013756027, 39.528977896840971 ], [ -119.806036747451373, 39.52884616342547 ], [ -119.806079213718888, 39.528818763742514 ], [ -119.80612174762112, 39.528796763731513 ], [ -119.806171347788691, 39.528763763701903 ], [ -119.806270613677498, 39.528703497154766 ], [ -119.80628481384295, 39.528692497131864 ], [ -119.806362747747286, 39.528643096526018 ], [ -119.806391147037658, 39.528621096459311 ], [ -119.806646385223772, 39.528379594463168 ], [ -119.806753061563469, 39.528729120005167 ], [ -119.806688813596821, 39.528791296633017 ], [ -119.806518614515397, 39.52890109678772 ], [ -119.806079213718888, 39.529169963616603 ], [ -119.805597146872358, 39.529504897023877 ], [ -119.805568814176127, 39.529521296544445 ], [ -119.805512147743144, 39.529543163903455 ], [ -119.805462547575559, 39.529576163562652 ], [ -119.805455347081335, 39.529581697211839 ], [ -119.80541274762551, 39.52959809671426 ], [ -119.805157613928003, 39.529702363559139 ], [ -119.80485294769764, 39.529801164030971 ], [ -119.804633147408126, 39.529861497040159 ], [ -119.804186547157883, 39.529927363618519 ], [ -119.803718747070974, 39.529960297285534 ], [ -119.803541613872, 39.529921897411548 ], [ -119.803506147275684, 39.52990536395879 ], [ -119.803258013249419, 39.529877963891224 ], [ -119.802981546526937, 39.529872363653482 ], [ -119.80247834643788, 39.529828497516583 ], [ -119.802138147017047, 39.529795563787026 ], [ -119.800585746471043, 39.529762497619863 ], [ -119.800203013147993, 39.529767897227082 ], [ -119.80013201336125, 39.529767897227089 ], [ -119.799444412984812, 39.529850164139752 ], [ -119.799366546715177, 39.529855697767054 ], [ -119.798976746086254, 39.529883097843339 ], [ -119.798969613226689, 39.529883097843346 ], [ -119.798799546293083, 39.529905097510174 ], [ -119.798069413055003, 39.530014697672549 ], [ -119.797587412802613, 39.530025697485961 ], [ -119.797452745871141, 39.530020097260135 ], [ -119.797346412676404, 39.53002556426194 ], [ -119.79685734615866, 39.530020097260135 ], [ -119.79672974549257, 39.53001449783644 ], [ -119.796254745951927, 39.53003096465126 ], [ -119.795808212295853, 39.530047364047576 ], [ -119.795212745989204, 39.530124097826118 ], [ -119.794645612378787, 39.53023389747829 ], [ -119.794369145656304, 39.530255764612875 ], [ -119.794000612498721, 39.530316098029552 ], [ -119.793341412453216, 39.530447764452212 ], [ -119.793284744979701, 39.53046416455264 ], [ -119.793235011623807, 39.530469698131057 ], [ -119.792958612535998, 39.530557364560522 ], [ -119.792504944979854, 39.530738497892315 ], [ -119.792214345726606, 39.530826298007391 ], [ -119.792107811708846, 39.530859164636823 ], [ -119.791930545321549, 39.530930564612909 ], [ -119.791469811499994, 39.531029298331077 ], [ -119.791235945273883, 39.53104569829415 ], [ -119.791023345478621, 39.531018164651968 ], [ -119.790442144891074, 39.530858964803144 ], [ -119.790215344930331, 39.530793098306006 ], [ -119.789953144967484, 39.530754564867443 ], [ -119.789697811487514, 39.530754498256066 ], [ -119.789081211938353, 39.530897165127826 ], [ -119.787670411400825, 39.531165765006342 ], [ -119.787471810947991, 39.531176765439952 ], [ -119.787138744386723, 39.531193098757299 ], [ -119.786621210943878, 39.531269898682922 ], [ -119.7863731445523, 39.531291765491268 ], [ -119.785990411229278, 39.531302698491587 ], [ -119.78562881114874, 39.531335565697987 ], [ -119.785246144419858, 39.531368365475572 ], [ -119.785132743919235, 39.531373898981911 ], [ -119.784601011351484, 39.531390165642136 ], [ -119.784501811016298, 39.531390165642136 ], [ -119.784395544415759, 39.531384698747821 ], [ -119.784182810391613, 39.531373699149668 ], [ -119.783275610548699, 39.531263699059942 ], [ -119.782821944033074, 39.53118116577339 ], [ -119.782311543449779, 39.531060298952866 ], [ -119.782042210627367, 39.530966965595361 ], [ -119.781886343859213, 39.530890098723383 ], [ -119.781886343859213, 39.530884565178532 ], [ -119.781836743691628, 39.530868098566138 ], [ -119.781815410666638, 39.530857165497395 ], [ -119.781737410168148, 39.530824165644553 ], [ -119.781666610163867, 39.530791165776016 ], [ -119.781666743352218, 39.530785698834471 ], [ -119.78162414389638, 39.530774699141467 ], [ -119.78156740982871, 39.530747298614479 ], [ -119.781283943435, 39.530626499255206 ], [ -119.781269743269533, 39.530609965970179 ], [ -119.781163410074839, 39.530549565394786 ], [ -119.78086581010983, 39.530395765634957 ], [ -119.780858743844476, 39.530384899103495 ], [ -119.78079494351141, 39.530351899026179 ], [ -119.78079494351141, 39.530346365438369 ], [ -119.780263409685617, 39.530093698701599 ], [ -119.779980009886089, 39.529912498680652 ], [ -119.779717809923241, 39.529709365879789 ], [ -119.779505210127951, 39.529550098825112 ], [ -119.779250143024655, 39.529357899073126 ], [ -119.779250143024655, 39.529346965766571 ], [ -119.779158143183722, 39.529270098706242 ], [ -119.779016343392712, 39.529121765592812 ], [ -119.779009209492614, 39.529110898862022 ], [ -119.778655009688833, 39.528836365672504 ], [ -119.778647942382932, 39.528830765350769 ], [ -119.778640809523395, 39.528819765347983 ], [ -119.778591209355795, 39.528764965950465 ], [ -119.778562943253732, 39.528742965922433 ], [ -119.778470809183929, 39.528633165517611 ], [ -119.778436983594318, 39.528606984353985 ], [ -119.778837156656124, 39.528533843237568 ] ], [ [ -119.80366914690336, 39.529592563868945 ], [ -119.803591147445402, 39.529603563749255 ], [ -119.803534413377747, 39.52961996404909 ], [ -119.803541613872, 39.5296419637993 ], [ -119.80357701387409, 39.529663896930145 ], [ -119.80366914690336, 39.529680363828078 ], [ -119.803796747569478, 39.529685896666379 ], [ -119.803874747027436, 39.529691363694504 ], [ -119.80398101362799, 39.529680363828078 ], [ -119.804016546818445, 39.529674896799136 ], [ -119.80400934736474, 39.529647363415876 ], [ -119.803966813462523, 39.529619964049083 ], [ -119.803874747027436, 39.529609097396254 ], [ -119.803782547404012, 39.52959796348938 ], [ -119.80366914690336, 39.529592563868945 ] ] ] } },
{ "type": "Feature", "properties": { "cell_id": "gis-hydro-007", "station_m": 14747.828, "center_x_m": 261459.085, "center_y_m": 4378545.73, "length_m": 2268.897, "width_m": 44.335, "area_m2": 100591.984, "cross_section_source": "synthetic-boundary-width", "mean_depth_m": 0.605073, "mean_velocity_ms": 0.645092, "mean_water_surface_m": 8.653379, "flow_area_m2": 17.681291, "hydraulic_radius_m": 0.603409 }, "geometry": { "type": "Polygon", "coordinates": [ [ [ -119.756888570098724, 39.517691465595931 ], [ -119.757320937908261, 39.517641699964592 ], [ -119.757611538202042, 39.517619899495173 ], [ -119.757654004469558, 39.517614499746038 ], [ -119.758462005017847, 39.517526966278382 ], [ -119.758830604769585, 39.517510699581301 ], [ -119.759326738593259, 39.517527366022449 ], [ -119.759560604819342, 39.517560499823539 ], [ -119.75969520515666, 39.51759336631028 ], [ -119.760169938320615, 39.517708899372941 ], [ -119.760538404884016, 39.517824299798683 ], [ -119.760609204888297, 39.517846299272399 ], [ -119.760644604890416, 39.517862765761961 ], [ -119.760850205014492, 39.517939699229984 ], [ -119.760850205014492, 39.51794516638018 ], [ -119.761374405157696, 39.518186966338234 ], [ -119.76138153905778, 39.518192499289604 ], [ -119.761579938687603, 39.518296766403807 ], [ -119.76170733853067, 39.518362699337366 ], [ -119.76195533832805, 39.518511099580991 ], [ -119.762075738499874, 39.518582499411067 ], [ -119.762082805805818, 39.51858789908492 ], [ -119.762104138830807, 39.518604499447306 ], [ -119.762451205775065, 39.518763765920724 ], [ -119.762458338634602, 39.518769299628858 ], [ -119.762578738806468, 39.518818699232042 ], [ -119.762826605415512, 39.518983499708028 ], [ -119.763294338908253, 39.519219698968058 ], [ -119.763301339620014, 39.519230699688812 ], [ -119.763301339620014, 39.519236165934679 ], [ -119.763783005861001, 39.519466899713549 ], [ -119.764151605612753, 39.519642699307134 ], [ -119.764286205950057, 39.519730565626084 ], [ -119.764371339308127, 39.51976896631983 ], [ -119.764371206119804, 39.519774499145221 ], [ -119.765023139076874, 39.520082166244201 ], [ -119.765023005888551, 39.520087699044595 ], [ -119.765030139788664, 39.520087699044595 ], [ -119.765264006014746, 39.520197565937643 ], [ -119.765264006014746, 39.520203099531521 ], [ -119.765264006014746, 39.520214099293888 ], [ -119.765483606521755, 39.520285498978701 ], [ -119.765547405814274, 39.520307499278253 ], [ -119.76555453971433, 39.52030749927826 ], [ -119.765604139881944, 39.520329499570799 ], [ -119.765795340058062, 39.520428298930767 ], [ -119.766163740027295, 39.520576699577141 ], [ -119.766383406087954, 39.520631565636286 ], [ -119.766645740279671, 39.520686565696707 ], [ -119.76711333954357, 39.520802099232995 ], [ -119.767517207149638, 39.520873565736842 ], [ -119.767637740509826, 39.520895565850076 ], [ -119.767666006611847, 39.520906498881963 ], [ -119.76789994047266, 39.520977966081027 ], [ -119.768091207242918, 39.520978099322441 ], [ -119.768303940226531, 39.520945165408598 ], [ -119.768438607158004, 39.520901365871502 ], [ -119.768665340524549, 39.521005765371278 ], [ -119.768785807290584, 39.521060699317388 ], [ -119.768948740324092, 39.521099165896338 ], [ -119.769841806595721, 39.521187299262728 ], [ -119.770189140957157, 39.521253299283515 ], [ -119.770479607022082, 39.521330298827131 ], [ -119.770564740380124, 39.521346765293416 ], [ -119.770678007692425, 39.521385165896255 ], [ -119.771082007446296, 39.521522499127151 ], [ -119.771287407787881, 39.521593965692361 ], [ -119.77174814056886, 39.521725899080899 ], [ -119.771875540411898, 39.521775298989219 ], [ -119.772371541047278, 39.521896165919301 ], [ -119.772407007643565, 39.521901765195054 ], [ -119.772520541332511, 39.52192929924162 ], [ -119.772740140799002, 39.521956699235133 ], [ -119.772818008109169, 39.521962298505954 ], [ -119.772832207234117, 39.52196229850594 ], [ -119.773101541097034, 39.522088565314945 ], [ -119.773158207530003, 39.522116098484851 ], [ -119.773264540724711, 39.522176499172481 ], [ -119.773420407492864, 39.52226976568685 ], [ -119.773654141571171, 39.522379698958069 ], [ -119.773746208006244, 39.52243469843679 ], [ -119.773873807631844, 39.52251696520851 ], [ -119.7738809415319, 39.522522498617597 ], [ -119.774532741300675, 39.522863098603118 ], [ -119.774603541304927, 39.522917898645105 ], [ -119.774617741470394, 39.522928965398961 ], [ -119.774695941751403, 39.52297829863538 ], [ -119.774816207694386, 39.523038765191913 ], [ -119.774936808689262, 39.523115565307968 ], [ -119.775021807818433, 39.523165099070347 ], [ -119.775035941389731, 39.523181565101559 ], [ -119.775149341890355, 39.523241899046674 ], [ -119.775184741892488, 39.523280365220138 ], [ -119.775262608162109, 39.523318765556532 ], [ -119.775269742062207, 39.523329765628077 ], [ -119.775383008333961, 39.523412165378893 ], [ -119.775475141363245, 39.523472565741983 ], [ -119.775744408631994, 39.523664765731851 ], [ -119.77649540873594, 39.524290898679808 ], [ -119.77649540873594, 39.524296365330017 ], [ -119.776516608572621, 39.524318298544159 ], [ -119.776559141434291, 39.524362165754276 ], [ -119.776672541934914, 39.524515965234229 ], [ -119.776743341939166, 39.524592765321891 ], [ -119.776743341939166, 39.524603765191657 ], [ -119.776807009083896, 39.524702565694774 ], [ -119.776849608539735, 39.524817899120251 ], [ -119.777075809152976, 39.525740098933589 ], [ -119.777153742016779, 39.525981699195242 ], [ -119.77717494185346, 39.526025565354594 ], [ -119.77721740916148, 39.526140898990604 ], [ -119.777274142188617, 39.526234165799025 ], [ -119.777274009000266, 39.526250698520833 ], [ -119.777288209165732, 39.526261565699258 ], [ -119.777359009170013, 39.52634949908856 ], [ -119.777373342523802, 39.526382498660347 ], [ -119.777429942362588, 39.526442765616856 ], [ -119.777458342693492, 39.526481165809734 ], [ -119.777536208963141, 39.5266348987969 ], [ -119.777550409128608, 39.526645965760999 ], [ -119.777578608636489, 39.526711898794531 ], [ -119.777692009137112, 39.526892965912097 ], [ -119.777791009689778, 39.52719489909407 ], [ -119.777868942553582, 39.527310165778474 ], [ -119.777876008818964, 39.527337699285908 ], [ -119.77797520915415, 39.527452965733254 ], [ -119.778088609654773, 39.52763409913792 ], [ -119.778180609495706, 39.527716498596874 ], [ -119.778223142357376, 39.52775489888797 ], [ -119.778237409116997, 39.527771365436102 ], [ -119.778265742853748, 39.527804298520635 ], [ -119.778386143025585, 39.527897698730754 ], [ -119.778457009624006, 39.527952565426787 ], [ -119.77846400929522, 39.52797456570525 ], [ -119.778527743034118, 39.528034898696454 ], [ -119.778761609260201, 39.528364365631454 ], [ -119.778811142833632, 39.52846316559949 ], [ -119.778839409976243, 39.528539965334595 ], [ -119.778896143003379, 39.528611365287944 ], [ -119.778896143003379, 39.528627765822158 ], [ -119.778988209438452, 39.528732165745581 ], [ -119.778988209438452, 39.528737698659462 ], [ -119.779080342467708, 39.528803565501306 ], [ -119.779335409571033, 39.528995698569659 ], [ -119.779448810071671, 39.529099965516565 ], [ -119.779491342933341, 39.529121965431493 ], [ -119.779824342900454, 39.52935816552376 ], [ -119.779838543065893, 39.52936909882856 ], [ -119.779881009333423, 39.529396499096926 ], [ -119.779973143403225, 39.529456899070311 ], [ -119.780220540779624, 39.529664269377967 ], [ -119.779225585774014, 39.529326447889758 ], [ -119.779158143183722, 39.529270098706242 ], [ -119.779016343392712, 39.529121765592812 ], [ -119.779009209492614, 39.529110898862022 ], [ -119.778655009688833, 39.528836365672504 ], [ -119.778647942382932, 39.528830765350769 ], [ -119.778640809523395, 39.528819765347983 ], [ -119.778591209355795, 39.528764965950465 ], [ -119.778562943253732, 39.528742965922433 ], [ -119.778470809183929, 39.528633165517611 ], [ -119.778435409181824, 39.52860576575064 ], [ -119.778293742579137, 39.52849036558225 ], [ -119.778265342248204, 39.528457498634083 ], [ -119.778180343119033, 39.528397098593928 ], [ -119.778024409756739, 39.528276299158541 ], [ -119.777974809589139, 39.528221365301974 ], [ -119.777755209082144, 39.528051165336421 ], [ -119.777698542649148, 39.5279962987183 ], [ -119.777613609073612, 39.527880965756275 ], [ -119.777769409247583, 39.527924965549097 ], [ -119.777847409746087, 39.527968898700024 ], [ -119.77791834293869, 39.528001899107359 ], [ -119.777982009042873, 39.528007365465484 ], [ -119.777953742940809, 39.527946965836293 ], [ -119.77789700887314, 39.527897498888549 ], [ -119.777804942438038, 39.527782165762389 ], [ -119.777712809408797, 39.527639498910659 ], [ -119.777564142094349, 39.527463765306507 ], [ -119.777472009065093, 39.5273264992028 ], [ -119.777464125980657, 39.527308041333455 ], [ -119.777457942087977, 39.527293565891668 ], [ -119.777443742963072, 39.527249698928159 ], [ -119.777344609222055, 39.52710149874121 ], [ -119.77733034246242, 39.527079498988677 ], [ -119.777309142625739, 39.527041099126691 ], [ -119.777287808560217, 39.526997165388714 ], [ -119.777266608723522, 39.52696429853637 ], [ -119.777160541905502, 39.526711698948908 ], [ -119.777117942449649, 39.526618365363994 ], [ -119.776962342058169, 39.526140765759102 ], [ -119.77694100903318, 39.526102365377966 ], [ -119.776849009192219, 39.525877299149435 ], [ -119.776849009192219, 39.525871765205018 ], [ -119.776849009192219, 39.525866298678821 ], [ -119.776820608861314, 39.525816898470048 ], [ -119.776749808857062, 39.525613765726497 ], [ -119.776742809185848, 39.525597298666717 ], [ -119.776742809185848, 39.525591765502604 ], [ -119.776728742208732, 39.525558898787686 ], [ -119.776672009181596, 39.525432565250945 ], [ -119.776629541873575, 39.525322765229717 ], [ -119.776622409014024, 39.525306298903509 ], [ -119.776509208295863, 39.524943965702363 ], [ -119.776445542191695, 39.524834298945187 ], [ -119.776395942024109, 39.524768299117063 ], [ -119.776381808452825, 39.524751898473909 ], [ -119.776282541523486, 39.524609165200033 ], [ -119.77628260811764, 39.524592698704673 ], [ -119.776247208115521, 39.524559765702179 ], [ -119.776240141850138, 39.52453776514443 ], [ -119.776240008661816, 39.524532298513172 ], [ -119.776240141850138, 39.524521298632102 ], [ -119.776091341347382, 39.524318165309133 ], [ -119.775978008481445, 39.524230299175706 ], [ -119.775793807976569, 39.524070965777796 ], [ -119.775368808168523, 39.523763498545001 ], [ -119.775014408582237, 39.523582165623502 ], [ -119.775007407870476, 39.523571165591918 ], [ -119.775000341605093, 39.523565698884624 ], [ -119.774851541102322, 39.523488765227114 ], [ -119.774837207748533, 39.523477898417369 ], [ -119.77481600791188, 39.523450365787404 ], [ -119.774702541857607, 39.523379098579802 ], [ -119.774688341692141, 39.523373565238941 ], [ -119.774652941690036, 39.523351565108001 ], [ -119.774567941520317, 39.523302165518231 ], [ -119.774560808660752, 39.523302165518238 ], [ -119.774560808660752, 39.52329116544233 ], [ -119.774327141176613, 39.523175765270551 ], [ -119.774312941011161, 39.523170365150726 ], [ -119.774312941011161, 39.523164899214478 ], [ -119.774029541211647, 39.523005565780153 ], [ -119.774029408023296, 39.522994565657235 ], [ -119.773965607690243, 39.522967098651826 ], [ -119.773965607690243, 39.522961565278145 ], [ -119.773965740878594, 39.522956165141643 ], [ -119.773604408215249, 39.522780365908567 ], [ -119.773597340909333, 39.522780365908567 ], [ -119.773597340909333, 39.52276936575003 ], [ -119.773271341653981, 39.522621099013783 ], [ -119.77316500741874, 39.522560698712823 ], [ -119.773044540652705, 39.522505698531276 ], [ -119.772640740681325, 39.522368365639203 ], [ -119.772130540921069, 39.522236499287921 ], [ -119.77205960772848, 39.522214498796778 ], [ -119.77203834129763, 39.522209098602218 ], [ -119.771854140792755, 39.52214309868711 ], [ -119.771407607136666, 39.521983765316449 ], [ -119.77118800767019, 39.521912299152369 ], [ -119.771110140360008, 39.521890299361139 ], [ -119.770918740401427, 39.521846298955218 ], [ -119.770663607744467, 39.521763898951818 ], [ -119.770585607245977, 39.52174736596448 ], [ -119.77007540748572, 39.521615499236773 ], [ -119.769657340754733, 39.521571499459363 ], [ -119.769161140336877, 39.521565766114072 ], [ -119.769047740876758, 39.521554765763113 ], [ -119.768835140040977, 39.521527298990875 ], [ -119.768771340748458, 39.521505299077738 ], [ -119.768672140413287, 39.521466899343949 ], [ -119.768643740082368, 39.52145576573686 ], [ -119.768636607222831, 39.521455765736867 ], [ -119.768636740411154, 39.52144476617115 ], [ -119.76848080704886, 39.521356965430513 ], [ -119.768459540618011, 39.52135149935156 ], [ -119.768388807207899, 39.521329499382688 ], [ -119.768240006705156, 39.521296499015023 ], [ -119.768119406750827, 39.521274499028777 ], [ -119.768055740646659, 39.521268965520242 ], [ -119.76794940641139, 39.521263499434355 ], [ -119.767722606450647, 39.521257899304523 ], [ -119.767630406827209, 39.521257766063648 ], [ -119.767070606899367, 39.521219299572536 ], [ -119.766900539965789, 39.521191699426616 ], [ -119.766553339833223, 39.521147566139611 ], [ -119.766120939748419, 39.521114565685508 ], [ -119.766021739413233, 39.521086966300651 ], [ -119.76599340671703, 39.521081566018402 ], [ -119.765922540118609, 39.521065099489292 ], [ -119.76585160692602, 39.521032098995938 ], [ -119.765837406760554, 39.521015699075768 ], [ -119.765773739615838, 39.520960699276053 ], [ -119.765511606247145, 39.520823365736867 ], [ -119.765419539812072, 39.520779366260243 ], [ -119.765419539812072, 39.520773965954085 ], [ -119.765299006451883, 39.520713565652009 ], [ -119.765299006451883, 39.520708099522409 ], [ -119.765299006451883, 39.520702565968747 ], [ -119.765164406114565, 39.520636699469371 ], [ -119.764654339542645, 39.520422299006192 ], [ -119.76445593991285, 39.520345365879848 ], [ -119.76440633974525, 39.520317966053312 ], [ -119.76440633974525, 39.520312499089947 ], [ -119.764285939573412, 39.520252099189214 ], [ -119.764193738909441, 39.520186165641192 ], [ -119.763959939277498, 39.520004899632916 ], [ -119.763584539637037, 39.519774166035916 ], [ -119.763584539637037, 39.519768699029711 ], [ -119.763542005734834, 39.519746765984074 ], [ -119.763534939469452, 39.519741299778381 ], [ -119.763520739304013, 39.519719299299467 ], [ -119.763379006107158, 39.519620499733655 ], [ -119.763308139508723, 39.519592966377111 ], [ -119.763308206102906, 39.519587499356618 ], [ -119.763208939173538, 39.5195489661211 ], [ -119.763152339334752, 39.519526966383943 ], [ -119.76299640597243, 39.519477565679139 ], [ -119.762755539034586, 39.519389565795663 ], [ -119.762755539034586, 39.519384099561854 ], [ -119.762755539034586, 39.51937856590272 ], [ -119.76269880600745, 39.51935669935613 ], [ -119.762642138533963, 39.519329165895002 ], [ -119.762585405506826, 39.519307299332866 ], [ -119.76250760583136, 39.519274299609727 ], [ -119.762500538525458, 39.519268765941838 ], [ -119.762500405337107, 39.519257766029803 ], [ -119.762443805498322, 39.519235766200445 ], [ -119.762443805498322, 39.519224766283131 ], [ -119.76231620587275, 39.519158899185008 ], [ -119.762252538728063, 39.519142366380208 ], [ -119.761948005686023, 39.518900766405388 ], [ -119.761884205352942, 39.518873366008989 ], [ -119.761884205352942, 39.518867899734559 ], [ -119.761735405890732, 39.518801899052441 ], [ -119.761480405381604, 39.518659099769977 ], [ -119.761473339116208, 39.51864809976135 ], [ -119.761459138950755, 39.51864256604356 ], [ -119.761416605048552, 39.518615099725018 ], [ -119.761041138813908, 39.518422899406218 ], [ -119.761041138813908, 39.518417366473216 ], [ -119.760849805449467, 39.518334899791931 ], [ -119.760849805449467, 39.518329366049201 ], [ -119.760842738143566, 39.518329499295717 ], [ -119.760651404779125, 39.518263499707345 ], [ -119.760389338004615, 39.518175566514493 ], [ -119.760382205145049, 39.518175566514479 ], [ -119.760268804644426, 39.518148099208631 ], [ -119.760261804973226, 39.518137099119059 ], [ -119.760056338037487, 39.518093099546142 ], [ -119.759680605426198, 39.518021499342382 ], [ -119.759340538153182, 39.517977499696229 ], [ -119.759078338190307, 39.517960899183954 ], [ -119.758879938560497, 39.517955299590547 ], [ -119.75879480520247, 39.517960765936806 ], [ -119.758369537977202, 39.517971566183448 ], [ -119.758015204985085, 39.518004300031272 ], [ -119.757689138095003, 39.518053566128835 ], [ -119.756952004145163, 39.518130099644928 ], [ -119.756874004687177, 39.518130099644928 ], [ -119.756725204184448, 39.518140966488723 ], [ -119.756633553875048, 39.518141623986743 ], [ -119.756888570098724, 39.517691465595931 ] ] ] } },
{ "type": "Feature", "properties": { "cell_id": "gis-hydro-008", "station_m": 17016.724, "center_x_m": 264315.053, "center_y_m": 4377788.126, "length_m": 2268.897, "width_m": 43.698, "area_m2": 99146.571, "cross_section_source": "synthetic-boundary-width", "mean_depth_m": 0.60886, "mean_velocity_ms": 0.647742, "mean_water_surface_m": 6.390779, "flow_area_m2": 17.60898, "hydraulic_radius_m": 0.607131 }, "geometry": { "type": "Polygon", "coordinates": [ [ [ -119.738338225944972, 39.514782543089765 ], [ -119.738372800882146, 39.514819567936513 ], [ -119.738599801665927, 39.515159767407731 ], [ -119.738699201783604, 39.515412300644932 ], [ -119.738763335087469, 39.51581836754179 ], [ -119.73880600113749, 39.515944700907653 ], [ -119.739025934615327, 39.516295900870666 ], [ -119.739295534854946, 39.51652630085654 ], [ -119.739692401749252, 39.516784101309533 ], [ -119.740210001786281, 39.517041767556805 ], [ -119.740571535272622, 39.517129500706417 ], [ -119.741287601533614, 39.517249900521463 ], [ -119.741755335026369, 39.517266100655355 ], [ -119.742237202090408, 39.517232967516563 ], [ -119.742619802225107, 39.517166967689015 ], [ -119.742747401850664, 39.517122967501585 ], [ -119.742910335924734, 39.517056967569523 ], [ -119.743349402709896, 39.516804300640175 ], [ -119.743788802465872, 39.516672367535342 ], [ -119.744242202604852, 39.516606300550229 ], [ -119.744844736217416, 39.516578500301868 ], [ -119.744929735346588, 39.516605900800847 ], [ -119.745014802110489, 39.516660767588448 ], [ -119.745575202426338, 39.51726976739802 ], [ -119.746142535819288, 39.517686567539101 ], [ -119.746284336650817, 39.517763500399568 ], [ -119.746532403042394, 39.517856567349988 ], [ -119.746844336361178, 39.517922367454105 ], [ -119.747170336657064, 39.517955100522393 ], [ -119.747347536450221, 39.517933100280423 ], [ -119.747630936249749, 39.517866967068073 ], [ -119.747928536214729, 39.517773567012689 ], [ -119.748134003150454, 39.517674700463374 ], [ -119.748608536531918, 39.517273567389047 ], [ -119.749161137006084, 39.516927566679115 ], [ -119.749656803630032, 39.516570500493991 ], [ -119.749791402926789, 39.516499100201202 ], [ -119.749954202771988, 39.51642216674302 ], [ -119.750514003740363, 39.516235300009583 ], [ -119.750847136895828, 39.516163700298982 ], [ -119.751031336360185, 39.516169100160873 ], [ -119.751092602993296, 39.516183966435278 ], [ -119.751482337028079, 39.516282966751362 ], [ -119.751531937195651, 39.516304900088024 ], [ -119.751737336496689, 39.516365500085712 ], [ -119.751829403972309, 39.516387366771227 ], [ -119.752941736739601, 39.516821700122435 ], [ -119.753331337586062, 39.516970099644809 ], [ -119.753543937381309, 39.517046966674357 ], [ -119.754436737276279, 39.517376766685288 ], [ -119.754642204212033, 39.517448366750919 ], [ -119.754677604214152, 39.517459299522763 ], [ -119.754783804220523, 39.517486766298354 ], [ -119.754868937578578, 39.517514299687079 ], [ -119.75508153737384, 39.517574766184424 ], [ -119.755612938011311, 39.517701299438329 ], [ -119.755882204239555, 39.517739766272449 ], [ -119.756059337438529, 39.517750966296312 ], [ -119.75651293736, 39.51773469965169 ], [ -119.757320937908261, 39.517641699964592 ], [ -119.757611538202042, 39.517619899495173 ], [ -119.757654004469558, 39.517614499746038 ], [ -119.758462005017847, 39.517526966278382 ], [ -119.758830604769585, 39.517510699581301 ], [ -119.759326738593259, 39.517527366022449 ], [ -119.759560604819342, 39.517560499823539 ], [ -119.75969520515666, 39.51759336631028 ], [ -119.760169938320615, 39.517708899372941 ], [ -119.760538404884016, 39.517824299798683 ], [ -119.760609204888297, 39.517846299272399 ], [ -119.760644604890416, 39.517862765761961 ], [ -119.760850205014492, 39.517939699229984 ], [ -119.760850205014492, 39.51794516638018 ], [ -119.761374405157696, 39.518186966338234 ], [ -119.76138153905778, 39.518192499289604 ], [ -119.761579938687603, 39.518296766403807 ], [ -119.76170733853067, 39.518362699337366 ], [ -119.76195533832805, 39.518511099580991 ], [ -119.762075738499874, 39.518582499411067 ], [ -119.762082805805818, 39.51858789908492 ], [ -119.762104138830807, 39.518604499447306 ], [ -119.762451205775065, 39.518763765920724 ], [ -119.762458338634602, 39.518769299628858 ], [ -119.762578738806468, 39.518818699232042 ], [ -119.762826605415512, 39.518983499708028 ], [ -119.763294338908253, 39.519219698968058 ], [ -119.763301339620014, 39.519230699688812 ], [ -119.763301339620014, 39.519236165934679 ], [ -119.76331172791474, 39.519241142303507 ], [ -119.763405083321231, 39.51963867770791 ], [ -119.763379006107158, 39.519620499733655 ], [ -119.763308139508723, 39.519592966377111 ], [ -119.763308206102906, 39.519587499356618 ], [ -119.763208939173538, 39.5195489661211 ], [ -119.763152339334752, 39.519526966383943 ], [ -119.76299640597243, 39.519477565679139 ], [ -119.762755539034586, 39.519389565795663 ], [ -119.762755539034586, 39.519384099561854 ], [ -119.762755539034586, 39.51937856590272 ], [ -119.76269880600745, 39.51935669935613 ], [ -119.762642138533963, 39.519329165895002 ], [ -119.762585405506826, 39.519307299332866 ], [ -119.76250760583136, 39.519274299609727 ], [ -119.762500538525458, 39.519268765941838 ], [ -119.762500405337107, 39.519257766029803 ], [ -119.762443805498322, 39.519235766200445 ], [ -119.762443805498322, 39.519224766283131 ], [ -119.76231620587275, 39.519158899185008 ], [ -119.762252538728063, 39.519142366380208 ], [ -119.761948005686023, 39.518900766405388 ], [ -119.761884205352942, 39.518873366008989 ], [ -119.761884205352942, 39.518867899734559 ], [ -119.761735405890732, 39.518801899052441 ], [ -119.761480405381604, 39.518659099769977 ], [ -119.761473339116208, 39.51864809976135 ], [ -119.761459138950755, 39.51864256604356 ], [ -119.761416605048552, 39.518615099725018 ], [ -119.761041138813908, 39.518422899406218 ], [ -119.761041138813908, 39.518417366473216 ], [ -119.760849805449467, 39.518334899791931 ], [ -119.760849805449467, 39.518329366049201 ], [ -119.760842738143566, 39.518329499295717 ], [ -119.760651404779125, 39.518263499707345 ], [ -119.760389338004615, 39.518175566514493 ], [ -119.760382205145049, 39.518175566514479 ], [ -119.760268804644426, 39.518148099208631 ], [ -119.760261804973226, 39.518137099119059 ], [ -119.760056338037487, 39.518093099546142 ], [ -119.759680605426198, 39.518021499342382 ], [ -119.759340538153182, 39.517977499696229 ], [ -119.759078338190307, 39.517960899183954 ], [ -119.758879938560497, 39.517955299590547 ], [ -119.75879480520247, 39.517960765936806 ], [ -119.758369537977202, 39.517971566183448 ], [ -119.758015204985085, 39.518004300031272 ], [ -119.757689138095003, 39.518053566128835 ], [ -119.756952004145163, 39.518130099644928 ], [ -119.756874004687177, 39.518130099644928 ], [ -119.756725204184448, 39.518140966488723 ], [ -119.75600940430013, 39.518146099703245 ], [ -119.755435337612639, 39.518129300163658 ], [ -119.755095204785974, 39.51808516653616 ], [ -119.754663004483689, 39.518008166605668 ], [ -119.75425913791814, 39.51789816701563 ], [ -119.75396140372429, 39.517793900105815 ], [ -119.753918937456788, 39.517771766565197 ], [ -119.75355760375291, 39.517623366347394 ], [ -119.75355760375291, 39.517617899974589 ], [ -119.753437136986904, 39.517541100200837 ], [ -119.753125537679509, 39.517376166265088 ], [ -119.753068803611825, 39.517337700032357 ], [ -119.753012137178857, 39.517304766800443 ], [ -119.752990804153868, 39.517293699953107 ], [ -119.752969604317187, 39.517271766928623 ], [ -119.752785403812311, 39.517172766416373 ], [ -119.752544603468607, 39.517062966982166 ], [ -119.752466737198972, 39.517029966995466 ], [ -119.752211603501493, 39.516909100426929 ], [ -119.752133803826027, 39.516870566508189 ], [ -119.751730003854661, 39.516705766638005 ], [ -119.751311937123646, 39.516584767058248 ], [ -119.751141803595885, 39.516524299699064 ], [ -119.751148936455408, 39.516518899864749 ], [ -119.751063936285718, 39.516491300259204 ], [ -119.751035536995332, 39.516480366532285 ], [ -119.750918136682586, 39.516454566590362 ], [ -119.750691403315997, 39.516471100034849 ], [ -119.750471736214806, 39.516531699887558 ], [ -119.75033013620633, 39.516597567068864 ], [ -119.750096336574387, 39.516691100349711 ], [ -119.749281803554581, 39.517212899953819 ], [ -119.748913536773671, 39.517542500107581 ], [ -119.748389336630439, 39.517861100169561 ], [ -119.748190937000615, 39.518003900289948 ], [ -119.747914603466484, 39.518146900789681 ], [ -119.747411603159932, 39.518262367111049 ], [ -119.747163603362537, 39.518267967482444 ], [ -119.746830402572385, 39.518224167059763 ], [ -119.746518602441924, 39.518141967445509 ], [ -119.745887602944833, 39.517933767319413 ], [ -119.745490536268022, 39.517719966956825 ], [ -119.74527773564968, 39.517533366999885 ], [ -119.744958736065541, 39.517308500968028 ], [ -119.744781402043543, 39.51712750036905 ], [ -119.744639535658337, 39.517012300264589 ], [ -119.744306335908746, 39.516853167038128 ], [ -119.744086535619232, 39.516792967214229 ], [ -119.74384560208722, 39.516798567704058 ], [ -119.743675535153599, 39.516831566997944 ], [ -119.742591735905563, 39.517446901020868 ], [ -119.742372002210203, 39.517518367766208 ], [ -119.742223201707461, 39.517534900957486 ], [ -119.741195601692681, 39.517507967995925 ], [ -119.740614335551513, 39.517442300747511 ], [ -119.739940935340528, 39.517305368023905 ], [ -119.739628935427575, 39.517195767869573 ], [ -119.739501334761485, 39.517129967879868 ], [ -119.739317002108791, 39.517031167841729 ], [ -119.739139801275115, 39.516877700963882 ], [ -119.739083001653839, 39.516811767423519 ], [ -119.738558001340067, 39.516158767616673 ], [ -119.738118400761053, 39.515681500650885 ], [ -119.737983534047061, 39.515445567904194 ], [ -119.737912401071981, 39.515143567585397 ], [ -119.737834401614023, 39.514984500718001 ], [ -119.737749334850136, 39.514874767662384 ], [ -119.737739053471486, 39.514866815941105 ], [ -119.738338225944972, 39.514782543089765 ] ], [ [ -119.73821733471955, 39.515357567728863 ], [ -119.738274001152504, 39.515357501102791 ], [ -119.738330734179641, 39.515324567734751 ], [ -119.738408534895626, 39.515236700658583 ], [ -119.738408534895626, 39.515176367786701 ], [ -119.738380134564721, 39.515132367943814 ], [ -119.73818873460614, 39.514973367677271 ], [ -119.738117801413537, 39.514967901095943 ], [ -119.738096534982716, 39.514989900671601 ], [ -119.738096734765207, 39.515159967286593 ], [ -119.73810380103059, 39.515225900789389 ], [ -119.738146401526961, 39.515313701253049 ], [ -119.73821733471955, 39.515357567728863 ] ], [ [ -119.744929802981318, 39.51680350034092 ], [ -119.744958135677493, 39.516781567161651 ], [ -119.744965336171745, 39.51673770078235 ], [ -119.744901402650356, 39.516682767430687 ], [ -119.744844736217416, 39.516671900358759 ], [ -119.744759736047698, 39.516688367126704 ], [ -119.744710135880126, 39.516726767094205 ], [ -119.744731402310947, 39.516776167347373 ], [ -119.744837802099838, 39.516787167652446 ], [ -119.744929802981318, 39.51680350034092 ] ] ] } },
{ "type": "Feature", "properties": { "cell_id": "gis-hydro-009", "station_m": 19285.621, "center_x_m": 264591.542, "center_y_m": 4377571.85, "length_m": 2268.897, "width_m": 36.727, "area_m2": 83329.15, "cross_section_source": "synthetic-boundary-width", "mean_depth_m": 0.655971, "mean_velocity_ms": 0.680121, "mean_water_surface_m": 4.200922, "flow_area_m2": 16.770795, "hydraulic_radius_m": 0.653216 }, "geometry": { "type": "Polygon", "coordinates": [ [ [ -119.712463055371686, 39.519977410776761 ], [ -119.71267739806126, 39.519905703150926 ], [ -119.712932597312388, 39.519790302972581 ], [ -119.713102730840149, 39.51967510327097 ], [ -119.713350597449235, 39.51946636994704 ], [ -119.713485330974848, 39.519307170101676 ], [ -119.713726131318523, 39.518917303281079 ], [ -119.713803930994004, 39.518642769925812 ], [ -119.713931397431224, 39.518445169999055 ], [ -119.714236131296289, 39.518093769794319 ], [ -119.714342331302689, 39.518011370155115 ], [ -119.7145831972, 39.517874169650511 ], [ -119.715079197835323, 39.517714902742725 ], [ -119.715865930912244, 39.517621302611097 ], [ -119.716610131127467, 39.517621102739334 ], [ -119.716822730922743, 39.517582703266221 ], [ -119.717460398160782, 39.517351969649852 ], [ -119.71783593098958, 39.517165169633927 ], [ -119.7182043985935, 39.516945569765198 ], [ -119.718409931082888, 39.516753369643013 ], [ -119.718657797691932, 39.516423969633635 ], [ -119.71869319769408, 39.516336168967804 ], [ -119.718827598248879, 39.515759702423331 ], [ -119.718933731661096, 39.51554010292778 ], [ -119.719054198427102, 39.515353502734087 ], [ -119.719188731129705, 39.515183302537622 ], [ -119.719358731469143, 39.515024102508406 ], [ -119.719521731096819, 39.514925169432956 ], [ -119.719769597705906, 39.514809902260502 ], [ -119.720371931535936, 39.514579102439924 ], [ -119.720995598391013, 39.514436169249642 ], [ -119.721725531846616, 39.514309702294341 ], [ -119.722072598790845, 39.514271168539111 ], [ -119.722398732275082, 39.514265568648277 ], [ -119.722788398675192, 39.514276501921046 ], [ -119.723369598222206, 39.514336702320286 ], [ -119.724461198352515, 39.514561368458871 ], [ -119.725339998905028, 39.514687301942075 ], [ -119.726721999546626, 39.514807701976487 ], [ -119.727210999470216, 39.514790968256136 ], [ -119.727402332834657, 39.514757968795593 ], [ -119.727728198901687, 39.514664568573515 ], [ -119.728507599336552, 39.51440076863981 ], [ -119.7287697992994, 39.514268968238014 ], [ -119.728868933040403, 39.514181168059395 ], [ -119.728960999475504, 39.514076767934796 ], [ -119.729130933220773, 39.513785768064928 ], [ -119.72922993273292, 39.513505901859297 ], [ -119.729307732408401, 39.513126968041938 ], [ -119.7293925327956, 39.51288550127326 ], [ -119.72958373297169, 39.512698767916604 ], [ -119.729923799204215, 39.512490101129281 ], [ -119.730263799883076, 39.51225390146346 ], [ -119.730866199266757, 39.512121967744086 ], [ -119.731666932726625, 39.511918567763381 ], [ -119.732226732654468, 39.511825101108215 ], [ -119.732502999594473, 39.511824967849222 ], [ -119.732708533124352, 39.511857768011886 ], [ -119.732878733246281, 39.511890568159068 ], [ -119.733063000345311, 39.511978301392212 ], [ -119.733410400260425, 39.512285701185185 ], [ -119.73358773324189, 39.512537967919009 ], [ -119.733772200123468, 39.512955168125345 ], [ -119.733892800077797, 39.513136300810935 ], [ -119.734034734097676, 39.513295501152598 ], [ -119.734410533303134, 39.513586167528864 ], [ -119.734814600691706, 39.51381656767186 ], [ -119.735105334173795, 39.51392630079355 ], [ -119.735537601070277, 39.514030368007425 ], [ -119.73584233389478, 39.514096167722208 ], [ -119.736721201041505, 39.514216501351214 ], [ -119.737026000460219, 39.514276700999687 ], [ -119.737897801341532, 39.514523367858438 ], [ -119.73818840059478, 39.51462210082294 ], [ -119.738372800882146, 39.514819567936513 ], [ -119.738599801665927, 39.515159767407731 ], [ -119.738699201783604, 39.515412300644932 ], [ -119.738763335087469, 39.51581836754179 ], [ -119.73880600113749, 39.515944700907653 ], [ -119.739025934615327, 39.516295900870666 ], [ -119.739295534854946, 39.51652630085654 ], [ -119.739692401749252, 39.516784101309533 ], [ -119.740210001786281, 39.517041767556805 ], [ -119.740571535272622, 39.517129500706417 ], [ -119.741287601533614, 39.517249900521463 ], [ -119.741755335026369, 39.517266100655355 ], [ -119.742237202090408, 39.517232967516563 ], [ -119.742454347677366, 39.517195509331088 ], [ -119.742474286874469, 39.517485100511067 ], [ -119.742372002210203, 39.517518367766208 ], [ -119.742223201707461, 39.517534900957486 ], [ -119.741195601692681, 39.517507967995925 ], [ -119.740614335551513, 39.517442300747511 ], [ -119.739940935340528, 39.517305368023905 ], [ -119.739628935427575, 39.517195767869573 ], [ -119.739501334761485, 39.517129967879868 ], [ -119.739317002108791, 39.517031167841729 ], [ -119.739139801275115, 39.516877700963882 ], [ -119.739083001653839, 39.516811767423519 ], [ -119.738558001340067, 39.516158767616673 ], [ -119.738118400761053, 39.515681500650885 ], [ -119.737983534047061, 39.515445567904194 ], [ -119.737912401071981, 39.515143567585397 ], [ -119.737834401614023, 39.514984500718001 ], [ -119.737749334850136, 39.514874767662384 ], [ -119.737550734397288, 39.514721167583424 ], [ -119.737295534105641, 39.51455656731104 ], [ -119.737125333983698, 39.514496301278122 ], [ -119.735183333631781, 39.514145768122397 ], [ -119.734793400855025, 39.514047167735555 ], [ -119.734517000726697, 39.513932101396868 ], [ -119.733921400191193, 39.513553501437876 ], [ -119.73370173309003, 39.513383367473068 ], [ -119.733432200485112, 39.513098101151712 ], [ -119.733424999990874, 39.513070700874643 ], [ -119.733347000532888, 39.512993900890066 ], [ -119.733027933314048, 39.512488901007245 ], [ -119.732701600047321, 39.512170567708147 ], [ -119.732389733322691, 39.51204450122075 ], [ -119.732290532987506, 39.512017101330876 ], [ -119.732063733026806, 39.512011767775547 ], [ -119.731829999989003, 39.512050167919938 ], [ -119.731220533299407, 39.512231567875936 ], [ -119.730327799998605, 39.512610701646821 ], [ -119.729952332723443, 39.512835901578818 ], [ -119.729654932540967, 39.513071968417663 ], [ -119.729491999507431, 39.513313567794299 ], [ -119.729449599834112, 39.513439901701645 ], [ -119.729378999612351, 39.513922968617187 ], [ -119.729272932794302, 39.514148101681904 ], [ -119.729131332785798, 39.514345768418494 ], [ -119.728918732990508, 39.514515968258735 ], [ -119.728784132653203, 39.514598501284333 ], [ -119.728536199449991, 39.514697301571523 ], [ -119.72802599968972, 39.51485670142668 ], [ -119.727692933128424, 39.514917168631946 ], [ -119.726785798839146, 39.514966901698863 ], [ -119.726332332105997, 39.514977968916945 ], [ -119.725765399318618, 39.514961701622944 ], [ -119.724851132169761, 39.51482470219922 ], [ -119.72365313225059, 39.514550701738465 ], [ -119.723093199134397, 39.514479502461334 ], [ -119.722710598999697, 39.514452101926352 ], [ -119.722377531397882, 39.514446768557953 ], [ -119.721654598654013, 39.514485368842678 ], [ -119.721215332086345, 39.514567901904634 ], [ -119.720634198092952, 39.514721768829261 ], [ -119.719854797658115, 39.515012902044859 ], [ -119.719500531260152, 39.515216102720153 ], [ -119.719302198224511, 39.515397302558732 ], [ -119.719188931952758, 39.515545569464081 ], [ -119.71901899820746, 39.515841969074152 ], [ -119.71875713121544, 39.516632502593204 ], [ -119.718664998186185, 39.516791702949938 ], [ -119.718544731202684, 39.516928969006358 ], [ -119.718417131577112, 39.516994902435457 ], [ -119.718055598090771, 39.517258503080406 ], [ -119.717800598622134, 39.517417702805119 ], [ -119.717290397821344, 39.517681302648263 ], [ -119.716943331917633, 39.517802169478557 ], [ -119.716780198061073, 39.517829702742276 ], [ -119.716503797932774, 39.517835169901112 ], [ -119.715887198383612, 39.517775102570411 ], [ -119.715419398296703, 39.517775169996874 ], [ -119.715036798162004, 39.517830169911051 ], [ -119.714739198196995, 39.517939969737952 ], [ -119.714519531095831, 39.518115703361929 ], [ -119.714314130754275, 39.518351769918432 ], [ -119.714030797548915, 39.51880196968866 ], [ -119.7138255314362, 39.519213769574833 ], [ -119.713612930600419, 39.519477303203892 ], [ -119.713244530631158, 39.519817703007234 ], [ -119.713032284347804, 39.51995404548331 ], [ -119.712463055371686, 39.519977410776761 ] ], [ [ -119.73821733471955, 39.515357567728863 ], [ -119.738274001152504, 39.515357501102791 ], [ -119.738330734179641, 39.515324567734751 ], [ -119.738408534895626, 39.515236700658583 ], [ -119.738408534895626, 39.515176367786701 ], [ -119.738380134564721, 39.515132367943814 ], [ -119.73818873460614, 39.514973367677271 ], [ -119.738117801413537, 39.514967901095943 ], [ -119.738096534982716, 39.514989900671601 ], [ -119.738096734765207, 39.515159967286593 ], [ -119.73810380103059, 39.515225900789389 ], [ -119.738146401526961, 39.515313701253049 ], [ -119.73821733471955, 39.515357567728863 ] ] ] } },
{ "type": "Feature", "properties": { "cell_id": "gis-hydro-010", "station_m": 21554.518, "center_x_m": 266790.391, "center_y_m": 4377983.368, "length_m": 2268.897, "width_m": 27.565, "area_m2": 62542.0, "cross_section_source": "synthetic-boundary-width", "mean_depth_m": 0.740833, "mean_velocity_ms": 0.735738, "mean_water_surface_m": 2.077403, "flow_area_m2": 15.503262, "hydraulic_radius_m": 0.734953 }, "geometry": { "type": "Polygon", "coordinates": [ [ [ -119.714743449770396, 39.517938401123054 ], [ -119.714739198196995, 39.517939969737952 ], [ -119.714519531095831, 39.518115703361929 ], [ -119.714314130754275, 39.518351769918432 ], [ -119.714030797548915, 39.51880196968866 ], [ -119.7138255314362, 39.519213769574833 ], [ -119.713612930600419, 39.519477303203892 ], [ -119.713244530631158, 39.519817703007234 ], [ -119.712996597427932, 39.519976969909465 ], [ -119.712776730544249, 39.520086770356109 ], [ -119.712535798052755, 39.520147170400577 ], [ -119.711019130479698, 39.520400103695188 ], [ -119.71046633022307, 39.520460570088417 ], [ -119.70882919692454, 39.520455303802521 ], [ -119.707695197120884, 39.52043357083739 ], [ -119.707050197240818, 39.520472103582165 ], [ -119.706646329634751, 39.52052710376887 ], [ -119.706277729882999, 39.520625970271432 ], [ -119.706036796350986, 39.520752303722908 ], [ -119.705731930338089, 39.520982770798334 ], [ -119.705611530166266, 39.521032303673906 ], [ -119.705462729663495, 39.521070704450622 ], [ -119.705242997008682, 39.521092703698791 ], [ -119.7049665302862, 39.521092771122042 ], [ -119.703123729228921, 39.520851571235227 ], [ -119.701932996398128, 39.520818704684828 ], [ -119.701330529379746, 39.520747504608259 ], [ -119.701160529040308, 39.520708971213601 ], [ -119.700841529456156, 39.520593771430406 ], [ -119.700572195593224, 39.520478571456131 ], [ -119.700316928707394, 39.520341371008946 ], [ -119.700139728914252, 39.520193171329474 ], [ -119.699792395593349, 39.519677304203526 ], [ -119.699607995305939, 39.519523504442795 ], [ -119.699395395510692, 39.519397304408706 ], [ -119.699232395882987, 39.51934250479956 ], [ -119.699069395214778, 39.519320570816653 ], [ -119.698147995206412, 39.519348104281143 ], [ -119.697956595247803, 39.519386504383682 ], [ -119.697680195119489, 39.519507304835372 ], [ -119.697212395032579, 39.519930104360455 ], [ -119.696262928704655, 39.520698571118423 ], [ -119.695589595087839, 39.521192705155372 ], [ -119.695079328733399, 39.521598971832695 ], [ -119.694349395277783, 39.522109504747945 ], [ -119.694122595317069, 39.522197371959443 ], [ -119.693754127713106, 39.522230305279521 ], [ -119.692995728372949, 39.522224771847142 ], [ -119.691790594553666, 39.522164505243275 ], [ -119.691053528238527, 39.52207670541253 ], [ -119.690642327990403, 39.521966972323625 ], [ -119.69037312731578, 39.521868171941833 ], [ -119.690032794706639, 39.521725504979557 ], [ -119.689593393910101, 39.521494972143181 ], [ -119.689472927144095, 39.521429105592674 ], [ -119.689160993825325, 39.521171105662035 ], [ -119.688936256956282, 39.520982883087711 ], [ -119.688991107092605, 39.520768029990379 ], [ -119.689132727723262, 39.52086917197407 ], [ -119.689983127944885, 39.521385105697178 ], [ -119.690628194419119, 39.521664972264901 ], [ -119.691046327744274, 39.521780305116508 ], [ -119.691365327328427, 39.521835171830126 ], [ -119.692690794725394, 39.521933904836416 ], [ -119.693243728170344, 39.521961371447844 ], [ -119.693534328464111, 39.521961304828054 ], [ -119.693732794688103, 39.521950371962213 ], [ -119.69425719461384, 39.521873371500725 ], [ -119.694519394576673, 39.5217307053518 ], [ -119.695518595301053, 39.520846904566483 ], [ -119.695731195096343, 39.520693171608592 ], [ -119.696142395344467, 39.520451571409474 ], [ -119.696687995106842, 39.520061771212688 ], [ -119.697169928765049, 39.51960617118425 ], [ -119.697396595537455, 39.5193151711997 ], [ -119.697673128854092, 39.519205371138668 ], [ -119.698176328943134, 39.519106570841771 ], [ -119.698388928738424, 39.519112104522577 ], [ -119.698729128159258, 39.519150370708019 ], [ -119.699111929116995, 39.519161304014638 ], [ -119.699508728376614, 39.519221704061252 ], [ -119.699664595144753, 39.519271104145382 ], [ -119.699785128504942, 39.51936990420819 ], [ -119.700479929375604, 39.520198704121022 ], [ -119.700614595266558, 39.520302904010308 ], [ -119.700862729292822, 39.520412704744317 ], [ -119.701465196311219, 39.520527904025208 ], [ -119.702060529429517, 39.520588171246558 ], [ -119.703272529731677, 39.520604503843977 ], [ -119.703789929986172, 39.520714170859264 ], [ -119.704534196795592, 39.520829370442769 ], [ -119.705023196719182, 39.520960970574848 ], [ -119.705228730249033, 39.52095550446473 ], [ -119.705441396638506, 39.520917104426999 ], [ -119.705646796980076, 39.520840104425254 ], [ -119.705994196895134, 39.520664503712204 ], [ -119.7063909971953, 39.52036790394677 ], [ -119.706717129639003, 39.520269103698219 ], [ -119.707397396332865, 39.520235970386551 ], [ -119.708332929912544, 39.520213903442915 ], [ -119.710126130802237, 39.520262970517088 ], [ -119.710685997324262, 39.520257370306517 ], [ -119.711536397545871, 39.520185903168681 ], [ -119.711819930533736, 39.520141969909758 ], [ -119.712365731119135, 39.520009970101391 ], [ -119.71267739806126, 39.519905703150926 ], [ -119.712932597312388, 39.519790302972581 ], [ -119.713102730840149, 39.51967510327097 ], [ -119.713350597449235, 39.51946636994704 ], [ -119.713485330974848, 39.519307170101676 ], [ -119.713726131318523, 39.518917303281079 ], [ -119.713803930994004, 39.518642769925812 ], [ -119.713931397431224, 39.518445169999055 ], [ -119.714236131296289, 39.518093769794319 ], [ -119.714342331302689, 39.518011370155115 ], [ -119.714528213152704, 39.517905489404434 ], [ -119.714743449770396, 39.517938401123054 ] ] ] } }
]
}
